ISO-10303-21;
HEADER;
FILE_DESCRIPTION(('KiCad electronic assembly'),'2;1');
FILE_NAME('circuit-board.step','2026-07-16T02:13:35',('Pcbnew'),('Kicad'
    ),'Open CASCADE STEP processor 7.9','KiCad to STEP converter',
  'Unknown');
FILE_SCHEMA(('AUTOMOTIVE_DESIGN { 1 0 10303 214 1 1 1 1 }'));
ENDSEC;
DATA;
#1 = APPLICATION_PROTOCOL_DEFINITION('international standard',
  'automotive_design',2000,#2);
#2 = APPLICATION_CONTEXT(
  'core data for automotive mechanical design processes');
#3 = SHAPE_DEFINITION_REPRESENTATION(#4,#10);
#4 = PRODUCT_DEFINITION_SHAPE('','',#5);
#5 = PRODUCT_DEFINITION('design','',#6,#9);
#6 = PRODUCT_DEFINITION_FORMATION('','',#7);
#7 = PRODUCT('circuit-board 1','circuit-board 1','',(#8));
#8 = PRODUCT_CONTEXT('',#2,'mechanical');
#9 = PRODUCT_DEFINITION_CONTEXT('part definition',#2,'design');
#10 = SHAPE_REPRESENTATION('',(#11,#15,#19,#23,#27,#31,#35,#39,#43),#47
  );
#11 = AXIS2_PLACEMENT_3D('',#12,#13,#14);
#12 = CARTESIAN_POINT('',(0.,0.,0.));
#13 = DIRECTION('',(0.,0.,1.));
#14 = DIRECTION('',(1.,0.,-0.));
#15 = AXIS2_PLACEMENT_3D('',#16,#17,#18);
#16 = CARTESIAN_POINT('',(-30.,-10.5,1.595));
#17 = DIRECTION('',(0.,-0.,1.));
#18 = DIRECTION('',(1.110223024625E-16,1.,0.));
#19 = AXIS2_PLACEMENT_3D('',#20,#21,#22);
#20 = CARTESIAN_POINT('',(-40.75,-10.5,1.595));
#21 = DIRECTION('',(0.,-0.,1.));
#22 = DIRECTION('',(1.110223024625E-16,1.,0.));
#23 = AXIS2_PLACEMENT_3D('',#24,#25,#26);
#24 = CARTESIAN_POINT('',(0.,0.,0.));
#25 = DIRECTION('',(0.,0.,1.));
#26 = DIRECTION('',(1.,0.,-0.));
#27 = AXIS2_PLACEMENT_3D('',#28,#29,#30);
#28 = CARTESIAN_POINT('',(0.,0.,0.));
#29 = DIRECTION('',(0.,0.,1.));
#30 = DIRECTION('',(1.,0.,-0.));
#31 = AXIS2_PLACEMENT_3D('',#32,#33,#34);
#32 = CARTESIAN_POINT('',(0.,0.,0.));
#33 = DIRECTION('',(0.,0.,1.));
#34 = DIRECTION('',(1.,0.,-0.));
#35 = AXIS2_PLACEMENT_3D('',#36,#37,#38);
#36 = CARTESIAN_POINT('',(0.,0.,0.));
#37 = DIRECTION('',(0.,0.,1.));
#38 = DIRECTION('',(1.,0.,-0.));
#39 = AXIS2_PLACEMENT_3D('',#40,#41,#42);
#40 = CARTESIAN_POINT('',(0.,0.,0.));
#41 = DIRECTION('',(0.,0.,1.));
#42 = DIRECTION('',(1.,0.,-0.));
#43 = AXIS2_PLACEMENT_3D('',#44,#45,#46);
#44 = CARTESIAN_POINT('',(0.,0.,0.));
#45 = DIRECTION('',(0.,0.,1.));
#46 = DIRECTION('',(1.,0.,-0.));
#47 = ( GEOMETRIC_REPRESENTATION_CONTEXT(3) 
GLOBAL_UNCERTAINTY_ASSIGNED_CONTEXT((#51)) GLOBAL_UNIT_ASSIGNED_CONTEXT(
(#48,#49,#50)) REPRESENTATION_CONTEXT('Context #1',
  '3D Context with UNIT and UNCERTAINTY') );
#48 = ( LENGTH_UNIT() NAMED_UNIT(*) SI_UNIT(.MILLI.,.METRE.) );
#49 = ( NAMED_UNIT(*) PLANE_ANGLE_UNIT() SI_UNIT($,.RADIAN.) );
#50 = ( NAMED_UNIT(*) SI_UNIT($,.STERADIAN.) SOLID_ANGLE_UNIT() );
#51 = UNCERTAINTY_MEASURE_WITH_UNIT(LENGTH_MEASURE(1.E-07),#48,
  'distance_accuracy_value','confusion accuracy');
#52 = PRODUCT_RELATED_PRODUCT_CATEGORY('part',$,(#7));
#53 = SHAPE_DEFINITION_REPRESENTATION(#54,#60);
#54 = PRODUCT_DEFINITION_SHAPE('','',#55);
#55 = PRODUCT_DEFINITION('design','',#56,#59);
#56 = PRODUCT_DEFINITION_FORMATION('','',#57);
#57 = PRODUCT('R_0603_1608Metric','R_0603_1608Metric','',(#58));
#58 = PRODUCT_CONTEXT('',#2,'mechanical');
#59 = PRODUCT_DEFINITION_CONTEXT('part definition',#2,'design');
#60 = SHAPE_REPRESENTATION('',(#11,#61),#65);
#61 = AXIS2_PLACEMENT_3D('',#62,#63,#64);
#62 = CARTESIAN_POINT('',(0.,0.,0.));
#63 = DIRECTION('',(0.,0.,1.));
#64 = DIRECTION('',(1.,0.,-0.));
#65 = ( GEOMETRIC_REPRESENTATION_CONTEXT(3) 
GLOBAL_UNCERTAINTY_ASSIGNED_CONTEXT((#69)) GLOBAL_UNIT_ASSIGNED_CONTEXT(
(#66,#67,#68)) REPRESENTATION_CONTEXT('Context #1',
  '3D Context with UNIT and UNCERTAINTY') );
#66 = ( LENGTH_UNIT() NAMED_UNIT(*) SI_UNIT(.MILLI.,.METRE.) );
#67 = ( NAMED_UNIT(*) PLANE_ANGLE_UNIT() SI_UNIT($,.RADIAN.) );
#68 = ( NAMED_UNIT(*) SI_UNIT($,.STERADIAN.) SOLID_ANGLE_UNIT() );
#69 = UNCERTAINTY_MEASURE_WITH_UNIT(LENGTH_MEASURE(1.E-07),#66,
  'distance_accuracy_value','confusion accuracy');
#70 = CONTEXT_DEPENDENT_SHAPE_REPRESENTATION(#71,#73);
#71 = ( REPRESENTATION_RELATIONSHIP('','',#60,#10) 
REPRESENTATION_RELATIONSHIP_WITH_TRANSFORMATION(#72) 
SHAPE_REPRESENTATION_RELATIONSHIP() );
#72 = ITEM_DEFINED_TRANSFORMATION('','',#11,#15);
#73 = PRODUCT_DEFINITION_SHAPE('Placement','Placement of an item',#74);
#74 = NEXT_ASSEMBLY_USAGE_OCCURRENCE('2','R1','',#5,#55,$);
#75 = PRODUCT_RELATED_PRODUCT_CATEGORY('part',$,(#57));
#76 = SHAPE_DEFINITION_REPRESENTATION(#77,#83);
#77 = PRODUCT_DEFINITION_SHAPE('','',#78);
#78 = PRODUCT_DEFINITION('design','',#79,#82);
#79 = PRODUCT_DEFINITION_FORMATION('','',#80);
#80 = PRODUCT('R_0603_1608Metric','R_0603_1608Metric','',(#81));
#81 = PRODUCT_CONTEXT('',#2,'mechanical');
#82 = PRODUCT_DEFINITION_CONTEXT('part definition',#2,'design');
#83 = ADVANCED_BREP_SHAPE_REPRESENTATION('',(#11,#84),#874);
#84 = MANIFOLD_SOLID_BREP('',#85);
#85 = CLOSED_SHELL('',(#86,#126,#209,#234,#259,#326,#343,#360,#409,#426,
    #443,#492,#509,#578,#609,#633,#702,#726,#743,#760,#777,#794,#811,
    #828,#845,#862));
#86 = ADVANCED_FACE('',(#87),#121,.F.);
#87 = FACE_BOUND('',#88,.F.);
#88 = EDGE_LOOP('',(#89,#99,#107,#115));
#89 = ORIENTED_EDGE('',*,*,#90,.F.);
#90 = EDGE_CURVE('',#91,#93,#95,.T.);
#91 = VERTEX_POINT('',#92);
#92 = CARTESIAN_POINT('',(-0.8,-0.4,4.5E-02));
#93 = VERTEX_POINT('',#94);
#94 = CARTESIAN_POINT('',(-0.8,-0.4,0.405));
#95 = LINE('',#96,#97);
#96 = CARTESIAN_POINT('',(-0.8,-0.4,0.));
#97 = VECTOR('',#98,1.);
#98 = DIRECTION('',(0.,0.,1.));
#99 = ORIENTED_EDGE('',*,*,#100,.T.);
#100 = EDGE_CURVE('',#91,#101,#103,.T.);
#101 = VERTEX_POINT('',#102);
#102 = CARTESIAN_POINT('',(-0.8,0.4,4.5E-02));
#103 = LINE('',#104,#105);
#104 = CARTESIAN_POINT('',(-0.8,-0.4,4.5E-02));
#105 = VECTOR('',#106,1.);
#106 = DIRECTION('',(0.,1.,0.));
#107 = ORIENTED_EDGE('',*,*,#108,.T.);
#108 = EDGE_CURVE('',#101,#109,#111,.T.);
#109 = VERTEX_POINT('',#110);
#110 = CARTESIAN_POINT('',(-0.8,0.4,0.405));
#111 = LINE('',#112,#113);
#112 = CARTESIAN_POINT('',(-0.8,0.4,0.));
#113 = VECTOR('',#114,1.);
#114 = DIRECTION('',(0.,0.,1.));
#115 = ORIENTED_EDGE('',*,*,#116,.F.);
#116 = EDGE_CURVE('',#93,#109,#117,.T.);
#117 = LINE('',#118,#119);
#118 = CARTESIAN_POINT('',(-0.8,-0.4,0.405));
#119 = VECTOR('',#120,1.);
#120 = DIRECTION('',(0.,1.,0.));
#121 = PLANE('',#122);
#122 = AXIS2_PLACEMENT_3D('',#123,#124,#125);
#123 = CARTESIAN_POINT('',(-0.8,-0.4,0.));
#124 = DIRECTION('',(1.,0.,0.));
#125 = DIRECTION('',(0.,0.,1.));
#126 = ADVANCED_FACE('',(#127),#204,.F.);
#127 = FACE_BOUND('',#128,.F.);
#128 = EDGE_LOOP('',(#129,#139,#146,#147,#156,#164,#173,#181,#189,#197)
  );
#129 = ORIENTED_EDGE('',*,*,#130,.F.);
#130 = EDGE_CURVE('',#131,#133,#135,.T.);
#131 = VERTEX_POINT('',#132);
#132 = CARTESIAN_POINT('',(-0.755,-0.4,-2.775557561563E-17));
#133 = VERTEX_POINT('',#134);
#134 = CARTESIAN_POINT('',(-0.545,-0.4,-2.775557561563E-17));
#135 = LINE('',#136,#137);
#136 = CARTESIAN_POINT('',(-0.8,-0.4,0.));
#137 = VECTOR('',#138,1.);
#138 = DIRECTION('',(1.,0.,0.));
#139 = ORIENTED_EDGE('',*,*,#140,.F.);
#140 = EDGE_CURVE('',#91,#131,#141,.T.);
#141 = CIRCLE('',#142,4.5E-02);
#142 = AXIS2_PLACEMENT_3D('',#143,#144,#145);
#143 = CARTESIAN_POINT('',(-0.755,-0.4,4.5E-02));
#144 = DIRECTION('',(0.,-1.,0.));
#145 = DIRECTION('',(0.,0.,1.));
#146 = ORIENTED_EDGE('',*,*,#90,.T.);
#147 = ORIENTED_EDGE('',*,*,#148,.T.);
#148 = EDGE_CURVE('',#93,#149,#151,.T.);
#149 = VERTEX_POINT('',#150);
#150 = CARTESIAN_POINT('',(-0.755,-0.4,0.45));
#151 = CIRCLE('',#152,4.5E-02);
#152 = AXIS2_PLACEMENT_3D('',#153,#154,#155);
#153 = CARTESIAN_POINT('',(-0.755,-0.4,0.405));
#154 = DIRECTION('',(0.,1.,0.));
#155 = DIRECTION('',(0.,-0.,1.));
#156 = ORIENTED_EDGE('',*,*,#157,.T.);
#157 = EDGE_CURVE('',#149,#158,#160,.T.);
#158 = VERTEX_POINT('',#159);
#159 = CARTESIAN_POINT('',(-0.545,-0.4,0.45));
#160 = LINE('',#161,#162);
#161 = CARTESIAN_POINT('',(-0.8,-0.4,0.45));
#162 = VECTOR('',#163,1.);
#163 = DIRECTION('',(1.,0.,0.));
#164 = ORIENTED_EDGE('',*,*,#165,.F.);
#165 = EDGE_CURVE('',#166,#158,#168,.T.);
#166 = VERTEX_POINT('',#167);
#167 = CARTESIAN_POINT('',(-0.5,-0.4,0.405));
#168 = CIRCLE('',#169,4.5E-02);
#169 = AXIS2_PLACEMENT_3D('',#170,#171,#172);
#170 = CARTESIAN_POINT('',(-0.545,-0.4,0.405));
#171 = DIRECTION('',(0.,-1.,0.));
#172 = DIRECTION('',(0.,0.,1.));
#173 = ORIENTED_EDGE('',*,*,#174,.F.);
#174 = EDGE_CURVE('',#175,#166,#177,.T.);
#175 = VERTEX_POINT('',#176);
#176 = CARTESIAN_POINT('',(-0.755,-0.4,0.405));
#177 = LINE('',#178,#179);
#178 = CARTESIAN_POINT('',(-0.755,-0.4,0.405));
#179 = VECTOR('',#180,1.);
#180 = DIRECTION('',(1.,0.,0.));
#181 = ORIENTED_EDGE('',*,*,#182,.F.);
#182 = EDGE_CURVE('',#183,#175,#185,.T.);
#183 = VERTEX_POINT('',#184);
#184 = CARTESIAN_POINT('',(-0.755,-0.4,4.5E-02));
#185 = LINE('',#186,#187);
#186 = CARTESIAN_POINT('',(-0.755,-0.4,4.5E-02));
#187 = VECTOR('',#188,1.);
#188 = DIRECTION('',(0.,0.,1.));
#189 = ORIENTED_EDGE('',*,*,#190,.T.);
#190 = EDGE_CURVE('',#183,#191,#193,.T.);
#191 = VERTEX_POINT('',#192);
#192 = CARTESIAN_POINT('',(-0.5,-0.4,4.5E-02));
#193 = LINE('',#194,#195);
#194 = CARTESIAN_POINT('',(-0.755,-0.4,4.5E-02));
#195 = VECTOR('',#196,1.);
#196 = DIRECTION('',(1.,0.,0.));
#197 = ORIENTED_EDGE('',*,*,#198,.T.);
#198 = EDGE_CURVE('',#191,#133,#199,.T.);
#199 = CIRCLE('',#200,4.5E-02);
#200 = AXIS2_PLACEMENT_3D('',#201,#202,#203);
#201 = CARTESIAN_POINT('',(-0.545,-0.4,4.5E-02));
#202 = DIRECTION('',(0.,1.,0.));
#203 = DIRECTION('',(0.,-0.,1.));
#204 = PLANE('',#205);
#205 = AXIS2_PLACEMENT_3D('',#206,#207,#208);
#206 = CARTESIAN_POINT('',(-0.8,-0.4,0.));
#207 = DIRECTION('',(0.,1.,0.));
#208 = DIRECTION('',(0.,-0.,1.));
#209 = ADVANCED_FACE('',(#210),#229,.T.);
#210 = FACE_BOUND('',#211,.T.);
#211 = EDGE_LOOP('',(#212,#213,#222,#228));
#212 = ORIENTED_EDGE('',*,*,#100,.T.);
#213 = ORIENTED_EDGE('',*,*,#214,.T.);
#214 = EDGE_CURVE('',#101,#215,#217,.T.);
#215 = VERTEX_POINT('',#216);
#216 = CARTESIAN_POINT('',(-0.755,0.4,-2.775557561563E-17));
#217 = CIRCLE('',#218,4.5E-02);
#218 = AXIS2_PLACEMENT_3D('',#219,#220,#221);
#219 = CARTESIAN_POINT('',(-0.755,0.4,4.5E-02));
#220 = DIRECTION('',(0.,-1.,0.));
#221 = DIRECTION('',(0.,0.,1.));
#222 = ORIENTED_EDGE('',*,*,#223,.F.);
#223 = EDGE_CURVE('',#131,#215,#224,.T.);
#224 = LINE('',#225,#226);
#225 = CARTESIAN_POINT('',(-0.755,-0.4,-2.775557561563E-17));
#226 = VECTOR('',#227,1.);
#227 = DIRECTION('',(0.,1.,0.));
#228 = ORIENTED_EDGE('',*,*,#140,.F.);
#229 = CYLINDRICAL_SURFACE('',#230,4.5E-02);
#230 = AXIS2_PLACEMENT_3D('',#231,#232,#233);
#231 = CARTESIAN_POINT('',(-0.755,-0.4,4.5E-02));
#232 = DIRECTION('',(0.,1.,0.));
#233 = DIRECTION('',(-1.,0.,0.));
#234 = ADVANCED_FACE('',(#235),#254,.T.);
#235 = FACE_BOUND('',#236,.T.);
#236 = EDGE_LOOP('',(#237,#238,#246,#253));
#237 = ORIENTED_EDGE('',*,*,#148,.T.);
#238 = ORIENTED_EDGE('',*,*,#239,.T.);
#239 = EDGE_CURVE('',#149,#240,#242,.T.);
#240 = VERTEX_POINT('',#241);
#241 = CARTESIAN_POINT('',(-0.755,0.4,0.45));
#242 = LINE('',#243,#244);
#243 = CARTESIAN_POINT('',(-0.755,-0.4,0.45));
#244 = VECTOR('',#245,1.);
#245 = DIRECTION('',(0.,1.,0.));
#246 = ORIENTED_EDGE('',*,*,#247,.F.);
#247 = EDGE_CURVE('',#109,#240,#248,.T.);
#248 = CIRCLE('',#249,4.5E-02);
#249 = AXIS2_PLACEMENT_3D('',#250,#251,#252);
#250 = CARTESIAN_POINT('',(-0.755,0.4,0.405));
#251 = DIRECTION('',(0.,1.,0.));
#252 = DIRECTION('',(0.,-0.,1.));
#253 = ORIENTED_EDGE('',*,*,#116,.F.);
#254 = CYLINDRICAL_SURFACE('',#255,4.5E-02);
#255 = AXIS2_PLACEMENT_3D('',#256,#257,#258);
#256 = CARTESIAN_POINT('',(-0.755,-0.4,0.405));
#257 = DIRECTION('',(0.,1.,0.));
#258 = DIRECTION('',(-1.,0.,0.));
#259 = ADVANCED_FACE('',(#260),#321,.T.);
#260 = FACE_BOUND('',#261,.T.);
#261 = EDGE_LOOP('',(#262,#270,#271,#272,#273,#281,#290,#298,#306,#314)
  );
#262 = ORIENTED_EDGE('',*,*,#263,.F.);
#263 = EDGE_CURVE('',#215,#264,#266,.T.);
#264 = VERTEX_POINT('',#265);
#265 = CARTESIAN_POINT('',(-0.545,0.4,-2.775557561563E-17));
#266 = LINE('',#267,#268);
#267 = CARTESIAN_POINT('',(-0.8,0.4,0.));
#268 = VECTOR('',#269,1.);
#269 = DIRECTION('',(1.,0.,0.));
#270 = ORIENTED_EDGE('',*,*,#214,.F.);
#271 = ORIENTED_EDGE('',*,*,#108,.T.);
#272 = ORIENTED_EDGE('',*,*,#247,.T.);
#273 = ORIENTED_EDGE('',*,*,#274,.T.);
#274 = EDGE_CURVE('',#240,#275,#277,.T.);
#275 = VERTEX_POINT('',#276);
#276 = CARTESIAN_POINT('',(-0.545,0.4,0.45));
#277 = LINE('',#278,#279);
#278 = CARTESIAN_POINT('',(-0.8,0.4,0.45));
#279 = VECTOR('',#280,1.);
#280 = DIRECTION('',(1.,0.,0.));
#281 = ORIENTED_EDGE('',*,*,#282,.F.);
#282 = EDGE_CURVE('',#283,#275,#285,.T.);
#283 = VERTEX_POINT('',#284);
#284 = CARTESIAN_POINT('',(-0.5,0.4,0.405));
#285 = CIRCLE('',#286,4.5E-02);
#286 = AXIS2_PLACEMENT_3D('',#287,#288,#289);
#287 = CARTESIAN_POINT('',(-0.545,0.4,0.405));
#288 = DIRECTION('',(0.,-1.,0.));
#289 = DIRECTION('',(0.,0.,1.));
#290 = ORIENTED_EDGE('',*,*,#291,.F.);
#291 = EDGE_CURVE('',#292,#283,#294,.T.);
#292 = VERTEX_POINT('',#293);
#293 = CARTESIAN_POINT('',(-0.755,0.4,0.405));
#294 = LINE('',#295,#296);
#295 = CARTESIAN_POINT('',(-0.755,0.4,0.405));
#296 = VECTOR('',#297,1.);
#297 = DIRECTION('',(1.,0.,0.));
#298 = ORIENTED_EDGE('',*,*,#299,.F.);
#299 = EDGE_CURVE('',#300,#292,#302,.T.);
#300 = VERTEX_POINT('',#301);
#301 = CARTESIAN_POINT('',(-0.755,0.4,4.5E-02));
#302 = LINE('',#303,#304);
#303 = CARTESIAN_POINT('',(-0.755,0.4,4.5E-02));
#304 = VECTOR('',#305,1.);
#305 = DIRECTION('',(0.,0.,1.));
#306 = ORIENTED_EDGE('',*,*,#307,.T.);
#307 = EDGE_CURVE('',#300,#308,#310,.T.);
#308 = VERTEX_POINT('',#309);
#309 = CARTESIAN_POINT('',(-0.5,0.4,4.5E-02));
#310 = LINE('',#311,#312);
#311 = CARTESIAN_POINT('',(-0.755,0.4,4.5E-02));
#312 = VECTOR('',#313,1.);
#313 = DIRECTION('',(1.,0.,0.));
#314 = ORIENTED_EDGE('',*,*,#315,.T.);
#315 = EDGE_CURVE('',#308,#264,#316,.T.);
#316 = CIRCLE('',#317,4.5E-02);
#317 = AXIS2_PLACEMENT_3D('',#318,#319,#320);
#318 = CARTESIAN_POINT('',(-0.545,0.4,4.5E-02));
#319 = DIRECTION('',(0.,1.,0.));
#320 = DIRECTION('',(0.,-0.,1.));
#321 = PLANE('',#322);
#322 = AXIS2_PLACEMENT_3D('',#323,#324,#325);
#323 = CARTESIAN_POINT('',(-0.8,0.4,0.));
#324 = DIRECTION('',(0.,1.,0.));
#325 = DIRECTION('',(0.,-0.,1.));
#326 = ADVANCED_FACE('',(#327),#338,.F.);
#327 = FACE_BOUND('',#328,.F.);
#328 = EDGE_LOOP('',(#329,#330,#331,#332));
#329 = ORIENTED_EDGE('',*,*,#263,.F.);
#330 = ORIENTED_EDGE('',*,*,#223,.F.);
#331 = ORIENTED_EDGE('',*,*,#130,.T.);
#332 = ORIENTED_EDGE('',*,*,#333,.T.);
#333 = EDGE_CURVE('',#133,#264,#334,.T.);
#334 = LINE('',#335,#336);
#335 = CARTESIAN_POINT('',(-0.545,-0.4,-2.775557561563E-17));
#336 = VECTOR('',#337,1.);
#337 = DIRECTION('',(0.,1.,0.));
#338 = PLANE('',#339);
#339 = AXIS2_PLACEMENT_3D('',#340,#341,#342);
#340 = CARTESIAN_POINT('',(-0.8,-0.4,0.));
#341 = DIRECTION('',(0.,0.,1.));
#342 = DIRECTION('',(1.,0.,-0.));
#343 = ADVANCED_FACE('',(#344),#355,.T.);
#344 = FACE_BOUND('',#345,.T.);
#345 = EDGE_LOOP('',(#346,#347,#348,#349));
#346 = ORIENTED_EDGE('',*,*,#198,.T.);
#347 = ORIENTED_EDGE('',*,*,#333,.T.);
#348 = ORIENTED_EDGE('',*,*,#315,.F.);
#349 = ORIENTED_EDGE('',*,*,#350,.F.);
#350 = EDGE_CURVE('',#191,#308,#351,.T.);
#351 = LINE('',#352,#353);
#352 = CARTESIAN_POINT('',(-0.5,-0.4,4.5E-02));
#353 = VECTOR('',#354,1.);
#354 = DIRECTION('',(0.,1.,0.));
#355 = CYLINDRICAL_SURFACE('',#356,4.5E-02);
#356 = AXIS2_PLACEMENT_3D('',#357,#358,#359);
#357 = CARTESIAN_POINT('',(-0.545,-0.4,4.5E-02));
#358 = DIRECTION('',(0.,1.,0.));
#359 = DIRECTION('',(1.,0.,0.));
#360 = ADVANCED_FACE('',(#361),#404,.F.);
#361 = FACE_BOUND('',#362,.F.);
#362 = EDGE_LOOP('',(#363,#364,#365,#366,#374,#382,#390,#398));
#363 = ORIENTED_EDGE('',*,*,#190,.F.);
#364 = ORIENTED_EDGE('',*,*,#182,.T.);
#365 = ORIENTED_EDGE('',*,*,#174,.T.);
#366 = ORIENTED_EDGE('',*,*,#367,.T.);
#367 = EDGE_CURVE('',#166,#368,#370,.T.);
#368 = VERTEX_POINT('',#369);
#369 = CARTESIAN_POINT('',(0.5,-0.4,0.405));
#370 = LINE('',#371,#372);
#371 = CARTESIAN_POINT('',(-0.5,-0.4,0.405));
#372 = VECTOR('',#373,1.);
#373 = DIRECTION('',(1.,0.,0.));
#374 = ORIENTED_EDGE('',*,*,#375,.T.);
#375 = EDGE_CURVE('',#368,#376,#378,.T.);
#376 = VERTEX_POINT('',#377);
#377 = CARTESIAN_POINT('',(0.755,-0.4,0.405));
#378 = LINE('',#379,#380);
#379 = CARTESIAN_POINT('',(-0.755,-0.4,0.405));
#380 = VECTOR('',#381,1.);
#381 = DIRECTION('',(1.,0.,0.));
#382 = ORIENTED_EDGE('',*,*,#383,.F.);
#383 = EDGE_CURVE('',#384,#376,#386,.T.);
#384 = VERTEX_POINT('',#385);
#385 = CARTESIAN_POINT('',(0.755,-0.4,4.5E-02));
#386 = LINE('',#387,#388);
#387 = CARTESIAN_POINT('',(0.755,-0.4,4.5E-02));
#388 = VECTOR('',#389,1.);
#389 = DIRECTION('',(0.,0.,1.));
#390 = ORIENTED_EDGE('',*,*,#391,.F.);
#391 = EDGE_CURVE('',#392,#384,#394,.T.);
#392 = VERTEX_POINT('',#393);
#393 = CARTESIAN_POINT('',(0.5,-0.4,4.5E-02));
#394 = LINE('',#395,#396);
#395 = CARTESIAN_POINT('',(-0.755,-0.4,4.5E-02));
#396 = VECTOR('',#397,1.);
#397 = DIRECTION('',(1.,0.,0.));
#398 = ORIENTED_EDGE('',*,*,#399,.F.);
#399 = EDGE_CURVE('',#191,#392,#400,.T.);
#400 = LINE('',#401,#402);
#401 = CARTESIAN_POINT('',(-0.755,-0.4,4.5E-02));
#402 = VECTOR('',#403,1.);
#403 = DIRECTION('',(1.,0.,0.));
#404 = PLANE('',#405);
#405 = AXIS2_PLACEMENT_3D('',#406,#407,#408);
#406 = CARTESIAN_POINT('',(-0.755,-0.4,4.5E-02));
#407 = DIRECTION('',(0.,1.,0.));
#408 = DIRECTION('',(0.,-0.,1.));
#409 = ADVANCED_FACE('',(#410),#421,.T.);
#410 = FACE_BOUND('',#411,.T.);
#411 = EDGE_LOOP('',(#412,#413,#414,#415));
#412 = ORIENTED_EDGE('',*,*,#274,.F.);
#413 = ORIENTED_EDGE('',*,*,#239,.F.);
#414 = ORIENTED_EDGE('',*,*,#157,.T.);
#415 = ORIENTED_EDGE('',*,*,#416,.T.);
#416 = EDGE_CURVE('',#158,#275,#417,.T.);
#417 = LINE('',#418,#419);
#418 = CARTESIAN_POINT('',(-0.545,-0.4,0.45));
#419 = VECTOR('',#420,1.);
#420 = DIRECTION('',(0.,1.,0.));
#421 = PLANE('',#422);
#422 = AXIS2_PLACEMENT_3D('',#423,#424,#425);
#423 = CARTESIAN_POINT('',(-0.8,-0.4,0.45));
#424 = DIRECTION('',(0.,0.,1.));
#425 = DIRECTION('',(1.,0.,-0.));
#426 = ADVANCED_FACE('',(#427),#438,.T.);
#427 = FACE_BOUND('',#428,.T.);
#428 = EDGE_LOOP('',(#429,#435,#436,#437));
#429 = ORIENTED_EDGE('',*,*,#430,.T.);
#430 = EDGE_CURVE('',#166,#283,#431,.T.);
#431 = LINE('',#432,#433);
#432 = CARTESIAN_POINT('',(-0.5,-0.4,0.405));
#433 = VECTOR('',#434,1.);
#434 = DIRECTION('',(0.,1.,0.));
#435 = ORIENTED_EDGE('',*,*,#282,.T.);
#436 = ORIENTED_EDGE('',*,*,#416,.F.);
#437 = ORIENTED_EDGE('',*,*,#165,.F.);
#438 = CYLINDRICAL_SURFACE('',#439,4.5E-02);
#439 = AXIS2_PLACEMENT_3D('',#440,#441,#442);
#440 = CARTESIAN_POINT('',(-0.545,-0.4,0.405));
#441 = DIRECTION('',(0.,1.,0.));
#442 = DIRECTION('',(1.,0.,0.));
#443 = ADVANCED_FACE('',(#444),#487,.T.);
#444 = FACE_BOUND('',#445,.T.);
#445 = EDGE_LOOP('',(#446,#447,#448,#449,#457,#465,#473,#481));
#446 = ORIENTED_EDGE('',*,*,#307,.F.);
#447 = ORIENTED_EDGE('',*,*,#299,.T.);
#448 = ORIENTED_EDGE('',*,*,#291,.T.);
#449 = ORIENTED_EDGE('',*,*,#450,.T.);
#450 = EDGE_CURVE('',#283,#451,#453,.T.);
#451 = VERTEX_POINT('',#452);
#452 = CARTESIAN_POINT('',(0.5,0.4,0.405));
#453 = LINE('',#454,#455);
#454 = CARTESIAN_POINT('',(-0.5,0.4,0.405));
#455 = VECTOR('',#456,1.);
#456 = DIRECTION('',(1.,0.,0.));
#457 = ORIENTED_EDGE('',*,*,#458,.T.);
#458 = EDGE_CURVE('',#451,#459,#461,.T.);
#459 = VERTEX_POINT('',#460);
#460 = CARTESIAN_POINT('',(0.755,0.4,0.405));
#461 = LINE('',#462,#463);
#462 = CARTESIAN_POINT('',(-0.755,0.4,0.405));
#463 = VECTOR('',#464,1.);
#464 = DIRECTION('',(1.,0.,0.));
#465 = ORIENTED_EDGE('',*,*,#466,.F.);
#466 = EDGE_CURVE('',#467,#459,#469,.T.);
#467 = VERTEX_POINT('',#468);
#468 = CARTESIAN_POINT('',(0.755,0.4,4.5E-02));
#469 = LINE('',#470,#471);
#470 = CARTESIAN_POINT('',(0.755,0.4,4.5E-02));
#471 = VECTOR('',#472,1.);
#472 = DIRECTION('',(0.,0.,1.));
#473 = ORIENTED_EDGE('',*,*,#474,.F.);
#474 = EDGE_CURVE('',#475,#467,#477,.T.);
#475 = VERTEX_POINT('',#476);
#476 = CARTESIAN_POINT('',(0.5,0.4,4.5E-02));
#477 = LINE('',#478,#479);
#478 = CARTESIAN_POINT('',(-0.755,0.4,4.5E-02));
#479 = VECTOR('',#480,1.);
#480 = DIRECTION('',(1.,0.,0.));
#481 = ORIENTED_EDGE('',*,*,#482,.F.);
#482 = EDGE_CURVE('',#308,#475,#483,.T.);
#483 = LINE('',#484,#485);
#484 = CARTESIAN_POINT('',(-0.755,0.4,4.5E-02));
#485 = VECTOR('',#486,1.);
#486 = DIRECTION('',(1.,0.,0.));
#487 = PLANE('',#488);
#488 = AXIS2_PLACEMENT_3D('',#489,#490,#491);
#489 = CARTESIAN_POINT('',(-0.755,0.4,4.5E-02));
#490 = DIRECTION('',(0.,1.,0.));
#491 = DIRECTION('',(0.,-0.,1.));
#492 = ADVANCED_FACE('',(#493),#504,.F.);
#493 = FACE_BOUND('',#494,.F.);
#494 = EDGE_LOOP('',(#495,#496,#497,#503));
#495 = ORIENTED_EDGE('',*,*,#350,.F.);
#496 = ORIENTED_EDGE('',*,*,#399,.T.);
#497 = ORIENTED_EDGE('',*,*,#498,.T.);
#498 = EDGE_CURVE('',#392,#475,#499,.T.);
#499 = LINE('',#500,#501);
#500 = CARTESIAN_POINT('',(0.5,-0.4,4.5E-02));
#501 = VECTOR('',#502,1.);
#502 = DIRECTION('',(0.,1.,0.));
#503 = ORIENTED_EDGE('',*,*,#482,.F.);
#504 = PLANE('',#505);
#505 = AXIS2_PLACEMENT_3D('',#506,#507,#508);
#506 = CARTESIAN_POINT('',(-0.755,-0.4,4.5E-02));
#507 = DIRECTION('',(0.,0.,1.));
#508 = DIRECTION('',(1.,0.,-0.));
#509 = ADVANCED_FACE('',(#510),#573,.F.);
#510 = FACE_BOUND('',#511,.F.);
#511 = EDGE_LOOP('',(#512,#522,#529,#530,#531,#532,#541,#549,#558,#566)
  );
#512 = ORIENTED_EDGE('',*,*,#513,.F.);
#513 = EDGE_CURVE('',#514,#516,#518,.T.);
#514 = VERTEX_POINT('',#515);
#515 = CARTESIAN_POINT('',(0.545,-0.4,-2.775557561563E-17));
#516 = VERTEX_POINT('',#517);
#517 = CARTESIAN_POINT('',(0.755,-0.4,-2.775557561563E-17));
#518 = LINE('',#519,#520);
#519 = CARTESIAN_POINT('',(0.5,-0.4,0.));
#520 = VECTOR('',#521,1.);
#521 = DIRECTION('',(1.,0.,0.));
#522 = ORIENTED_EDGE('',*,*,#523,.F.);
#523 = EDGE_CURVE('',#392,#514,#524,.T.);
#524 = CIRCLE('',#525,4.5E-02);
#525 = AXIS2_PLACEMENT_3D('',#526,#527,#528);
#526 = CARTESIAN_POINT('',(0.545,-0.4,4.5E-02));
#527 = DIRECTION('',(0.,-1.,0.));
#528 = DIRECTION('',(0.,0.,1.));
#529 = ORIENTED_EDGE('',*,*,#391,.T.);
#530 = ORIENTED_EDGE('',*,*,#383,.T.);
#531 = ORIENTED_EDGE('',*,*,#375,.F.);
#532 = ORIENTED_EDGE('',*,*,#533,.T.);
#533 = EDGE_CURVE('',#368,#534,#536,.T.);
#534 = VERTEX_POINT('',#535);
#535 = CARTESIAN_POINT('',(0.545,-0.4,0.45));
#536 = CIRCLE('',#537,4.5E-02);
#537 = AXIS2_PLACEMENT_3D('',#538,#539,#540);
#538 = CARTESIAN_POINT('',(0.545,-0.4,0.405));
#539 = DIRECTION('',(0.,1.,0.));
#540 = DIRECTION('',(0.,-0.,1.));
#541 = ORIENTED_EDGE('',*,*,#542,.T.);
#542 = EDGE_CURVE('',#534,#543,#545,.T.);
#543 = VERTEX_POINT('',#544);
#544 = CARTESIAN_POINT('',(0.755,-0.4,0.45));
#545 = LINE('',#546,#547);
#546 = CARTESIAN_POINT('',(0.5,-0.4,0.45));
#547 = VECTOR('',#548,1.);
#548 = DIRECTION('',(1.,0.,0.));
#549 = ORIENTED_EDGE('',*,*,#550,.F.);
#550 = EDGE_CURVE('',#551,#543,#553,.T.);
#551 = VERTEX_POINT('',#552);
#552 = CARTESIAN_POINT('',(0.8,-0.4,0.405));
#553 = CIRCLE('',#554,4.5E-02);
#554 = AXIS2_PLACEMENT_3D('',#555,#556,#557);
#555 = CARTESIAN_POINT('',(0.755,-0.4,0.405));
#556 = DIRECTION('',(0.,-1.,0.));
#557 = DIRECTION('',(0.,0.,1.));
#558 = ORIENTED_EDGE('',*,*,#559,.F.);
#559 = EDGE_CURVE('',#560,#551,#562,.T.);
#560 = VERTEX_POINT('',#561);
#561 = CARTESIAN_POINT('',(0.8,-0.4,4.5E-02));
#562 = LINE('',#563,#564);
#563 = CARTESIAN_POINT('',(0.8,-0.4,0.));
#564 = VECTOR('',#565,1.);
#565 = DIRECTION('',(0.,0.,1.));
#566 = ORIENTED_EDGE('',*,*,#567,.T.);
#567 = EDGE_CURVE('',#560,#516,#568,.T.);
#568 = CIRCLE('',#569,4.5E-02);
#569 = AXIS2_PLACEMENT_3D('',#570,#571,#572);
#570 = CARTESIAN_POINT('',(0.755,-0.4,4.5E-02));
#571 = DIRECTION('',(0.,1.,0.));
#572 = DIRECTION('',(0.,-0.,1.));
#573 = PLANE('',#574);
#574 = AXIS2_PLACEMENT_3D('',#575,#576,#577);
#575 = CARTESIAN_POINT('',(0.5,-0.4,0.));
#576 = DIRECTION('',(0.,1.,0.));
#577 = DIRECTION('',(0.,-0.,1.));
#578 = ADVANCED_FACE('',(#579),#604,.F.);
#579 = FACE_BOUND('',#580,.F.);
#580 = EDGE_LOOP('',(#581,#582,#590,#598));
#581 = ORIENTED_EDGE('',*,*,#367,.F.);
#582 = ORIENTED_EDGE('',*,*,#583,.T.);
#583 = EDGE_CURVE('',#166,#584,#586,.T.);
#584 = VERTEX_POINT('',#585);
#585 = CARTESIAN_POINT('',(-0.5,-0.4,0.45));
#586 = LINE('',#587,#588);
#587 = CARTESIAN_POINT('',(-0.5,-0.4,0.405));
#588 = VECTOR('',#589,1.);
#589 = DIRECTION('',(0.,0.,1.));
#590 = ORIENTED_EDGE('',*,*,#591,.T.);
#591 = EDGE_CURVE('',#584,#592,#594,.T.);
#592 = VERTEX_POINT('',#593);
#593 = CARTESIAN_POINT('',(0.5,-0.4,0.45));
#594 = LINE('',#595,#596);
#595 = CARTESIAN_POINT('',(-0.5,-0.4,0.45));
#596 = VECTOR('',#597,1.);
#597 = DIRECTION('',(1.,0.,0.));
#598 = ORIENTED_EDGE('',*,*,#599,.F.);
#599 = EDGE_CURVE('',#368,#592,#600,.T.);
#600 = LINE('',#601,#602);
#601 = CARTESIAN_POINT('',(0.5,-0.4,0.405));
#602 = VECTOR('',#603,1.);
#603 = DIRECTION('',(0.,0.,1.));
#604 = PLANE('',#605);
#605 = AXIS2_PLACEMENT_3D('',#606,#607,#608);
#606 = CARTESIAN_POINT('',(-0.5,-0.4,0.405));
#607 = DIRECTION('',(0.,1.,0.));
#608 = DIRECTION('',(0.,-0.,1.));
#609 = ADVANCED_FACE('',(#610),#628,.F.);
#610 = FACE_BOUND('',#611,.F.);
#611 = EDGE_LOOP('',(#612,#613,#614,#622));
#612 = ORIENTED_EDGE('',*,*,#583,.F.);
#613 = ORIENTED_EDGE('',*,*,#430,.T.);
#614 = ORIENTED_EDGE('',*,*,#615,.T.);
#615 = EDGE_CURVE('',#283,#616,#618,.T.);
#616 = VERTEX_POINT('',#617);
#617 = CARTESIAN_POINT('',(-0.5,0.4,0.45));
#618 = LINE('',#619,#620);
#619 = CARTESIAN_POINT('',(-0.5,0.4,0.405));
#620 = VECTOR('',#621,1.);
#621 = DIRECTION('',(0.,0.,1.));
#622 = ORIENTED_EDGE('',*,*,#623,.F.);
#623 = EDGE_CURVE('',#584,#616,#624,.T.);
#624 = LINE('',#625,#626);
#625 = CARTESIAN_POINT('',(-0.5,-0.4,0.45));
#626 = VECTOR('',#627,1.);
#627 = DIRECTION('',(0.,1.,0.));
#628 = PLANE('',#629);
#629 = AXIS2_PLACEMENT_3D('',#630,#631,#632);
#630 = CARTESIAN_POINT('',(-0.5,-0.4,0.405));
#631 = DIRECTION('',(1.,0.,0.));
#632 = DIRECTION('',(0.,0.,1.));
#633 = ADVANCED_FACE('',(#634),#697,.T.);
#634 = FACE_BOUND('',#635,.T.);
#635 = EDGE_LOOP('',(#636,#646,#653,#654,#655,#656,#665,#673,#682,#690)
  );
#636 = ORIENTED_EDGE('',*,*,#637,.F.);
#637 = EDGE_CURVE('',#638,#640,#642,.T.);
#638 = VERTEX_POINT('',#639);
#639 = CARTESIAN_POINT('',(0.545,0.4,-2.775557561563E-17));
#640 = VERTEX_POINT('',#641);
#641 = CARTESIAN_POINT('',(0.755,0.4,-2.775557561563E-17));
#642 = LINE('',#643,#644);
#643 = CARTESIAN_POINT('',(0.5,0.4,0.));
#644 = VECTOR('',#645,1.);
#645 = DIRECTION('',(1.,0.,0.));
#646 = ORIENTED_EDGE('',*,*,#647,.F.);
#647 = EDGE_CURVE('',#475,#638,#648,.T.);
#648 = CIRCLE('',#649,4.5E-02);
#649 = AXIS2_PLACEMENT_3D('',#650,#651,#652);
#650 = CARTESIAN_POINT('',(0.545,0.4,4.5E-02));
#651 = DIRECTION('',(0.,-1.,0.));
#652 = DIRECTION('',(0.,0.,1.));
#653 = ORIENTED_EDGE('',*,*,#474,.T.);
#654 = ORIENTED_EDGE('',*,*,#466,.T.);
#655 = ORIENTED_EDGE('',*,*,#458,.F.);
#656 = ORIENTED_EDGE('',*,*,#657,.T.);
#657 = EDGE_CURVE('',#451,#658,#660,.T.);
#658 = VERTEX_POINT('',#659);
#659 = CARTESIAN_POINT('',(0.545,0.4,0.45));
#660 = CIRCLE('',#661,4.5E-02);
#661 = AXIS2_PLACEMENT_3D('',#662,#663,#664);
#662 = CARTESIAN_POINT('',(0.545,0.4,0.405));
#663 = DIRECTION('',(0.,1.,0.));
#664 = DIRECTION('',(0.,-0.,1.));
#665 = ORIENTED_EDGE('',*,*,#666,.T.);
#666 = EDGE_CURVE('',#658,#667,#669,.T.);
#667 = VERTEX_POINT('',#668);
#668 = CARTESIAN_POINT('',(0.755,0.4,0.45));
#669 = LINE('',#670,#671);
#670 = CARTESIAN_POINT('',(0.5,0.4,0.45));
#671 = VECTOR('',#672,1.);
#672 = DIRECTION('',(1.,0.,0.));
#673 = ORIENTED_EDGE('',*,*,#674,.F.);
#674 = EDGE_CURVE('',#675,#667,#677,.T.);
#675 = VERTEX_POINT('',#676);
#676 = CARTESIAN_POINT('',(0.8,0.4,0.405));
#677 = CIRCLE('',#678,4.5E-02);
#678 = AXIS2_PLACEMENT_3D('',#679,#680,#681);
#679 = CARTESIAN_POINT('',(0.755,0.4,0.405));
#680 = DIRECTION('',(0.,-1.,0.));
#681 = DIRECTION('',(0.,0.,1.));
#682 = ORIENTED_EDGE('',*,*,#683,.F.);
#683 = EDGE_CURVE('',#684,#675,#686,.T.);
#684 = VERTEX_POINT('',#685);
#685 = CARTESIAN_POINT('',(0.8,0.4,4.5E-02));
#686 = LINE('',#687,#688);
#687 = CARTESIAN_POINT('',(0.8,0.4,0.));
#688 = VECTOR('',#689,1.);
#689 = DIRECTION('',(0.,0.,1.));
#690 = ORIENTED_EDGE('',*,*,#691,.T.);
#691 = EDGE_CURVE('',#684,#640,#692,.T.);
#692 = CIRCLE('',#693,4.5E-02);
#693 = AXIS2_PLACEMENT_3D('',#694,#695,#696);
#694 = CARTESIAN_POINT('',(0.755,0.4,4.5E-02));
#695 = DIRECTION('',(0.,1.,0.));
#696 = DIRECTION('',(0.,-0.,1.));
#697 = PLANE('',#698);
#698 = AXIS2_PLACEMENT_3D('',#699,#700,#701);
#699 = CARTESIAN_POINT('',(0.5,0.4,0.));
#700 = DIRECTION('',(0.,1.,0.));
#701 = DIRECTION('',(0.,-0.,1.));
#702 = ADVANCED_FACE('',(#703),#721,.T.);
#703 = FACE_BOUND('',#704,.T.);
#704 = EDGE_LOOP('',(#705,#706,#707,#715));
#705 = ORIENTED_EDGE('',*,*,#450,.F.);
#706 = ORIENTED_EDGE('',*,*,#615,.T.);
#707 = ORIENTED_EDGE('',*,*,#708,.T.);
#708 = EDGE_CURVE('',#616,#709,#711,.T.);
#709 = VERTEX_POINT('',#710);
#710 = CARTESIAN_POINT('',(0.5,0.4,0.45));
#711 = LINE('',#712,#713);
#712 = CARTESIAN_POINT('',(-0.5,0.4,0.45));
#713 = VECTOR('',#714,1.);
#714 = DIRECTION('',(1.,0.,0.));
#715 = ORIENTED_EDGE('',*,*,#716,.F.);
#716 = EDGE_CURVE('',#451,#709,#717,.T.);
#717 = LINE('',#718,#719);
#718 = CARTESIAN_POINT('',(0.5,0.4,0.405));
#719 = VECTOR('',#720,1.);
#720 = DIRECTION('',(0.,0.,1.));
#721 = PLANE('',#722);
#722 = AXIS2_PLACEMENT_3D('',#723,#724,#725);
#723 = CARTESIAN_POINT('',(-0.5,0.4,0.405));
#724 = DIRECTION('',(0.,1.,0.));
#725 = DIRECTION('',(0.,-0.,1.));
#726 = ADVANCED_FACE('',(#727),#738,.T.);
#727 = FACE_BOUND('',#728,.T.);
#728 = EDGE_LOOP('',(#729,#730,#731,#737));
#729 = ORIENTED_EDGE('',*,*,#498,.T.);
#730 = ORIENTED_EDGE('',*,*,#647,.T.);
#731 = ORIENTED_EDGE('',*,*,#732,.F.);
#732 = EDGE_CURVE('',#514,#638,#733,.T.);
#733 = LINE('',#734,#735);
#734 = CARTESIAN_POINT('',(0.545,-0.4,-2.775557561563E-17));
#735 = VECTOR('',#736,1.);
#736 = DIRECTION('',(0.,1.,0.));
#737 = ORIENTED_EDGE('',*,*,#523,.F.);
#738 = CYLINDRICAL_SURFACE('',#739,4.5E-02);
#739 = AXIS2_PLACEMENT_3D('',#740,#741,#742);
#740 = CARTESIAN_POINT('',(0.545,-0.4,4.5E-02));
#741 = DIRECTION('',(0.,1.,0.));
#742 = DIRECTION('',(-1.,0.,0.));
#743 = ADVANCED_FACE('',(#744),#755,.F.);
#744 = FACE_BOUND('',#745,.F.);
#745 = EDGE_LOOP('',(#746,#747,#748,#749));
#746 = ORIENTED_EDGE('',*,*,#637,.F.);
#747 = ORIENTED_EDGE('',*,*,#732,.F.);
#748 = ORIENTED_EDGE('',*,*,#513,.T.);
#749 = ORIENTED_EDGE('',*,*,#750,.T.);
#750 = EDGE_CURVE('',#516,#640,#751,.T.);
#751 = LINE('',#752,#753);
#752 = CARTESIAN_POINT('',(0.755,-0.4,-2.775557561563E-17));
#753 = VECTOR('',#754,1.);
#754 = DIRECTION('',(0.,1.,0.));
#755 = PLANE('',#756);
#756 = AXIS2_PLACEMENT_3D('',#757,#758,#759);
#757 = CARTESIAN_POINT('',(0.5,-0.4,0.));
#758 = DIRECTION('',(0.,0.,1.));
#759 = DIRECTION('',(1.,0.,-0.));
#760 = ADVANCED_FACE('',(#761),#772,.T.);
#761 = FACE_BOUND('',#762,.T.);
#762 = EDGE_LOOP('',(#763,#764,#765,#766));
#763 = ORIENTED_EDGE('',*,*,#567,.T.);
#764 = ORIENTED_EDGE('',*,*,#750,.T.);
#765 = ORIENTED_EDGE('',*,*,#691,.F.);
#766 = ORIENTED_EDGE('',*,*,#767,.F.);
#767 = EDGE_CURVE('',#560,#684,#768,.T.);
#768 = LINE('',#769,#770);
#769 = CARTESIAN_POINT('',(0.8,-0.4,4.5E-02));
#770 = VECTOR('',#771,1.);
#771 = DIRECTION('',(0.,1.,0.));
#772 = CYLINDRICAL_SURFACE('',#773,4.5E-02);
#773 = AXIS2_PLACEMENT_3D('',#774,#775,#776);
#774 = CARTESIAN_POINT('',(0.755,-0.4,4.5E-02));
#775 = DIRECTION('',(0.,1.,0.));
#776 = DIRECTION('',(1.,0.,0.));
#777 = ADVANCED_FACE('',(#778),#789,.T.);
#778 = FACE_BOUND('',#779,.T.);
#779 = EDGE_LOOP('',(#780,#781,#782,#783));
#780 = ORIENTED_EDGE('',*,*,#559,.F.);
#781 = ORIENTED_EDGE('',*,*,#767,.T.);
#782 = ORIENTED_EDGE('',*,*,#683,.T.);
#783 = ORIENTED_EDGE('',*,*,#784,.F.);
#784 = EDGE_CURVE('',#551,#675,#785,.T.);
#785 = LINE('',#786,#787);
#786 = CARTESIAN_POINT('',(0.8,-0.4,0.405));
#787 = VECTOR('',#788,1.);
#788 = DIRECTION('',(0.,1.,0.));
#789 = PLANE('',#790);
#790 = AXIS2_PLACEMENT_3D('',#791,#792,#793);
#791 = CARTESIAN_POINT('',(0.8,-0.4,0.));
#792 = DIRECTION('',(1.,0.,0.));
#793 = DIRECTION('',(0.,0.,1.));
#794 = ADVANCED_FACE('',(#795),#806,.T.);
#795 = FACE_BOUND('',#796,.T.);
#796 = EDGE_LOOP('',(#797,#798,#799,#805));
#797 = ORIENTED_EDGE('',*,*,#784,.T.);
#798 = ORIENTED_EDGE('',*,*,#674,.T.);
#799 = ORIENTED_EDGE('',*,*,#800,.F.);
#800 = EDGE_CURVE('',#543,#667,#801,.T.);
#801 = LINE('',#802,#803);
#802 = CARTESIAN_POINT('',(0.755,-0.4,0.45));
#803 = VECTOR('',#804,1.);
#804 = DIRECTION('',(0.,1.,0.));
#805 = ORIENTED_EDGE('',*,*,#550,.F.);
#806 = CYLINDRICAL_SURFACE('',#807,4.5E-02);
#807 = AXIS2_PLACEMENT_3D('',#808,#809,#810);
#808 = CARTESIAN_POINT('',(0.755,-0.4,0.405));
#809 = DIRECTION('',(0.,1.,0.));
#810 = DIRECTION('',(1.,0.,0.));
#811 = ADVANCED_FACE('',(#812),#823,.T.);
#812 = FACE_BOUND('',#813,.T.);
#813 = EDGE_LOOP('',(#814,#815,#821,#822));
#814 = ORIENTED_EDGE('',*,*,#666,.F.);
#815 = ORIENTED_EDGE('',*,*,#816,.F.);
#816 = EDGE_CURVE('',#534,#658,#817,.T.);
#817 = LINE('',#818,#819);
#818 = CARTESIAN_POINT('',(0.545,-0.4,0.45));
#819 = VECTOR('',#820,1.);
#820 = DIRECTION('',(0.,1.,0.));
#821 = ORIENTED_EDGE('',*,*,#542,.T.);
#822 = ORIENTED_EDGE('',*,*,#800,.T.);
#823 = PLANE('',#824);
#824 = AXIS2_PLACEMENT_3D('',#825,#826,#827);
#825 = CARTESIAN_POINT('',(0.5,-0.4,0.45));
#826 = DIRECTION('',(0.,0.,1.));
#827 = DIRECTION('',(1.,0.,-0.));
#828 = ADVANCED_FACE('',(#829),#840,.T.);
#829 = FACE_BOUND('',#830,.T.);
#830 = EDGE_LOOP('',(#831,#832,#833,#834));
#831 = ORIENTED_EDGE('',*,*,#533,.T.);
#832 = ORIENTED_EDGE('',*,*,#816,.T.);
#833 = ORIENTED_EDGE('',*,*,#657,.F.);
#834 = ORIENTED_EDGE('',*,*,#835,.F.);
#835 = EDGE_CURVE('',#368,#451,#836,.T.);
#836 = LINE('',#837,#838);
#837 = CARTESIAN_POINT('',(0.5,-0.4,0.405));
#838 = VECTOR('',#839,1.);
#839 = DIRECTION('',(0.,1.,0.));
#840 = CYLINDRICAL_SURFACE('',#841,4.5E-02);
#841 = AXIS2_PLACEMENT_3D('',#842,#843,#844);
#842 = CARTESIAN_POINT('',(0.545,-0.4,0.405));
#843 = DIRECTION('',(0.,1.,0.));
#844 = DIRECTION('',(-1.,0.,0.));
#845 = ADVANCED_FACE('',(#846),#857,.T.);
#846 = FACE_BOUND('',#847,.T.);
#847 = EDGE_LOOP('',(#848,#849,#850,#851));
#848 = ORIENTED_EDGE('',*,*,#599,.F.);
#849 = ORIENTED_EDGE('',*,*,#835,.T.);
#850 = ORIENTED_EDGE('',*,*,#716,.T.);
#851 = ORIENTED_EDGE('',*,*,#852,.F.);
#852 = EDGE_CURVE('',#592,#709,#853,.T.);
#853 = LINE('',#854,#855);
#854 = CARTESIAN_POINT('',(0.5,-0.4,0.45));
#855 = VECTOR('',#856,1.);
#856 = DIRECTION('',(0.,1.,0.));
#857 = PLANE('',#858);
#858 = AXIS2_PLACEMENT_3D('',#859,#860,#861);
#859 = CARTESIAN_POINT('',(0.5,-0.4,0.405));
#860 = DIRECTION('',(1.,0.,0.));
#861 = DIRECTION('',(0.,0.,1.));
#862 = ADVANCED_FACE('',(#863),#869,.T.);
#863 = FACE_BOUND('',#864,.T.);
#864 = EDGE_LOOP('',(#865,#866,#867,#868));
#865 = ORIENTED_EDGE('',*,*,#623,.F.);
#866 = ORIENTED_EDGE('',*,*,#591,.T.);
#867 = ORIENTED_EDGE('',*,*,#852,.T.);
#868 = ORIENTED_EDGE('',*,*,#708,.F.);
#869 = PLANE('',#870);
#870 = AXIS2_PLACEMENT_3D('',#871,#872,#873);
#871 = CARTESIAN_POINT('',(-0.5,-0.4,0.45));
#872 = DIRECTION('',(0.,0.,1.));
#873 = DIRECTION('',(1.,0.,-0.));
#874 = ( GEOMETRIC_REPRESENTATION_CONTEXT(3) 
GLOBAL_UNCERTAINTY_ASSIGNED_CONTEXT((#878)) GLOBAL_UNIT_ASSIGNED_CONTEXT
((#875,#876,#877)) REPRESENTATION_CONTEXT('Context #1',
  '3D Context with UNIT and UNCERTAINTY') );
#875 = ( LENGTH_UNIT() NAMED_UNIT(*) SI_UNIT(.MILLI.,.METRE.) );
#876 = ( NAMED_UNIT(*) PLANE_ANGLE_UNIT() SI_UNIT($,.RADIAN.) );
#877 = ( NAMED_UNIT(*) SI_UNIT($,.STERADIAN.) SOLID_ANGLE_UNIT() );
#878 = UNCERTAINTY_MEASURE_WITH_UNIT(LENGTH_MEASURE(1.E-07),#875,
  'distance_accuracy_value','confusion accuracy');
#879 = CONTEXT_DEPENDENT_SHAPE_REPRESENTATION(#880,#882);
#880 = ( REPRESENTATION_RELATIONSHIP('','',#83,#60) 
REPRESENTATION_RELATIONSHIP_WITH_TRANSFORMATION(#881) 
SHAPE_REPRESENTATION_RELATIONSHIP() );
#881 = ITEM_DEFINED_TRANSFORMATION('','',#11,#61);
#882 = PRODUCT_DEFINITION_SHAPE('Placement','Placement of an item',#883
  );
#883 = NEXT_ASSEMBLY_USAGE_OCCURRENCE('1','=>[0:1:1:3]','',#55,#78,$);
#884 = PRODUCT_RELATED_PRODUCT_CATEGORY('part',$,(#80));
#885 = SHAPE_DEFINITION_REPRESENTATION(#886,#892);
#886 = PRODUCT_DEFINITION_SHAPE('','',#887);
#887 = PRODUCT_DEFINITION('design','',#888,#891);
#888 = PRODUCT_DEFINITION_FORMATION('','',#889);
#889 = PRODUCT('LED_0603_1608Metric','LED_0603_1608Metric','',(#890));
#890 = PRODUCT_CONTEXT('',#2,'mechanical');
#891 = PRODUCT_DEFINITION_CONTEXT('part definition',#2,'design');
#892 = SHAPE_REPRESENTATION('',(#11,#893),#897);
#893 = AXIS2_PLACEMENT_3D('',#894,#895,#896);
#894 = CARTESIAN_POINT('',(0.,0.,0.));
#895 = DIRECTION('',(0.,0.,1.));
#896 = DIRECTION('',(1.,0.,-0.));
#897 = ( GEOMETRIC_REPRESENTATION_CONTEXT(3) 
GLOBAL_UNCERTAINTY_ASSIGNED_CONTEXT((#901)) GLOBAL_UNIT_ASSIGNED_CONTEXT
((#898,#899,#900)) REPRESENTATION_CONTEXT('Context #1',
  '3D Context with UNIT and UNCERTAINTY') );
#898 = ( LENGTH_UNIT() NAMED_UNIT(*) SI_UNIT(.MILLI.,.METRE.) );
#899 = ( NAMED_UNIT(*) PLANE_ANGLE_UNIT() SI_UNIT($,.RADIAN.) );
#900 = ( NAMED_UNIT(*) SI_UNIT($,.STERADIAN.) SOLID_ANGLE_UNIT() );
#901 = UNCERTAINTY_MEASURE_WITH_UNIT(LENGTH_MEASURE(1.E-07),#898,
  'distance_accuracy_value','confusion accuracy');
#902 = CONTEXT_DEPENDENT_SHAPE_REPRESENTATION(#903,#905);
#903 = ( REPRESENTATION_RELATIONSHIP('','',#892,#10) 
REPRESENTATION_RELATIONSHIP_WITH_TRANSFORMATION(#904) 
SHAPE_REPRESENTATION_RELATIONSHIP() );
#904 = ITEM_DEFINED_TRANSFORMATION('','',#11,#19);
#905 = PRODUCT_DEFINITION_SHAPE('Placement','Placement of an item',#906
  );
#906 = NEXT_ASSEMBLY_USAGE_OCCURRENCE('4','D1','',#5,#887,$);
#907 = PRODUCT_RELATED_PRODUCT_CATEGORY('part',$,(#889));
#908 = SHAPE_DEFINITION_REPRESENTATION(#909,#915);
#909 = PRODUCT_DEFINITION_SHAPE('','',#910);
#910 = PRODUCT_DEFINITION('design','',#911,#914);
#911 = PRODUCT_DEFINITION_FORMATION('','',#912);
#912 = PRODUCT('LED_0603_1608Metric','LED_0603_1608Metric','',(#913));
#913 = PRODUCT_CONTEXT('',#2,'mechanical');
#914 = PRODUCT_DEFINITION_CONTEXT('part definition',#2,'design');
#915 = ADVANCED_BREP_SHAPE_REPRESENTATION('',(#11,#916),#2439);
#916 = MANIFOLD_SOLID_BREP('',#917);
#917 = CLOSED_SHELL('',(#918,#958,#1005,#1084,#1108,#1148,#1179,#1196,
    #1229,#1253,#1320,#1441,#1508,#1532,#1563,#1596,#1652,#1676,#1700,
    #1724,#1757,#1769,#1832,#1857,#1874,#1898,#1916,#1934,#1952,#1969,
    #1986,#2017,#2042,#2067,#2091,#2108,#2139,#2163,#2180,#2208,#2233,
    #2257,#2282,#2329,#2346,#2358,#2380,#2392,#2410,#2428));
#918 = ADVANCED_FACE('',(#919),#953,.F.);
#919 = FACE_BOUND('',#920,.F.);
#920 = EDGE_LOOP('',(#921,#931,#939,#947));
#921 = ORIENTED_EDGE('',*,*,#922,.T.);
#922 = EDGE_CURVE('',#923,#925,#927,.T.);
#923 = VERTEX_POINT('',#924);
#924 = CARTESIAN_POINT('',(-0.5,-0.4,0.47));
#925 = VERTEX_POINT('',#926);
#926 = CARTESIAN_POINT('',(-0.45,-0.4,1.1));
#927 = LINE('',#928,#929);
#928 = CARTESIAN_POINT('',(-0.5,-0.4,0.47));
#929 = VECTOR('',#930,1.);
#930 = DIRECTION('',(7.911630099815E-02,0.,0.996865392576));
#931 = ORIENTED_EDGE('',*,*,#932,.T.);
#932 = EDGE_CURVE('',#925,#933,#935,.T.);
#933 = VERTEX_POINT('',#934);
#934 = CARTESIAN_POINT('',(0.45,-0.4,1.1));
#935 = LINE('',#936,#937);
#936 = CARTESIAN_POINT('',(-0.45,-0.4,1.1));
#937 = VECTOR('',#938,1.);
#938 = DIRECTION('',(1.,0.,0.));
#939 = ORIENTED_EDGE('',*,*,#940,.T.);
#940 = EDGE_CURVE('',#933,#941,#943,.T.);
#941 = VERTEX_POINT('',#942);
#942 = CARTESIAN_POINT('',(0.5,-0.4,0.47));
#943 = LINE('',#944,#945);
#944 = CARTESIAN_POINT('',(0.45,-0.4,1.1));
#945 = VECTOR('',#946,1.);
#946 = DIRECTION('',(7.911630099815E-02,0.,-0.996865392576));
#947 = ORIENTED_EDGE('',*,*,#948,.T.);
#948 = EDGE_CURVE('',#941,#923,#949,.T.);
#949 = LINE('',#950,#951);
#950 = CARTESIAN_POINT('',(0.5,-0.4,0.47));
#951 = VECTOR('',#952,1.);
#952 = DIRECTION('',(-1.,0.,0.));
#953 = PLANE('',#954);
#954 = AXIS2_PLACEMENT_3D('',#955,#956,#957);
#955 = CARTESIAN_POINT('',(-8.772411109409E-18,-0.4,0.775044128294));
#956 = DIRECTION('',(0.,1.,0.));
#957 = DIRECTION('',(0.,-0.,1.));
#958 = ADVANCED_FACE('',(#959),#1000,.T.);
#959 = FACE_BOUND('',#960,.T.);
#960 = EDGE_LOOP('',(#961,#971,#979,#985,#986,#994));
#961 = ORIENTED_EDGE('',*,*,#962,.T.);
#962 = EDGE_CURVE('',#963,#965,#967,.T.);
#963 = VERTEX_POINT('',#964);
#964 = CARTESIAN_POINT('',(-0.5,0.4,0.47));
#965 = VERTEX_POINT('',#966);
#966 = CARTESIAN_POINT('',(-0.5,0.3,0.47));
#967 = LINE('',#968,#969);
#968 = CARTESIAN_POINT('',(-0.5,0.4,0.47));
#969 = VECTOR('',#970,1.);
#970 = DIRECTION('',(0.,-1.,0.));
#971 = ORIENTED_EDGE('',*,*,#972,.F.);
#972 = EDGE_CURVE('',#973,#965,#975,.T.);
#973 = VERTEX_POINT('',#974);
#974 = CARTESIAN_POINT('',(-0.5,-0.3,0.47));
#975 = LINE('',#976,#977);
#976 = CARTESIAN_POINT('',(-0.5,-0.4,0.47));
#977 = VECTOR('',#978,1.);
#978 = DIRECTION('',(0.,1.,0.));
#979 = ORIENTED_EDGE('',*,*,#980,.T.);
#980 = EDGE_CURVE('',#973,#923,#981,.T.);
#981 = LINE('',#982,#983);
#982 = CARTESIAN_POINT('',(-0.5,0.4,0.47));
#983 = VECTOR('',#984,1.);
#984 = DIRECTION('',(0.,-1.,0.));
#985 = ORIENTED_EDGE('',*,*,#922,.T.);
#986 = ORIENTED_EDGE('',*,*,#987,.F.);
#987 = EDGE_CURVE('',#988,#925,#990,.T.);
#988 = VERTEX_POINT('',#989);
#989 = CARTESIAN_POINT('',(-0.45,0.4,1.1));
#990 = LINE('',#991,#992);
#991 = CARTESIAN_POINT('',(-0.45,0.4,1.1));
#992 = VECTOR('',#993,1.);
#993 = DIRECTION('',(0.,-1.,0.));
#994 = ORIENTED_EDGE('',*,*,#995,.F.);
#995 = EDGE_CURVE('',#963,#988,#996,.T.);
#996 = LINE('',#997,#998);
#997 = CARTESIAN_POINT('',(-0.5,0.4,0.47));
#998 = VECTOR('',#999,1.);
#999 = DIRECTION('',(7.911630099815E-02,0.,0.996865392576));
#1000 = PLANE('',#1001);
#1001 = AXIS2_PLACEMENT_3D('',#1002,#1003,#1004);
#1002 = CARTESIAN_POINT('',(-0.5,0.4,0.47));
#1003 = DIRECTION('',(-0.996865392576,0.,7.911630099815E-02));
#1004 = DIRECTION('',(7.911630099815E-02,0.,0.996865392576));
#1005 = ADVANCED_FACE('',(#1006),#1079,.F.);
#1006 = FACE_BOUND('',#1007,.F.);
#1007 = EDGE_LOOP('',(#1008,#1018,#1026,#1034,#1040,#1041,#1049,#1057,
    #1065,#1073));
#1008 = ORIENTED_EDGE('',*,*,#1009,.F.);
#1009 = EDGE_CURVE('',#1010,#1012,#1014,.T.);
#1010 = VERTEX_POINT('',#1011);
#1011 = CARTESIAN_POINT('',(-0.77,-0.4,3.E-02));
#1012 = VERTEX_POINT('',#1013);
#1013 = CARTESIAN_POINT('',(-0.725,-0.4,3.E-02));
#1014 = LINE('',#1015,#1016);
#1015 = CARTESIAN_POINT('',(-0.77,-0.4,3.E-02));
#1016 = VECTOR('',#1017,1.);
#1017 = DIRECTION('',(1.,0.,0.));
#1018 = ORIENTED_EDGE('',*,*,#1019,.T.);
#1019 = EDGE_CURVE('',#1010,#1020,#1022,.T.);
#1020 = VERTEX_POINT('',#1021);
#1021 = CARTESIAN_POINT('',(-0.77,-0.4,0.47));
#1022 = LINE('',#1023,#1024);
#1023 = CARTESIAN_POINT('',(-0.77,-0.4,3.E-02));
#1024 = VECTOR('',#1025,1.);
#1025 = DIRECTION('',(0.,0.,1.));
#1026 = ORIENTED_EDGE('',*,*,#1027,.T.);
#1027 = EDGE_CURVE('',#1020,#1028,#1030,.T.);
#1028 = VERTEX_POINT('',#1029);
#1029 = CARTESIAN_POINT('',(-0.725,-0.4,0.47));
#1030 = LINE('',#1031,#1032);
#1031 = CARTESIAN_POINT('',(-0.77,-0.4,0.47));
#1032 = VECTOR('',#1033,1.);
#1033 = DIRECTION('',(1.,0.,0.));
#1034 = ORIENTED_EDGE('',*,*,#1035,.T.);
#1035 = EDGE_CURVE('',#1028,#923,#1036,.T.);
#1036 = LINE('',#1037,#1038);
#1037 = CARTESIAN_POINT('',(-0.77,-0.4,0.47));
#1038 = VECTOR('',#1039,1.);
#1039 = DIRECTION('',(1.,0.,0.));
#1040 = ORIENTED_EDGE('',*,*,#948,.F.);
#1041 = ORIENTED_EDGE('',*,*,#1042,.T.);
#1042 = EDGE_CURVE('',#941,#1043,#1045,.T.);
#1043 = VERTEX_POINT('',#1044);
#1044 = CARTESIAN_POINT('',(0.725,-0.4,0.47));
#1045 = LINE('',#1046,#1047);
#1046 = CARTESIAN_POINT('',(-0.77,-0.4,0.47));
#1047 = VECTOR('',#1048,1.);
#1048 = DIRECTION('',(1.,0.,0.));
#1049 = ORIENTED_EDGE('',*,*,#1050,.T.);
#1050 = EDGE_CURVE('',#1043,#1051,#1053,.T.);
#1051 = VERTEX_POINT('',#1052);
#1052 = CARTESIAN_POINT('',(0.77,-0.4,0.47));
#1053 = LINE('',#1054,#1055);
#1054 = CARTESIAN_POINT('',(-0.77,-0.4,0.47));
#1055 = VECTOR('',#1056,1.);
#1056 = DIRECTION('',(1.,0.,0.));
#1057 = ORIENTED_EDGE('',*,*,#1058,.F.);
#1058 = EDGE_CURVE('',#1059,#1051,#1061,.T.);
#1059 = VERTEX_POINT('',#1060);
#1060 = CARTESIAN_POINT('',(0.77,-0.4,3.E-02));
#1061 = LINE('',#1062,#1063);
#1062 = CARTESIAN_POINT('',(0.77,-0.4,3.E-02));
#1063 = VECTOR('',#1064,1.);
#1064 = DIRECTION('',(0.,0.,1.));
#1065 = ORIENTED_EDGE('',*,*,#1066,.F.);
#1066 = EDGE_CURVE('',#1067,#1059,#1069,.T.);
#1067 = VERTEX_POINT('',#1068);
#1068 = CARTESIAN_POINT('',(0.725,-0.4,3.E-02));
#1069 = LINE('',#1070,#1071);
#1070 = CARTESIAN_POINT('',(-0.77,-0.4,3.E-02));
#1071 = VECTOR('',#1072,1.);
#1072 = DIRECTION('',(1.,0.,0.));
#1073 = ORIENTED_EDGE('',*,*,#1074,.F.);
#1074 = EDGE_CURVE('',#1012,#1067,#1075,.T.);
#1075 = LINE('',#1076,#1077);
#1076 = CARTESIAN_POINT('',(-0.77,-0.4,3.E-02));
#1077 = VECTOR('',#1078,1.);
#1078 = DIRECTION('',(1.,0.,0.));
#1079 = PLANE('',#1080);
#1080 = AXIS2_PLACEMENT_3D('',#1081,#1082,#1083);
#1081 = CARTESIAN_POINT('',(-0.77,-0.4,3.E-02));
#1082 = DIRECTION('',(0.,1.,0.));
#1083 = DIRECTION('',(0.,-0.,1.));
#1084 = ADVANCED_FACE('',(#1085),#1103,.T.);
#1085 = FACE_BOUND('',#1086,.T.);
#1086 = EDGE_LOOP('',(#1087,#1088,#1089,#1097));
#1087 = ORIENTED_EDGE('',*,*,#987,.T.);
#1088 = ORIENTED_EDGE('',*,*,#932,.T.);
#1089 = ORIENTED_EDGE('',*,*,#1090,.F.);
#1090 = EDGE_CURVE('',#1091,#933,#1093,.T.);
#1091 = VERTEX_POINT('',#1092);
#1092 = CARTESIAN_POINT('',(0.45,0.4,1.1));
#1093 = LINE('',#1094,#1095);
#1094 = CARTESIAN_POINT('',(0.45,0.4,1.1));
#1095 = VECTOR('',#1096,1.);
#1096 = DIRECTION('',(0.,-1.,0.));
#1097 = ORIENTED_EDGE('',*,*,#1098,.F.);
#1098 = EDGE_CURVE('',#988,#1091,#1099,.T.);
#1099 = LINE('',#1100,#1101);
#1100 = CARTESIAN_POINT('',(-0.45,0.4,1.1));
#1101 = VECTOR('',#1102,1.);
#1102 = DIRECTION('',(1.,0.,0.));
#1103 = PLANE('',#1104);
#1104 = AXIS2_PLACEMENT_3D('',#1105,#1106,#1107);
#1105 = CARTESIAN_POINT('',(-0.45,0.4,1.1));
#1106 = DIRECTION('',(0.,0.,1.));
#1107 = DIRECTION('',(1.,0.,-0.));
#1108 = ADVANCED_FACE('',(#1109),#1143,.T.);
#1109 = FACE_BOUND('',#1110,.T.);
#1110 = EDGE_LOOP('',(#1111,#1112,#1113,#1121,#1129,#1137));
#1111 = ORIENTED_EDGE('',*,*,#1090,.T.);
#1112 = ORIENTED_EDGE('',*,*,#940,.T.);
#1113 = ORIENTED_EDGE('',*,*,#1114,.F.);
#1114 = EDGE_CURVE('',#1115,#941,#1117,.T.);
#1115 = VERTEX_POINT('',#1116);
#1116 = CARTESIAN_POINT('',(0.5,-0.3,0.47));
#1117 = LINE('',#1118,#1119);
#1118 = CARTESIAN_POINT('',(0.5,0.4,0.47));
#1119 = VECTOR('',#1120,1.);
#1120 = DIRECTION('',(0.,-1.,0.));
#1121 = ORIENTED_EDGE('',*,*,#1122,.T.);
#1122 = EDGE_CURVE('',#1115,#1123,#1125,.T.);
#1123 = VERTEX_POINT('',#1124);
#1124 = CARTESIAN_POINT('',(0.5,0.3,0.47));
#1125 = LINE('',#1126,#1127);
#1126 = CARTESIAN_POINT('',(0.5,-0.4,0.47));
#1127 = VECTOR('',#1128,1.);
#1128 = DIRECTION('',(0.,1.,0.));
#1129 = ORIENTED_EDGE('',*,*,#1130,.F.);
#1130 = EDGE_CURVE('',#1131,#1123,#1133,.T.);
#1131 = VERTEX_POINT('',#1132);
#1132 = CARTESIAN_POINT('',(0.5,0.4,0.47));
#1133 = LINE('',#1134,#1135);
#1134 = CARTESIAN_POINT('',(0.5,0.4,0.47));
#1135 = VECTOR('',#1136,1.);
#1136 = DIRECTION('',(0.,-1.,0.));
#1137 = ORIENTED_EDGE('',*,*,#1138,.F.);
#1138 = EDGE_CURVE('',#1091,#1131,#1139,.T.);
#1139 = LINE('',#1140,#1141);
#1140 = CARTESIAN_POINT('',(0.45,0.4,1.1));
#1141 = VECTOR('',#1142,1.);
#1142 = DIRECTION('',(7.911630099815E-02,0.,-0.996865392576));
#1143 = PLANE('',#1144);
#1144 = AXIS2_PLACEMENT_3D('',#1145,#1146,#1147);
#1145 = CARTESIAN_POINT('',(0.45,0.4,1.1));
#1146 = DIRECTION('',(0.996865392576,0.,7.911630099815E-02));
#1147 = DIRECTION('',(7.911630099815E-02,0.,-0.996865392576));
#1148 = ADVANCED_FACE('',(#1149),#1174,.T.);
#1149 = FACE_BOUND('',#1150,.T.);
#1150 = EDGE_LOOP('',(#1151,#1159,#1167,#1173));
#1151 = ORIENTED_EDGE('',*,*,#1152,.F.);
#1152 = EDGE_CURVE('',#1153,#963,#1155,.T.);
#1153 = VERTEX_POINT('',#1154);
#1154 = CARTESIAN_POINT('',(-0.725,0.4,0.47));
#1155 = LINE('',#1156,#1157);
#1156 = CARTESIAN_POINT('',(-0.77,0.4,0.47));
#1157 = VECTOR('',#1158,1.);
#1158 = DIRECTION('',(1.,0.,0.));
#1159 = ORIENTED_EDGE('',*,*,#1160,.F.);
#1160 = EDGE_CURVE('',#1161,#1153,#1163,.T.);
#1161 = VERTEX_POINT('',#1162);
#1162 = CARTESIAN_POINT('',(-0.725,0.3,0.47));
#1163 = LINE('',#1164,#1165);
#1164 = CARTESIAN_POINT('',(-0.725,5.E-02,0.47));
#1165 = VECTOR('',#1166,1.);
#1166 = DIRECTION('',(0.,1.,0.));
#1167 = ORIENTED_EDGE('',*,*,#1168,.F.);
#1168 = EDGE_CURVE('',#965,#1161,#1169,.T.);
#1169 = LINE('',#1170,#1171);
#1170 = CARTESIAN_POINT('',(-0.7475,0.3,0.47));
#1171 = VECTOR('',#1172,1.);
#1172 = DIRECTION('',(-1.,0.,0.));
#1173 = ORIENTED_EDGE('',*,*,#962,.F.);
#1174 = PLANE('',#1175);
#1175 = AXIS2_PLACEMENT_3D('',#1176,#1177,#1178);
#1176 = CARTESIAN_POINT('',(-0.77,-0.4,0.47));
#1177 = DIRECTION('',(0.,0.,1.));
#1178 = DIRECTION('',(1.,0.,-0.));
#1179 = ADVANCED_FACE('',(#1180),#1191,.T.);
#1180 = FACE_BOUND('',#1181,.T.);
#1181 = EDGE_LOOP('',(#1182,#1183,#1184,#1185));
#1182 = ORIENTED_EDGE('',*,*,#995,.T.);
#1183 = ORIENTED_EDGE('',*,*,#1098,.T.);
#1184 = ORIENTED_EDGE('',*,*,#1138,.T.);
#1185 = ORIENTED_EDGE('',*,*,#1186,.T.);
#1186 = EDGE_CURVE('',#1131,#963,#1187,.T.);
#1187 = LINE('',#1188,#1189);
#1188 = CARTESIAN_POINT('',(0.5,0.4,0.47));
#1189 = VECTOR('',#1190,1.);
#1190 = DIRECTION('',(-1.,0.,0.));
#1191 = PLANE('',#1192);
#1192 = AXIS2_PLACEMENT_3D('',#1193,#1194,#1195);
#1193 = CARTESIAN_POINT('',(-8.772411109409E-18,0.4,0.775044128294));
#1194 = DIRECTION('',(0.,1.,0.));
#1195 = DIRECTION('',(0.,-0.,1.));
#1196 = ADVANCED_FACE('',(#1197),#1224,.T.);
#1197 = FACE_BOUND('',#1198,.T.);
#1198 = EDGE_LOOP('',(#1199,#1208,#1216,#1223));
#1199 = ORIENTED_EDGE('',*,*,#1200,.F.);
#1200 = EDGE_CURVE('',#1201,#965,#1203,.T.);
#1201 = VERTEX_POINT('',#1202);
#1202 = CARTESIAN_POINT('',(-0.53,0.3,0.5));
#1203 = CIRCLE('',#1204,3.E-02);
#1204 = AXIS2_PLACEMENT_3D('',#1205,#1206,#1207);
#1205 = CARTESIAN_POINT('',(-0.53,0.3,0.47));
#1206 = DIRECTION('',(-0.,1.,0.));
#1207 = DIRECTION('',(1.,0.,0.));
#1208 = ORIENTED_EDGE('',*,*,#1209,.F.);
#1209 = EDGE_CURVE('',#1210,#1201,#1212,.T.);
#1210 = VERTEX_POINT('',#1211);
#1211 = CARTESIAN_POINT('',(-0.53,-0.3,0.5));
#1212 = LINE('',#1213,#1214);
#1213 = CARTESIAN_POINT('',(-0.53,-0.4,0.5));
#1214 = VECTOR('',#1215,1.);
#1215 = DIRECTION('',(0.,1.,0.));
#1216 = ORIENTED_EDGE('',*,*,#1217,.T.);
#1217 = EDGE_CURVE('',#1210,#973,#1218,.T.);
#1218 = CIRCLE('',#1219,3.E-02);
#1219 = AXIS2_PLACEMENT_3D('',#1220,#1221,#1222);
#1220 = CARTESIAN_POINT('',(-0.53,-0.3,0.47));
#1221 = DIRECTION('',(-0.,1.,0.));
#1222 = DIRECTION('',(1.,0.,0.));
#1223 = ORIENTED_EDGE('',*,*,#972,.T.);
#1224 = CYLINDRICAL_SURFACE('',#1225,3.E-02);
#1225 = AXIS2_PLACEMENT_3D('',#1226,#1227,#1228);
#1226 = CARTESIAN_POINT('',(-0.53,-0.4,0.47));
#1227 = DIRECTION('',(0.,1.,0.));
#1228 = DIRECTION('',(1.,0.,0.));
#1229 = ADVANCED_FACE('',(#1230),#1248,.T.);
#1230 = FACE_BOUND('',#1231,.T.);
#1231 = EDGE_LOOP('',(#1232,#1240,#1241,#1242));
#1232 = ORIENTED_EDGE('',*,*,#1233,.F.);
#1233 = EDGE_CURVE('',#1028,#1234,#1236,.T.);
#1234 = VERTEX_POINT('',#1235);
#1235 = CARTESIAN_POINT('',(-0.725,-0.3,0.47));
#1236 = LINE('',#1237,#1238);
#1237 = CARTESIAN_POINT('',(-0.725,-0.35,0.47));
#1238 = VECTOR('',#1239,1.);
#1239 = DIRECTION('',(0.,1.,0.));
#1240 = ORIENTED_EDGE('',*,*,#1035,.T.);
#1241 = ORIENTED_EDGE('',*,*,#980,.F.);
#1242 = ORIENTED_EDGE('',*,*,#1243,.F.);
#1243 = EDGE_CURVE('',#1234,#973,#1244,.T.);
#1244 = LINE('',#1245,#1246);
#1245 = CARTESIAN_POINT('',(-2.25E-02,-0.3,0.47));
#1246 = VECTOR('',#1247,1.);
#1247 = DIRECTION('',(1.,0.,0.));
#1248 = PLANE('',#1249);
#1249 = AXIS2_PLACEMENT_3D('',#1250,#1251,#1252);
#1250 = CARTESIAN_POINT('',(-0.77,-0.4,0.47));
#1251 = DIRECTION('',(0.,0.,1.));
#1252 = DIRECTION('',(1.,0.,-0.));
#1253 = ADVANCED_FACE('',(#1254),#1315,.F.);
#1254 = FACE_BOUND('',#1255,.F.);
#1255 = EDGE_LOOP('',(#1256,#1266,#1275,#1283,#1292,#1300,#1306,#1307,
    #1308,#1309));
#1256 = ORIENTED_EDGE('',*,*,#1257,.F.);
#1257 = EDGE_CURVE('',#1258,#1260,#1262,.T.);
#1258 = VERTEX_POINT('',#1259);
#1259 = CARTESIAN_POINT('',(-0.77,-0.4,-3.469446951954E-18));
#1260 = VERTEX_POINT('',#1261);
#1261 = CARTESIAN_POINT('',(-0.725,-0.4,0.));
#1262 = LINE('',#1263,#1264);
#1263 = CARTESIAN_POINT('',(-0.8,-0.4,0.));
#1264 = VECTOR('',#1265,1.);
#1265 = DIRECTION('',(1.,0.,0.));
#1266 = ORIENTED_EDGE('',*,*,#1267,.F.);
#1267 = EDGE_CURVE('',#1268,#1258,#1270,.T.);
#1268 = VERTEX_POINT('',#1269);
#1269 = CARTESIAN_POINT('',(-0.8,-0.4,3.E-02));
#1270 = CIRCLE('',#1271,3.E-02);
#1271 = AXIS2_PLACEMENT_3D('',#1272,#1273,#1274);
#1272 = CARTESIAN_POINT('',(-0.77,-0.4,3.E-02));
#1273 = DIRECTION('',(0.,-1.,0.));
#1274 = DIRECTION('',(0.,0.,1.));
#1275 = ORIENTED_EDGE('',*,*,#1276,.T.);
#1276 = EDGE_CURVE('',#1268,#1277,#1279,.T.);
#1277 = VERTEX_POINT('',#1278);
#1278 = CARTESIAN_POINT('',(-0.8,-0.4,0.47));
#1279 = LINE('',#1280,#1281);
#1280 = CARTESIAN_POINT('',(-0.8,-0.4,0.));
#1281 = VECTOR('',#1282,1.);
#1282 = DIRECTION('',(0.,0.,1.));
#1283 = ORIENTED_EDGE('',*,*,#1284,.T.);
#1284 = EDGE_CURVE('',#1277,#1285,#1287,.T.);
#1285 = VERTEX_POINT('',#1286);
#1286 = CARTESIAN_POINT('',(-0.77,-0.4,0.5));
#1287 = CIRCLE('',#1288,3.E-02);
#1288 = AXIS2_PLACEMENT_3D('',#1289,#1290,#1291);
#1289 = CARTESIAN_POINT('',(-0.77,-0.4,0.47));
#1290 = DIRECTION('',(0.,1.,0.));
#1291 = DIRECTION('',(0.,-0.,1.));
#1292 = ORIENTED_EDGE('',*,*,#1293,.T.);
#1293 = EDGE_CURVE('',#1285,#1294,#1296,.T.);
#1294 = VERTEX_POINT('',#1295);
#1295 = CARTESIAN_POINT('',(-0.725,-0.4,0.5));
#1296 = LINE('',#1297,#1298);
#1297 = CARTESIAN_POINT('',(-0.8,-0.4,0.5));
#1298 = VECTOR('',#1299,1.);
#1299 = DIRECTION('',(1.,0.,0.));
#1300 = ORIENTED_EDGE('',*,*,#1301,.F.);
#1301 = EDGE_CURVE('',#1028,#1294,#1302,.T.);
#1302 = LINE('',#1303,#1304);
#1303 = CARTESIAN_POINT('',(-0.725,-0.4,0.375));
#1304 = VECTOR('',#1305,1.);
#1305 = DIRECTION('',(0.,0.,1.));
#1306 = ORIENTED_EDGE('',*,*,#1027,.F.);
#1307 = ORIENTED_EDGE('',*,*,#1019,.F.);
#1308 = ORIENTED_EDGE('',*,*,#1009,.T.);
#1309 = ORIENTED_EDGE('',*,*,#1310,.F.);
#1310 = EDGE_CURVE('',#1260,#1012,#1311,.T.);
#1311 = LINE('',#1312,#1313);
#1312 = CARTESIAN_POINT('',(-0.725,-0.4,0.375));
#1313 = VECTOR('',#1314,1.);
#1314 = DIRECTION('',(0.,0.,1.));
#1315 = PLANE('',#1316);
#1316 = AXIS2_PLACEMENT_3D('',#1317,#1318,#1319);
#1317 = CARTESIAN_POINT('',(-0.8,-0.4,0.));
#1318 = DIRECTION('',(0.,1.,0.));
#1319 = DIRECTION('',(0.,-0.,1.));
#1320 = ADVANCED_FACE('',(#1321,#1410),#1436,.F.);
#1321 = FACE_BOUND('',#1322,.F.);
#1322 = EDGE_LOOP('',(#1323,#1331,#1332,#1340,#1348,#1356,#1364,#1372,
    #1380,#1388,#1396,#1404));
#1323 = ORIENTED_EDGE('',*,*,#1324,.F.);
#1324 = EDGE_CURVE('',#1012,#1325,#1327,.T.);
#1325 = VERTEX_POINT('',#1326);
#1326 = CARTESIAN_POINT('',(-0.725,-0.3,3.E-02));
#1327 = LINE('',#1328,#1329);
#1328 = CARTESIAN_POINT('',(-0.725,-0.35,3.E-02));
#1329 = VECTOR('',#1330,1.);
#1330 = DIRECTION('',(0.,1.,0.));
#1331 = ORIENTED_EDGE('',*,*,#1074,.T.);
#1332 = ORIENTED_EDGE('',*,*,#1333,.F.);
#1333 = EDGE_CURVE('',#1334,#1067,#1336,.T.);
#1334 = VERTEX_POINT('',#1335);
#1335 = CARTESIAN_POINT('',(0.725,-0.3,3.E-02));
#1336 = LINE('',#1337,#1338);
#1337 = CARTESIAN_POINT('',(0.725,-0.45,3.E-02));
#1338 = VECTOR('',#1339,1.);
#1339 = DIRECTION('',(0.,-1.,0.));
#1340 = ORIENTED_EDGE('',*,*,#1341,.F.);
#1341 = EDGE_CURVE('',#1342,#1334,#1344,.T.);
#1342 = VERTEX_POINT('',#1343);
#1343 = CARTESIAN_POINT('',(0.5,-0.3,3.E-02));
#1344 = LINE('',#1345,#1346);
#1345 = CARTESIAN_POINT('',(-2.25E-02,-0.3,3.E-02));
#1346 = VECTOR('',#1347,1.);
#1347 = DIRECTION('',(1.,0.,0.));
#1348 = ORIENTED_EDGE('',*,*,#1349,.T.);
#1349 = EDGE_CURVE('',#1342,#1350,#1352,.T.);
#1350 = VERTEX_POINT('',#1351);
#1351 = CARTESIAN_POINT('',(0.5,0.3,3.E-02));
#1352 = LINE('',#1353,#1354);
#1353 = CARTESIAN_POINT('',(0.5,-0.4,3.E-02));
#1354 = VECTOR('',#1355,1.);
#1355 = DIRECTION('',(0.,1.,0.));
#1356 = ORIENTED_EDGE('',*,*,#1357,.F.);
#1357 = EDGE_CURVE('',#1358,#1350,#1360,.T.);
#1358 = VERTEX_POINT('',#1359);
#1359 = CARTESIAN_POINT('',(0.725,0.3,3.E-02));
#1360 = LINE('',#1361,#1362);
#1361 = CARTESIAN_POINT('',(-0.7475,0.3,3.E-02));
#1362 = VECTOR('',#1363,1.);
#1363 = DIRECTION('',(-1.,0.,0.));
#1364 = ORIENTED_EDGE('',*,*,#1365,.F.);
#1365 = EDGE_CURVE('',#1366,#1358,#1368,.T.);
#1366 = VERTEX_POINT('',#1367);
#1367 = CARTESIAN_POINT('',(0.725,0.4,3.E-02));
#1368 = LINE('',#1369,#1370);
#1369 = CARTESIAN_POINT('',(0.725,-5.E-02,3.E-02));
#1370 = VECTOR('',#1371,1.);
#1371 = DIRECTION('',(0.,-1.,0.));
#1372 = ORIENTED_EDGE('',*,*,#1373,.F.);
#1373 = EDGE_CURVE('',#1374,#1366,#1376,.T.);
#1374 = VERTEX_POINT('',#1375);
#1375 = CARTESIAN_POINT('',(-0.725,0.4,3.E-02));
#1376 = LINE('',#1377,#1378);
#1377 = CARTESIAN_POINT('',(-0.77,0.4,3.E-02));
#1378 = VECTOR('',#1379,1.);
#1379 = DIRECTION('',(1.,0.,0.));
#1380 = ORIENTED_EDGE('',*,*,#1381,.F.);
#1381 = EDGE_CURVE('',#1382,#1374,#1384,.T.);
#1382 = VERTEX_POINT('',#1383);
#1383 = CARTESIAN_POINT('',(-0.725,0.3,3.E-02));
#1384 = LINE('',#1385,#1386);
#1385 = CARTESIAN_POINT('',(-0.725,5.E-02,3.E-02));
#1386 = VECTOR('',#1387,1.);
#1387 = DIRECTION('',(0.,1.,0.));
#1388 = ORIENTED_EDGE('',*,*,#1389,.F.);
#1389 = EDGE_CURVE('',#1390,#1382,#1392,.T.);
#1390 = VERTEX_POINT('',#1391);
#1391 = CARTESIAN_POINT('',(-0.5,0.3,3.E-02));
#1392 = LINE('',#1393,#1394);
#1393 = CARTESIAN_POINT('',(-0.7475,0.3,3.E-02));
#1394 = VECTOR('',#1395,1.);
#1395 = DIRECTION('',(-1.,0.,0.));
#1396 = ORIENTED_EDGE('',*,*,#1397,.F.);
#1397 = EDGE_CURVE('',#1398,#1390,#1400,.T.);
#1398 = VERTEX_POINT('',#1399);
#1399 = CARTESIAN_POINT('',(-0.5,-0.3,3.E-02));
#1400 = LINE('',#1401,#1402);
#1401 = CARTESIAN_POINT('',(-0.5,-0.4,3.E-02));
#1402 = VECTOR('',#1403,1.);
#1403 = DIRECTION('',(0.,1.,0.));
#1404 = ORIENTED_EDGE('',*,*,#1405,.F.);
#1405 = EDGE_CURVE('',#1325,#1398,#1406,.T.);
#1406 = LINE('',#1407,#1408);
#1407 = CARTESIAN_POINT('',(-2.25E-02,-0.3,3.E-02));
#1408 = VECTOR('',#1409,1.);
#1409 = DIRECTION('',(1.,0.,0.));
#1410 = FACE_BOUND('',#1411,.F.);
#1411 = EDGE_LOOP('',(#1412,#1422,#1430));
#1412 = ORIENTED_EDGE('',*,*,#1413,.T.);
#1413 = EDGE_CURVE('',#1414,#1416,#1418,.T.);
#1414 = VERTEX_POINT('',#1415);
#1415 = CARTESIAN_POINT('',(0.277128129211,0.32,3.E-02));
#1416 = VERTEX_POINT('',#1417);
#1417 = CARTESIAN_POINT('',(0.277128129211,-0.32,3.E-02));
#1418 = LINE('',#1419,#1420);
#1419 = CARTESIAN_POINT('',(0.277128129211,0.32,3.E-02));
#1420 = VECTOR('',#1421,1.);
#1421 = DIRECTION('',(0.,-1.,0.));
#1422 = ORIENTED_EDGE('',*,*,#1423,.T.);
#1423 = EDGE_CURVE('',#1416,#1424,#1426,.T.);
#1424 = VERTEX_POINT('',#1425);
#1425 = CARTESIAN_POINT('',(-0.277128129211,0.,3.E-02));
#1426 = LINE('',#1427,#1428);
#1427 = CARTESIAN_POINT('',(0.277128129211,-0.32,3.E-02));
#1428 = VECTOR('',#1429,1.);
#1429 = DIRECTION('',(-0.866025403784,0.5,0.));
#1430 = ORIENTED_EDGE('',*,*,#1431,.T.);
#1431 = EDGE_CURVE('',#1424,#1414,#1432,.T.);
#1432 = LINE('',#1433,#1434);
#1433 = CARTESIAN_POINT('',(-0.277128129211,0.,3.E-02));
#1434 = VECTOR('',#1435,1.);
#1435 = DIRECTION('',(0.866025403784,0.5,0.));
#1436 = PLANE('',#1437);
#1437 = AXIS2_PLACEMENT_3D('',#1438,#1439,#1440);
#1438 = CARTESIAN_POINT('',(-0.77,-0.4,3.E-02));
#1439 = DIRECTION('',(0.,0.,1.));
#1440 = DIRECTION('',(1.,0.,-0.));
#1441 = ADVANCED_FACE('',(#1442),#1503,.F.);
#1442 = FACE_BOUND('',#1443,.F.);
#1443 = EDGE_LOOP('',(#1444,#1454,#1460,#1461,#1462,#1463,#1471,#1479,
    #1488,#1496));
#1444 = ORIENTED_EDGE('',*,*,#1445,.F.);
#1445 = EDGE_CURVE('',#1446,#1448,#1450,.T.);
#1446 = VERTEX_POINT('',#1447);
#1447 = CARTESIAN_POINT('',(0.725,-0.4,0.));
#1448 = VERTEX_POINT('',#1449);
#1449 = CARTESIAN_POINT('',(0.77,-0.4,-3.469446951954E-18));
#1450 = LINE('',#1451,#1452);
#1451 = CARTESIAN_POINT('',(0.5,-0.4,0.));
#1452 = VECTOR('',#1453,1.);
#1453 = DIRECTION('',(1.,0.,0.));
#1454 = ORIENTED_EDGE('',*,*,#1455,.F.);
#1455 = EDGE_CURVE('',#1067,#1446,#1456,.T.);
#1456 = LINE('',#1457,#1458);
#1457 = CARTESIAN_POINT('',(0.725,-0.4,0.375));
#1458 = VECTOR('',#1459,1.);
#1459 = DIRECTION('',(0.,0.,-1.));
#1460 = ORIENTED_EDGE('',*,*,#1066,.T.);
#1461 = ORIENTED_EDGE('',*,*,#1058,.T.);
#1462 = ORIENTED_EDGE('',*,*,#1050,.F.);
#1463 = ORIENTED_EDGE('',*,*,#1464,.F.);
#1464 = EDGE_CURVE('',#1465,#1043,#1467,.T.);
#1465 = VERTEX_POINT('',#1466);
#1466 = CARTESIAN_POINT('',(0.725,-0.4,0.5));
#1467 = LINE('',#1468,#1469);
#1468 = CARTESIAN_POINT('',(0.725,-0.4,0.375));
#1469 = VECTOR('',#1470,1.);
#1470 = DIRECTION('',(0.,0.,-1.));
#1471 = ORIENTED_EDGE('',*,*,#1472,.T.);
#1472 = EDGE_CURVE('',#1465,#1473,#1475,.T.);
#1473 = VERTEX_POINT('',#1474);
#1474 = CARTESIAN_POINT('',(0.77,-0.4,0.5));
#1475 = LINE('',#1476,#1477);
#1476 = CARTESIAN_POINT('',(0.5,-0.4,0.5));
#1477 = VECTOR('',#1478,1.);
#1478 = DIRECTION('',(1.,0.,0.));
#1479 = ORIENTED_EDGE('',*,*,#1480,.F.);
#1480 = EDGE_CURVE('',#1481,#1473,#1483,.T.);
#1481 = VERTEX_POINT('',#1482);
#1482 = CARTESIAN_POINT('',(0.8,-0.4,0.47));
#1483 = CIRCLE('',#1484,3.E-02);
#1484 = AXIS2_PLACEMENT_3D('',#1485,#1486,#1487);
#1485 = CARTESIAN_POINT('',(0.77,-0.4,0.47));
#1486 = DIRECTION('',(0.,-1.,0.));
#1487 = DIRECTION('',(0.,0.,1.));
#1488 = ORIENTED_EDGE('',*,*,#1489,.F.);
#1489 = EDGE_CURVE('',#1490,#1481,#1492,.T.);
#1490 = VERTEX_POINT('',#1491);
#1491 = CARTESIAN_POINT('',(0.8,-0.4,3.E-02));
#1492 = LINE('',#1493,#1494);
#1493 = CARTESIAN_POINT('',(0.8,-0.4,0.));
#1494 = VECTOR('',#1495,1.);
#1495 = DIRECTION('',(0.,0.,1.));
#1496 = ORIENTED_EDGE('',*,*,#1497,.T.);
#1497 = EDGE_CURVE('',#1490,#1448,#1498,.T.);
#1498 = CIRCLE('',#1499,3.E-02);
#1499 = AXIS2_PLACEMENT_3D('',#1500,#1501,#1502);
#1500 = CARTESIAN_POINT('',(0.77,-0.4,3.E-02));
#1501 = DIRECTION('',(0.,1.,0.));
#1502 = DIRECTION('',(0.,-0.,1.));
#1503 = PLANE('',#1504);
#1504 = AXIS2_PLACEMENT_3D('',#1505,#1506,#1507);
#1505 = CARTESIAN_POINT('',(0.5,-0.4,0.));
#1506 = DIRECTION('',(0.,1.,0.));
#1507 = DIRECTION('',(0.,-0.,1.));
#1508 = ADVANCED_FACE('',(#1509),#1527,.T.);
#1509 = FACE_BOUND('',#1510,.T.);
#1510 = EDGE_LOOP('',(#1511,#1519,#1520,#1521));
#1511 = ORIENTED_EDGE('',*,*,#1512,.F.);
#1512 = EDGE_CURVE('',#1115,#1513,#1515,.T.);
#1513 = VERTEX_POINT('',#1514);
#1514 = CARTESIAN_POINT('',(0.725,-0.3,0.47));
#1515 = LINE('',#1516,#1517);
#1516 = CARTESIAN_POINT('',(-2.25E-02,-0.3,0.47));
#1517 = VECTOR('',#1518,1.);
#1518 = DIRECTION('',(1.,0.,0.));
#1519 = ORIENTED_EDGE('',*,*,#1114,.T.);
#1520 = ORIENTED_EDGE('',*,*,#1042,.T.);
#1521 = ORIENTED_EDGE('',*,*,#1522,.F.);
#1522 = EDGE_CURVE('',#1513,#1043,#1523,.T.);
#1523 = LINE('',#1524,#1525);
#1524 = CARTESIAN_POINT('',(0.725,-0.45,0.47));
#1525 = VECTOR('',#1526,1.);
#1526 = DIRECTION('',(0.,-1.,0.));
#1527 = PLANE('',#1528);
#1528 = AXIS2_PLACEMENT_3D('',#1529,#1530,#1531);
#1529 = CARTESIAN_POINT('',(-0.77,-0.4,0.47));
#1530 = DIRECTION('',(0.,0.,1.));
#1531 = DIRECTION('',(1.,0.,-0.));
#1532 = ADVANCED_FACE('',(#1533),#1558,.T.);
#1533 = FACE_BOUND('',#1534,.T.);
#1534 = EDGE_LOOP('',(#1535,#1543,#1544,#1552));
#1535 = ORIENTED_EDGE('',*,*,#1536,.F.);
#1536 = EDGE_CURVE('',#1131,#1537,#1539,.T.);
#1537 = VERTEX_POINT('',#1538);
#1538 = CARTESIAN_POINT('',(0.725,0.4,0.47));
#1539 = LINE('',#1540,#1541);
#1540 = CARTESIAN_POINT('',(-0.77,0.4,0.47));
#1541 = VECTOR('',#1542,1.);
#1542 = DIRECTION('',(1.,0.,0.));
#1543 = ORIENTED_EDGE('',*,*,#1130,.T.);
#1544 = ORIENTED_EDGE('',*,*,#1545,.F.);
#1545 = EDGE_CURVE('',#1546,#1123,#1548,.T.);
#1546 = VERTEX_POINT('',#1547);
#1547 = CARTESIAN_POINT('',(0.725,0.3,0.47));
#1548 = LINE('',#1549,#1550);
#1549 = CARTESIAN_POINT('',(-0.7475,0.3,0.47));
#1550 = VECTOR('',#1551,1.);
#1551 = DIRECTION('',(-1.,0.,0.));
#1552 = ORIENTED_EDGE('',*,*,#1553,.F.);
#1553 = EDGE_CURVE('',#1537,#1546,#1554,.T.);
#1554 = LINE('',#1555,#1556);
#1555 = CARTESIAN_POINT('',(0.725,-5.E-02,0.47));
#1556 = VECTOR('',#1557,1.);
#1557 = DIRECTION('',(0.,-1.,0.));
#1558 = PLANE('',#1559);
#1559 = AXIS2_PLACEMENT_3D('',#1560,#1561,#1562);
#1560 = CARTESIAN_POINT('',(-0.77,-0.4,0.47));
#1561 = DIRECTION('',(0.,0.,1.));
#1562 = DIRECTION('',(1.,0.,-0.));
#1563 = ADVANCED_FACE('',(#1564),#1591,.T.);
#1564 = FACE_BOUND('',#1565,.T.);
#1565 = EDGE_LOOP('',(#1566,#1567,#1576,#1584));
#1566 = ORIENTED_EDGE('',*,*,#1122,.F.);
#1567 = ORIENTED_EDGE('',*,*,#1568,.T.);
#1568 = EDGE_CURVE('',#1115,#1569,#1571,.T.);
#1569 = VERTEX_POINT('',#1570);
#1570 = CARTESIAN_POINT('',(0.53,-0.3,0.5));
#1571 = CIRCLE('',#1572,3.E-02);
#1572 = AXIS2_PLACEMENT_3D('',#1573,#1574,#1575);
#1573 = CARTESIAN_POINT('',(0.53,-0.3,0.47));
#1574 = DIRECTION('',(0.,1.,-0.));
#1575 = DIRECTION('',(-1.,0.,0.));
#1576 = ORIENTED_EDGE('',*,*,#1577,.T.);
#1577 = EDGE_CURVE('',#1569,#1578,#1580,.T.);
#1578 = VERTEX_POINT('',#1579);
#1579 = CARTESIAN_POINT('',(0.53,0.3,0.5));
#1580 = LINE('',#1581,#1582);
#1581 = CARTESIAN_POINT('',(0.53,-0.4,0.5));
#1582 = VECTOR('',#1583,1.);
#1583 = DIRECTION('',(0.,1.,0.));
#1584 = ORIENTED_EDGE('',*,*,#1585,.F.);
#1585 = EDGE_CURVE('',#1123,#1578,#1586,.T.);
#1586 = CIRCLE('',#1587,3.E-02);
#1587 = AXIS2_PLACEMENT_3D('',#1588,#1589,#1590);
#1588 = CARTESIAN_POINT('',(0.53,0.3,0.47));
#1589 = DIRECTION('',(0.,1.,-0.));
#1590 = DIRECTION('',(-1.,0.,0.));
#1591 = CYLINDRICAL_SURFACE('',#1592,3.E-02);
#1592 = AXIS2_PLACEMENT_3D('',#1593,#1594,#1595);
#1593 = CARTESIAN_POINT('',(0.53,-0.4,0.47));
#1594 = DIRECTION('',(0.,1.,0.));
#1595 = DIRECTION('',(-1.,0.,0.));
#1596 = ADVANCED_FACE('',(#1597),#1647,.T.);
#1597 = FACE_BOUND('',#1598,.T.);
#1598 = EDGE_LOOP('',(#1599,#1607,#1615,#1621,#1622,#1623,#1624,#1632,
    #1640,#1646));
#1599 = ORIENTED_EDGE('',*,*,#1600,.F.);
#1600 = EDGE_CURVE('',#1601,#1374,#1603,.T.);
#1601 = VERTEX_POINT('',#1602);
#1602 = CARTESIAN_POINT('',(-0.77,0.4,3.E-02));
#1603 = LINE('',#1604,#1605);
#1604 = CARTESIAN_POINT('',(-0.77,0.4,3.E-02));
#1605 = VECTOR('',#1606,1.);
#1606 = DIRECTION('',(1.,0.,0.));
#1607 = ORIENTED_EDGE('',*,*,#1608,.T.);
#1608 = EDGE_CURVE('',#1601,#1609,#1611,.T.);
#1609 = VERTEX_POINT('',#1610);
#1610 = CARTESIAN_POINT('',(-0.77,0.4,0.47));
#1611 = LINE('',#1612,#1613);
#1612 = CARTESIAN_POINT('',(-0.77,0.4,3.E-02));
#1613 = VECTOR('',#1614,1.);
#1614 = DIRECTION('',(0.,0.,1.));
#1615 = ORIENTED_EDGE('',*,*,#1616,.T.);
#1616 = EDGE_CURVE('',#1609,#1153,#1617,.T.);
#1617 = LINE('',#1618,#1619);
#1618 = CARTESIAN_POINT('',(-0.77,0.4,0.47));
#1619 = VECTOR('',#1620,1.);
#1620 = DIRECTION('',(1.,0.,0.));
#1621 = ORIENTED_EDGE('',*,*,#1152,.T.);
#1622 = ORIENTED_EDGE('',*,*,#1186,.F.);
#1623 = ORIENTED_EDGE('',*,*,#1536,.T.);
#1624 = ORIENTED_EDGE('',*,*,#1625,.T.);
#1625 = EDGE_CURVE('',#1537,#1626,#1628,.T.);
#1626 = VERTEX_POINT('',#1627);
#1627 = CARTESIAN_POINT('',(0.77,0.4,0.47));
#1628 = LINE('',#1629,#1630);
#1629 = CARTESIAN_POINT('',(-0.77,0.4,0.47));
#1630 = VECTOR('',#1631,1.);
#1631 = DIRECTION('',(1.,0.,0.));
#1632 = ORIENTED_EDGE('',*,*,#1633,.F.);
#1633 = EDGE_CURVE('',#1634,#1626,#1636,.T.);
#1634 = VERTEX_POINT('',#1635);
#1635 = CARTESIAN_POINT('',(0.77,0.4,3.E-02));
#1636 = LINE('',#1637,#1638);
#1637 = CARTESIAN_POINT('',(0.77,0.4,3.E-02));
#1638 = VECTOR('',#1639,1.);
#1639 = DIRECTION('',(0.,0.,1.));
#1640 = ORIENTED_EDGE('',*,*,#1641,.F.);
#1641 = EDGE_CURVE('',#1366,#1634,#1642,.T.);
#1642 = LINE('',#1643,#1644);
#1643 = CARTESIAN_POINT('',(-0.77,0.4,3.E-02));
#1644 = VECTOR('',#1645,1.);
#1645 = DIRECTION('',(1.,0.,0.));
#1646 = ORIENTED_EDGE('',*,*,#1373,.F.);
#1647 = PLANE('',#1648);
#1648 = AXIS2_PLACEMENT_3D('',#1649,#1650,#1651);
#1649 = CARTESIAN_POINT('',(-0.77,0.4,3.E-02));
#1650 = DIRECTION('',(0.,1.,0.));
#1651 = DIRECTION('',(0.,-0.,1.));
#1652 = ADVANCED_FACE('',(#1653),#1671,.F.);
#1653 = FACE_BOUND('',#1654,.F.);
#1654 = EDGE_LOOP('',(#1655,#1663,#1669,#1670));
#1655 = ORIENTED_EDGE('',*,*,#1656,.F.);
#1656 = EDGE_CURVE('',#1657,#1201,#1659,.T.);
#1657 = VERTEX_POINT('',#1658);
#1658 = CARTESIAN_POINT('',(-0.725,0.3,0.5));
#1659 = LINE('',#1660,#1661);
#1660 = CARTESIAN_POINT('',(-0.7625,0.3,0.5));
#1661 = VECTOR('',#1662,1.);
#1662 = DIRECTION('',(1.,0.,0.));
#1663 = ORIENTED_EDGE('',*,*,#1664,.T.);
#1664 = EDGE_CURVE('',#1657,#1161,#1665,.T.);
#1665 = LINE('',#1666,#1667);
#1666 = CARTESIAN_POINT('',(-0.725,0.3,0.75));
#1667 = VECTOR('',#1668,1.);
#1668 = DIRECTION('',(-0.,-0.,-1.));
#1669 = ORIENTED_EDGE('',*,*,#1168,.F.);
#1670 = ORIENTED_EDGE('',*,*,#1200,.F.);
#1671 = PLANE('',#1672);
#1672 = AXIS2_PLACEMENT_3D('',#1673,#1674,#1675);
#1673 = CARTESIAN_POINT('',(-0.725,0.3,0.75));
#1674 = DIRECTION('',(0.,-1.,0.));
#1675 = DIRECTION('',(1.,0.,0.));
#1676 = ADVANCED_FACE('',(#1677),#1695,.F.);
#1677 = FACE_BOUND('',#1678,.F.);
#1678 = EDGE_LOOP('',(#1679,#1680,#1688,#1694));
#1679 = ORIENTED_EDGE('',*,*,#1664,.F.);
#1680 = ORIENTED_EDGE('',*,*,#1681,.F.);
#1681 = EDGE_CURVE('',#1682,#1657,#1684,.T.);
#1682 = VERTEX_POINT('',#1683);
#1683 = CARTESIAN_POINT('',(-0.725,0.4,0.5));
#1684 = LINE('',#1685,#1686);
#1685 = CARTESIAN_POINT('',(-0.725,5.E-02,0.5));
#1686 = VECTOR('',#1687,1.);
#1687 = DIRECTION('',(0.,-1.,0.));
#1688 = ORIENTED_EDGE('',*,*,#1689,.F.);
#1689 = EDGE_CURVE('',#1153,#1682,#1690,.T.);
#1690 = LINE('',#1691,#1692);
#1691 = CARTESIAN_POINT('',(-0.725,0.4,0.375));
#1692 = VECTOR('',#1693,1.);
#1693 = DIRECTION('',(0.,0.,1.));
#1694 = ORIENTED_EDGE('',*,*,#1160,.F.);
#1695 = PLANE('',#1696);
#1696 = AXIS2_PLACEMENT_3D('',#1697,#1698,#1699);
#1697 = CARTESIAN_POINT('',(-0.725,0.5,0.75));
#1698 = DIRECTION('',(-1.,0.,0.));
#1699 = DIRECTION('',(0.,-1.,0.));
#1700 = ADVANCED_FACE('',(#1701),#1719,.F.);
#1701 = FACE_BOUND('',#1702,.F.);
#1702 = EDGE_LOOP('',(#1703,#1711,#1717,#1718));
#1703 = ORIENTED_EDGE('',*,*,#1704,.F.);
#1704 = EDGE_CURVE('',#1705,#1234,#1707,.T.);
#1705 = VERTEX_POINT('',#1706);
#1706 = CARTESIAN_POINT('',(-0.725,-0.3,0.5));
#1707 = LINE('',#1708,#1709);
#1708 = CARTESIAN_POINT('',(-0.725,-0.3,0.75));
#1709 = VECTOR('',#1710,1.);
#1710 = DIRECTION('',(-0.,-0.,-1.));
#1711 = ORIENTED_EDGE('',*,*,#1712,.F.);
#1712 = EDGE_CURVE('',#1210,#1705,#1713,.T.);
#1713 = LINE('',#1714,#1715);
#1714 = CARTESIAN_POINT('',(-3.75E-02,-0.3,0.5));
#1715 = VECTOR('',#1716,1.);
#1716 = DIRECTION('',(-1.,0.,0.));
#1717 = ORIENTED_EDGE('',*,*,#1217,.T.);
#1718 = ORIENTED_EDGE('',*,*,#1243,.F.);
#1719 = PLANE('',#1720);
#1720 = AXIS2_PLACEMENT_3D('',#1721,#1722,#1723);
#1721 = CARTESIAN_POINT('',(0.725,-0.3,0.75));
#1722 = DIRECTION('',(0.,1.,0.));
#1723 = DIRECTION('',(-1.,0.,0.));
#1724 = ADVANCED_FACE('',(#1725),#1752,.T.);
#1725 = FACE_BOUND('',#1726,.T.);
#1726 = EDGE_LOOP('',(#1727,#1735,#1741,#1742,#1748,#1749,#1750,#1751));
#1727 = ORIENTED_EDGE('',*,*,#1728,.F.);
#1728 = EDGE_CURVE('',#1729,#1682,#1731,.T.);
#1729 = VERTEX_POINT('',#1730);
#1730 = CARTESIAN_POINT('',(-0.77,0.4,0.5));
#1731 = LINE('',#1732,#1733);
#1732 = CARTESIAN_POINT('',(-0.8,0.4,0.5));
#1733 = VECTOR('',#1734,1.);
#1734 = DIRECTION('',(1.,0.,0.));
#1735 = ORIENTED_EDGE('',*,*,#1736,.F.);
#1736 = EDGE_CURVE('',#1285,#1729,#1737,.T.);
#1737 = LINE('',#1738,#1739);
#1738 = CARTESIAN_POINT('',(-0.77,-0.4,0.5));
#1739 = VECTOR('',#1740,1.);
#1740 = DIRECTION('',(0.,1.,0.));
#1741 = ORIENTED_EDGE('',*,*,#1293,.T.);
#1742 = ORIENTED_EDGE('',*,*,#1743,.F.);
#1743 = EDGE_CURVE('',#1705,#1294,#1744,.T.);
#1744 = LINE('',#1745,#1746);
#1745 = CARTESIAN_POINT('',(-0.725,-0.35,0.5));
#1746 = VECTOR('',#1747,1.);
#1747 = DIRECTION('',(0.,-1.,0.));
#1748 = ORIENTED_EDGE('',*,*,#1712,.F.);
#1749 = ORIENTED_EDGE('',*,*,#1209,.T.);
#1750 = ORIENTED_EDGE('',*,*,#1656,.F.);
#1751 = ORIENTED_EDGE('',*,*,#1681,.F.);
#1752 = PLANE('',#1753);
#1753 = AXIS2_PLACEMENT_3D('',#1754,#1755,#1756);
#1754 = CARTESIAN_POINT('',(-0.8,-0.4,0.5));
#1755 = DIRECTION('',(0.,0.,1.));
#1756 = DIRECTION('',(1.,0.,-0.));
#1757 = ADVANCED_FACE('',(#1758),#1764,.F.);
#1758 = FACE_BOUND('',#1759,.F.);
#1759 = EDGE_LOOP('',(#1760,#1761,#1762,#1763));
#1760 = ORIENTED_EDGE('',*,*,#1743,.F.);
#1761 = ORIENTED_EDGE('',*,*,#1704,.T.);
#1762 = ORIENTED_EDGE('',*,*,#1233,.F.);
#1763 = ORIENTED_EDGE('',*,*,#1301,.T.);
#1764 = PLANE('',#1765);
#1765 = AXIS2_PLACEMENT_3D('',#1766,#1767,#1768);
#1766 = CARTESIAN_POINT('',(-0.725,-0.3,0.75));
#1767 = DIRECTION('',(-1.,0.,0.));
#1768 = DIRECTION('',(0.,-1.,0.));
#1769 = ADVANCED_FACE('',(#1770),#1827,.F.);
#1770 = FACE_BOUND('',#1771,.F.);
#1771 = EDGE_LOOP('',(#1772,#1782,#1788,#1789,#1797,#1805,#1813,#1821));
#1772 = ORIENTED_EDGE('',*,*,#1773,.F.);
#1773 = EDGE_CURVE('',#1774,#1776,#1778,.T.);
#1774 = VERTEX_POINT('',#1775);
#1775 = CARTESIAN_POINT('',(-0.77,0.4,-3.469446951954E-18));
#1776 = VERTEX_POINT('',#1777);
#1777 = CARTESIAN_POINT('',(-0.725,0.4,0.));
#1778 = LINE('',#1779,#1780);
#1779 = CARTESIAN_POINT('',(-0.8,0.4,0.));
#1780 = VECTOR('',#1781,1.);
#1781 = DIRECTION('',(1.,0.,0.));
#1782 = ORIENTED_EDGE('',*,*,#1783,.F.);
#1783 = EDGE_CURVE('',#1258,#1774,#1784,.T.);
#1784 = LINE('',#1785,#1786);
#1785 = CARTESIAN_POINT('',(-0.77,-0.4,-3.469446951954E-18));
#1786 = VECTOR('',#1787,1.);
#1787 = DIRECTION('',(0.,1.,0.));
#1788 = ORIENTED_EDGE('',*,*,#1257,.T.);
#1789 = ORIENTED_EDGE('',*,*,#1790,.F.);
#1790 = EDGE_CURVE('',#1791,#1260,#1793,.T.);
#1791 = VERTEX_POINT('',#1792);
#1792 = CARTESIAN_POINT('',(-0.725,-0.3,0.));
#1793 = LINE('',#1794,#1795);
#1794 = CARTESIAN_POINT('',(-0.725,-0.35,0.));
#1795 = VECTOR('',#1796,1.);
#1796 = DIRECTION('',(0.,-1.,0.));
#1797 = ORIENTED_EDGE('',*,*,#1798,.F.);
#1798 = EDGE_CURVE('',#1799,#1791,#1801,.T.);
#1799 = VERTEX_POINT('',#1800);
#1800 = CARTESIAN_POINT('',(-0.53,-0.3,-3.469446951954E-18));
#1801 = LINE('',#1802,#1803);
#1802 = CARTESIAN_POINT('',(-3.75E-02,-0.3,0.));
#1803 = VECTOR('',#1804,1.);
#1804 = DIRECTION('',(-1.,0.,0.));
#1805 = ORIENTED_EDGE('',*,*,#1806,.T.);
#1806 = EDGE_CURVE('',#1799,#1807,#1809,.T.);
#1807 = VERTEX_POINT('',#1808);
#1808 = CARTESIAN_POINT('',(-0.53,0.3,-3.469446951954E-18));
#1809 = LINE('',#1810,#1811);
#1810 = CARTESIAN_POINT('',(-0.53,-0.4,-3.469446951954E-18));
#1811 = VECTOR('',#1812,1.);
#1812 = DIRECTION('',(0.,1.,0.));
#1813 = ORIENTED_EDGE('',*,*,#1814,.F.);
#1814 = EDGE_CURVE('',#1815,#1807,#1817,.T.);
#1815 = VERTEX_POINT('',#1816);
#1816 = CARTESIAN_POINT('',(-0.725,0.3,0.));
#1817 = LINE('',#1818,#1819);
#1818 = CARTESIAN_POINT('',(-0.7625,0.3,0.));
#1819 = VECTOR('',#1820,1.);
#1820 = DIRECTION('',(1.,0.,0.));
#1821 = ORIENTED_EDGE('',*,*,#1822,.F.);
#1822 = EDGE_CURVE('',#1776,#1815,#1823,.T.);
#1823 = LINE('',#1824,#1825);
#1824 = CARTESIAN_POINT('',(-0.725,5.E-02,0.));
#1825 = VECTOR('',#1826,1.);
#1826 = DIRECTION('',(0.,-1.,0.));
#1827 = PLANE('',#1828);
#1828 = AXIS2_PLACEMENT_3D('',#1829,#1830,#1831);
#1829 = CARTESIAN_POINT('',(-0.8,-0.4,0.));
#1830 = DIRECTION('',(0.,0.,1.));
#1831 = DIRECTION('',(1.,0.,-0.));
#1832 = ADVANCED_FACE('',(#1833),#1852,.T.);
#1833 = FACE_BOUND('',#1834,.T.);
#1834 = EDGE_LOOP('',(#1835,#1843,#1850,#1851));
#1835 = ORIENTED_EDGE('',*,*,#1836,.T.);
#1836 = EDGE_CURVE('',#1268,#1837,#1839,.T.);
#1837 = VERTEX_POINT('',#1838);
#1838 = CARTESIAN_POINT('',(-0.8,0.4,3.E-02));
#1839 = LINE('',#1840,#1841);
#1840 = CARTESIAN_POINT('',(-0.8,-0.4,3.E-02));
#1841 = VECTOR('',#1842,1.);
#1842 = DIRECTION('',(0.,1.,0.));
#1843 = ORIENTED_EDGE('',*,*,#1844,.T.);
#1844 = EDGE_CURVE('',#1837,#1774,#1845,.T.);
#1845 = CIRCLE('',#1846,3.E-02);
#1846 = AXIS2_PLACEMENT_3D('',#1847,#1848,#1849);
#1847 = CARTESIAN_POINT('',(-0.77,0.4,3.E-02));
#1848 = DIRECTION('',(0.,-1.,0.));
#1849 = DIRECTION('',(0.,0.,1.));
#1850 = ORIENTED_EDGE('',*,*,#1783,.F.);
#1851 = ORIENTED_EDGE('',*,*,#1267,.F.);
#1852 = CYLINDRICAL_SURFACE('',#1853,3.E-02);
#1853 = AXIS2_PLACEMENT_3D('',#1854,#1855,#1856);
#1854 = CARTESIAN_POINT('',(-0.77,-0.4,3.E-02));
#1855 = DIRECTION('',(0.,1.,0.));
#1856 = DIRECTION('',(-1.,0.,0.));
#1857 = ADVANCED_FACE('',(#1858),#1869,.F.);
#1858 = FACE_BOUND('',#1859,.F.);
#1859 = EDGE_LOOP('',(#1860,#1861,#1867,#1868));
#1860 = ORIENTED_EDGE('',*,*,#1324,.T.);
#1861 = ORIENTED_EDGE('',*,*,#1862,.T.);
#1862 = EDGE_CURVE('',#1325,#1791,#1863,.T.);
#1863 = LINE('',#1864,#1865);
#1864 = CARTESIAN_POINT('',(-0.725,-0.3,0.75));
#1865 = VECTOR('',#1866,1.);
#1866 = DIRECTION('',(-0.,-0.,-1.));
#1867 = ORIENTED_EDGE('',*,*,#1790,.T.);
#1868 = ORIENTED_EDGE('',*,*,#1310,.T.);
#1869 = PLANE('',#1870);
#1870 = AXIS2_PLACEMENT_3D('',#1871,#1872,#1873);
#1871 = CARTESIAN_POINT('',(-0.725,-0.3,0.75));
#1872 = DIRECTION('',(-1.,0.,0.));
#1873 = DIRECTION('',(0.,-1.,0.));
#1874 = ADVANCED_FACE('',(#1875),#1893,.F.);
#1875 = FACE_BOUND('',#1876,.F.);
#1876 = EDGE_LOOP('',(#1877,#1878,#1879,#1887));
#1877 = ORIENTED_EDGE('',*,*,#1276,.F.);
#1878 = ORIENTED_EDGE('',*,*,#1836,.T.);
#1879 = ORIENTED_EDGE('',*,*,#1880,.T.);
#1880 = EDGE_CURVE('',#1837,#1881,#1883,.T.);
#1881 = VERTEX_POINT('',#1882);
#1882 = CARTESIAN_POINT('',(-0.8,0.4,0.47));
#1883 = LINE('',#1884,#1885);
#1884 = CARTESIAN_POINT('',(-0.8,0.4,0.));
#1885 = VECTOR('',#1886,1.);
#1886 = DIRECTION('',(0.,0.,1.));
#1887 = ORIENTED_EDGE('',*,*,#1888,.F.);
#1888 = EDGE_CURVE('',#1277,#1881,#1889,.T.);
#1889 = LINE('',#1890,#1891);
#1890 = CARTESIAN_POINT('',(-0.8,-0.4,0.47));
#1891 = VECTOR('',#1892,1.);
#1892 = DIRECTION('',(0.,1.,0.));
#1893 = PLANE('',#1894);
#1894 = AXIS2_PLACEMENT_3D('',#1895,#1896,#1897);
#1895 = CARTESIAN_POINT('',(-0.8,-0.4,0.));
#1896 = DIRECTION('',(1.,0.,0.));
#1897 = DIRECTION('',(0.,0.,1.));
#1898 = ADVANCED_FACE('',(#1899),#1911,.T.);
#1899 = FACE_BOUND('',#1900,.T.);
#1900 = EDGE_LOOP('',(#1901,#1902,#1903,#1910));
#1901 = ORIENTED_EDGE('',*,*,#1284,.T.);
#1902 = ORIENTED_EDGE('',*,*,#1736,.T.);
#1903 = ORIENTED_EDGE('',*,*,#1904,.F.);
#1904 = EDGE_CURVE('',#1881,#1729,#1905,.T.);
#1905 = CIRCLE('',#1906,3.E-02);
#1906 = AXIS2_PLACEMENT_3D('',#1907,#1908,#1909);
#1907 = CARTESIAN_POINT('',(-0.77,0.4,0.47));
#1908 = DIRECTION('',(0.,1.,0.));
#1909 = DIRECTION('',(0.,-0.,1.));
#1910 = ORIENTED_EDGE('',*,*,#1888,.F.);
#1911 = CYLINDRICAL_SURFACE('',#1912,3.E-02);
#1912 = AXIS2_PLACEMENT_3D('',#1913,#1914,#1915);
#1913 = CARTESIAN_POINT('',(-0.77,-0.4,0.47));
#1914 = DIRECTION('',(0.,1.,0.));
#1915 = DIRECTION('',(-1.,0.,0.));
#1916 = ADVANCED_FACE('',(#1917),#1929,.F.);
#1917 = FACE_BOUND('',#1918,.F.);
#1918 = EDGE_LOOP('',(#1919,#1920,#1921,#1928));
#1919 = ORIENTED_EDGE('',*,*,#1862,.F.);
#1920 = ORIENTED_EDGE('',*,*,#1405,.T.);
#1921 = ORIENTED_EDGE('',*,*,#1922,.T.);
#1922 = EDGE_CURVE('',#1398,#1799,#1923,.T.);
#1923 = CIRCLE('',#1924,3.E-02);
#1924 = AXIS2_PLACEMENT_3D('',#1925,#1926,#1927);
#1925 = CARTESIAN_POINT('',(-0.53,-0.3,3.E-02));
#1926 = DIRECTION('',(-0.,1.,0.));
#1927 = DIRECTION('',(1.,0.,0.));
#1928 = ORIENTED_EDGE('',*,*,#1798,.T.);
#1929 = PLANE('',#1930);
#1930 = AXIS2_PLACEMENT_3D('',#1931,#1932,#1933);
#1931 = CARTESIAN_POINT('',(0.725,-0.3,0.75));
#1932 = DIRECTION('',(0.,1.,0.));
#1933 = DIRECTION('',(-1.,0.,0.));
#1934 = ADVANCED_FACE('',(#1935),#1947,.T.);
#1935 = FACE_BOUND('',#1936,.T.);
#1936 = EDGE_LOOP('',(#1937,#1938,#1939,#1940));
#1937 = ORIENTED_EDGE('',*,*,#1397,.F.);
#1938 = ORIENTED_EDGE('',*,*,#1922,.T.);
#1939 = ORIENTED_EDGE('',*,*,#1806,.T.);
#1940 = ORIENTED_EDGE('',*,*,#1941,.F.);
#1941 = EDGE_CURVE('',#1390,#1807,#1942,.T.);
#1942 = CIRCLE('',#1943,3.E-02);
#1943 = AXIS2_PLACEMENT_3D('',#1944,#1945,#1946);
#1944 = CARTESIAN_POINT('',(-0.53,0.3,3.E-02));
#1945 = DIRECTION('',(-0.,1.,0.));
#1946 = DIRECTION('',(1.,0.,0.));
#1947 = CYLINDRICAL_SURFACE('',#1948,3.E-02);
#1948 = AXIS2_PLACEMENT_3D('',#1949,#1950,#1951);
#1949 = CARTESIAN_POINT('',(-0.53,-0.4,3.E-02));
#1950 = DIRECTION('',(0.,1.,0.));
#1951 = DIRECTION('',(1.,0.,0.));
#1952 = ADVANCED_FACE('',(#1953),#1964,.F.);
#1953 = FACE_BOUND('',#1954,.F.);
#1954 = EDGE_LOOP('',(#1955,#1956,#1962,#1963));
#1955 = ORIENTED_EDGE('',*,*,#1389,.T.);
#1956 = ORIENTED_EDGE('',*,*,#1957,.T.);
#1957 = EDGE_CURVE('',#1382,#1815,#1958,.T.);
#1958 = LINE('',#1959,#1960);
#1959 = CARTESIAN_POINT('',(-0.725,0.3,0.75));
#1960 = VECTOR('',#1961,1.);
#1961 = DIRECTION('',(-0.,-0.,-1.));
#1962 = ORIENTED_EDGE('',*,*,#1814,.T.);
#1963 = ORIENTED_EDGE('',*,*,#1941,.F.);
#1964 = PLANE('',#1965);
#1965 = AXIS2_PLACEMENT_3D('',#1966,#1967,#1968);
#1966 = CARTESIAN_POINT('',(-0.725,0.3,0.75));
#1967 = DIRECTION('',(0.,-1.,0.));
#1968 = DIRECTION('',(1.,0.,0.));
#1969 = ADVANCED_FACE('',(#1970),#1981,.F.);
#1970 = FACE_BOUND('',#1971,.F.);
#1971 = EDGE_LOOP('',(#1972,#1973,#1974,#1980));
#1972 = ORIENTED_EDGE('',*,*,#1957,.F.);
#1973 = ORIENTED_EDGE('',*,*,#1381,.T.);
#1974 = ORIENTED_EDGE('',*,*,#1975,.F.);
#1975 = EDGE_CURVE('',#1776,#1374,#1976,.T.);
#1976 = LINE('',#1977,#1978);
#1977 = CARTESIAN_POINT('',(-0.725,0.4,0.375));
#1978 = VECTOR('',#1979,1.);
#1979 = DIRECTION('',(0.,0.,1.));
#1980 = ORIENTED_EDGE('',*,*,#1822,.T.);
#1981 = PLANE('',#1982);
#1982 = AXIS2_PLACEMENT_3D('',#1983,#1984,#1985);
#1983 = CARTESIAN_POINT('',(-0.725,0.5,0.75));
#1984 = DIRECTION('',(-1.,0.,0.));
#1985 = DIRECTION('',(0.,-1.,0.));
#1986 = ADVANCED_FACE('',(#1987),#2012,.F.);
#1987 = FACE_BOUND('',#1988,.F.);
#1988 = EDGE_LOOP('',(#1989,#1990,#1998,#2006));
#1989 = ORIENTED_EDGE('',*,*,#1365,.T.);
#1990 = ORIENTED_EDGE('',*,*,#1991,.T.);
#1991 = EDGE_CURVE('',#1358,#1992,#1994,.T.);
#1992 = VERTEX_POINT('',#1993);
#1993 = CARTESIAN_POINT('',(0.725,0.3,0.));
#1994 = LINE('',#1995,#1996);
#1995 = CARTESIAN_POINT('',(0.725,0.3,0.75));
#1996 = VECTOR('',#1997,1.);
#1997 = DIRECTION('',(-0.,-0.,-1.));
#1998 = ORIENTED_EDGE('',*,*,#1999,.T.);
#1999 = EDGE_CURVE('',#1992,#2000,#2002,.T.);
#2000 = VERTEX_POINT('',#2001);
#2001 = CARTESIAN_POINT('',(0.725,0.4,0.));
#2002 = LINE('',#2003,#2004);
#2003 = CARTESIAN_POINT('',(0.725,-5.E-02,0.));
#2004 = VECTOR('',#2005,1.);
#2005 = DIRECTION('',(0.,1.,0.));
#2006 = ORIENTED_EDGE('',*,*,#2007,.F.);
#2007 = EDGE_CURVE('',#1366,#2000,#2008,.T.);
#2008 = LINE('',#2009,#2010);
#2009 = CARTESIAN_POINT('',(0.725,0.4,0.375));
#2010 = VECTOR('',#2011,1.);
#2011 = DIRECTION('',(0.,0.,-1.));
#2012 = PLANE('',#2013);
#2013 = AXIS2_PLACEMENT_3D('',#2014,#2015,#2016);
#2014 = CARTESIAN_POINT('',(0.725,0.3,0.75));
#2015 = DIRECTION('',(1.,0.,0.));
#2016 = DIRECTION('',(-0.,1.,0.));
#2017 = ADVANCED_FACE('',(#2018),#2037,.F.);
#2018 = FACE_BOUND('',#2019,.F.);
#2019 = EDGE_LOOP('',(#2020,#2021,#2022,#2031));
#2020 = ORIENTED_EDGE('',*,*,#1991,.F.);
#2021 = ORIENTED_EDGE('',*,*,#1357,.T.);
#2022 = ORIENTED_EDGE('',*,*,#2023,.F.);
#2023 = EDGE_CURVE('',#2024,#1350,#2026,.T.);
#2024 = VERTEX_POINT('',#2025);
#2025 = CARTESIAN_POINT('',(0.53,0.3,-3.469446951954E-18));
#2026 = CIRCLE('',#2027,3.E-02);
#2027 = AXIS2_PLACEMENT_3D('',#2028,#2029,#2030);
#2028 = CARTESIAN_POINT('',(0.53,0.3,3.E-02));
#2029 = DIRECTION('',(0.,1.,-0.));
#2030 = DIRECTION('',(-1.,0.,0.));
#2031 = ORIENTED_EDGE('',*,*,#2032,.T.);
#2032 = EDGE_CURVE('',#2024,#1992,#2033,.T.);
#2033 = LINE('',#2034,#2035);
#2034 = CARTESIAN_POINT('',(-0.1125,0.3,0.));
#2035 = VECTOR('',#2036,1.);
#2036 = DIRECTION('',(1.,0.,0.));
#2037 = PLANE('',#2038);
#2038 = AXIS2_PLACEMENT_3D('',#2039,#2040,#2041);
#2039 = CARTESIAN_POINT('',(-0.725,0.3,0.75));
#2040 = DIRECTION('',(0.,-1.,0.));
#2041 = DIRECTION('',(1.,0.,0.));
#2042 = ADVANCED_FACE('',(#2043),#2062,.T.);
#2043 = FACE_BOUND('',#2044,.T.);
#2044 = EDGE_LOOP('',(#2045,#2046,#2054,#2061));
#2045 = ORIENTED_EDGE('',*,*,#2023,.F.);
#2046 = ORIENTED_EDGE('',*,*,#2047,.F.);
#2047 = EDGE_CURVE('',#2048,#2024,#2050,.T.);
#2048 = VERTEX_POINT('',#2049);
#2049 = CARTESIAN_POINT('',(0.53,-0.3,-3.469446951954E-18));
#2050 = LINE('',#2051,#2052);
#2051 = CARTESIAN_POINT('',(0.53,-0.4,-3.469446951954E-18));
#2052 = VECTOR('',#2053,1.);
#2053 = DIRECTION('',(0.,1.,0.));
#2054 = ORIENTED_EDGE('',*,*,#2055,.T.);
#2055 = EDGE_CURVE('',#2048,#1342,#2056,.T.);
#2056 = CIRCLE('',#2057,3.E-02);
#2057 = AXIS2_PLACEMENT_3D('',#2058,#2059,#2060);
#2058 = CARTESIAN_POINT('',(0.53,-0.3,3.E-02));
#2059 = DIRECTION('',(0.,1.,-0.));
#2060 = DIRECTION('',(-1.,0.,0.));
#2061 = ORIENTED_EDGE('',*,*,#1349,.T.);
#2062 = CYLINDRICAL_SURFACE('',#2063,3.E-02);
#2063 = AXIS2_PLACEMENT_3D('',#2064,#2065,#2066);
#2064 = CARTESIAN_POINT('',(0.53,-0.4,3.E-02));
#2065 = DIRECTION('',(0.,1.,0.));
#2066 = DIRECTION('',(-1.,0.,0.));
#2067 = ADVANCED_FACE('',(#2068),#2086,.F.);
#2068 = FACE_BOUND('',#2069,.F.);
#2069 = EDGE_LOOP('',(#2070,#2071,#2079,#2085));
#2070 = ORIENTED_EDGE('',*,*,#1341,.T.);
#2071 = ORIENTED_EDGE('',*,*,#2072,.T.);
#2072 = EDGE_CURVE('',#1334,#2073,#2075,.T.);
#2073 = VERTEX_POINT('',#2074);
#2074 = CARTESIAN_POINT('',(0.725,-0.3,0.));
#2075 = LINE('',#2076,#2077);
#2076 = CARTESIAN_POINT('',(0.725,-0.3,0.75));
#2077 = VECTOR('',#2078,1.);
#2078 = DIRECTION('',(-0.,-0.,-1.));
#2079 = ORIENTED_EDGE('',*,*,#2080,.T.);
#2080 = EDGE_CURVE('',#2073,#2048,#2081,.T.);
#2081 = LINE('',#2082,#2083);
#2082 = CARTESIAN_POINT('',(0.6125,-0.3,0.));
#2083 = VECTOR('',#2084,1.);
#2084 = DIRECTION('',(-1.,0.,0.));
#2085 = ORIENTED_EDGE('',*,*,#2055,.T.);
#2086 = PLANE('',#2087);
#2087 = AXIS2_PLACEMENT_3D('',#2088,#2089,#2090);
#2088 = CARTESIAN_POINT('',(0.725,-0.3,0.75));
#2089 = DIRECTION('',(0.,1.,0.));
#2090 = DIRECTION('',(-1.,0.,0.));
#2091 = ADVANCED_FACE('',(#2092),#2103,.F.);
#2092 = FACE_BOUND('',#2093,.F.);
#2093 = EDGE_LOOP('',(#2094,#2095,#2096,#2097));
#2094 = ORIENTED_EDGE('',*,*,#2072,.F.);
#2095 = ORIENTED_EDGE('',*,*,#1333,.T.);
#2096 = ORIENTED_EDGE('',*,*,#1455,.T.);
#2097 = ORIENTED_EDGE('',*,*,#2098,.T.);
#2098 = EDGE_CURVE('',#1446,#2073,#2099,.T.);
#2099 = LINE('',#2100,#2101);
#2100 = CARTESIAN_POINT('',(0.725,-0.45,0.));
#2101 = VECTOR('',#2102,1.);
#2102 = DIRECTION('',(0.,1.,0.));
#2103 = PLANE('',#2104);
#2104 = AXIS2_PLACEMENT_3D('',#2105,#2106,#2107);
#2105 = CARTESIAN_POINT('',(0.725,-0.5,0.75));
#2106 = DIRECTION('',(1.,0.,0.));
#2107 = DIRECTION('',(-0.,1.,0.));
#2108 = ADVANCED_FACE('',(#2109),#2134,.T.);
#2109 = FACE_BOUND('',#2110,.T.);
#2110 = EDGE_LOOP('',(#2111,#2119,#2120,#2128));
#2111 = ORIENTED_EDGE('',*,*,#2112,.T.);
#2112 = EDGE_CURVE('',#2113,#1414,#2115,.T.);
#2113 = VERTEX_POINT('',#2114);
#2114 = CARTESIAN_POINT('',(0.277128129211,0.32,1.5E-02));
#2115 = LINE('',#2116,#2117);
#2116 = CARTESIAN_POINT('',(0.277128129211,0.32,1.5E-02));
#2117 = VECTOR('',#2118,1.);
#2118 = DIRECTION('',(0.,0.,1.));
#2119 = ORIENTED_EDGE('',*,*,#1413,.T.);
#2120 = ORIENTED_EDGE('',*,*,#2121,.F.);
#2121 = EDGE_CURVE('',#2122,#1416,#2124,.T.);
#2122 = VERTEX_POINT('',#2123);
#2123 = CARTESIAN_POINT('',(0.277128129211,-0.32,1.5E-02));
#2124 = LINE('',#2125,#2126);
#2125 = CARTESIAN_POINT('',(0.277128129211,-0.32,1.5E-02));
#2126 = VECTOR('',#2127,1.);
#2127 = DIRECTION('',(0.,0.,1.));
#2128 = ORIENTED_EDGE('',*,*,#2129,.F.);
#2129 = EDGE_CURVE('',#2113,#2122,#2130,.T.);
#2130 = LINE('',#2131,#2132);
#2131 = CARTESIAN_POINT('',(0.277128129211,0.32,1.5E-02));
#2132 = VECTOR('',#2133,1.);
#2133 = DIRECTION('',(0.,-1.,0.));
#2134 = PLANE('',#2135);
#2135 = AXIS2_PLACEMENT_3D('',#2136,#2137,#2138);
#2136 = CARTESIAN_POINT('',(0.277128129211,0.32,1.5E-02));
#2137 = DIRECTION('',(1.,0.,0.));
#2138 = DIRECTION('',(0.,-1.,0.));
#2139 = ADVANCED_FACE('',(#2140),#2158,.T.);
#2140 = FACE_BOUND('',#2141,.T.);
#2141 = EDGE_LOOP('',(#2142,#2150,#2151,#2152));
#2142 = ORIENTED_EDGE('',*,*,#2143,.T.);
#2143 = EDGE_CURVE('',#2144,#1424,#2146,.T.);
#2144 = VERTEX_POINT('',#2145);
#2145 = CARTESIAN_POINT('',(-0.277128129211,0.,1.5E-02));
#2146 = LINE('',#2147,#2148);
#2147 = CARTESIAN_POINT('',(-0.277128129211,0.,1.5E-02));
#2148 = VECTOR('',#2149,1.);
#2149 = DIRECTION('',(0.,0.,1.));
#2150 = ORIENTED_EDGE('',*,*,#1431,.T.);
#2151 = ORIENTED_EDGE('',*,*,#2112,.F.);
#2152 = ORIENTED_EDGE('',*,*,#2153,.F.);
#2153 = EDGE_CURVE('',#2144,#2113,#2154,.T.);
#2154 = LINE('',#2155,#2156);
#2155 = CARTESIAN_POINT('',(-0.277128129211,0.,1.5E-02));
#2156 = VECTOR('',#2157,1.);
#2157 = DIRECTION('',(0.866025403784,0.5,0.));
#2158 = PLANE('',#2159);
#2159 = AXIS2_PLACEMENT_3D('',#2160,#2161,#2162);
#2160 = CARTESIAN_POINT('',(-0.277128129211,0.,1.5E-02));
#2161 = DIRECTION('',(-0.5,0.866025403784,0.));
#2162 = DIRECTION('',(0.866025403784,0.5,0.));
#2163 = ADVANCED_FACE('',(#2164),#2175,.T.);
#2164 = FACE_BOUND('',#2165,.T.);
#2165 = EDGE_LOOP('',(#2166,#2167,#2168,#2169));
#2166 = ORIENTED_EDGE('',*,*,#2121,.T.);
#2167 = ORIENTED_EDGE('',*,*,#1423,.T.);
#2168 = ORIENTED_EDGE('',*,*,#2143,.F.);
#2169 = ORIENTED_EDGE('',*,*,#2170,.F.);
#2170 = EDGE_CURVE('',#2122,#2144,#2171,.T.);
#2171 = LINE('',#2172,#2173);
#2172 = CARTESIAN_POINT('',(0.277128129211,-0.32,1.5E-02));
#2173 = VECTOR('',#2174,1.);
#2174 = DIRECTION('',(-0.866025403784,0.5,0.));
#2175 = PLANE('',#2176);
#2176 = AXIS2_PLACEMENT_3D('',#2177,#2178,#2179);
#2177 = CARTESIAN_POINT('',(0.277128129211,-0.32,1.5E-02));
#2178 = DIRECTION('',(-0.5,-0.866025403784,0.));
#2179 = DIRECTION('',(-0.866025403784,0.5,0.));
#2180 = ADVANCED_FACE('',(#2181),#2203,.F.);
#2181 = FACE_BOUND('',#2182,.F.);
#2182 = EDGE_LOOP('',(#2183,#2191,#2192,#2193,#2194,#2195,#2196,#2197));
#2183 = ORIENTED_EDGE('',*,*,#2184,.F.);
#2184 = EDGE_CURVE('',#2000,#2185,#2187,.T.);
#2185 = VERTEX_POINT('',#2186);
#2186 = CARTESIAN_POINT('',(0.77,0.4,-3.469446951954E-18));
#2187 = LINE('',#2188,#2189);
#2188 = CARTESIAN_POINT('',(0.5,0.4,0.));
#2189 = VECTOR('',#2190,1.);
#2190 = DIRECTION('',(1.,0.,0.));
#2191 = ORIENTED_EDGE('',*,*,#1999,.F.);
#2192 = ORIENTED_EDGE('',*,*,#2032,.F.);
#2193 = ORIENTED_EDGE('',*,*,#2047,.F.);
#2194 = ORIENTED_EDGE('',*,*,#2080,.F.);
#2195 = ORIENTED_EDGE('',*,*,#2098,.F.);
#2196 = ORIENTED_EDGE('',*,*,#1445,.T.);
#2197 = ORIENTED_EDGE('',*,*,#2198,.T.);
#2198 = EDGE_CURVE('',#1448,#2185,#2199,.T.);
#2199 = LINE('',#2200,#2201);
#2200 = CARTESIAN_POINT('',(0.77,-0.4,-3.469446951954E-18));
#2201 = VECTOR('',#2202,1.);
#2202 = DIRECTION('',(0.,1.,0.));
#2203 = PLANE('',#2204);
#2204 = AXIS2_PLACEMENT_3D('',#2205,#2206,#2207);
#2205 = CARTESIAN_POINT('',(0.5,-0.4,0.));
#2206 = DIRECTION('',(0.,0.,1.));
#2207 = DIRECTION('',(1.,0.,-0.));
#2208 = ADVANCED_FACE('',(#2209),#2228,.T.);
#2209 = FACE_BOUND('',#2210,.T.);
#2210 = EDGE_LOOP('',(#2211,#2212,#2213,#2222));
#2211 = ORIENTED_EDGE('',*,*,#1497,.T.);
#2212 = ORIENTED_EDGE('',*,*,#2198,.T.);
#2213 = ORIENTED_EDGE('',*,*,#2214,.F.);
#2214 = EDGE_CURVE('',#2215,#2185,#2217,.T.);
#2215 = VERTEX_POINT('',#2216);
#2216 = CARTESIAN_POINT('',(0.8,0.4,3.E-02));
#2217 = CIRCLE('',#2218,3.E-02);
#2218 = AXIS2_PLACEMENT_3D('',#2219,#2220,#2221);
#2219 = CARTESIAN_POINT('',(0.77,0.4,3.E-02));
#2220 = DIRECTION('',(0.,1.,0.));
#2221 = DIRECTION('',(0.,-0.,1.));
#2222 = ORIENTED_EDGE('',*,*,#2223,.F.);
#2223 = EDGE_CURVE('',#1490,#2215,#2224,.T.);
#2224 = LINE('',#2225,#2226);
#2225 = CARTESIAN_POINT('',(0.8,-0.4,3.E-02));
#2226 = VECTOR('',#2227,1.);
#2227 = DIRECTION('',(0.,1.,0.));
#2228 = CYLINDRICAL_SURFACE('',#2229,3.E-02);
#2229 = AXIS2_PLACEMENT_3D('',#2230,#2231,#2232);
#2230 = CARTESIAN_POINT('',(0.77,-0.4,3.E-02));
#2231 = DIRECTION('',(0.,1.,0.));
#2232 = DIRECTION('',(1.,0.,0.));
#2233 = ADVANCED_FACE('',(#2234),#2252,.T.);
#2234 = FACE_BOUND('',#2235,.T.);
#2235 = EDGE_LOOP('',(#2236,#2237,#2238,#2246));
#2236 = ORIENTED_EDGE('',*,*,#1489,.F.);
#2237 = ORIENTED_EDGE('',*,*,#2223,.T.);
#2238 = ORIENTED_EDGE('',*,*,#2239,.T.);
#2239 = EDGE_CURVE('',#2215,#2240,#2242,.T.);
#2240 = VERTEX_POINT('',#2241);
#2241 = CARTESIAN_POINT('',(0.8,0.4,0.47));
#2242 = LINE('',#2243,#2244);
#2243 = CARTESIAN_POINT('',(0.8,0.4,0.));
#2244 = VECTOR('',#2245,1.);
#2245 = DIRECTION('',(0.,0.,1.));
#2246 = ORIENTED_EDGE('',*,*,#2247,.F.);
#2247 = EDGE_CURVE('',#1481,#2240,#2248,.T.);
#2248 = LINE('',#2249,#2250);
#2249 = CARTESIAN_POINT('',(0.8,-0.4,0.47));
#2250 = VECTOR('',#2251,1.);
#2251 = DIRECTION('',(0.,1.,0.));
#2252 = PLANE('',#2253);
#2253 = AXIS2_PLACEMENT_3D('',#2254,#2255,#2256);
#2254 = CARTESIAN_POINT('',(0.8,-0.4,0.));
#2255 = DIRECTION('',(1.,0.,0.));
#2256 = DIRECTION('',(0.,0.,1.));
#2257 = ADVANCED_FACE('',(#2258),#2277,.T.);
#2258 = FACE_BOUND('',#2259,.T.);
#2259 = EDGE_LOOP('',(#2260,#2261,#2270,#2276));
#2260 = ORIENTED_EDGE('',*,*,#2247,.T.);
#2261 = ORIENTED_EDGE('',*,*,#2262,.T.);
#2262 = EDGE_CURVE('',#2240,#2263,#2265,.T.);
#2263 = VERTEX_POINT('',#2264);
#2264 = CARTESIAN_POINT('',(0.77,0.4,0.5));
#2265 = CIRCLE('',#2266,3.E-02);
#2266 = AXIS2_PLACEMENT_3D('',#2267,#2268,#2269);
#2267 = CARTESIAN_POINT('',(0.77,0.4,0.47));
#2268 = DIRECTION('',(0.,-1.,0.));
#2269 = DIRECTION('',(0.,0.,1.));
#2270 = ORIENTED_EDGE('',*,*,#2271,.F.);
#2271 = EDGE_CURVE('',#1473,#2263,#2272,.T.);
#2272 = LINE('',#2273,#2274);
#2273 = CARTESIAN_POINT('',(0.77,-0.4,0.5));
#2274 = VECTOR('',#2275,1.);
#2275 = DIRECTION('',(0.,1.,0.));
#2276 = ORIENTED_EDGE('',*,*,#1480,.F.);
#2277 = CYLINDRICAL_SURFACE('',#2278,3.E-02);
#2278 = AXIS2_PLACEMENT_3D('',#2279,#2280,#2281);
#2279 = CARTESIAN_POINT('',(0.77,-0.4,0.47));
#2280 = DIRECTION('',(0.,1.,0.));
#2281 = DIRECTION('',(1.,0.,0.));
#2282 = ADVANCED_FACE('',(#2283),#2324,.T.);
#2283 = FACE_BOUND('',#2284,.T.);
#2284 = EDGE_LOOP('',(#2285,#2293,#2301,#2307,#2308,#2316,#2322,#2323));
#2285 = ORIENTED_EDGE('',*,*,#2286,.F.);
#2286 = EDGE_CURVE('',#2287,#2263,#2289,.T.);
#2287 = VERTEX_POINT('',#2288);
#2288 = CARTESIAN_POINT('',(0.725,0.4,0.5));
#2289 = LINE('',#2290,#2291);
#2290 = CARTESIAN_POINT('',(0.5,0.4,0.5));
#2291 = VECTOR('',#2292,1.);
#2292 = DIRECTION('',(1.,0.,0.));
#2293 = ORIENTED_EDGE('',*,*,#2294,.F.);
#2294 = EDGE_CURVE('',#2295,#2287,#2297,.T.);
#2295 = VERTEX_POINT('',#2296);
#2296 = CARTESIAN_POINT('',(0.725,0.3,0.5));
#2297 = LINE('',#2298,#2299);
#2298 = CARTESIAN_POINT('',(0.725,-5.E-02,0.5));
#2299 = VECTOR('',#2300,1.);
#2300 = DIRECTION('',(0.,1.,0.));
#2301 = ORIENTED_EDGE('',*,*,#2302,.F.);
#2302 = EDGE_CURVE('',#1578,#2295,#2303,.T.);
#2303 = LINE('',#2304,#2305);
#2304 = CARTESIAN_POINT('',(-0.1125,0.3,0.5));
#2305 = VECTOR('',#2306,1.);
#2306 = DIRECTION('',(1.,0.,0.));
#2307 = ORIENTED_EDGE('',*,*,#1577,.F.);
#2308 = ORIENTED_EDGE('',*,*,#2309,.F.);
#2309 = EDGE_CURVE('',#2310,#1569,#2312,.T.);
#2310 = VERTEX_POINT('',#2311);
#2311 = CARTESIAN_POINT('',(0.725,-0.3,0.5));
#2312 = LINE('',#2313,#2314);
#2313 = CARTESIAN_POINT('',(0.6125,-0.3,0.5));
#2314 = VECTOR('',#2315,1.);
#2315 = DIRECTION('',(-1.,0.,0.));
#2316 = ORIENTED_EDGE('',*,*,#2317,.F.);
#2317 = EDGE_CURVE('',#1465,#2310,#2318,.T.);
#2318 = LINE('',#2319,#2320);
#2319 = CARTESIAN_POINT('',(0.725,-0.45,0.5));
#2320 = VECTOR('',#2321,1.);
#2321 = DIRECTION('',(0.,1.,0.));
#2322 = ORIENTED_EDGE('',*,*,#1472,.T.);
#2323 = ORIENTED_EDGE('',*,*,#2271,.T.);
#2324 = PLANE('',#2325);
#2325 = AXIS2_PLACEMENT_3D('',#2326,#2327,#2328);
#2326 = CARTESIAN_POINT('',(0.5,-0.4,0.5));
#2327 = DIRECTION('',(0.,0.,1.));
#2328 = DIRECTION('',(1.,0.,-0.));
#2329 = ADVANCED_FACE('',(#2330),#2341,.F.);
#2330 = FACE_BOUND('',#2331,.F.);
#2331 = EDGE_LOOP('',(#2332,#2338,#2339,#2340));
#2332 = ORIENTED_EDGE('',*,*,#2333,.F.);
#2333 = EDGE_CURVE('',#2310,#1513,#2334,.T.);
#2334 = LINE('',#2335,#2336);
#2335 = CARTESIAN_POINT('',(0.725,-0.3,0.75));
#2336 = VECTOR('',#2337,1.);
#2337 = DIRECTION('',(-0.,-0.,-1.));
#2338 = ORIENTED_EDGE('',*,*,#2317,.F.);
#2339 = ORIENTED_EDGE('',*,*,#1464,.T.);
#2340 = ORIENTED_EDGE('',*,*,#1522,.F.);
#2341 = PLANE('',#2342);
#2342 = AXIS2_PLACEMENT_3D('',#2343,#2344,#2345);
#2343 = CARTESIAN_POINT('',(0.725,-0.5,0.75));
#2344 = DIRECTION('',(1.,0.,0.));
#2345 = DIRECTION('',(-0.,1.,0.));
#2346 = ADVANCED_FACE('',(#2347),#2353,.F.);
#2347 = FACE_BOUND('',#2348,.F.);
#2348 = EDGE_LOOP('',(#2349,#2350,#2351,#2352));
#2349 = ORIENTED_EDGE('',*,*,#2309,.F.);
#2350 = ORIENTED_EDGE('',*,*,#2333,.T.);
#2351 = ORIENTED_EDGE('',*,*,#1512,.F.);
#2352 = ORIENTED_EDGE('',*,*,#1568,.T.);
#2353 = PLANE('',#2354);
#2354 = AXIS2_PLACEMENT_3D('',#2355,#2356,#2357);
#2355 = CARTESIAN_POINT('',(0.725,-0.3,0.75));
#2356 = DIRECTION('',(0.,1.,0.));
#2357 = DIRECTION('',(-1.,0.,0.));
#2358 = ADVANCED_FACE('',(#2359),#2375,.F.);
#2359 = FACE_BOUND('',#2360,.F.);
#2360 = EDGE_LOOP('',(#2361,#2362,#2368,#2369));
#2361 = ORIENTED_EDGE('',*,*,#2294,.F.);
#2362 = ORIENTED_EDGE('',*,*,#2363,.T.);
#2363 = EDGE_CURVE('',#2295,#1546,#2364,.T.);
#2364 = LINE('',#2365,#2366);
#2365 = CARTESIAN_POINT('',(0.725,0.3,0.75));
#2366 = VECTOR('',#2367,1.);
#2367 = DIRECTION('',(-0.,-0.,-1.));
#2368 = ORIENTED_EDGE('',*,*,#1553,.F.);
#2369 = ORIENTED_EDGE('',*,*,#2370,.F.);
#2370 = EDGE_CURVE('',#2287,#1537,#2371,.T.);
#2371 = LINE('',#2372,#2373);
#2372 = CARTESIAN_POINT('',(0.725,0.4,0.375));
#2373 = VECTOR('',#2374,1.);
#2374 = DIRECTION('',(0.,0.,-1.));
#2375 = PLANE('',#2376);
#2376 = AXIS2_PLACEMENT_3D('',#2377,#2378,#2379);
#2377 = CARTESIAN_POINT('',(0.725,0.3,0.75));
#2378 = DIRECTION('',(1.,0.,0.));
#2379 = DIRECTION('',(-0.,1.,0.));
#2380 = ADVANCED_FACE('',(#2381),#2387,.F.);
#2381 = FACE_BOUND('',#2382,.F.);
#2382 = EDGE_LOOP('',(#2383,#2384,#2385,#2386));
#2383 = ORIENTED_EDGE('',*,*,#2363,.F.);
#2384 = ORIENTED_EDGE('',*,*,#2302,.F.);
#2385 = ORIENTED_EDGE('',*,*,#1585,.F.);
#2386 = ORIENTED_EDGE('',*,*,#1545,.F.);
#2387 = PLANE('',#2388);
#2388 = AXIS2_PLACEMENT_3D('',#2389,#2390,#2391);
#2389 = CARTESIAN_POINT('',(-0.725,0.3,0.75));
#2390 = DIRECTION('',(0.,-1.,0.));
#2391 = DIRECTION('',(1.,0.,0.));
#2392 = ADVANCED_FACE('',(#2393),#2405,.T.);
#2393 = FACE_BOUND('',#2394,.T.);
#2394 = EDGE_LOOP('',(#2395,#2396,#2397,#2398,#2399,#2400,#2401,#2402,
    #2403,#2404));
#2395 = ORIENTED_EDGE('',*,*,#1773,.F.);
#2396 = ORIENTED_EDGE('',*,*,#1844,.F.);
#2397 = ORIENTED_EDGE('',*,*,#1880,.T.);
#2398 = ORIENTED_EDGE('',*,*,#1904,.T.);
#2399 = ORIENTED_EDGE('',*,*,#1728,.T.);
#2400 = ORIENTED_EDGE('',*,*,#1689,.F.);
#2401 = ORIENTED_EDGE('',*,*,#1616,.F.);
#2402 = ORIENTED_EDGE('',*,*,#1608,.F.);
#2403 = ORIENTED_EDGE('',*,*,#1600,.T.);
#2404 = ORIENTED_EDGE('',*,*,#1975,.F.);
#2405 = PLANE('',#2406);
#2406 = AXIS2_PLACEMENT_3D('',#2407,#2408,#2409);
#2407 = CARTESIAN_POINT('',(-0.8,0.4,0.));
#2408 = DIRECTION('',(0.,1.,0.));
#2409 = DIRECTION('',(0.,-0.,1.));
#2410 = ADVANCED_FACE('',(#2411),#2423,.T.);
#2411 = FACE_BOUND('',#2412,.T.);
#2412 = EDGE_LOOP('',(#2413,#2414,#2415,#2416,#2417,#2418,#2419,#2420,
    #2421,#2422));
#2413 = ORIENTED_EDGE('',*,*,#2184,.F.);
#2414 = ORIENTED_EDGE('',*,*,#2007,.F.);
#2415 = ORIENTED_EDGE('',*,*,#1641,.T.);
#2416 = ORIENTED_EDGE('',*,*,#1633,.T.);
#2417 = ORIENTED_EDGE('',*,*,#1625,.F.);
#2418 = ORIENTED_EDGE('',*,*,#2370,.F.);
#2419 = ORIENTED_EDGE('',*,*,#2286,.T.);
#2420 = ORIENTED_EDGE('',*,*,#2262,.F.);
#2421 = ORIENTED_EDGE('',*,*,#2239,.F.);
#2422 = ORIENTED_EDGE('',*,*,#2214,.T.);
#2423 = PLANE('',#2424);
#2424 = AXIS2_PLACEMENT_3D('',#2425,#2426,#2427);
#2425 = CARTESIAN_POINT('',(0.5,0.4,0.));
#2426 = DIRECTION('',(0.,1.,0.));
#2427 = DIRECTION('',(0.,-0.,1.));
#2428 = ADVANCED_FACE('',(#2429),#2434,.T.);
#2429 = FACE_BOUND('',#2430,.T.);
#2430 = EDGE_LOOP('',(#2431,#2432,#2433));
#2431 = ORIENTED_EDGE('',*,*,#2153,.T.);
#2432 = ORIENTED_EDGE('',*,*,#2129,.T.);
#2433 = ORIENTED_EDGE('',*,*,#2170,.T.);
#2434 = PLANE('',#2435);
#2435 = AXIS2_PLACEMENT_3D('',#2436,#2437,#2438);
#2436 = CARTESIAN_POINT('',(9.237604307034E-02,0.,1.5E-02));
#2437 = DIRECTION('',(-0.,-0.,-1.));
#2438 = DIRECTION('',(-1.,0.,0.));
#2439 = ( GEOMETRIC_REPRESENTATION_CONTEXT(3) 
GLOBAL_UNCERTAINTY_ASSIGNED_CONTEXT((#2443)) 
GLOBAL_UNIT_ASSIGNED_CONTEXT((#2440,#2441,#2442)) REPRESENTATION_CONTEXT
('Context #1','3D Context with UNIT and UNCERTAINTY') );
#2440 = ( LENGTH_UNIT() NAMED_UNIT(*) SI_UNIT(.MILLI.,.METRE.) );
#2441 = ( NAMED_UNIT(*) PLANE_ANGLE_UNIT() SI_UNIT($,.RADIAN.) );
#2442 = ( NAMED_UNIT(*) SI_UNIT($,.STERADIAN.) SOLID_ANGLE_UNIT() );
#2443 = UNCERTAINTY_MEASURE_WITH_UNIT(LENGTH_MEASURE(1.E-07),#2440,
  'distance_accuracy_value','confusion accuracy');
#2444 = CONTEXT_DEPENDENT_SHAPE_REPRESENTATION(#2445,#2447);
#2445 = ( REPRESENTATION_RELATIONSHIP('','',#915,#892) 
REPRESENTATION_RELATIONSHIP_WITH_TRANSFORMATION(#2446) 
SHAPE_REPRESENTATION_RELATIONSHIP() );
#2446 = ITEM_DEFINED_TRANSFORMATION('','',#11,#893);
#2447 = PRODUCT_DEFINITION_SHAPE('Placement','Placement of an item',
  #2448);
#2448 = NEXT_ASSEMBLY_USAGE_OCCURRENCE('3','=>[0:1:1:5]','',#887,#910,$
  );
#2449 = PRODUCT_RELATED_PRODUCT_CATEGORY('part',$,(#912));
#2450 = SHAPE_DEFINITION_REPRESENTATION(#2451,#2457);
#2451 = PRODUCT_DEFINITION_SHAPE('','',#2452);
#2452 = PRODUCT_DEFINITION('design','',#2453,#2456);
#2453 = PRODUCT_DEFINITION_FORMATION('','',#2454);
#2454 = PRODUCT('xt60-power-hub_copper','xt60-power-hub_copper','',(
    #2455));
#2455 = PRODUCT_CONTEXT('',#2,'mechanical');
#2456 = PRODUCT_DEFINITION_CONTEXT('part definition',#2,'design');
#2457 = SHAPE_REPRESENTATION('',(#11,#2458,#2550,#2642),#2994);
#2458 = MANIFOLD_SOLID_BREP('',#2459);
#2459 = CLOSED_SHELL('',(#2460,#2493,#2526,#2538));
#2460 = ADVANCED_FACE('',(#2461),#2488,.T.);
#2461 = FACE_BOUND('',#2462,.F.);
#2462 = EDGE_LOOP('',(#2463,#2473,#2480,#2481));
#2463 = ORIENTED_EDGE('',*,*,#2464,.T.);
#2464 = EDGE_CURVE('',#2465,#2467,#2469,.T.);
#2465 = VERTEX_POINT('',#2466);
#2466 = CARTESIAN_POINT('',(-40.525,-11.2875,1.51));
#2467 = VERTEX_POINT('',#2468);
#2468 = CARTESIAN_POINT('',(-40.525,-11.2875,1.545));
#2469 = LINE('',#2470,#2471);
#2470 = CARTESIAN_POINT('',(-40.525,-11.2875,1.51));
#2471 = VECTOR('',#2472,1.);
#2472 = DIRECTION('',(0.,0.,1.));
#2473 = ORIENTED_EDGE('',*,*,#2474,.T.);
#2474 = EDGE_CURVE('',#2467,#2467,#2475,.T.);
#2475 = CIRCLE('',#2476,0.225);
#2476 = AXIS2_PLACEMENT_3D('',#2477,#2478,#2479);
#2477 = CARTESIAN_POINT('',(-40.75,-11.2875,1.545));
#2478 = DIRECTION('',(0.,0.,1.));
#2479 = DIRECTION('',(1.,0.,-0.));
#2480 = ORIENTED_EDGE('',*,*,#2464,.F.);
#2481 = ORIENTED_EDGE('',*,*,#2482,.F.);
#2482 = EDGE_CURVE('',#2465,#2465,#2483,.T.);
#2483 = CIRCLE('',#2484,0.225);
#2484 = AXIS2_PLACEMENT_3D('',#2485,#2486,#2487);
#2485 = CARTESIAN_POINT('',(-40.75,-11.2875,1.51));
#2486 = DIRECTION('',(0.,0.,1.));
#2487 = DIRECTION('',(1.,0.,-0.));
#2488 = CYLINDRICAL_SURFACE('',#2489,0.225);
#2489 = AXIS2_PLACEMENT_3D('',#2490,#2491,#2492);
#2490 = CARTESIAN_POINT('',(-40.75,-11.2875,1.51));
#2491 = DIRECTION('',(-0.,-0.,-1.));
#2492 = DIRECTION('',(1.,0.,-0.));
#2493 = ADVANCED_FACE('',(#2494),#2521,.F.);
#2494 = FACE_BOUND('',#2495,.T.);
#2495 = EDGE_LOOP('',(#2496,#2506,#2513,#2514));
#2496 = ORIENTED_EDGE('',*,*,#2497,.T.);
#2497 = EDGE_CURVE('',#2498,#2500,#2502,.T.);
#2498 = VERTEX_POINT('',#2499);
#2499 = CARTESIAN_POINT('',(-40.612745,-11.2875,1.51));
#2500 = VERTEX_POINT('',#2501);
#2501 = CARTESIAN_POINT('',(-40.612745,-11.2875,1.545));
#2502 = LINE('',#2503,#2504);
#2503 = CARTESIAN_POINT('',(-40.612745,-11.2875,1.51));
#2504 = VECTOR('',#2505,1.);
#2505 = DIRECTION('',(0.,0.,1.));
#2506 = ORIENTED_EDGE('',*,*,#2507,.T.);
#2507 = EDGE_CURVE('',#2500,#2500,#2508,.T.);
#2508 = CIRCLE('',#2509,0.137255);
#2509 = AXIS2_PLACEMENT_3D('',#2510,#2511,#2512);
#2510 = CARTESIAN_POINT('',(-40.75,-11.2875,1.545));
#2511 = DIRECTION('',(0.,0.,1.));
#2512 = DIRECTION('',(1.,0.,-0.));
#2513 = ORIENTED_EDGE('',*,*,#2497,.F.);
#2514 = ORIENTED_EDGE('',*,*,#2515,.F.);
#2515 = EDGE_CURVE('',#2498,#2498,#2516,.T.);
#2516 = CIRCLE('',#2517,0.137255);
#2517 = AXIS2_PLACEMENT_3D('',#2518,#2519,#2520);
#2518 = CARTESIAN_POINT('',(-40.75,-11.2875,1.51));
#2519 = DIRECTION('',(0.,0.,1.));
#2520 = DIRECTION('',(1.,0.,-0.));
#2521 = CYLINDRICAL_SURFACE('',#2522,0.137255);
#2522 = AXIS2_PLACEMENT_3D('',#2523,#2524,#2525);
#2523 = CARTESIAN_POINT('',(-40.75,-11.2875,1.51));
#2524 = DIRECTION('',(-0.,-0.,-1.));
#2525 = DIRECTION('',(1.,0.,-0.));
#2526 = ADVANCED_FACE('',(#2527,#2530),#2533,.F.);
#2527 = FACE_BOUND('',#2528,.F.);
#2528 = EDGE_LOOP('',(#2529));
#2529 = ORIENTED_EDGE('',*,*,#2482,.T.);
#2530 = FACE_BOUND('',#2531,.T.);
#2531 = EDGE_LOOP('',(#2532));
#2532 = ORIENTED_EDGE('',*,*,#2515,.T.);
#2533 = PLANE('',#2534);
#2534 = AXIS2_PLACEMENT_3D('',#2535,#2536,#2537);
#2535 = CARTESIAN_POINT('',(0.,0.,1.51));
#2536 = DIRECTION('',(0.,0.,1.));
#2537 = DIRECTION('',(1.,0.,-0.));
#2538 = ADVANCED_FACE('',(#2539,#2542),#2545,.T.);
#2539 = FACE_BOUND('',#2540,.T.);
#2540 = EDGE_LOOP('',(#2541));
#2541 = ORIENTED_EDGE('',*,*,#2474,.T.);
#2542 = FACE_BOUND('',#2543,.F.);
#2543 = EDGE_LOOP('',(#2544));
#2544 = ORIENTED_EDGE('',*,*,#2507,.T.);
#2545 = PLANE('',#2546);
#2546 = AXIS2_PLACEMENT_3D('',#2547,#2548,#2549);
#2547 = CARTESIAN_POINT('',(0.,0.,1.545));
#2548 = DIRECTION('',(0.,0.,1.));
#2549 = DIRECTION('',(1.,0.,-0.));
#2550 = MANIFOLD_SOLID_BREP('',#2551);
#2551 = CLOSED_SHELL('',(#2552,#2585,#2618,#2630));
#2552 = ADVANCED_FACE('',(#2553),#2580,.T.);
#2553 = FACE_BOUND('',#2554,.T.);
#2554 = EDGE_LOOP('',(#2555,#2565,#2572,#2573));
#2555 = ORIENTED_EDGE('',*,*,#2556,.T.);
#2556 = EDGE_CURVE('',#2557,#2559,#2561,.T.);
#2557 = VERTEX_POINT('',#2558);
#2558 = CARTESIAN_POINT('',(-40.525,-11.2875,0.));
#2559 = VERTEX_POINT('',#2560);
#2560 = CARTESIAN_POINT('',(-40.525,-11.2875,-3.5E-02));
#2561 = LINE('',#2562,#2563);
#2562 = CARTESIAN_POINT('',(-40.525,-11.2875,0.));
#2563 = VECTOR('',#2564,1.);
#2564 = DIRECTION('',(0.,0.,-1.));
#2565 = ORIENTED_EDGE('',*,*,#2566,.T.);
#2566 = EDGE_CURVE('',#2559,#2559,#2567,.T.);
#2567 = CIRCLE('',#2568,0.225);
#2568 = AXIS2_PLACEMENT_3D('',#2569,#2570,#2571);
#2569 = CARTESIAN_POINT('',(-40.75,-11.2875,-3.5E-02));
#2570 = DIRECTION('',(0.,0.,1.));
#2571 = DIRECTION('',(1.,0.,-0.));
#2572 = ORIENTED_EDGE('',*,*,#2556,.F.);
#2573 = ORIENTED_EDGE('',*,*,#2574,.F.);
#2574 = EDGE_CURVE('',#2557,#2557,#2575,.T.);
#2575 = CIRCLE('',#2576,0.225);
#2576 = AXIS2_PLACEMENT_3D('',#2577,#2578,#2579);
#2577 = CARTESIAN_POINT('',(-40.75,-11.2875,0.));
#2578 = DIRECTION('',(0.,0.,1.));
#2579 = DIRECTION('',(1.,0.,-0.));
#2580 = CYLINDRICAL_SURFACE('',#2581,0.225);
#2581 = AXIS2_PLACEMENT_3D('',#2582,#2583,#2584);
#2582 = CARTESIAN_POINT('',(-40.75,-11.2875,0.));
#2583 = DIRECTION('',(0.,0.,1.));
#2584 = DIRECTION('',(1.,0.,-0.));
#2585 = ADVANCED_FACE('',(#2586),#2613,.F.);
#2586 = FACE_BOUND('',#2587,.F.);
#2587 = EDGE_LOOP('',(#2588,#2598,#2605,#2606));
#2588 = ORIENTED_EDGE('',*,*,#2589,.T.);
#2589 = EDGE_CURVE('',#2590,#2592,#2594,.T.);
#2590 = VERTEX_POINT('',#2591);
#2591 = CARTESIAN_POINT('',(-40.612745,-11.2875,0.));
#2592 = VERTEX_POINT('',#2593);
#2593 = CARTESIAN_POINT('',(-40.612745,-11.2875,-3.5E-02));
#2594 = LINE('',#2595,#2596);
#2595 = CARTESIAN_POINT('',(-40.612745,-11.2875,0.));
#2596 = VECTOR('',#2597,1.);
#2597 = DIRECTION('',(0.,0.,-1.));
#2598 = ORIENTED_EDGE('',*,*,#2599,.T.);
#2599 = EDGE_CURVE('',#2592,#2592,#2600,.T.);
#2600 = CIRCLE('',#2601,0.137255);
#2601 = AXIS2_PLACEMENT_3D('',#2602,#2603,#2604);
#2602 = CARTESIAN_POINT('',(-40.75,-11.2875,-3.5E-02));
#2603 = DIRECTION('',(0.,0.,1.));
#2604 = DIRECTION('',(1.,0.,-0.));
#2605 = ORIENTED_EDGE('',*,*,#2589,.F.);
#2606 = ORIENTED_EDGE('',*,*,#2607,.F.);
#2607 = EDGE_CURVE('',#2590,#2590,#2608,.T.);
#2608 = CIRCLE('',#2609,0.137255);
#2609 = AXIS2_PLACEMENT_3D('',#2610,#2611,#2612);
#2610 = CARTESIAN_POINT('',(-40.75,-11.2875,0.));
#2611 = DIRECTION('',(0.,0.,1.));
#2612 = DIRECTION('',(1.,0.,-0.));
#2613 = CYLINDRICAL_SURFACE('',#2614,0.137255);
#2614 = AXIS2_PLACEMENT_3D('',#2615,#2616,#2617);
#2615 = CARTESIAN_POINT('',(-40.75,-11.2875,0.));
#2616 = DIRECTION('',(0.,0.,1.));
#2617 = DIRECTION('',(1.,0.,-0.));
#2618 = ADVANCED_FACE('',(#2619,#2622),#2625,.F.);
#2619 = FACE_BOUND('',#2620,.T.);
#2620 = EDGE_LOOP('',(#2621));
#2621 = ORIENTED_EDGE('',*,*,#2574,.T.);
#2622 = FACE_BOUND('',#2623,.F.);
#2623 = EDGE_LOOP('',(#2624));
#2624 = ORIENTED_EDGE('',*,*,#2607,.T.);
#2625 = PLANE('',#2626);
#2626 = AXIS2_PLACEMENT_3D('',#2627,#2628,#2629);
#2627 = CARTESIAN_POINT('',(0.,0.,0.));
#2628 = DIRECTION('',(-0.,-0.,-1.));
#2629 = DIRECTION('',(-1.,0.,0.));
#2630 = ADVANCED_FACE('',(#2631,#2634),#2637,.T.);
#2631 = FACE_BOUND('',#2632,.F.);
#2632 = EDGE_LOOP('',(#2633));
#2633 = ORIENTED_EDGE('',*,*,#2566,.T.);
#2634 = FACE_BOUND('',#2635,.T.);
#2635 = EDGE_LOOP('',(#2636));
#2636 = ORIENTED_EDGE('',*,*,#2599,.T.);
#2637 = PLANE('',#2638);
#2638 = AXIS2_PLACEMENT_3D('',#2639,#2640,#2641);
#2639 = CARTESIAN_POINT('',(0.,0.,-3.5E-02));
#2640 = DIRECTION('',(-0.,-0.,-1.));
#2641 = DIRECTION('',(-1.,0.,0.));
#2642 = MANIFOLD_SOLID_BREP('',#2643);
#2643 = CLOSED_SHELL('',(#2644,#2684,#2715,#2746,#2777,#2810,#2841,#2872
    ,#2903,#2936,#2958,#2976));
#2644 = ADVANCED_FACE('',(#2645),#2679,.T.);
#2645 = FACE_BOUND('',#2646,.T.);
#2646 = EDGE_LOOP('',(#2647,#2657,#2665,#2673));
#2647 = ORIENTED_EDGE('',*,*,#2648,.T.);
#2648 = EDGE_CURVE('',#2649,#2651,#2653,.T.);
#2649 = VERTEX_POINT('',#2650);
#2650 = CARTESIAN_POINT('',(-39.593057,-8.416853,1.51));
#2651 = VERTEX_POINT('',#2652);
#2652 = CARTESIAN_POINT('',(-39.593057,-8.416853,1.545));
#2653 = LINE('',#2654,#2655);
#2654 = CARTESIAN_POINT('',(-39.593057,-8.416853,1.51));
#2655 = VECTOR('',#2656,1.);
#2656 = DIRECTION('',(0.,0.,1.));
#2657 = ORIENTED_EDGE('',*,*,#2658,.T.);
#2658 = EDGE_CURVE('',#2651,#2659,#2661,.T.);
#2659 = VERTEX_POINT('',#2660);
#2660 = CARTESIAN_POINT('',(-39.557009,-8.401921,1.545));
#2661 = LINE('',#2662,#2663);
#2662 = CARTESIAN_POINT('',(-39.593057,-8.416853,1.545));
#2663 = VECTOR('',#2664,1.);
#2664 = DIRECTION('',(0.923875640631,0.38269282806,0.));
#2665 = ORIENTED_EDGE('',*,*,#2666,.F.);
#2666 = EDGE_CURVE('',#2667,#2659,#2669,.T.);
#2667 = VERTEX_POINT('',#2668);
#2668 = CARTESIAN_POINT('',(-39.557009,-8.401921,1.51));
#2669 = LINE('',#2670,#2671);
#2670 = CARTESIAN_POINT('',(-39.557009,-8.401921,1.51));
#2671 = VECTOR('',#2672,1.);
#2672 = DIRECTION('',(0.,0.,1.));
#2673 = ORIENTED_EDGE('',*,*,#2674,.F.);
#2674 = EDGE_CURVE('',#2649,#2667,#2675,.T.);
#2675 = LINE('',#2676,#2677);
#2676 = CARTESIAN_POINT('',(-39.593057,-8.416853,1.51));
#2677 = VECTOR('',#2678,1.);
#2678 = DIRECTION('',(0.923875640631,0.38269282806,0.));
#2679 = PLANE('',#2680);
#2680 = AXIS2_PLACEMENT_3D('',#2681,#2682,#2683);
#2681 = CARTESIAN_POINT('',(-39.593057,-8.416853,1.51));
#2682 = DIRECTION('',(-0.38269282806,0.923875640631,0.));
#2683 = DIRECTION('',(0.923875640631,0.38269282806,0.));
#2684 = ADVANCED_FACE('',(#2685),#2710,.T.);
#2685 = FACE_BOUND('',#2686,.T.);
#2686 = EDGE_LOOP('',(#2687,#2688,#2696,#2704));
#2687 = ORIENTED_EDGE('',*,*,#2666,.T.);
#2688 = ORIENTED_EDGE('',*,*,#2689,.T.);
#2689 = EDGE_CURVE('',#2659,#2690,#2692,.T.);
#2690 = VERTEX_POINT('',#2691);
#2691 = CARTESIAN_POINT('',(-31.155491,-8.401921,1.545));
#2692 = LINE('',#2693,#2694);
#2693 = CARTESIAN_POINT('',(-39.557009,-8.401921,1.545));
#2694 = VECTOR('',#2695,1.);
#2695 = DIRECTION('',(1.,0.,0.));
#2696 = ORIENTED_EDGE('',*,*,#2697,.F.);
#2697 = EDGE_CURVE('',#2698,#2690,#2700,.T.);
#2698 = VERTEX_POINT('',#2699);
#2699 = CARTESIAN_POINT('',(-31.155491,-8.401921,1.51));
#2700 = LINE('',#2701,#2702);
#2701 = CARTESIAN_POINT('',(-31.155491,-8.401921,1.51));
#2702 = VECTOR('',#2703,1.);
#2703 = DIRECTION('',(0.,0.,1.));
#2704 = ORIENTED_EDGE('',*,*,#2705,.F.);
#2705 = EDGE_CURVE('',#2667,#2698,#2706,.T.);
#2706 = LINE('',#2707,#2708);
#2707 = CARTESIAN_POINT('',(-39.557009,-8.401921,1.51));
#2708 = VECTOR('',#2709,1.);
#2709 = DIRECTION('',(1.,0.,0.));
#2710 = PLANE('',#2711);
#2711 = AXIS2_PLACEMENT_3D('',#2712,#2713,#2714);
#2712 = CARTESIAN_POINT('',(-39.557009,-8.401921,1.51));
#2713 = DIRECTION('',(0.,1.,0.));
#2714 = DIRECTION('',(1.,0.,0.));
#2715 = ADVANCED_FACE('',(#2716),#2741,.T.);
#2716 = FACE_BOUND('',#2717,.T.);
#2717 = EDGE_LOOP('',(#2718,#2719,#2727,#2735));
#2718 = ORIENTED_EDGE('',*,*,#2697,.T.);
#2719 = ORIENTED_EDGE('',*,*,#2720,.T.);
#2720 = EDGE_CURVE('',#2690,#2721,#2723,.T.);
#2721 = VERTEX_POINT('',#2722);
#2722 = CARTESIAN_POINT('',(-31.119443,-8.416853,1.545));
#2723 = LINE('',#2724,#2725);
#2724 = CARTESIAN_POINT('',(-31.155491,-8.401921,1.545));
#2725 = VECTOR('',#2726,1.);
#2726 = DIRECTION('',(0.923875640631,-0.38269282806,0.));
#2727 = ORIENTED_EDGE('',*,*,#2728,.F.);
#2728 = EDGE_CURVE('',#2729,#2721,#2731,.T.);
#2729 = VERTEX_POINT('',#2730);
#2730 = CARTESIAN_POINT('',(-31.119443,-8.416853,1.51));
#2731 = LINE('',#2732,#2733);
#2732 = CARTESIAN_POINT('',(-31.119443,-8.416853,1.51));
#2733 = VECTOR('',#2734,1.);
#2734 = DIRECTION('',(0.,0.,1.));
#2735 = ORIENTED_EDGE('',*,*,#2736,.F.);
#2736 = EDGE_CURVE('',#2698,#2729,#2737,.T.);
#2737 = LINE('',#2738,#2739);
#2738 = CARTESIAN_POINT('',(-31.155491,-8.401921,1.51));
#2739 = VECTOR('',#2740,1.);
#2740 = DIRECTION('',(0.923875640631,-0.38269282806,0.));
#2741 = PLANE('',#2742);
#2742 = AXIS2_PLACEMENT_3D('',#2743,#2744,#2745);
#2743 = CARTESIAN_POINT('',(-31.155491,-8.401921,1.51));
#2744 = DIRECTION('',(0.38269282806,0.923875640631,-0.));
#2745 = DIRECTION('',(0.923875640631,-0.38269282806,0.));
#2746 = ADVANCED_FACE('',(#2747),#2772,.T.);
#2747 = FACE_BOUND('',#2748,.T.);
#2748 = EDGE_LOOP('',(#2749,#2750,#2758,#2766));
#2749 = ORIENTED_EDGE('',*,*,#2728,.T.);
#2750 = ORIENTED_EDGE('',*,*,#2751,.T.);
#2751 = EDGE_CURVE('',#2721,#2752,#2754,.T.);
#2752 = VERTEX_POINT('',#2753);
#2753 = CARTESIAN_POINT('',(-29.916853,-9.619443,1.545));
#2754 = LINE('',#2755,#2756);
#2755 = CARTESIAN_POINT('',(-31.119443,-8.416853,1.545));
#2756 = VECTOR('',#2757,1.);
#2757 = DIRECTION('',(0.707106781187,-0.707106781187,0.));
#2758 = ORIENTED_EDGE('',*,*,#2759,.F.);
#2759 = EDGE_CURVE('',#2760,#2752,#2762,.T.);
#2760 = VERTEX_POINT('',#2761);
#2761 = CARTESIAN_POINT('',(-29.916853,-9.619443,1.51));
#2762 = LINE('',#2763,#2764);
#2763 = CARTESIAN_POINT('',(-29.916853,-9.619443,1.51));
#2764 = VECTOR('',#2765,1.);
#2765 = DIRECTION('',(0.,0.,1.));
#2766 = ORIENTED_EDGE('',*,*,#2767,.F.);
#2767 = EDGE_CURVE('',#2729,#2760,#2768,.T.);
#2768 = LINE('',#2769,#2770);
#2769 = CARTESIAN_POINT('',(-31.119443,-8.416853,1.51));
#2770 = VECTOR('',#2771,1.);
#2771 = DIRECTION('',(0.707106781187,-0.707106781187,0.));
#2772 = PLANE('',#2773);
#2773 = AXIS2_PLACEMENT_3D('',#2774,#2775,#2776);
#2774 = CARTESIAN_POINT('',(-31.119443,-8.416853,1.51));
#2775 = DIRECTION('',(0.707106781187,0.707106781187,-0.));
#2776 = DIRECTION('',(0.707106781187,-0.707106781187,0.));
#2777 = ADVANCED_FACE('',(#2778),#2805,.T.);
#2778 = FACE_BOUND('',#2779,.T.);
#2779 = EDGE_LOOP('',(#2780,#2781,#2790,#2798));
#2780 = ORIENTED_EDGE('',*,*,#2759,.T.);
#2781 = ORIENTED_EDGE('',*,*,#2782,.T.);
#2782 = EDGE_CURVE('',#2752,#2783,#2785,.T.);
#2783 = VERTEX_POINT('',#2784);
#2784 = CARTESIAN_POINT('',(-30.055557,-9.758147,1.545));
#2785 = CIRCLE('',#2786,0.10000001929);
#2786 = AXIS2_PLACEMENT_3D('',#2787,#2788,#2789);
#2787 = CARTESIAN_POINT('',(-30.,-9.675,1.545));
#2788 = DIRECTION('',(0.,0.,-1.));
#2789 = DIRECTION('',(0.831469839609,0.555569892831,0.));
#2790 = ORIENTED_EDGE('',*,*,#2791,.F.);
#2791 = EDGE_CURVE('',#2792,#2783,#2794,.T.);
#2792 = VERTEX_POINT('',#2793);
#2793 = CARTESIAN_POINT('',(-30.055557,-9.758147,1.51));
#2794 = LINE('',#2795,#2796);
#2795 = CARTESIAN_POINT('',(-30.055557,-9.758147,1.51));
#2796 = VECTOR('',#2797,1.);
#2797 = DIRECTION('',(0.,0.,1.));
#2798 = ORIENTED_EDGE('',*,*,#2799,.F.);
#2799 = EDGE_CURVE('',#2760,#2792,#2800,.T.);
#2800 = CIRCLE('',#2801,0.10000001929);
#2801 = AXIS2_PLACEMENT_3D('',#2802,#2803,#2804);
#2802 = CARTESIAN_POINT('',(-30.,-9.675,1.51));
#2803 = DIRECTION('',(0.,0.,-1.));
#2804 = DIRECTION('',(0.831469839609,0.555569892831,0.));
#2805 = CYLINDRICAL_SURFACE('',#2806,0.10000001929);
#2806 = AXIS2_PLACEMENT_3D('',#2807,#2808,#2809);
#2807 = CARTESIAN_POINT('',(-30.,-9.675,1.51));
#2808 = DIRECTION('',(0.,0.,-1.));
#2809 = DIRECTION('',(0.831469839609,0.555569892831,0.));
#2810 = ADVANCED_FACE('',(#2811),#2836,.T.);
#2811 = FACE_BOUND('',#2812,.T.);
#2812 = EDGE_LOOP('',(#2813,#2814,#2822,#2830));
#2813 = ORIENTED_EDGE('',*,*,#2791,.T.);
#2814 = ORIENTED_EDGE('',*,*,#2815,.T.);
#2815 = EDGE_CURVE('',#2783,#2816,#2818,.T.);
#2816 = VERTEX_POINT('',#2817);
#2817 = CARTESIAN_POINT('',(-31.216422,-8.6,1.545));
#2818 = LINE('',#2819,#2820);
#2819 = CARTESIAN_POINT('',(-30.055557,-9.758147,1.545));
#2820 = VECTOR('',#2821,1.);
#2821 = DIRECTION('',(-0.707935060049,0.706277530971,0.));
#2822 = ORIENTED_EDGE('',*,*,#2823,.F.);
#2823 = EDGE_CURVE('',#2824,#2816,#2826,.T.);
#2824 = VERTEX_POINT('',#2825);
#2825 = CARTESIAN_POINT('',(-31.216422,-8.6,1.51));
#2826 = LINE('',#2827,#2828);
#2827 = CARTESIAN_POINT('',(-31.216422,-8.6,1.51));
#2828 = VECTOR('',#2829,1.);
#2829 = DIRECTION('',(0.,0.,1.));
#2830 = ORIENTED_EDGE('',*,*,#2831,.F.);
#2831 = EDGE_CURVE('',#2792,#2824,#2832,.T.);
#2832 = LINE('',#2833,#2834);
#2833 = CARTESIAN_POINT('',(-30.055557,-9.758147,1.51));
#2834 = VECTOR('',#2835,1.);
#2835 = DIRECTION('',(-0.707935060049,0.706277530971,0.));
#2836 = PLANE('',#2837);
#2837 = AXIS2_PLACEMENT_3D('',#2838,#2839,#2840);
#2838 = CARTESIAN_POINT('',(-30.055557,-9.758147,1.51));
#2839 = DIRECTION('',(-0.706277530971,-0.707935060049,0.));
#2840 = DIRECTION('',(-0.707935060049,0.706277530971,0.));
#2841 = ADVANCED_FACE('',(#2842),#2867,.T.);
#2842 = FACE_BOUND('',#2843,.T.);
#2843 = EDGE_LOOP('',(#2844,#2845,#2853,#2861));
#2844 = ORIENTED_EDGE('',*,*,#2823,.T.);
#2845 = ORIENTED_EDGE('',*,*,#2846,.T.);
#2846 = EDGE_CURVE('',#2816,#2847,#2849,.T.);
#2847 = VERTEX_POINT('',#2848);
#2848 = CARTESIAN_POINT('',(-39.496078,-8.6,1.545));
#2849 = LINE('',#2850,#2851);
#2850 = CARTESIAN_POINT('',(-31.216422,-8.6,1.545));
#2851 = VECTOR('',#2852,1.);
#2852 = DIRECTION('',(-1.,0.,0.));
#2853 = ORIENTED_EDGE('',*,*,#2854,.F.);
#2854 = EDGE_CURVE('',#2855,#2847,#2857,.T.);
#2855 = VERTEX_POINT('',#2856);
#2856 = CARTESIAN_POINT('',(-39.496078,-8.6,1.51));
#2857 = LINE('',#2858,#2859);
#2858 = CARTESIAN_POINT('',(-39.496078,-8.6,1.51));
#2859 = VECTOR('',#2860,1.);
#2860 = DIRECTION('',(0.,0.,1.));
#2861 = ORIENTED_EDGE('',*,*,#2862,.F.);
#2862 = EDGE_CURVE('',#2824,#2855,#2863,.T.);
#2863 = LINE('',#2864,#2865);
#2864 = CARTESIAN_POINT('',(-31.216422,-8.6,1.51));
#2865 = VECTOR('',#2866,1.);
#2866 = DIRECTION('',(-1.,0.,0.));
#2867 = PLANE('',#2868);
#2868 = AXIS2_PLACEMENT_3D('',#2869,#2870,#2871);
#2869 = CARTESIAN_POINT('',(-31.216422,-8.6,1.51));
#2870 = DIRECTION('',(0.,-1.,0.));
#2871 = DIRECTION('',(-1.,0.,0.));
#2872 = ADVANCED_FACE('',(#2873),#2898,.T.);
#2873 = FACE_BOUND('',#2874,.T.);
#2874 = EDGE_LOOP('',(#2875,#2876,#2884,#2892));
#2875 = ORIENTED_EDGE('',*,*,#2854,.T.);
#2876 = ORIENTED_EDGE('',*,*,#2877,.T.);
#2877 = EDGE_CURVE('',#2847,#2878,#2880,.T.);
#2878 = VERTEX_POINT('',#2879);
#2879 = CARTESIAN_POINT('',(-40.694443,-9.795647,1.545));
#2880 = LINE('',#2881,#2882);
#2881 = CARTESIAN_POINT('',(-39.496078,-8.6,1.545));
#2882 = VECTOR('',#2883,1.);
#2883 = DIRECTION('',(-0.707909126365,-0.706303524562,0.));
#2884 = ORIENTED_EDGE('',*,*,#2885,.F.);
#2885 = EDGE_CURVE('',#2886,#2878,#2888,.T.);
#2886 = VERTEX_POINT('',#2887);
#2887 = CARTESIAN_POINT('',(-40.694443,-9.795647,1.51));
#2888 = LINE('',#2889,#2890);
#2889 = CARTESIAN_POINT('',(-40.694443,-9.795647,1.51));
#2890 = VECTOR('',#2891,1.);
#2891 = DIRECTION('',(0.,0.,1.));
#2892 = ORIENTED_EDGE('',*,*,#2893,.F.);
#2893 = EDGE_CURVE('',#2855,#2886,#2894,.T.);
#2894 = LINE('',#2895,#2896);
#2895 = CARTESIAN_POINT('',(-39.496078,-8.6,1.51));
#2896 = VECTOR('',#2897,1.);
#2897 = DIRECTION('',(-0.707909126365,-0.706303524562,0.));
#2898 = PLANE('',#2899);
#2899 = AXIS2_PLACEMENT_3D('',#2900,#2901,#2902);
#2900 = CARTESIAN_POINT('',(-39.496078,-8.6,1.51));
#2901 = DIRECTION('',(0.706303524562,-0.707909126365,0.));
#2902 = DIRECTION('',(-0.707909126365,-0.706303524562,0.));
#2903 = ADVANCED_FACE('',(#2904),#2931,.T.);
#2904 = FACE_BOUND('',#2905,.T.);
#2905 = EDGE_LOOP('',(#2906,#2907,#2916,#2924));
#2906 = ORIENTED_EDGE('',*,*,#2885,.T.);
#2907 = ORIENTED_EDGE('',*,*,#2908,.T.);
#2908 = EDGE_CURVE('',#2878,#2909,#2911,.T.);
#2909 = VERTEX_POINT('',#2910);
#2910 = CARTESIAN_POINT('',(-40.833147,-9.656943,1.545));
#2911 = CIRCLE('',#2912,0.10000001929);
#2912 = AXIS2_PLACEMENT_3D('',#2913,#2914,#2915);
#2913 = CARTESIAN_POINT('',(-40.75,-9.7125,1.545));
#2914 = DIRECTION('',(0.,0.,-1.));
#2915 = DIRECTION('',(0.555569892831,-0.831469839609,0.));
#2916 = ORIENTED_EDGE('',*,*,#2917,.F.);
#2917 = EDGE_CURVE('',#2918,#2909,#2920,.T.);
#2918 = VERTEX_POINT('',#2919);
#2919 = CARTESIAN_POINT('',(-40.833147,-9.656943,1.51));
#2920 = LINE('',#2921,#2922);
#2921 = CARTESIAN_POINT('',(-40.833147,-9.656943,1.51));
#2922 = VECTOR('',#2923,1.);
#2923 = DIRECTION('',(0.,0.,1.));
#2924 = ORIENTED_EDGE('',*,*,#2925,.F.);
#2925 = EDGE_CURVE('',#2886,#2918,#2926,.T.);
#2926 = CIRCLE('',#2927,0.10000001929);
#2927 = AXIS2_PLACEMENT_3D('',#2928,#2929,#2930);
#2928 = CARTESIAN_POINT('',(-40.75,-9.7125,1.51));
#2929 = DIRECTION('',(0.,0.,-1.));
#2930 = DIRECTION('',(0.555569892831,-0.831469839609,0.));
#2931 = CYLINDRICAL_SURFACE('',#2932,0.10000001929);
#2932 = AXIS2_PLACEMENT_3D('',#2933,#2934,#2935);
#2933 = CARTESIAN_POINT('',(-40.75,-9.7125,1.51));
#2934 = DIRECTION('',(0.,0.,-1.));
#2935 = DIRECTION('',(0.555569892831,-0.831469839609,0.));
#2936 = ADVANCED_FACE('',(#2937),#2953,.T.);
#2937 = FACE_BOUND('',#2938,.T.);
#2938 = EDGE_LOOP('',(#2939,#2940,#2946,#2947));
#2939 = ORIENTED_EDGE('',*,*,#2917,.T.);
#2940 = ORIENTED_EDGE('',*,*,#2941,.T.);
#2941 = EDGE_CURVE('',#2909,#2651,#2942,.T.);
#2942 = LINE('',#2943,#2944);
#2943 = CARTESIAN_POINT('',(-40.833147,-9.656943,1.545));
#2944 = VECTOR('',#2945,1.);
#2945 = DIRECTION('',(0.707106781187,0.707106781187,0.));
#2946 = ORIENTED_EDGE('',*,*,#2648,.F.);
#2947 = ORIENTED_EDGE('',*,*,#2948,.F.);
#2948 = EDGE_CURVE('',#2918,#2649,#2949,.T.);
#2949 = LINE('',#2950,#2951);
#2950 = CARTESIAN_POINT('',(-40.833147,-9.656943,1.51));
#2951 = VECTOR('',#2952,1.);
#2952 = DIRECTION('',(0.707106781187,0.707106781187,0.));
#2953 = PLANE('',#2954);
#2954 = AXIS2_PLACEMENT_3D('',#2955,#2956,#2957);
#2955 = CARTESIAN_POINT('',(-40.833147,-9.656943,1.51));
#2956 = DIRECTION('',(-0.707106781187,0.707106781187,0.));
#2957 = DIRECTION('',(0.707106781187,0.707106781187,0.));
#2958 = ADVANCED_FACE('',(#2959),#2971,.F.);
#2959 = FACE_BOUND('',#2960,.T.);
#2960 = EDGE_LOOP('',(#2961,#2962,#2963,#2964,#2965,#2966,#2967,#2968,
    #2969,#2970));
#2961 = ORIENTED_EDGE('',*,*,#2674,.T.);
#2962 = ORIENTED_EDGE('',*,*,#2705,.T.);
#2963 = ORIENTED_EDGE('',*,*,#2736,.T.);
#2964 = ORIENTED_EDGE('',*,*,#2767,.T.);
#2965 = ORIENTED_EDGE('',*,*,#2799,.T.);
#2966 = ORIENTED_EDGE('',*,*,#2831,.T.);
#2967 = ORIENTED_EDGE('',*,*,#2862,.T.);
#2968 = ORIENTED_EDGE('',*,*,#2893,.T.);
#2969 = ORIENTED_EDGE('',*,*,#2925,.T.);
#2970 = ORIENTED_EDGE('',*,*,#2948,.T.);
#2971 = PLANE('',#2972);
#2972 = AXIS2_PLACEMENT_3D('',#2973,#2974,#2975);
#2973 = CARTESIAN_POINT('',(0.,0.,1.51));
#2974 = DIRECTION('',(0.,0.,1.));
#2975 = DIRECTION('',(1.,0.,-0.));
#2976 = ADVANCED_FACE('',(#2977),#2989,.T.);
#2977 = FACE_BOUND('',#2978,.F.);
#2978 = EDGE_LOOP('',(#2979,#2980,#2981,#2982,#2983,#2984,#2985,#2986,
    #2987,#2988));
#2979 = ORIENTED_EDGE('',*,*,#2658,.T.);
#2980 = ORIENTED_EDGE('',*,*,#2689,.T.);
#2981 = ORIENTED_EDGE('',*,*,#2720,.T.);
#2982 = ORIENTED_EDGE('',*,*,#2751,.T.);
#2983 = ORIENTED_EDGE('',*,*,#2782,.T.);
#2984 = ORIENTED_EDGE('',*,*,#2815,.T.);
#2985 = ORIENTED_EDGE('',*,*,#2846,.T.);
#2986 = ORIENTED_EDGE('',*,*,#2877,.T.);
#2987 = ORIENTED_EDGE('',*,*,#2908,.T.);
#2988 = ORIENTED_EDGE('',*,*,#2941,.T.);
#2989 = PLANE('',#2990);
#2990 = AXIS2_PLACEMENT_3D('',#2991,#2992,#2993);
#2991 = CARTESIAN_POINT('',(0.,0.,1.545));
#2992 = DIRECTION('',(0.,0.,1.));
#2993 = DIRECTION('',(1.,0.,-0.));
#2994 = ( GEOMETRIC_REPRESENTATION_CONTEXT(3) 
GLOBAL_UNCERTAINTY_ASSIGNED_CONTEXT((#2998)) 
GLOBAL_UNIT_ASSIGNED_CONTEXT((#2995,#2996,#2997)) REPRESENTATION_CONTEXT
('Context #1','3D Context with UNIT and UNCERTAINTY') );
#2995 = ( LENGTH_UNIT() NAMED_UNIT(*) SI_UNIT(.MILLI.,.METRE.) );
#2996 = ( NAMED_UNIT(*) PLANE_ANGLE_UNIT() SI_UNIT($,.RADIAN.) );
#2997 = ( NAMED_UNIT(*) SI_UNIT($,.STERADIAN.) SOLID_ANGLE_UNIT() );
#2998 = UNCERTAINTY_MEASURE_WITH_UNIT(LENGTH_MEASURE(1.E-07),#2995,
  'distance_accuracy_value','confusion accuracy');
#2999 = CONTEXT_DEPENDENT_SHAPE_REPRESENTATION(#3000,#3002);
#3000 = ( REPRESENTATION_RELATIONSHIP('','',#2457,#10) 
REPRESENTATION_RELATIONSHIP_WITH_TRANSFORMATION(#3001) 
SHAPE_REPRESENTATION_RELATIONSHIP() );
#3001 = ITEM_DEFINED_TRANSFORMATION('','',#11,#23);
#3002 = PRODUCT_DEFINITION_SHAPE('Placement','Placement of an item',
  #3003);
#3003 = NEXT_ASSEMBLY_USAGE_OCCURRENCE('5','=>[0:1:1:6]','',#5,#2452,$);
#3004 = PRODUCT_RELATED_PRODUCT_CATEGORY('part',$,(#2454));
#3005 = SHAPE_DEFINITION_REPRESENTATION(#3006,#3012);
#3006 = PRODUCT_DEFINITION_SHAPE('','',#3007);
#3007 = PRODUCT_DEFINITION('design','',#3008,#3011);
#3008 = PRODUCT_DEFINITION_FORMATION('','',#3009);
#3009 = PRODUCT('xt60-power-hub_via','xt60-power-hub_via','',(#3010));
#3010 = PRODUCT_CONTEXT('',#2,'mechanical');
#3011 = PRODUCT_DEFINITION_CONTEXT('part definition',#2,'design');
#3012 = ADVANCED_BREP_SHAPE_REPRESENTATION('',(#11,#3013),#3105);
#3013 = MANIFOLD_SOLID_BREP('',#3014);
#3014 = CLOSED_SHELL('',(#3015,#3048,#3068,#3088));
#3015 = ADVANCED_FACE('',(#3016),#3043,.T.);
#3016 = FACE_BOUND('',#3017,.F.);
#3017 = EDGE_LOOP('',(#3018,#3028,#3035,#3036));
#3018 = ORIENTED_EDGE('',*,*,#3019,.T.);
#3019 = EDGE_CURVE('',#3020,#3022,#3024,.T.);
#3020 = VERTEX_POINT('',#3021);
#3021 = CARTESIAN_POINT('',(-40.75,-11.4375,-3.5E-02));
#3022 = VERTEX_POINT('',#3023);
#3023 = CARTESIAN_POINT('',(-40.75,-11.4375,1.545));
#3024 = LINE('',#3025,#3026);
#3025 = CARTESIAN_POINT('',(-40.75,-11.4375,-3.5E-02));
#3026 = VECTOR('',#3027,1.);
#3027 = DIRECTION('',(0.,0.,1.));
#3028 = ORIENTED_EDGE('',*,*,#3029,.T.);
#3029 = EDGE_CURVE('',#3022,#3022,#3030,.T.);
#3030 = CIRCLE('',#3031,0.15);
#3031 = AXIS2_PLACEMENT_3D('',#3032,#3033,#3034);
#3032 = CARTESIAN_POINT('',(-40.75,-11.2875,1.545));
#3033 = DIRECTION('',(0.,0.,1.));
#3034 = DIRECTION('',(-0.,-1.,0.));
#3035 = ORIENTED_EDGE('',*,*,#3019,.F.);
#3036 = ORIENTED_EDGE('',*,*,#3037,.F.);
#3037 = EDGE_CURVE('',#3020,#3020,#3038,.T.);
#3038 = CIRCLE('',#3039,0.15);
#3039 = AXIS2_PLACEMENT_3D('',#3040,#3041,#3042);
#3040 = CARTESIAN_POINT('',(-40.75,-11.2875,-3.5E-02));
#3041 = DIRECTION('',(0.,0.,1.));
#3042 = DIRECTION('',(-0.,-1.,0.));
#3043 = CYLINDRICAL_SURFACE('',#3044,0.15);
#3044 = AXIS2_PLACEMENT_3D('',#3045,#3046,#3047);
#3045 = CARTESIAN_POINT('',(-40.75,-11.2875,-3.5E-02));
#3046 = DIRECTION('',(-0.,-0.,-1.));
#3047 = DIRECTION('',(-0.,-1.,0.));
#3048 = ADVANCED_FACE('',(#3049,#3052),#3063,.F.);
#3049 = FACE_BOUND('',#3050,.F.);
#3050 = EDGE_LOOP('',(#3051));
#3051 = ORIENTED_EDGE('',*,*,#3037,.T.);
#3052 = FACE_BOUND('',#3053,.F.);
#3053 = EDGE_LOOP('',(#3054));
#3054 = ORIENTED_EDGE('',*,*,#3055,.T.);
#3055 = EDGE_CURVE('',#3056,#3056,#3058,.T.);
#3056 = VERTEX_POINT('',#3057);
#3057 = CARTESIAN_POINT('',(-40.75,-11.4125,-3.5E-02));
#3058 = CIRCLE('',#3059,0.125);
#3059 = AXIS2_PLACEMENT_3D('',#3060,#3061,#3062);
#3060 = CARTESIAN_POINT('',(-40.75,-11.2875,-3.5E-02));
#3061 = DIRECTION('',(-0.,0.,-1.));
#3062 = DIRECTION('',(-0.,-1.,0.));
#3063 = PLANE('',#3064);
#3064 = AXIS2_PLACEMENT_3D('',#3065,#3066,#3067);
#3065 = CARTESIAN_POINT('',(-40.75,-11.4375,-3.5E-02));
#3066 = DIRECTION('',(0.,0.,1.));
#3067 = DIRECTION('',(1.,0.,-0.));
#3068 = ADVANCED_FACE('',(#3069,#3072),#3083,.T.);
#3069 = FACE_BOUND('',#3070,.T.);
#3070 = EDGE_LOOP('',(#3071));
#3071 = ORIENTED_EDGE('',*,*,#3029,.T.);
#3072 = FACE_BOUND('',#3073,.T.);
#3073 = EDGE_LOOP('',(#3074));
#3074 = ORIENTED_EDGE('',*,*,#3075,.T.);
#3075 = EDGE_CURVE('',#3076,#3076,#3078,.T.);
#3076 = VERTEX_POINT('',#3077);
#3077 = CARTESIAN_POINT('',(-40.75,-11.4125,1.545));
#3078 = CIRCLE('',#3079,0.125);
#3079 = AXIS2_PLACEMENT_3D('',#3080,#3081,#3082);
#3080 = CARTESIAN_POINT('',(-40.75,-11.2875,1.545));
#3081 = DIRECTION('',(-0.,0.,-1.));
#3082 = DIRECTION('',(-0.,-1.,0.));
#3083 = PLANE('',#3084);
#3084 = AXIS2_PLACEMENT_3D('',#3085,#3086,#3087);
#3085 = CARTESIAN_POINT('',(-40.75,-11.4375,1.545));
#3086 = DIRECTION('',(0.,0.,1.));
#3087 = DIRECTION('',(1.,0.,-0.));
#3088 = ADVANCED_FACE('',(#3089),#3100,.F.);
#3089 = FACE_BOUND('',#3090,.T.);
#3090 = EDGE_LOOP('',(#3091,#3092,#3098,#3099));
#3091 = ORIENTED_EDGE('',*,*,#3055,.T.);
#3092 = ORIENTED_EDGE('',*,*,#3093,.T.);
#3093 = EDGE_CURVE('',#3056,#3076,#3094,.T.);
#3094 = LINE('',#3095,#3096);
#3095 = CARTESIAN_POINT('',(-40.75,-11.4125,-3.6E-02));
#3096 = VECTOR('',#3097,1.);
#3097 = DIRECTION('',(0.,0.,1.));
#3098 = ORIENTED_EDGE('',*,*,#3075,.F.);
#3099 = ORIENTED_EDGE('',*,*,#3093,.F.);
#3100 = CYLINDRICAL_SURFACE('',#3101,0.125);
#3101 = AXIS2_PLACEMENT_3D('',#3102,#3103,#3104);
#3102 = CARTESIAN_POINT('',(-40.75,-11.2875,-3.6E-02));
#3103 = DIRECTION('',(-0.,-0.,-1.));
#3104 = DIRECTION('',(-0.,-1.,0.));
#3105 = ( GEOMETRIC_REPRESENTATION_CONTEXT(3) 
GLOBAL_UNCERTAINTY_ASSIGNED_CONTEXT((#3109)) 
GLOBAL_UNIT_ASSIGNED_CONTEXT((#3106,#3107,#3108)) REPRESENTATION_CONTEXT
('Context #1','3D Context with UNIT and UNCERTAINTY') );
#3106 = ( LENGTH_UNIT() NAMED_UNIT(*) SI_UNIT(.MILLI.,.METRE.) );
#3107 = ( NAMED_UNIT(*) PLANE_ANGLE_UNIT() SI_UNIT($,.RADIAN.) );
#3108 = ( NAMED_UNIT(*) SI_UNIT($,.STERADIAN.) SOLID_ANGLE_UNIT() );
#3109 = UNCERTAINTY_MEASURE_WITH_UNIT(LENGTH_MEASURE(1.E-07),#3106,
  'distance_accuracy_value','confusion accuracy');
#3110 = CONTEXT_DEPENDENT_SHAPE_REPRESENTATION(#3111,#3113);
#3111 = ( REPRESENTATION_RELATIONSHIP('','',#3012,#10) 
REPRESENTATION_RELATIONSHIP_WITH_TRANSFORMATION(#3112) 
SHAPE_REPRESENTATION_RELATIONSHIP() );
#3112 = ITEM_DEFINED_TRANSFORMATION('','',#11,#27);
#3113 = PRODUCT_DEFINITION_SHAPE('Placement','Placement of an item',
  #3114);
#3114 = NEXT_ASSEMBLY_USAGE_OCCURRENCE('6','=>[0:1:1:7]','',#5,#3007,$);
#3115 = PRODUCT_RELATED_PRODUCT_CATEGORY('part',$,(#3009));
#3116 = SHAPE_DEFINITION_REPRESENTATION(#3117,#3123);
#3117 = PRODUCT_DEFINITION_SHAPE('','',#3118);
#3118 = PRODUCT_DEFINITION('design','',#3119,#3122);
#3119 = PRODUCT_DEFINITION_FORMATION('','',#3120);
#3120 = PRODUCT('xt60-power-hub_silkscreen','xt60-power-hub_silkscreen',
  '',(#3121));
#3121 = PRODUCT_CONTEXT('',#2,'mechanical');
#3122 = PRODUCT_DEFINITION_CONTEXT('part definition',#2,'design');
#3123 = SHAPE_REPRESENTATION('',(#11,#3124,#3226,#3303,#3347,#3391,#3435
    ,#3479,#3523,#3600,#3677,#3721,#3765,#3809,#3853,#3897,#3974,#4051,
    #4095,#4139,#4183,#4227,#4271,#4348,#4526,#4578,#4630,#4772,#4824,
    #4876,#4928,#4980,#5032,#5084,#5226,#5433,#5511,#5589,#5641,#5693,
    #5745,#5805,#5865,#5917,#5969,#6021,#6224,#6366,#6443,#6570,#6622,
    #6674,#6726,#6778,#6830,#6882,#6934,#6986,#7038,#7090,#7142,#7194,
    #7246,#7298,#7350,#7402,#7454,#7506,#7558,#7610,#7662,#7714,#7766,
    #7818,#7870,#7922,#7974,#8026,#8078,#8130,#8182,#8234,#8401,#8495,
    #8589,#8683,#8877,#9020,#9089,#9158,#9227,#9296,#9365,#9434,#9478,
    #9522,#9566,#9610,#9654,#9698,#9742,#9786,#9830,#9874,#9918,#9962,
    #10006,#10050,#10094,#10220,#10346,#10472,#10516,#10560,#10604,
    #10648,#10692,#10736,#10813,#10890,#10967,#11044,#11121,#11198,
    #11275,#11402,#11528),#11654);
#3124 = SHELL_BASED_SURFACE_MODEL('',(#3125));
#3125 = OPEN_SHELL('',(#3126));
#3126 = ADVANCED_FACE('',(#3127),#3221,.T.);
#3127 = FACE_BOUND('',#3128,.F.);
#3128 = EDGE_LOOP('',(#3129,#3140,#3148,#3156,#3164,#3173,#3181,#3190,
    #3198,#3207,#3215));
#3129 = ORIENTED_EDGE('',*,*,#3130,.T.);
#3130 = EDGE_CURVE('',#3131,#3133,#3135,.T.);
#3131 = VERTEX_POINT('',#3132);
#3132 = CARTESIAN_POINT('',(-41.540433,-9.677039,1.585));
#3133 = VERTEX_POINT('',#3134);
#3134 = CARTESIAN_POINT('',(-41.425,-9.7,1.585));
#3135 = CIRCLE('',#3136,6.000007318648E-02);
#3136 = AXIS2_PLACEMENT_3D('',#3137,#3138,#3139);
#3137 = CARTESIAN_POINT('',(-41.48500007318,-9.699999823314,1.585));
#3138 = DIRECTION('',(0.,0.,-1.));
#3139 = DIRECTION('',(-0.923880986637,0.382679921777,0.));
#3140 = ORIENTED_EDGE('',*,*,#3141,.T.);
#3141 = EDGE_CURVE('',#3133,#3142,#3144,.T.);
#3142 = VERTEX_POINT('',#3143);
#3143 = CARTESIAN_POINT('',(-41.425,-11.925,1.585));
#3144 = LINE('',#3145,#3146);
#3145 = CARTESIAN_POINT('',(-41.425,-9.7,1.585));
#3146 = VECTOR('',#3147,1.);
#3147 = DIRECTION('',(0.,-1.,0.));
#3148 = ORIENTED_EDGE('',*,*,#3149,.T.);
#3149 = EDGE_CURVE('',#3142,#3150,#3152,.T.);
#3150 = VERTEX_POINT('',#3151);
#3151 = CARTESIAN_POINT('',(-40.075,-11.925,1.585));
#3152 = LINE('',#3153,#3154);
#3153 = CARTESIAN_POINT('',(-41.425,-11.925,1.585));
#3154 = VECTOR('',#3155,1.);
#3155 = DIRECTION('',(1.,0.,0.));
#3156 = ORIENTED_EDGE('',*,*,#3157,.T.);
#3157 = EDGE_CURVE('',#3150,#3158,#3160,.T.);
#3158 = VERTEX_POINT('',#3159);
#3159 = CARTESIAN_POINT('',(-40.075,-9.7,1.585));
#3160 = LINE('',#3161,#3162);
#3161 = CARTESIAN_POINT('',(-40.075,-11.925,1.585));
#3162 = VECTOR('',#3163,1.);
#3163 = DIRECTION('',(0.,1.,0.));
#3164 = ORIENTED_EDGE('',*,*,#3165,.T.);
#3165 = EDGE_CURVE('',#3158,#3166,#3168,.T.);
#3166 = VERTEX_POINT('',#3167);
#3167 = CARTESIAN_POINT('',(-39.955,-9.7,1.585));
#3168 = CIRCLE('',#3169,6.000000000043E-02);
#3169 = AXIS2_PLACEMENT_3D('',#3170,#3171,#3172);
#3170 = CARTESIAN_POINT('',(-40.015,-9.699999774412,1.585));
#3171 = DIRECTION('',(0.,0.,-1.));
#3172 = DIRECTION('',(-0.999999999993,-3.759794076048E-06,-0.));
#3173 = ORIENTED_EDGE('',*,*,#3174,.T.);
#3174 = EDGE_CURVE('',#3166,#3175,#3177,.T.);
#3175 = VERTEX_POINT('',#3176);
#3176 = CARTESIAN_POINT('',(-39.955,-11.985,1.585));
#3177 = LINE('',#3178,#3179);
#3178 = CARTESIAN_POINT('',(-39.955,-9.7,1.585));
#3179 = VECTOR('',#3180,1.);
#3180 = DIRECTION('',(0.,-1.,0.));
#3181 = ORIENTED_EDGE('',*,*,#3182,.T.);
#3182 = EDGE_CURVE('',#3175,#3183,#3185,.T.);
#3183 = VERTEX_POINT('',#3184);
#3184 = CARTESIAN_POINT('',(-40.015,-12.045,1.585));
#3185 = CIRCLE('',#3186,5.99993201626E-02);
#3186 = AXIS2_PLACEMENT_3D('',#3187,#3188,#3189);
#3187 = CARTESIAN_POINT('',(-40.01499932015,-11.98500067984,1.585));
#3188 = DIRECTION('',(0.,0.,-1.));
#3189 = DIRECTION('',(0.999999999936,1.133081588457E-05,0.));
#3190 = ORIENTED_EDGE('',*,*,#3191,.T.);
#3191 = EDGE_CURVE('',#3183,#3192,#3194,.T.);
#3192 = VERTEX_POINT('',#3193);
#3193 = CARTESIAN_POINT('',(-41.485,-12.045,1.585));
#3194 = LINE('',#3195,#3196);
#3195 = CARTESIAN_POINT('',(-40.015,-12.045,1.585));
#3196 = VECTOR('',#3197,1.);
#3197 = DIRECTION('',(-1.,0.,0.));
#3198 = ORIENTED_EDGE('',*,*,#3199,.T.);
#3199 = EDGE_CURVE('',#3192,#3200,#3202,.T.);
#3200 = VERTEX_POINT('',#3201);
#3201 = CARTESIAN_POINT('',(-41.545,-11.985,1.585));
#3202 = CIRCLE('',#3203,5.99993201626E-02);
#3203 = AXIS2_PLACEMENT_3D('',#3204,#3205,#3206);
#3204 = CARTESIAN_POINT('',(-41.48500067984,-11.98500067984,1.585));
#3205 = DIRECTION('',(0.,0.,-1.));
#3206 = DIRECTION('',(1.1330816003E-05,-0.999999999936,0.));
#3207 = ORIENTED_EDGE('',*,*,#3208,.T.);
#3208 = EDGE_CURVE('',#3200,#3209,#3211,.T.);
#3209 = VERTEX_POINT('',#3210);
#3210 = CARTESIAN_POINT('',(-41.545,-9.7,1.585));
#3211 = LINE('',#3212,#3213);
#3212 = CARTESIAN_POINT('',(-41.545,-11.985,1.585));
#3213 = VECTOR('',#3214,1.);
#3214 = DIRECTION('',(0.,1.,0.));
#3215 = ORIENTED_EDGE('',*,*,#3216,.T.);
#3216 = EDGE_CURVE('',#3209,#3131,#3217,.T.);
#3217 = LINE('',#3218,#3219);
#3218 = CARTESIAN_POINT('',(-41.545,-9.7,1.585));
#3219 = VECTOR('',#3220,1.);
#3220 = DIRECTION('',(0.195081000118,0.980787134598,0.));
#3221 = PLANE('',#3222);
#3222 = AXIS2_PLACEMENT_3D('',#3223,#3224,#3225);
#3223 = CARTESIAN_POINT('',(0.,0.,1.585));
#3224 = DIRECTION('',(0.,0.,1.));
#3225 = DIRECTION('',(1.,0.,-0.));
#3226 = SHELL_BASED_SURFACE_MODEL('',(#3227));
#3227 = OPEN_SHELL('',(#3228));
#3228 = ADVANCED_FACE('',(#3229),#3298,.T.);
#3229 = FACE_BOUND('',#3230,.F.);
#3230 = EDGE_LOOP('',(#3231,#3242,#3250,#3258,#3267,#3275,#3284,#3292));
#3231 = ORIENTED_EDGE('',*,*,#3232,.T.);
#3232 = EDGE_CURVE('',#3233,#3235,#3237,.T.);
#3233 = VERTEX_POINT('',#3234);
#3234 = CARTESIAN_POINT('',(-23.546194,-10.380866,1.585));
#3235 = VERTEX_POINT('',#3236);
#3236 = CARTESIAN_POINT('',(-23.45,-10.4,1.585));
#3237 = CIRCLE('',#3238,4.999998452109E-02);
#3238 = AXIS2_PLACEMENT_3D('',#3239,#3240,#3241);
#3239 = CARTESIAN_POINT('',(-23.49999998452,-10.40000003736,1.585));
#3240 = DIRECTION('',(0.,0.,-1.));
#3241 = DIRECTION('',(-0.923880595592,0.382680865851,0.));
#3242 = ORIENTED_EDGE('',*,*,#3243,.T.);
#3243 = EDGE_CURVE('',#3235,#3244,#3246,.T.);
#3244 = VERTEX_POINT('',#3245);
#3245 = CARTESIAN_POINT('',(-23.45,-11.45,1.585));
#3246 = LINE('',#3247,#3248);
#3247 = CARTESIAN_POINT('',(-23.45,-10.4,1.585));
#3248 = VECTOR('',#3249,1.);
#3249 = DIRECTION('',(0.,-1.,0.));
#3250 = ORIENTED_EDGE('',*,*,#3251,.T.);
#3251 = EDGE_CURVE('',#3244,#3252,#3254,.T.);
#3252 = VERTEX_POINT('',#3253);
#3253 = CARTESIAN_POINT('',(-22.5,-11.45,1.585));
#3254 = LINE('',#3255,#3256);
#3255 = CARTESIAN_POINT('',(-23.45,-11.45,1.585));
#3256 = VECTOR('',#3257,1.);
#3257 = DIRECTION('',(1.,0.,0.));
#3258 = ORIENTED_EDGE('',*,*,#3259,.T.);
#3259 = EDGE_CURVE('',#3252,#3260,#3262,.T.);
#3260 = VERTEX_POINT('',#3261);
#3261 = CARTESIAN_POINT('',(-22.5,-11.55,1.585));
#3262 = CIRCLE('',#3263,5.000000000002E-02);
#3263 = AXIS2_PLACEMENT_3D('',#3264,#3265,#3266);
#3264 = CARTESIAN_POINT('',(-22.50000004771,-11.5,1.585));
#3265 = DIRECTION('',(0.,0.,-1.));
#3266 = DIRECTION('',(9.542365120292E-07,1.,0.));
#3267 = ORIENTED_EDGE('',*,*,#3268,.T.);
#3268 = EDGE_CURVE('',#3260,#3269,#3271,.T.);
#3269 = VERTEX_POINT('',#3270);
#3270 = CARTESIAN_POINT('',(-23.5,-11.55,1.585));
#3271 = LINE('',#3272,#3273);
#3272 = CARTESIAN_POINT('',(-22.5,-11.55,1.585));
#3273 = VECTOR('',#3274,1.);
#3274 = DIRECTION('',(-1.,0.,0.));
#3275 = ORIENTED_EDGE('',*,*,#3276,.T.);
#3276 = EDGE_CURVE('',#3269,#3277,#3279,.T.);
#3277 = VERTEX_POINT('',#3278);
#3278 = CARTESIAN_POINT('',(-23.55,-11.5,1.585));
#3279 = CIRCLE('',#3280,5.000014378935E-02);
#3280 = AXIS2_PLACEMENT_3D('',#3281,#3282,#3283);
#3281 = CARTESIAN_POINT('',(-23.49999985621,-11.49999985621,1.585));
#3282 = DIRECTION('',(0.,0.,-1.));
#3283 = DIRECTION('',(-2.875774612823E-06,-0.999999999996,-0.));
#3284 = ORIENTED_EDGE('',*,*,#3285,.T.);
#3285 = EDGE_CURVE('',#3277,#3286,#3288,.T.);
#3286 = VERTEX_POINT('',#3287);
#3287 = CARTESIAN_POINT('',(-23.55,-10.4,1.585));
#3288 = LINE('',#3289,#3290);
#3289 = CARTESIAN_POINT('',(-23.55,-11.5,1.585));
#3290 = VECTOR('',#3291,1.);
#3291 = DIRECTION('',(0.,1.,0.));
#3292 = ORIENTED_EDGE('',*,*,#3293,.T.);
#3293 = EDGE_CURVE('',#3286,#3233,#3294,.T.);
#3294 = LINE('',#3295,#3296);
#3295 = CARTESIAN_POINT('',(-23.55,-10.4,1.585));
#3296 = VECTOR('',#3297,1.);
#3297 = DIRECTION('',(0.195090852695,0.980785174845,0.));
#3298 = PLANE('',#3299);
#3299 = AXIS2_PLACEMENT_3D('',#3300,#3301,#3302);
#3300 = CARTESIAN_POINT('',(0.,0.,1.585));
#3301 = DIRECTION('',(0.,0.,1.));
#3302 = DIRECTION('',(1.,0.,-0.));
#3303 = SHELL_BASED_SURFACE_MODEL('',(#3304));
#3304 = OPEN_SHELL('',(#3305));
#3305 = ADVANCED_FACE('',(#3306),#3342,.T.);
#3306 = FACE_BOUND('',#3307,.F.);
#3307 = EDGE_LOOP('',(#3308,#3319,#3327,#3336));
#3308 = ORIENTED_EDGE('',*,*,#3309,.T.);
#3309 = EDGE_CURVE('',#3310,#3312,#3314,.T.);
#3310 = VERTEX_POINT('',#3311);
#3311 = CARTESIAN_POINT('',(-22.1,-11.55,1.585));
#3312 = VERTEX_POINT('',#3313);
#3313 = CARTESIAN_POINT('',(-22.1,-11.45,1.585));
#3314 = CIRCLE('',#3315,5.000000000002E-02);
#3315 = AXIS2_PLACEMENT_3D('',#3316,#3317,#3318);
#3316 = CARTESIAN_POINT('',(-22.09999995228,-11.5,1.585));
#3317 = DIRECTION('',(0.,0.,-1.));
#3318 = DIRECTION('',(-9.542365120292E-07,-1.,-0.));
#3319 = ORIENTED_EDGE('',*,*,#3320,.T.);
#3320 = EDGE_CURVE('',#3312,#3321,#3323,.T.);
#3321 = VERTEX_POINT('',#3322);
#3322 = CARTESIAN_POINT('',(-21.,-11.45,1.585));
#3323 = LINE('',#3324,#3325);
#3324 = CARTESIAN_POINT('',(-22.1,-11.45,1.585));
#3325 = VECTOR('',#3326,1.);
#3326 = DIRECTION('',(1.,0.,0.));
#3327 = ORIENTED_EDGE('',*,*,#3328,.T.);
#3328 = EDGE_CURVE('',#3321,#3329,#3331,.T.);
#3329 = VERTEX_POINT('',#3330);
#3330 = CARTESIAN_POINT('',(-21.,-11.55,1.585));
#3331 = CIRCLE('',#3332,5.000000000002E-02);
#3332 = AXIS2_PLACEMENT_3D('',#3333,#3334,#3335);
#3333 = CARTESIAN_POINT('',(-21.00000004771,-11.5,1.585));
#3334 = DIRECTION('',(0.,0.,-1.));
#3335 = DIRECTION('',(9.542365120292E-07,1.,0.));
#3336 = ORIENTED_EDGE('',*,*,#3337,.T.);
#3337 = EDGE_CURVE('',#3329,#3310,#3338,.T.);
#3338 = LINE('',#3339,#3340);
#3339 = CARTESIAN_POINT('',(-21.,-11.55,1.585));
#3340 = VECTOR('',#3341,1.);
#3341 = DIRECTION('',(-1.,0.,0.));
#3342 = PLANE('',#3343);
#3343 = AXIS2_PLACEMENT_3D('',#3344,#3345,#3346);
#3344 = CARTESIAN_POINT('',(0.,0.,1.585));
#3345 = DIRECTION('',(0.,0.,1.));
#3346 = DIRECTION('',(1.,0.,-0.));
#3347 = SHELL_BASED_SURFACE_MODEL('',(#3348));
#3348 = OPEN_SHELL('',(#3349));
#3349 = ADVANCED_FACE('',(#3350),#3386,.T.);
#3350 = FACE_BOUND('',#3351,.F.);
#3351 = EDGE_LOOP('',(#3352,#3363,#3371,#3380));
#3352 = ORIENTED_EDGE('',*,*,#3353,.T.);
#3353 = EDGE_CURVE('',#3354,#3356,#3358,.T.);
#3354 = VERTEX_POINT('',#3355);
#3355 = CARTESIAN_POINT('',(-20.6,-11.55,1.585));
#3356 = VERTEX_POINT('',#3357);
#3357 = CARTESIAN_POINT('',(-20.6,-11.45,1.585));
#3358 = CIRCLE('',#3359,5.000000000002E-02);
#3359 = AXIS2_PLACEMENT_3D('',#3360,#3361,#3362);
#3360 = CARTESIAN_POINT('',(-20.59999995228,-11.5,1.585));
#3361 = DIRECTION('',(0.,0.,-1.));
#3362 = DIRECTION('',(-9.542365120292E-07,-1.,-0.));
#3363 = ORIENTED_EDGE('',*,*,#3364,.T.);
#3364 = EDGE_CURVE('',#3356,#3365,#3367,.T.);
#3365 = VERTEX_POINT('',#3366);
#3366 = CARTESIAN_POINT('',(-19.5,-11.45,1.585));
#3367 = LINE('',#3368,#3369);
#3368 = CARTESIAN_POINT('',(-20.6,-11.45,1.585));
#3369 = VECTOR('',#3370,1.);
#3370 = DIRECTION('',(1.,0.,0.));
#3371 = ORIENTED_EDGE('',*,*,#3372,.T.);
#3372 = EDGE_CURVE('',#3365,#3373,#3375,.T.);
#3373 = VERTEX_POINT('',#3374);
#3374 = CARTESIAN_POINT('',(-19.5,-11.55,1.585));
#3375 = CIRCLE('',#3376,5.000000000002E-02);
#3376 = AXIS2_PLACEMENT_3D('',#3377,#3378,#3379);
#3377 = CARTESIAN_POINT('',(-19.50000004771,-11.5,1.585));
#3378 = DIRECTION('',(0.,0.,-1.));
#3379 = DIRECTION('',(9.542365120292E-07,1.,0.));
#3380 = ORIENTED_EDGE('',*,*,#3381,.T.);
#3381 = EDGE_CURVE('',#3373,#3354,#3382,.T.);
#3382 = LINE('',#3383,#3384);
#3383 = CARTESIAN_POINT('',(-19.5,-11.55,1.585));
#3384 = VECTOR('',#3385,1.);
#3385 = DIRECTION('',(-1.,0.,0.));
#3386 = PLANE('',#3387);
#3387 = AXIS2_PLACEMENT_3D('',#3388,#3389,#3390);
#3388 = CARTESIAN_POINT('',(0.,0.,1.585));
#3389 = DIRECTION('',(0.,0.,1.));
#3390 = DIRECTION('',(1.,0.,-0.));
#3391 = SHELL_BASED_SURFACE_MODEL('',(#3392));
#3392 = OPEN_SHELL('',(#3393));
#3393 = ADVANCED_FACE('',(#3394),#3430,.T.);
#3394 = FACE_BOUND('',#3395,.F.);
#3395 = EDGE_LOOP('',(#3396,#3407,#3415,#3424));
#3396 = ORIENTED_EDGE('',*,*,#3397,.T.);
#3397 = EDGE_CURVE('',#3398,#3400,#3402,.T.);
#3398 = VERTEX_POINT('',#3399);
#3399 = CARTESIAN_POINT('',(-19.1,-11.55,1.585));
#3400 = VERTEX_POINT('',#3401);
#3401 = CARTESIAN_POINT('',(-19.1,-11.45,1.585));
#3402 = CIRCLE('',#3403,5.000000000002E-02);
#3403 = AXIS2_PLACEMENT_3D('',#3404,#3405,#3406);
#3404 = CARTESIAN_POINT('',(-19.09999995228,-11.5,1.585));
#3405 = DIRECTION('',(0.,0.,-1.));
#3406 = DIRECTION('',(-9.542365120292E-07,-1.,-0.));
#3407 = ORIENTED_EDGE('',*,*,#3408,.T.);
#3408 = EDGE_CURVE('',#3400,#3409,#3411,.T.);
#3409 = VERTEX_POINT('',#3410);
#3410 = CARTESIAN_POINT('',(-18.,-11.45,1.585));
#3411 = LINE('',#3412,#3413);
#3412 = CARTESIAN_POINT('',(-19.1,-11.45,1.585));
#3413 = VECTOR('',#3414,1.);
#3414 = DIRECTION('',(1.,0.,0.));
#3415 = ORIENTED_EDGE('',*,*,#3416,.T.);
#3416 = EDGE_CURVE('',#3409,#3417,#3419,.T.);
#3417 = VERTEX_POINT('',#3418);
#3418 = CARTESIAN_POINT('',(-18.,-11.55,1.585));
#3419 = CIRCLE('',#3420,5.000000000002E-02);
#3420 = AXIS2_PLACEMENT_3D('',#3421,#3422,#3423);
#3421 = CARTESIAN_POINT('',(-18.00000004771,-11.5,1.585));
#3422 = DIRECTION('',(0.,0.,-1.));
#3423 = DIRECTION('',(9.542365120292E-07,1.,0.));
#3424 = ORIENTED_EDGE('',*,*,#3425,.T.);
#3425 = EDGE_CURVE('',#3417,#3398,#3426,.T.);
#3426 = LINE('',#3427,#3428);
#3427 = CARTESIAN_POINT('',(-18.,-11.55,1.585));
#3428 = VECTOR('',#3429,1.);
#3429 = DIRECTION('',(-1.,0.,0.));
#3430 = PLANE('',#3431);
#3431 = AXIS2_PLACEMENT_3D('',#3432,#3433,#3434);
#3432 = CARTESIAN_POINT('',(0.,0.,1.585));
#3433 = DIRECTION('',(0.,0.,1.));
#3434 = DIRECTION('',(1.,0.,-0.));
#3435 = SHELL_BASED_SURFACE_MODEL('',(#3436));
#3436 = OPEN_SHELL('',(#3437));
#3437 = ADVANCED_FACE('',(#3438),#3474,.T.);
#3438 = FACE_BOUND('',#3439,.F.);
#3439 = EDGE_LOOP('',(#3440,#3451,#3459,#3468));
#3440 = ORIENTED_EDGE('',*,*,#3441,.T.);
#3441 = EDGE_CURVE('',#3442,#3444,#3446,.T.);
#3442 = VERTEX_POINT('',#3443);
#3443 = CARTESIAN_POINT('',(-17.6,-11.55,1.585));
#3444 = VERTEX_POINT('',#3445);
#3445 = CARTESIAN_POINT('',(-17.6,-11.45,1.585));
#3446 = CIRCLE('',#3447,5.000000000002E-02);
#3447 = AXIS2_PLACEMENT_3D('',#3448,#3449,#3450);
#3448 = CARTESIAN_POINT('',(-17.59999995228,-11.5,1.585));
#3449 = DIRECTION('',(0.,0.,-1.));
#3450 = DIRECTION('',(-9.542365120292E-07,-1.,-0.));
#3451 = ORIENTED_EDGE('',*,*,#3452,.T.);
#3452 = EDGE_CURVE('',#3444,#3453,#3455,.T.);
#3453 = VERTEX_POINT('',#3454);
#3454 = CARTESIAN_POINT('',(-16.5,-11.45,1.585));
#3455 = LINE('',#3456,#3457);
#3456 = CARTESIAN_POINT('',(-17.6,-11.45,1.585));
#3457 = VECTOR('',#3458,1.);
#3458 = DIRECTION('',(1.,0.,0.));
#3459 = ORIENTED_EDGE('',*,*,#3460,.T.);
#3460 = EDGE_CURVE('',#3453,#3461,#3463,.T.);
#3461 = VERTEX_POINT('',#3462);
#3462 = CARTESIAN_POINT('',(-16.5,-11.55,1.585));
#3463 = CIRCLE('',#3464,5.000000000002E-02);
#3464 = AXIS2_PLACEMENT_3D('',#3465,#3466,#3467);
#3465 = CARTESIAN_POINT('',(-16.50000004771,-11.5,1.585));
#3466 = DIRECTION('',(0.,0.,-1.));
#3467 = DIRECTION('',(9.542365120292E-07,1.,0.));
#3468 = ORIENTED_EDGE('',*,*,#3469,.T.);
#3469 = EDGE_CURVE('',#3461,#3442,#3470,.T.);
#3470 = LINE('',#3471,#3472);
#3471 = CARTESIAN_POINT('',(-16.5,-11.55,1.585));
#3472 = VECTOR('',#3473,1.);
#3473 = DIRECTION('',(-1.,0.,0.));
#3474 = PLANE('',#3475);
#3475 = AXIS2_PLACEMENT_3D('',#3476,#3477,#3478);
#3476 = CARTESIAN_POINT('',(0.,0.,1.585));
#3477 = DIRECTION('',(0.,0.,1.));
#3478 = DIRECTION('',(1.,0.,-0.));
#3479 = SHELL_BASED_SURFACE_MODEL('',(#3480));
#3480 = OPEN_SHELL('',(#3481));
#3481 = ADVANCED_FACE('',(#3482),#3518,.T.);
#3482 = FACE_BOUND('',#3483,.F.);
#3483 = EDGE_LOOP('',(#3484,#3495,#3503,#3512));
#3484 = ORIENTED_EDGE('',*,*,#3485,.T.);
#3485 = EDGE_CURVE('',#3486,#3488,#3490,.T.);
#3486 = VERTEX_POINT('',#3487);
#3487 = CARTESIAN_POINT('',(-16.1,-11.55,1.585));
#3488 = VERTEX_POINT('',#3489);
#3489 = CARTESIAN_POINT('',(-16.1,-11.45,1.585));
#3490 = CIRCLE('',#3491,5.000000000002E-02);
#3491 = AXIS2_PLACEMENT_3D('',#3492,#3493,#3494);
#3492 = CARTESIAN_POINT('',(-16.09999995228,-11.5,1.585));
#3493 = DIRECTION('',(0.,0.,-1.));
#3494 = DIRECTION('',(-9.542365120292E-07,-1.,-0.));
#3495 = ORIENTED_EDGE('',*,*,#3496,.T.);
#3496 = EDGE_CURVE('',#3488,#3497,#3499,.T.);
#3497 = VERTEX_POINT('',#3498);
#3498 = CARTESIAN_POINT('',(-15.,-11.45,1.585));
#3499 = LINE('',#3500,#3501);
#3500 = CARTESIAN_POINT('',(-16.1,-11.45,1.585));
#3501 = VECTOR('',#3502,1.);
#3502 = DIRECTION('',(1.,0.,0.));
#3503 = ORIENTED_EDGE('',*,*,#3504,.T.);
#3504 = EDGE_CURVE('',#3497,#3505,#3507,.T.);
#3505 = VERTEX_POINT('',#3506);
#3506 = CARTESIAN_POINT('',(-15.,-11.55,1.585));
#3507 = CIRCLE('',#3508,5.000000000002E-02);
#3508 = AXIS2_PLACEMENT_3D('',#3509,#3510,#3511);
#3509 = CARTESIAN_POINT('',(-15.00000004771,-11.5,1.585));
#3510 = DIRECTION('',(0.,0.,-1.));
#3511 = DIRECTION('',(9.542365120292E-07,1.,0.));
#3512 = ORIENTED_EDGE('',*,*,#3513,.T.);
#3513 = EDGE_CURVE('',#3505,#3486,#3514,.T.);
#3514 = LINE('',#3515,#3516);
#3515 = CARTESIAN_POINT('',(-15.,-11.55,1.585));
#3516 = VECTOR('',#3517,1.);
#3517 = DIRECTION('',(-1.,0.,0.));
#3518 = PLANE('',#3519);
#3519 = AXIS2_PLACEMENT_3D('',#3520,#3521,#3522);
#3520 = CARTESIAN_POINT('',(0.,0.,1.585));
#3521 = DIRECTION('',(0.,0.,1.));
#3522 = DIRECTION('',(1.,0.,-0.));
#3523 = SHELL_BASED_SURFACE_MODEL('',(#3524));
#3524 = OPEN_SHELL('',(#3525));
#3525 = ADVANCED_FACE('',(#3526),#3595,.T.);
#3526 = FACE_BOUND('',#3527,.F.);
#3527 = EDGE_LOOP('',(#3528,#3539,#3547,#3556,#3564,#3573,#3581,#3589));
#3528 = ORIENTED_EDGE('',*,*,#3529,.T.);
#3529 = EDGE_CURVE('',#3530,#3532,#3534,.T.);
#3530 = VERTEX_POINT('',#3531);
#3531 = CARTESIAN_POINT('',(-13.546194,-10.480866,1.585));
#3532 = VERTEX_POINT('',#3533);
#3533 = CARTESIAN_POINT('',(-13.45,-10.5,1.585));
#3534 = CIRCLE('',#3535,4.999998452109E-02);
#3535 = AXIS2_PLACEMENT_3D('',#3536,#3537,#3538);
#3536 = CARTESIAN_POINT('',(-13.49999998452,-10.50000003736,1.585));
#3537 = DIRECTION('',(0.,0.,-1.));
#3538 = DIRECTION('',(-0.923880595592,0.382680865851,0.));
#3539 = ORIENTED_EDGE('',*,*,#3540,.T.);
#3540 = EDGE_CURVE('',#3532,#3541,#3543,.T.);
#3541 = VERTEX_POINT('',#3542);
#3542 = CARTESIAN_POINT('',(-13.45,-11.5,1.585));
#3543 = LINE('',#3544,#3545);
#3544 = CARTESIAN_POINT('',(-13.45,-10.5,1.585));
#3545 = VECTOR('',#3546,1.);
#3546 = DIRECTION('',(0.,-1.,0.));
#3547 = ORIENTED_EDGE('',*,*,#3548,.T.);
#3548 = EDGE_CURVE('',#3541,#3549,#3551,.T.);
#3549 = VERTEX_POINT('',#3550);
#3550 = CARTESIAN_POINT('',(-13.5,-11.55,1.585));
#3551 = CIRCLE('',#3552,5.000014378935E-02);
#3552 = AXIS2_PLACEMENT_3D('',#3553,#3554,#3555);
#3553 = CARTESIAN_POINT('',(-13.50000014378,-11.49999985621,1.585));
#3554 = DIRECTION('',(0.,0.,-1.));
#3555 = DIRECTION('',(0.999999999996,-2.87577464835E-06,0.));
#3556 = ORIENTED_EDGE('',*,*,#3557,.T.);
#3557 = EDGE_CURVE('',#3549,#3558,#3560,.T.);
#3558 = VERTEX_POINT('',#3559);
#3559 = CARTESIAN_POINT('',(-14.6,-11.55,1.585));
#3560 = LINE('',#3561,#3562);
#3561 = CARTESIAN_POINT('',(-13.5,-11.55,1.585));
#3562 = VECTOR('',#3563,1.);
#3563 = DIRECTION('',(-1.,0.,0.));
#3564 = ORIENTED_EDGE('',*,*,#3565,.T.);
#3565 = EDGE_CURVE('',#3558,#3566,#3568,.T.);
#3566 = VERTEX_POINT('',#3567);
#3567 = CARTESIAN_POINT('',(-14.6,-11.45,1.585));
#3568 = CIRCLE('',#3569,5.000000000002E-02);
#3569 = AXIS2_PLACEMENT_3D('',#3570,#3571,#3572);
#3570 = CARTESIAN_POINT('',(-14.59999995228,-11.5,1.585));
#3571 = DIRECTION('',(0.,0.,-1.));
#3572 = DIRECTION('',(-9.542365120292E-07,-1.,-0.));
#3573 = ORIENTED_EDGE('',*,*,#3574,.T.);
#3574 = EDGE_CURVE('',#3566,#3575,#3577,.T.);
#3575 = VERTEX_POINT('',#3576);
#3576 = CARTESIAN_POINT('',(-13.55,-11.45,1.585));
#3577 = LINE('',#3578,#3579);
#3578 = CARTESIAN_POINT('',(-14.6,-11.45,1.585));
#3579 = VECTOR('',#3580,1.);
#3580 = DIRECTION('',(1.,0.,0.));
#3581 = ORIENTED_EDGE('',*,*,#3582,.T.);
#3582 = EDGE_CURVE('',#3575,#3583,#3585,.T.);
#3583 = VERTEX_POINT('',#3584);
#3584 = CARTESIAN_POINT('',(-13.55,-10.5,1.585));
#3585 = LINE('',#3586,#3587);
#3586 = CARTESIAN_POINT('',(-13.55,-11.45,1.585));
#3587 = VECTOR('',#3588,1.);
#3588 = DIRECTION('',(0.,1.,0.));
#3589 = ORIENTED_EDGE('',*,*,#3590,.T.);
#3590 = EDGE_CURVE('',#3583,#3530,#3591,.T.);
#3591 = LINE('',#3592,#3593);
#3592 = CARTESIAN_POINT('',(-13.55,-10.5,1.585));
#3593 = VECTOR('',#3594,1.);
#3594 = DIRECTION('',(0.195090852695,0.980785174845,0.));
#3595 = PLANE('',#3596);
#3596 = AXIS2_PLACEMENT_3D('',#3597,#3598,#3599);
#3597 = CARTESIAN_POINT('',(0.,0.,1.585));
#3598 = DIRECTION('',(0.,0.,1.));
#3599 = DIRECTION('',(1.,0.,-0.));
#3600 = SHELL_BASED_SURFACE_MODEL('',(#3601));
#3601 = OPEN_SHELL('',(#3602));
#3602 = ADVANCED_FACE('',(#3603),#3672,.T.);
#3603 = FACE_BOUND('',#3604,.F.);
#3604 = EDGE_LOOP('',(#3605,#3616,#3624,#3632,#3641,#3649,#3658,#3666));
#3605 = ORIENTED_EDGE('',*,*,#3606,.T.);
#3606 = EDGE_CURVE('',#3607,#3609,#3611,.T.);
#3607 = VERTEX_POINT('',#3608);
#3608 = CARTESIAN_POINT('',(-4.546194,-10.380866,1.585));
#3609 = VERTEX_POINT('',#3610);
#3610 = CARTESIAN_POINT('',(-4.45,-10.4,1.585));
#3611 = CIRCLE('',#3612,4.999998452109E-02);
#3612 = AXIS2_PLACEMENT_3D('',#3613,#3614,#3615);
#3613 = CARTESIAN_POINT('',(-4.499999984521,-10.40000003736,1.585));
#3614 = DIRECTION('',(0.,0.,-1.));
#3615 = DIRECTION('',(-0.923880595592,0.382680865851,0.));
#3616 = ORIENTED_EDGE('',*,*,#3617,.T.);
#3617 = EDGE_CURVE('',#3609,#3618,#3620,.T.);
#3618 = VERTEX_POINT('',#3619);
#3619 = CARTESIAN_POINT('',(-4.45,-11.45,1.585));
#3620 = LINE('',#3621,#3622);
#3621 = CARTESIAN_POINT('',(-4.45,-10.4,1.585));
#3622 = VECTOR('',#3623,1.);
#3623 = DIRECTION('',(0.,-1.,0.));
#3624 = ORIENTED_EDGE('',*,*,#3625,.T.);
#3625 = EDGE_CURVE('',#3618,#3626,#3628,.T.);
#3626 = VERTEX_POINT('',#3627);
#3627 = CARTESIAN_POINT('',(-3.5,-11.45,1.585));
#3628 = LINE('',#3629,#3630);
#3629 = CARTESIAN_POINT('',(-4.45,-11.45,1.585));
#3630 = VECTOR('',#3631,1.);
#3631 = DIRECTION('',(1.,0.,0.));
#3632 = ORIENTED_EDGE('',*,*,#3633,.T.);
#3633 = EDGE_CURVE('',#3626,#3634,#3636,.T.);
#3634 = VERTEX_POINT('',#3635);
#3635 = CARTESIAN_POINT('',(-3.5,-11.55,1.585));
#3636 = CIRCLE('',#3637,5.000000000002E-02);
#3637 = AXIS2_PLACEMENT_3D('',#3638,#3639,#3640);
#3638 = CARTESIAN_POINT('',(-3.500000047712,-11.5,1.585));
#3639 = DIRECTION('',(0.,0.,-1.));
#3640 = DIRECTION('',(9.542365031474E-07,1.,0.));
#3641 = ORIENTED_EDGE('',*,*,#3642,.T.);
#3642 = EDGE_CURVE('',#3634,#3643,#3645,.T.);
#3643 = VERTEX_POINT('',#3644);
#3644 = CARTESIAN_POINT('',(-4.5,-11.55,1.585));
#3645 = LINE('',#3646,#3647);
#3646 = CARTESIAN_POINT('',(-3.5,-11.55,1.585));
#3647 = VECTOR('',#3648,1.);
#3648 = DIRECTION('',(-1.,0.,0.));
#3649 = ORIENTED_EDGE('',*,*,#3650,.T.);
#3650 = EDGE_CURVE('',#3643,#3651,#3653,.T.);
#3651 = VERTEX_POINT('',#3652);
#3652 = CARTESIAN_POINT('',(-4.55,-11.5,1.585));
#3653 = CIRCLE('',#3654,5.000014378935E-02);
#3654 = AXIS2_PLACEMENT_3D('',#3655,#3656,#3657);
#3655 = CARTESIAN_POINT('',(-4.499999856211,-11.49999985621,1.585));
#3656 = DIRECTION('',(0.,0.,-1.));
#3657 = DIRECTION('',(-2.87577464835E-06,-0.999999999996,-0.));
#3658 = ORIENTED_EDGE('',*,*,#3659,.T.);
#3659 = EDGE_CURVE('',#3651,#3660,#3662,.T.);
#3660 = VERTEX_POINT('',#3661);
#3661 = CARTESIAN_POINT('',(-4.55,-10.4,1.585));
#3662 = LINE('',#3663,#3664);
#3663 = CARTESIAN_POINT('',(-4.55,-11.5,1.585));
#3664 = VECTOR('',#3665,1.);
#3665 = DIRECTION('',(0.,1.,0.));
#3666 = ORIENTED_EDGE('',*,*,#3667,.T.);
#3667 = EDGE_CURVE('',#3660,#3607,#3668,.T.);
#3668 = LINE('',#3669,#3670);
#3669 = CARTESIAN_POINT('',(-4.55,-10.4,1.585));
#3670 = VECTOR('',#3671,1.);
#3671 = DIRECTION('',(0.195090852695,0.980785174845,0.));
#3672 = PLANE('',#3673);
#3673 = AXIS2_PLACEMENT_3D('',#3674,#3675,#3676);
#3674 = CARTESIAN_POINT('',(0.,0.,1.585));
#3675 = DIRECTION('',(0.,0.,1.));
#3676 = DIRECTION('',(1.,0.,-0.));
#3677 = SHELL_BASED_SURFACE_MODEL('',(#3678));
#3678 = OPEN_SHELL('',(#3679));
#3679 = ADVANCED_FACE('',(#3680),#3716,.T.);
#3680 = FACE_BOUND('',#3681,.F.);
#3681 = EDGE_LOOP('',(#3682,#3693,#3701,#3710));
#3682 = ORIENTED_EDGE('',*,*,#3683,.T.);
#3683 = EDGE_CURVE('',#3684,#3686,#3688,.T.);
#3684 = VERTEX_POINT('',#3685);
#3685 = CARTESIAN_POINT('',(-3.1,-11.55,1.585));
#3686 = VERTEX_POINT('',#3687);
#3687 = CARTESIAN_POINT('',(-3.1,-11.45,1.585));
#3688 = CIRCLE('',#3689,5.000000000002E-02);
#3689 = AXIS2_PLACEMENT_3D('',#3690,#3691,#3692);
#3690 = CARTESIAN_POINT('',(-3.099999952288,-11.5,1.585));
#3691 = DIRECTION('',(0.,0.,-1.));
#3692 = DIRECTION('',(-9.542365031474E-07,-1.,-0.));
#3693 = ORIENTED_EDGE('',*,*,#3694,.T.);
#3694 = EDGE_CURVE('',#3686,#3695,#3697,.T.);
#3695 = VERTEX_POINT('',#3696);
#3696 = CARTESIAN_POINT('',(-2.,-11.45,1.585));
#3697 = LINE('',#3698,#3699);
#3698 = CARTESIAN_POINT('',(-3.1,-11.45,1.585));
#3699 = VECTOR('',#3700,1.);
#3700 = DIRECTION('',(1.,0.,0.));
#3701 = ORIENTED_EDGE('',*,*,#3702,.T.);
#3702 = EDGE_CURVE('',#3695,#3703,#3705,.T.);
#3703 = VERTEX_POINT('',#3704);
#3704 = CARTESIAN_POINT('',(-2.,-11.55,1.585));
#3705 = CIRCLE('',#3706,5.000000000002E-02);
#3706 = AXIS2_PLACEMENT_3D('',#3707,#3708,#3709);
#3707 = CARTESIAN_POINT('',(-2.000000047712,-11.5,1.585));
#3708 = DIRECTION('',(0.,0.,-1.));
#3709 = DIRECTION('',(9.542365031474E-07,1.,0.));
#3710 = ORIENTED_EDGE('',*,*,#3711,.T.);
#3711 = EDGE_CURVE('',#3703,#3684,#3712,.T.);
#3712 = LINE('',#3713,#3714);
#3713 = CARTESIAN_POINT('',(-2.,-11.55,1.585));
#3714 = VECTOR('',#3715,1.);
#3715 = DIRECTION('',(-1.,0.,0.));
#3716 = PLANE('',#3717);
#3717 = AXIS2_PLACEMENT_3D('',#3718,#3719,#3720);
#3718 = CARTESIAN_POINT('',(0.,0.,1.585));
#3719 = DIRECTION('',(0.,0.,1.));
#3720 = DIRECTION('',(1.,0.,-0.));
#3721 = SHELL_BASED_SURFACE_MODEL('',(#3722));
#3722 = OPEN_SHELL('',(#3723));
#3723 = ADVANCED_FACE('',(#3724),#3760,.T.);
#3724 = FACE_BOUND('',#3725,.F.);
#3725 = EDGE_LOOP('',(#3726,#3737,#3745,#3754));
#3726 = ORIENTED_EDGE('',*,*,#3727,.T.);
#3727 = EDGE_CURVE('',#3728,#3730,#3732,.T.);
#3728 = VERTEX_POINT('',#3729);
#3729 = CARTESIAN_POINT('',(-1.6,-11.55,1.585));
#3730 = VERTEX_POINT('',#3731);
#3731 = CARTESIAN_POINT('',(-1.6,-11.45,1.585));
#3732 = CIRCLE('',#3733,5.000000000002E-02);
#3733 = AXIS2_PLACEMENT_3D('',#3734,#3735,#3736);
#3734 = CARTESIAN_POINT('',(-1.599999952288,-11.5,1.585));
#3735 = DIRECTION('',(0.,0.,-1.));
#3736 = DIRECTION('',(-9.542365031474E-07,-1.,-0.));
#3737 = ORIENTED_EDGE('',*,*,#3738,.T.);
#3738 = EDGE_CURVE('',#3730,#3739,#3741,.T.);
#3739 = VERTEX_POINT('',#3740);
#3740 = CARTESIAN_POINT('',(-0.5,-11.45,1.585));
#3741 = LINE('',#3742,#3743);
#3742 = CARTESIAN_POINT('',(-1.6,-11.45,1.585));
#3743 = VECTOR('',#3744,1.);
#3744 = DIRECTION('',(1.,0.,0.));
#3745 = ORIENTED_EDGE('',*,*,#3746,.T.);
#3746 = EDGE_CURVE('',#3739,#3747,#3749,.T.);
#3747 = VERTEX_POINT('',#3748);
#3748 = CARTESIAN_POINT('',(-0.5,-11.55,1.585));
#3749 = CIRCLE('',#3750,5.000000000002E-02);
#3750 = AXIS2_PLACEMENT_3D('',#3751,#3752,#3753);
#3751 = CARTESIAN_POINT('',(-0.500000047712,-11.5,1.585));
#3752 = DIRECTION('',(0.,0.,-1.));
#3753 = DIRECTION('',(9.54236500927E-07,1.,0.));
#3754 = ORIENTED_EDGE('',*,*,#3755,.T.);
#3755 = EDGE_CURVE('',#3747,#3728,#3756,.T.);
#3756 = LINE('',#3757,#3758);
#3757 = CARTESIAN_POINT('',(-0.5,-11.55,1.585));
#3758 = VECTOR('',#3759,1.);
#3759 = DIRECTION('',(-1.,0.,0.));
#3760 = PLANE('',#3761);
#3761 = AXIS2_PLACEMENT_3D('',#3762,#3763,#3764);
#3762 = CARTESIAN_POINT('',(0.,0.,1.585));
#3763 = DIRECTION('',(0.,0.,1.));
#3764 = DIRECTION('',(1.,0.,-0.));
#3765 = SHELL_BASED_SURFACE_MODEL('',(#3766));
#3766 = OPEN_SHELL('',(#3767));
#3767 = ADVANCED_FACE('',(#3768),#3804,.T.);
#3768 = FACE_BOUND('',#3769,.F.);
#3769 = EDGE_LOOP('',(#3770,#3781,#3789,#3798));
#3770 = ORIENTED_EDGE('',*,*,#3771,.T.);
#3771 = EDGE_CURVE('',#3772,#3774,#3776,.T.);
#3772 = VERTEX_POINT('',#3773);
#3773 = CARTESIAN_POINT('',(-0.1,-11.55,1.585));
#3774 = VERTEX_POINT('',#3775);
#3775 = CARTESIAN_POINT('',(-0.1,-11.45,1.585));
#3776 = CIRCLE('',#3777,5.000000000002E-02);
#3777 = AXIS2_PLACEMENT_3D('',#3778,#3779,#3780);
#3778 = CARTESIAN_POINT('',(-9.999995228817E-02,-11.5,1.585));
#3779 = DIRECTION('',(0.,0.,-1.));
#3780 = DIRECTION('',(-9.542365023147E-07,-1.,-0.));
#3781 = ORIENTED_EDGE('',*,*,#3782,.T.);
#3782 = EDGE_CURVE('',#3774,#3783,#3785,.T.);
#3783 = VERTEX_POINT('',#3784);
#3784 = CARTESIAN_POINT('',(1.,-11.45,1.585));
#3785 = LINE('',#3786,#3787);
#3786 = CARTESIAN_POINT('',(-0.1,-11.45,1.585));
#3787 = VECTOR('',#3788,1.);
#3788 = DIRECTION('',(1.,0.,0.));
#3789 = ORIENTED_EDGE('',*,*,#3790,.T.);
#3790 = EDGE_CURVE('',#3783,#3791,#3793,.T.);
#3791 = VERTEX_POINT('',#3792);
#3792 = CARTESIAN_POINT('',(1.,-11.55,1.585));
#3793 = CIRCLE('',#3794,5.000000000002E-02);
#3794 = AXIS2_PLACEMENT_3D('',#3795,#3796,#3797);
#3795 = CARTESIAN_POINT('',(0.999999952288,-11.5,1.585));
#3796 = DIRECTION('',(0.,0.,-1.));
#3797 = DIRECTION('',(9.542365031474E-07,1.,0.));
#3798 = ORIENTED_EDGE('',*,*,#3799,.T.);
#3799 = EDGE_CURVE('',#3791,#3772,#3800,.T.);
#3800 = LINE('',#3801,#3802);
#3801 = CARTESIAN_POINT('',(1.,-11.55,1.585));
#3802 = VECTOR('',#3803,1.);
#3803 = DIRECTION('',(-1.,0.,0.));
#3804 = PLANE('',#3805);
#3805 = AXIS2_PLACEMENT_3D('',#3806,#3807,#3808);
#3806 = CARTESIAN_POINT('',(0.,0.,1.585));
#3807 = DIRECTION('',(0.,0.,1.));
#3808 = DIRECTION('',(1.,0.,-0.));
#3809 = SHELL_BASED_SURFACE_MODEL('',(#3810));
#3810 = OPEN_SHELL('',(#3811));
#3811 = ADVANCED_FACE('',(#3812),#3848,.T.);
#3812 = FACE_BOUND('',#3813,.F.);
#3813 = EDGE_LOOP('',(#3814,#3825,#3833,#3842));
#3814 = ORIENTED_EDGE('',*,*,#3815,.T.);
#3815 = EDGE_CURVE('',#3816,#3818,#3820,.T.);
#3816 = VERTEX_POINT('',#3817);
#3817 = CARTESIAN_POINT('',(1.4,-11.55,1.585));
#3818 = VERTEX_POINT('',#3819);
#3819 = CARTESIAN_POINT('',(1.4,-11.45,1.585));
#3820 = CIRCLE('',#3821,5.000000000002E-02);
#3821 = AXIS2_PLACEMENT_3D('',#3822,#3823,#3824);
#3822 = CARTESIAN_POINT('',(1.400000047712,-11.5,1.585));
#3823 = DIRECTION('',(0.,0.,-1.));
#3824 = DIRECTION('',(-9.542365031474E-07,-1.,-0.));
#3825 = ORIENTED_EDGE('',*,*,#3826,.T.);
#3826 = EDGE_CURVE('',#3818,#3827,#3829,.T.);
#3827 = VERTEX_POINT('',#3828);
#3828 = CARTESIAN_POINT('',(2.5,-11.45,1.585));
#3829 = LINE('',#3830,#3831);
#3830 = CARTESIAN_POINT('',(1.4,-11.45,1.585));
#3831 = VECTOR('',#3832,1.);
#3832 = DIRECTION('',(1.,0.,0.));
#3833 = ORIENTED_EDGE('',*,*,#3834,.T.);
#3834 = EDGE_CURVE('',#3827,#3835,#3837,.T.);
#3835 = VERTEX_POINT('',#3836);
#3836 = CARTESIAN_POINT('',(2.5,-11.55,1.585));
#3837 = CIRCLE('',#3838,5.000000000002E-02);
#3838 = AXIS2_PLACEMENT_3D('',#3839,#3840,#3841);
#3839 = CARTESIAN_POINT('',(2.499999952288,-11.5,1.585));
#3840 = DIRECTION('',(0.,0.,-1.));
#3841 = DIRECTION('',(9.542365031474E-07,1.,0.));
#3842 = ORIENTED_EDGE('',*,*,#3843,.T.);
#3843 = EDGE_CURVE('',#3835,#3816,#3844,.T.);
#3844 = LINE('',#3845,#3846);
#3845 = CARTESIAN_POINT('',(2.5,-11.55,1.585));
#3846 = VECTOR('',#3847,1.);
#3847 = DIRECTION('',(-1.,0.,0.));
#3848 = PLANE('',#3849);
#3849 = AXIS2_PLACEMENT_3D('',#3850,#3851,#3852);
#3850 = CARTESIAN_POINT('',(0.,0.,1.585));
#3851 = DIRECTION('',(0.,0.,1.));
#3852 = DIRECTION('',(1.,0.,-0.));
#3853 = SHELL_BASED_SURFACE_MODEL('',(#3854));
#3854 = OPEN_SHELL('',(#3855));
#3855 = ADVANCED_FACE('',(#3856),#3892,.T.);
#3856 = FACE_BOUND('',#3857,.F.);
#3857 = EDGE_LOOP('',(#3858,#3869,#3877,#3886));
#3858 = ORIENTED_EDGE('',*,*,#3859,.T.);
#3859 = EDGE_CURVE('',#3860,#3862,#3864,.T.);
#3860 = VERTEX_POINT('',#3861);
#3861 = CARTESIAN_POINT('',(2.9,-11.55,1.585));
#3862 = VERTEX_POINT('',#3863);
#3863 = CARTESIAN_POINT('',(2.9,-11.45,1.585));
#3864 = CIRCLE('',#3865,5.000000000002E-02);
#3865 = AXIS2_PLACEMENT_3D('',#3866,#3867,#3868);
#3866 = CARTESIAN_POINT('',(2.900000047712,-11.5,1.585));
#3867 = DIRECTION('',(0.,0.,-1.));
#3868 = DIRECTION('',(-9.542365031474E-07,-1.,-0.));
#3869 = ORIENTED_EDGE('',*,*,#3870,.T.);
#3870 = EDGE_CURVE('',#3862,#3871,#3873,.T.);
#3871 = VERTEX_POINT('',#3872);
#3872 = CARTESIAN_POINT('',(4.,-11.45,1.585));
#3873 = LINE('',#3874,#3875);
#3874 = CARTESIAN_POINT('',(2.9,-11.45,1.585));
#3875 = VECTOR('',#3876,1.);
#3876 = DIRECTION('',(1.,0.,0.));
#3877 = ORIENTED_EDGE('',*,*,#3878,.T.);
#3878 = EDGE_CURVE('',#3871,#3879,#3881,.T.);
#3879 = VERTEX_POINT('',#3880);
#3880 = CARTESIAN_POINT('',(4.,-11.55,1.585));
#3881 = CIRCLE('',#3882,5.000000000002E-02);
#3882 = AXIS2_PLACEMENT_3D('',#3883,#3884,#3885);
#3883 = CARTESIAN_POINT('',(3.999999952288,-11.5,1.585));
#3884 = DIRECTION('',(0.,0.,-1.));
#3885 = DIRECTION('',(9.542365031474E-07,1.,0.));
#3886 = ORIENTED_EDGE('',*,*,#3887,.T.);
#3887 = EDGE_CURVE('',#3879,#3860,#3888,.T.);
#3888 = LINE('',#3889,#3890);
#3889 = CARTESIAN_POINT('',(4.,-11.55,1.585));
#3890 = VECTOR('',#3891,1.);
#3891 = DIRECTION('',(-1.,0.,0.));
#3892 = PLANE('',#3893);
#3893 = AXIS2_PLACEMENT_3D('',#3894,#3895,#3896);
#3894 = CARTESIAN_POINT('',(0.,0.,1.585));
#3895 = DIRECTION('',(0.,0.,1.));
#3896 = DIRECTION('',(1.,0.,-0.));
#3897 = SHELL_BASED_SURFACE_MODEL('',(#3898));
#3898 = OPEN_SHELL('',(#3899));
#3899 = ADVANCED_FACE('',(#3900),#3969,.T.);
#3900 = FACE_BOUND('',#3901,.F.);
#3901 = EDGE_LOOP('',(#3902,#3913,#3921,#3930,#3938,#3947,#3955,#3963));
#3902 = ORIENTED_EDGE('',*,*,#3903,.T.);
#3903 = EDGE_CURVE('',#3904,#3906,#3908,.T.);
#3904 = VERTEX_POINT('',#3905);
#3905 = CARTESIAN_POINT('',(5.453806,-10.480866,1.585));
#3906 = VERTEX_POINT('',#3907);
#3907 = CARTESIAN_POINT('',(5.55,-10.5,1.585));
#3908 = CIRCLE('',#3909,4.999998452109E-02);
#3909 = AXIS2_PLACEMENT_3D('',#3910,#3911,#3912);
#3910 = CARTESIAN_POINT('',(5.500000015479,-10.50000003736,1.585));
#3911 = DIRECTION('',(0.,0.,-1.));
#3912 = DIRECTION('',(-0.923880595592,0.382680865851,0.));
#3913 = ORIENTED_EDGE('',*,*,#3914,.T.);
#3914 = EDGE_CURVE('',#3906,#3915,#3917,.T.);
#3915 = VERTEX_POINT('',#3916);
#3916 = CARTESIAN_POINT('',(5.55,-11.5,1.585));
#3917 = LINE('',#3918,#3919);
#3918 = CARTESIAN_POINT('',(5.55,-10.5,1.585));
#3919 = VECTOR('',#3920,1.);
#3920 = DIRECTION('',(0.,-1.,0.));
#3921 = ORIENTED_EDGE('',*,*,#3922,.T.);
#3922 = EDGE_CURVE('',#3915,#3923,#3925,.T.);
#3923 = VERTEX_POINT('',#3924);
#3924 = CARTESIAN_POINT('',(5.5,-11.55,1.585));
#3925 = CIRCLE('',#3926,5.000014378935E-02);
#3926 = AXIS2_PLACEMENT_3D('',#3927,#3928,#3929);
#3927 = CARTESIAN_POINT('',(5.499999856211,-11.49999985621,1.585));
#3928 = DIRECTION('',(0.,0.,-1.));
#3929 = DIRECTION('',(0.999999999996,-2.875774612823E-06,0.));
#3930 = ORIENTED_EDGE('',*,*,#3931,.T.);
#3931 = EDGE_CURVE('',#3923,#3932,#3934,.T.);
#3932 = VERTEX_POINT('',#3933);
#3933 = CARTESIAN_POINT('',(4.4,-11.55,1.585));
#3934 = LINE('',#3935,#3936);
#3935 = CARTESIAN_POINT('',(5.5,-11.55,1.585));
#3936 = VECTOR('',#3937,1.);
#3937 = DIRECTION('',(-1.,0.,0.));
#3938 = ORIENTED_EDGE('',*,*,#3939,.T.);
#3939 = EDGE_CURVE('',#3932,#3940,#3942,.T.);
#3940 = VERTEX_POINT('',#3941);
#3941 = CARTESIAN_POINT('',(4.4,-11.45,1.585));
#3942 = CIRCLE('',#3943,5.000000000002E-02);
#3943 = AXIS2_PLACEMENT_3D('',#3944,#3945,#3946);
#3944 = CARTESIAN_POINT('',(4.400000047712,-11.5,1.585));
#3945 = DIRECTION('',(0.,0.,-1.));
#3946 = DIRECTION('',(-9.542364942656E-07,-1.,-0.));
#3947 = ORIENTED_EDGE('',*,*,#3948,.T.);
#3948 = EDGE_CURVE('',#3940,#3949,#3951,.T.);
#3949 = VERTEX_POINT('',#3950);
#3950 = CARTESIAN_POINT('',(5.45,-11.45,1.585));
#3951 = LINE('',#3952,#3953);
#3952 = CARTESIAN_POINT('',(4.4,-11.45,1.585));
#3953 = VECTOR('',#3954,1.);
#3954 = DIRECTION('',(1.,0.,0.));
#3955 = ORIENTED_EDGE('',*,*,#3956,.T.);
#3956 = EDGE_CURVE('',#3949,#3957,#3959,.T.);
#3957 = VERTEX_POINT('',#3958);
#3958 = CARTESIAN_POINT('',(5.45,-10.5,1.585));
#3959 = LINE('',#3960,#3961);
#3960 = CARTESIAN_POINT('',(5.45,-11.45,1.585));
#3961 = VECTOR('',#3962,1.);
#3962 = DIRECTION('',(0.,1.,0.));
#3963 = ORIENTED_EDGE('',*,*,#3964,.T.);
#3964 = EDGE_CURVE('',#3957,#3904,#3965,.T.);
#3965 = LINE('',#3966,#3967);
#3966 = CARTESIAN_POINT('',(5.45,-10.5,1.585));
#3967 = VECTOR('',#3968,1.);
#3968 = DIRECTION('',(0.195090852695,0.980785174845,0.));
#3969 = PLANE('',#3970);
#3970 = AXIS2_PLACEMENT_3D('',#3971,#3972,#3973);
#3971 = CARTESIAN_POINT('',(0.,0.,1.585));
#3972 = DIRECTION('',(0.,0.,1.));
#3973 = DIRECTION('',(1.,0.,-0.));
#3974 = SHELL_BASED_SURFACE_MODEL('',(#3975));
#3975 = OPEN_SHELL('',(#3976));
#3976 = ADVANCED_FACE('',(#3977),#4046,.T.);
#3977 = FACE_BOUND('',#3978,.F.);
#3978 = EDGE_LOOP('',(#3979,#3990,#3998,#4006,#4015,#4023,#4032,#4040));
#3979 = ORIENTED_EDGE('',*,*,#3980,.T.);
#3980 = EDGE_CURVE('',#3981,#3983,#3985,.T.);
#3981 = VERTEX_POINT('',#3982);
#3982 = CARTESIAN_POINT('',(13.453806,-10.380866,1.585));
#3983 = VERTEX_POINT('',#3984);
#3984 = CARTESIAN_POINT('',(13.55,-10.4,1.585));
#3985 = CIRCLE('',#3986,4.999998452109E-02);
#3986 = AXIS2_PLACEMENT_3D('',#3987,#3988,#3989);
#3987 = CARTESIAN_POINT('',(13.500000015479,-10.40000003736,1.585));
#3988 = DIRECTION('',(0.,0.,-1.));
#3989 = DIRECTION('',(-0.923880595592,0.382680865851,0.));
#3990 = ORIENTED_EDGE('',*,*,#3991,.T.);
#3991 = EDGE_CURVE('',#3983,#3992,#3994,.T.);
#3992 = VERTEX_POINT('',#3993);
#3993 = CARTESIAN_POINT('',(13.55,-11.45,1.585));
#3994 = LINE('',#3995,#3996);
#3995 = CARTESIAN_POINT('',(13.55,-10.4,1.585));
#3996 = VECTOR('',#3997,1.);
#3997 = DIRECTION('',(0.,-1.,0.));
#3998 = ORIENTED_EDGE('',*,*,#3999,.T.);
#3999 = EDGE_CURVE('',#3992,#4000,#4002,.T.);
#4000 = VERTEX_POINT('',#4001);
#4001 = CARTESIAN_POINT('',(14.5,-11.45,1.585));
#4002 = LINE('',#4003,#4004);
#4003 = CARTESIAN_POINT('',(13.55,-11.45,1.585));
#4004 = VECTOR('',#4005,1.);
#4005 = DIRECTION('',(1.,0.,0.));
#4006 = ORIENTED_EDGE('',*,*,#4007,.T.);
#4007 = EDGE_CURVE('',#4000,#4008,#4010,.T.);
#4008 = VERTEX_POINT('',#4009);
#4009 = CARTESIAN_POINT('',(14.5,-11.55,1.585));
#4010 = CIRCLE('',#4011,5.000000000002E-02);
#4011 = AXIS2_PLACEMENT_3D('',#4012,#4013,#4014);
#4012 = CARTESIAN_POINT('',(14.499999952288,-11.5,1.585));
#4013 = DIRECTION('',(0.,0.,-1.));
#4014 = DIRECTION('',(9.542365120292E-07,1.,0.));
#4015 = ORIENTED_EDGE('',*,*,#4016,.T.);
#4016 = EDGE_CURVE('',#4008,#4017,#4019,.T.);
#4017 = VERTEX_POINT('',#4018);
#4018 = CARTESIAN_POINT('',(13.5,-11.55,1.585));
#4019 = LINE('',#4020,#4021);
#4020 = CARTESIAN_POINT('',(14.5,-11.55,1.585));
#4021 = VECTOR('',#4022,1.);
#4022 = DIRECTION('',(-1.,0.,0.));
#4023 = ORIENTED_EDGE('',*,*,#4024,.T.);
#4024 = EDGE_CURVE('',#4017,#4025,#4027,.T.);
#4025 = VERTEX_POINT('',#4026);
#4026 = CARTESIAN_POINT('',(13.45,-11.5,1.585));
#4027 = CIRCLE('',#4028,5.000014378935E-02);
#4028 = AXIS2_PLACEMENT_3D('',#4029,#4030,#4031);
#4029 = CARTESIAN_POINT('',(13.500000143789,-11.49999985621,1.585));
#4030 = DIRECTION('',(0.,0.,-1.));
#4031 = DIRECTION('',(-2.87577464835E-06,-0.999999999996,-0.));
#4032 = ORIENTED_EDGE('',*,*,#4033,.T.);
#4033 = EDGE_CURVE('',#4025,#4034,#4036,.T.);
#4034 = VERTEX_POINT('',#4035);
#4035 = CARTESIAN_POINT('',(13.45,-10.4,1.585));
#4036 = LINE('',#4037,#4038);
#4037 = CARTESIAN_POINT('',(13.45,-11.5,1.585));
#4038 = VECTOR('',#4039,1.);
#4039 = DIRECTION('',(0.,1.,0.));
#4040 = ORIENTED_EDGE('',*,*,#4041,.T.);
#4041 = EDGE_CURVE('',#4034,#3981,#4042,.T.);
#4042 = LINE('',#4043,#4044);
#4043 = CARTESIAN_POINT('',(13.45,-10.4,1.585));
#4044 = VECTOR('',#4045,1.);
#4045 = DIRECTION('',(0.195090852695,0.980785174845,0.));
#4046 = PLANE('',#4047);
#4047 = AXIS2_PLACEMENT_3D('',#4048,#4049,#4050);
#4048 = CARTESIAN_POINT('',(0.,0.,1.585));
#4049 = DIRECTION('',(0.,0.,1.));
#4050 = DIRECTION('',(1.,0.,-0.));
#4051 = SHELL_BASED_SURFACE_MODEL('',(#4052));
#4052 = OPEN_SHELL('',(#4053));
#4053 = ADVANCED_FACE('',(#4054),#4090,.T.);
#4054 = FACE_BOUND('',#4055,.F.);
#4055 = EDGE_LOOP('',(#4056,#4067,#4075,#4084));
#4056 = ORIENTED_EDGE('',*,*,#4057,.T.);
#4057 = EDGE_CURVE('',#4058,#4060,#4062,.T.);
#4058 = VERTEX_POINT('',#4059);
#4059 = CARTESIAN_POINT('',(14.9,-11.55,1.585));
#4060 = VERTEX_POINT('',#4061);
#4061 = CARTESIAN_POINT('',(14.9,-11.45,1.585));
#4062 = CIRCLE('',#4063,5.000000000002E-02);
#4063 = AXIS2_PLACEMENT_3D('',#4064,#4065,#4066);
#4064 = CARTESIAN_POINT('',(14.900000047712,-11.5,1.585));
#4065 = DIRECTION('',(0.,0.,-1.));
#4066 = DIRECTION('',(-9.542365120292E-07,-1.,-0.));
#4067 = ORIENTED_EDGE('',*,*,#4068,.T.);
#4068 = EDGE_CURVE('',#4060,#4069,#4071,.T.);
#4069 = VERTEX_POINT('',#4070);
#4070 = CARTESIAN_POINT('',(16.,-11.45,1.585));
#4071 = LINE('',#4072,#4073);
#4072 = CARTESIAN_POINT('',(14.9,-11.45,1.585));
#4073 = VECTOR('',#4074,1.);
#4074 = DIRECTION('',(1.,0.,0.));
#4075 = ORIENTED_EDGE('',*,*,#4076,.T.);
#4076 = EDGE_CURVE('',#4069,#4077,#4079,.T.);
#4077 = VERTEX_POINT('',#4078);
#4078 = CARTESIAN_POINT('',(16.,-11.55,1.585));
#4079 = CIRCLE('',#4080,5.000000000002E-02);
#4080 = AXIS2_PLACEMENT_3D('',#4081,#4082,#4083);
#4081 = CARTESIAN_POINT('',(15.999999952288,-11.5,1.585));
#4082 = DIRECTION('',(0.,0.,-1.));
#4083 = DIRECTION('',(9.542365120292E-07,1.,0.));
#4084 = ORIENTED_EDGE('',*,*,#4085,.T.);
#4085 = EDGE_CURVE('',#4077,#4058,#4086,.T.);
#4086 = LINE('',#4087,#4088);
#4087 = CARTESIAN_POINT('',(16.,-11.55,1.585));
#4088 = VECTOR('',#4089,1.);
#4089 = DIRECTION('',(-1.,0.,0.));
#4090 = PLANE('',#4091);
#4091 = AXIS2_PLACEMENT_3D('',#4092,#4093,#4094);
#4092 = CARTESIAN_POINT('',(0.,0.,1.585));
#4093 = DIRECTION('',(0.,0.,1.));
#4094 = DIRECTION('',(1.,0.,-0.));
#4095 = SHELL_BASED_SURFACE_MODEL('',(#4096));
#4096 = OPEN_SHELL('',(#4097));
#4097 = ADVANCED_FACE('',(#4098),#4134,.T.);
#4098 = FACE_BOUND('',#4099,.F.);
#4099 = EDGE_LOOP('',(#4100,#4111,#4119,#4128));
#4100 = ORIENTED_EDGE('',*,*,#4101,.T.);
#4101 = EDGE_CURVE('',#4102,#4104,#4106,.T.);
#4102 = VERTEX_POINT('',#4103);
#4103 = CARTESIAN_POINT('',(16.4,-11.55,1.585));
#4104 = VERTEX_POINT('',#4105);
#4105 = CARTESIAN_POINT('',(16.4,-11.45,1.585));
#4106 = CIRCLE('',#4107,5.000000000002E-02);
#4107 = AXIS2_PLACEMENT_3D('',#4108,#4109,#4110);
#4108 = CARTESIAN_POINT('',(16.400000047712,-11.5,1.585));
#4109 = DIRECTION('',(0.,0.,-1.));
#4110 = DIRECTION('',(-9.542365120292E-07,-1.,-0.));
#4111 = ORIENTED_EDGE('',*,*,#4112,.T.);
#4112 = EDGE_CURVE('',#4104,#4113,#4115,.T.);
#4113 = VERTEX_POINT('',#4114);
#4114 = CARTESIAN_POINT('',(17.5,-11.45,1.585));
#4115 = LINE('',#4116,#4117);
#4116 = CARTESIAN_POINT('',(16.4,-11.45,1.585));
#4117 = VECTOR('',#4118,1.);
#4118 = DIRECTION('',(1.,0.,0.));
#4119 = ORIENTED_EDGE('',*,*,#4120,.T.);
#4120 = EDGE_CURVE('',#4113,#4121,#4123,.T.);
#4121 = VERTEX_POINT('',#4122);
#4122 = CARTESIAN_POINT('',(17.5,-11.55,1.585));
#4123 = CIRCLE('',#4124,5.000000000002E-02);
#4124 = AXIS2_PLACEMENT_3D('',#4125,#4126,#4127);
#4125 = CARTESIAN_POINT('',(17.499999952288,-11.5,1.585));
#4126 = DIRECTION('',(0.,0.,-1.));
#4127 = DIRECTION('',(9.542365120292E-07,1.,0.));
#4128 = ORIENTED_EDGE('',*,*,#4129,.T.);
#4129 = EDGE_CURVE('',#4121,#4102,#4130,.T.);
#4130 = LINE('',#4131,#4132);
#4131 = CARTESIAN_POINT('',(17.5,-11.55,1.585));
#4132 = VECTOR('',#4133,1.);
#4133 = DIRECTION('',(-1.,0.,0.));
#4134 = PLANE('',#4135);
#4135 = AXIS2_PLACEMENT_3D('',#4136,#4137,#4138);
#4136 = CARTESIAN_POINT('',(0.,0.,1.585));
#4137 = DIRECTION('',(0.,0.,1.));
#4138 = DIRECTION('',(1.,0.,-0.));
#4139 = SHELL_BASED_SURFACE_MODEL('',(#4140));
#4140 = OPEN_SHELL('',(#4141));
#4141 = ADVANCED_FACE('',(#4142),#4178,.T.);
#4142 = FACE_BOUND('',#4143,.F.);
#4143 = EDGE_LOOP('',(#4144,#4155,#4163,#4172));
#4144 = ORIENTED_EDGE('',*,*,#4145,.T.);
#4145 = EDGE_CURVE('',#4146,#4148,#4150,.T.);
#4146 = VERTEX_POINT('',#4147);
#4147 = CARTESIAN_POINT('',(17.9,-11.55,1.585));
#4148 = VERTEX_POINT('',#4149);
#4149 = CARTESIAN_POINT('',(17.9,-11.45,1.585));
#4150 = CIRCLE('',#4151,5.000000000002E-02);
#4151 = AXIS2_PLACEMENT_3D('',#4152,#4153,#4154);
#4152 = CARTESIAN_POINT('',(17.900000047712,-11.5,1.585));
#4153 = DIRECTION('',(0.,0.,-1.));
#4154 = DIRECTION('',(-9.542365120292E-07,-1.,-0.));
#4155 = ORIENTED_EDGE('',*,*,#4156,.T.);
#4156 = EDGE_CURVE('',#4148,#4157,#4159,.T.);
#4157 = VERTEX_POINT('',#4158);
#4158 = CARTESIAN_POINT('',(19.,-11.45,1.585));
#4159 = LINE('',#4160,#4161);
#4160 = CARTESIAN_POINT('',(17.9,-11.45,1.585));
#4161 = VECTOR('',#4162,1.);
#4162 = DIRECTION('',(1.,0.,0.));
#4163 = ORIENTED_EDGE('',*,*,#4164,.T.);
#4164 = EDGE_CURVE('',#4157,#4165,#4167,.T.);
#4165 = VERTEX_POINT('',#4166);
#4166 = CARTESIAN_POINT('',(19.,-11.55,1.585));
#4167 = CIRCLE('',#4168,5.000000000002E-02);
#4168 = AXIS2_PLACEMENT_3D('',#4169,#4170,#4171);
#4169 = CARTESIAN_POINT('',(18.999999952288,-11.5,1.585));
#4170 = DIRECTION('',(0.,0.,-1.));
#4171 = DIRECTION('',(9.542365120292E-07,1.,0.));
#4172 = ORIENTED_EDGE('',*,*,#4173,.T.);
#4173 = EDGE_CURVE('',#4165,#4146,#4174,.T.);
#4174 = LINE('',#4175,#4176);
#4175 = CARTESIAN_POINT('',(19.,-11.55,1.585));
#4176 = VECTOR('',#4177,1.);
#4177 = DIRECTION('',(-1.,0.,0.));
#4178 = PLANE('',#4179);
#4179 = AXIS2_PLACEMENT_3D('',#4180,#4181,#4182);
#4180 = CARTESIAN_POINT('',(0.,0.,1.585));
#4181 = DIRECTION('',(0.,0.,1.));
#4182 = DIRECTION('',(1.,0.,-0.));
#4183 = SHELL_BASED_SURFACE_MODEL('',(#4184));
#4184 = OPEN_SHELL('',(#4185));
#4185 = ADVANCED_FACE('',(#4186),#4222,.T.);
#4186 = FACE_BOUND('',#4187,.F.);
#4187 = EDGE_LOOP('',(#4188,#4199,#4207,#4216));
#4188 = ORIENTED_EDGE('',*,*,#4189,.T.);
#4189 = EDGE_CURVE('',#4190,#4192,#4194,.T.);
#4190 = VERTEX_POINT('',#4191);
#4191 = CARTESIAN_POINT('',(19.4,-11.55,1.585));
#4192 = VERTEX_POINT('',#4193);
#4193 = CARTESIAN_POINT('',(19.4,-11.45,1.585));
#4194 = CIRCLE('',#4195,5.000000000002E-02);
#4195 = AXIS2_PLACEMENT_3D('',#4196,#4197,#4198);
#4196 = CARTESIAN_POINT('',(19.400000047712,-11.5,1.585));
#4197 = DIRECTION('',(0.,0.,-1.));
#4198 = DIRECTION('',(-9.542365120292E-07,-1.,-0.));
#4199 = ORIENTED_EDGE('',*,*,#4200,.T.);
#4200 = EDGE_CURVE('',#4192,#4201,#4203,.T.);
#4201 = VERTEX_POINT('',#4202);
#4202 = CARTESIAN_POINT('',(20.5,-11.45,1.585));
#4203 = LINE('',#4204,#4205);
#4204 = CARTESIAN_POINT('',(19.4,-11.45,1.585));
#4205 = VECTOR('',#4206,1.);
#4206 = DIRECTION('',(1.,0.,0.));
#4207 = ORIENTED_EDGE('',*,*,#4208,.T.);
#4208 = EDGE_CURVE('',#4201,#4209,#4211,.T.);
#4209 = VERTEX_POINT('',#4210);
#4210 = CARTESIAN_POINT('',(20.5,-11.55,1.585));
#4211 = CIRCLE('',#4212,5.000000000002E-02);
#4212 = AXIS2_PLACEMENT_3D('',#4213,#4214,#4215);
#4213 = CARTESIAN_POINT('',(20.499999952288,-11.5,1.585));
#4214 = DIRECTION('',(0.,0.,-1.));
#4215 = DIRECTION('',(9.542365120292E-07,1.,0.));
#4216 = ORIENTED_EDGE('',*,*,#4217,.T.);
#4217 = EDGE_CURVE('',#4209,#4190,#4218,.T.);
#4218 = LINE('',#4219,#4220);
#4219 = CARTESIAN_POINT('',(20.5,-11.55,1.585));
#4220 = VECTOR('',#4221,1.);
#4221 = DIRECTION('',(-1.,0.,0.));
#4222 = PLANE('',#4223);
#4223 = AXIS2_PLACEMENT_3D('',#4224,#4225,#4226);
#4224 = CARTESIAN_POINT('',(0.,0.,1.585));
#4225 = DIRECTION('',(0.,0.,1.));
#4226 = DIRECTION('',(1.,0.,-0.));
#4227 = SHELL_BASED_SURFACE_MODEL('',(#4228));
#4228 = OPEN_SHELL('',(#4229));
#4229 = ADVANCED_FACE('',(#4230),#4266,.T.);
#4230 = FACE_BOUND('',#4231,.F.);
#4231 = EDGE_LOOP('',(#4232,#4243,#4251,#4260));
#4232 = ORIENTED_EDGE('',*,*,#4233,.T.);
#4233 = EDGE_CURVE('',#4234,#4236,#4238,.T.);
#4234 = VERTEX_POINT('',#4235);
#4235 = CARTESIAN_POINT('',(20.9,-11.55,1.585));
#4236 = VERTEX_POINT('',#4237);
#4237 = CARTESIAN_POINT('',(20.9,-11.45,1.585));
#4238 = CIRCLE('',#4239,5.000000000002E-02);
#4239 = AXIS2_PLACEMENT_3D('',#4240,#4241,#4242);
#4240 = CARTESIAN_POINT('',(20.900000047712,-11.5,1.585));
#4241 = DIRECTION('',(0.,0.,-1.));
#4242 = DIRECTION('',(-9.542365120292E-07,-1.,-0.));
#4243 = ORIENTED_EDGE('',*,*,#4244,.T.);
#4244 = EDGE_CURVE('',#4236,#4245,#4247,.T.);
#4245 = VERTEX_POINT('',#4246);
#4246 = CARTESIAN_POINT('',(22.,-11.45,1.585));
#4247 = LINE('',#4248,#4249);
#4248 = CARTESIAN_POINT('',(20.9,-11.45,1.585));
#4249 = VECTOR('',#4250,1.);
#4250 = DIRECTION('',(1.,0.,0.));
#4251 = ORIENTED_EDGE('',*,*,#4252,.T.);
#4252 = EDGE_CURVE('',#4245,#4253,#4255,.T.);
#4253 = VERTEX_POINT('',#4254);
#4254 = CARTESIAN_POINT('',(22.,-11.55,1.585));
#4255 = CIRCLE('',#4256,5.000000000002E-02);
#4256 = AXIS2_PLACEMENT_3D('',#4257,#4258,#4259);
#4257 = CARTESIAN_POINT('',(21.999999952288,-11.5,1.585));
#4258 = DIRECTION('',(0.,0.,-1.));
#4259 = DIRECTION('',(9.542365120292E-07,1.,0.));
#4260 = ORIENTED_EDGE('',*,*,#4261,.T.);
#4261 = EDGE_CURVE('',#4253,#4234,#4262,.T.);
#4262 = LINE('',#4263,#4264);
#4263 = CARTESIAN_POINT('',(22.,-11.55,1.585));
#4264 = VECTOR('',#4265,1.);
#4265 = DIRECTION('',(-1.,0.,0.));
#4266 = PLANE('',#4267);
#4267 = AXIS2_PLACEMENT_3D('',#4268,#4269,#4270);
#4268 = CARTESIAN_POINT('',(0.,0.,1.585));
#4269 = DIRECTION('',(0.,0.,1.));
#4270 = DIRECTION('',(1.,0.,-0.));
#4271 = SHELL_BASED_SURFACE_MODEL('',(#4272));
#4272 = OPEN_SHELL('',(#4273));
#4273 = ADVANCED_FACE('',(#4274),#4343,.T.);
#4274 = FACE_BOUND('',#4275,.F.);
#4275 = EDGE_LOOP('',(#4276,#4287,#4295,#4304,#4312,#4321,#4329,#4337));
#4276 = ORIENTED_EDGE('',*,*,#4277,.T.);
#4277 = EDGE_CURVE('',#4278,#4280,#4282,.T.);
#4278 = VERTEX_POINT('',#4279);
#4279 = CARTESIAN_POINT('',(23.453806,-10.480866,1.585));
#4280 = VERTEX_POINT('',#4281);
#4281 = CARTESIAN_POINT('',(23.55,-10.5,1.585));
#4282 = CIRCLE('',#4283,4.999998452109E-02);
#4283 = AXIS2_PLACEMENT_3D('',#4284,#4285,#4286);
#4284 = CARTESIAN_POINT('',(23.500000015479,-10.50000003736,1.585));
#4285 = DIRECTION('',(0.,0.,-1.));
#4286 = DIRECTION('',(-0.923880595592,0.382680865851,0.));
#4287 = ORIENTED_EDGE('',*,*,#4288,.T.);
#4288 = EDGE_CURVE('',#4280,#4289,#4291,.T.);
#4289 = VERTEX_POINT('',#4290);
#4290 = CARTESIAN_POINT('',(23.55,-11.5,1.585));
#4291 = LINE('',#4292,#4293);
#4292 = CARTESIAN_POINT('',(23.55,-10.5,1.585));
#4293 = VECTOR('',#4294,1.);
#4294 = DIRECTION('',(0.,-1.,0.));
#4295 = ORIENTED_EDGE('',*,*,#4296,.T.);
#4296 = EDGE_CURVE('',#4289,#4297,#4299,.T.);
#4297 = VERTEX_POINT('',#4298);
#4298 = CARTESIAN_POINT('',(23.5,-11.55,1.585));
#4299 = CIRCLE('',#4300,5.000014378935E-02);
#4300 = AXIS2_PLACEMENT_3D('',#4301,#4302,#4303);
#4301 = CARTESIAN_POINT('',(23.499999856211,-11.49999985621,1.585));
#4302 = DIRECTION('',(0.,0.,-1.));
#4303 = DIRECTION('',(0.999999999996,-2.87577464835E-06,0.));
#4304 = ORIENTED_EDGE('',*,*,#4305,.T.);
#4305 = EDGE_CURVE('',#4297,#4306,#4308,.T.);
#4306 = VERTEX_POINT('',#4307);
#4307 = CARTESIAN_POINT('',(22.4,-11.55,1.585));
#4308 = LINE('',#4309,#4310);
#4309 = CARTESIAN_POINT('',(23.5,-11.55,1.585));
#4310 = VECTOR('',#4311,1.);
#4311 = DIRECTION('',(-1.,0.,0.));
#4312 = ORIENTED_EDGE('',*,*,#4313,.T.);
#4313 = EDGE_CURVE('',#4306,#4314,#4316,.T.);
#4314 = VERTEX_POINT('',#4315);
#4315 = CARTESIAN_POINT('',(22.4,-11.45,1.585));
#4316 = CIRCLE('',#4317,5.000000000002E-02);
#4317 = AXIS2_PLACEMENT_3D('',#4318,#4319,#4320);
#4318 = CARTESIAN_POINT('',(22.400000047712,-11.5,1.585));
#4319 = DIRECTION('',(0.,0.,-1.));
#4320 = DIRECTION('',(-9.542365120292E-07,-1.,-0.));
#4321 = ORIENTED_EDGE('',*,*,#4322,.T.);
#4322 = EDGE_CURVE('',#4314,#4323,#4325,.T.);
#4323 = VERTEX_POINT('',#4324);
#4324 = CARTESIAN_POINT('',(23.45,-11.45,1.585));
#4325 = LINE('',#4326,#4327);
#4326 = CARTESIAN_POINT('',(22.4,-11.45,1.585));
#4327 = VECTOR('',#4328,1.);
#4328 = DIRECTION('',(1.,0.,0.));
#4329 = ORIENTED_EDGE('',*,*,#4330,.T.);
#4330 = EDGE_CURVE('',#4323,#4331,#4333,.T.);
#4331 = VERTEX_POINT('',#4332);
#4332 = CARTESIAN_POINT('',(23.45,-10.5,1.585));
#4333 = LINE('',#4334,#4335);
#4334 = CARTESIAN_POINT('',(23.45,-11.45,1.585));
#4335 = VECTOR('',#4336,1.);
#4336 = DIRECTION('',(0.,1.,0.));
#4337 = ORIENTED_EDGE('',*,*,#4338,.T.);
#4338 = EDGE_CURVE('',#4331,#4278,#4339,.T.);
#4339 = LINE('',#4340,#4341);
#4340 = CARTESIAN_POINT('',(23.45,-10.5,1.585));
#4341 = VECTOR('',#4342,1.);
#4342 = DIRECTION('',(0.195090852695,0.980785174845,0.));
#4343 = PLANE('',#4344);
#4344 = AXIS2_PLACEMENT_3D('',#4345,#4346,#4347);
#4345 = CARTESIAN_POINT('',(0.,0.,1.585));
#4346 = DIRECTION('',(0.,0.,1.));
#4347 = DIRECTION('',(1.,0.,-0.));
#4348 = SHELL_BASED_SURFACE_MODEL('',(#4349));
#4349 = OPEN_SHELL('',(#4350));
#4350 = ADVANCED_FACE('',(#4351,#4462),#4521,.T.);
#4351 = FACE_BOUND('',#4352,.F.);
#4352 = EDGE_LOOP('',(#4353,#4363,#4372,#4380,#4388,#4396,#4405,#4413,
    #4422,#4430,#4439,#4447,#4456));
#4353 = ORIENTED_EDGE('',*,*,#4354,.T.);
#4354 = EDGE_CURVE('',#4355,#4357,#4359,.T.);
#4355 = VERTEX_POINT('',#4356);
#4356 = CARTESIAN_POINT('',(-28.516482,-10.856026,1.585));
#4357 = VERTEX_POINT('',#4358);
#4358 = CARTESIAN_POINT('',(-28.145377,-10.598013,1.585));
#4359 = LINE('',#4360,#4361);
#4360 = CARTESIAN_POINT('',(-28.516482,-10.856026,1.585));
#4361 = VECTOR('',#4362,1.);
#4362 = DIRECTION('',(0.821057638293,0.570845298309,0.));
#4363 = ORIENTED_EDGE('',*,*,#4364,.T.);
#4364 = EDGE_CURVE('',#4357,#4365,#4367,.T.);
#4365 = VERTEX_POINT('',#4366);
#4366 = CARTESIAN_POINT('',(-28.072171,-10.728108,1.585));
#4367 = CIRCLE('',#4368,7.500005951702E-02);
#4368 = AXIS2_PLACEMENT_3D('',#4369,#4370,#4371);
#4369 = CARTESIAN_POINT('',(-28.1151812526,-10.66666593705,1.585));
#4370 = DIRECTION('',(0.,0.,-1.));
#4371 = DIRECTION('',(-0.402609645791,0.915371767708,-0.));
#4372 = ORIENTED_EDGE('',*,*,#4373,.T.);
#4373 = EDGE_CURVE('',#4365,#4374,#4376,.T.);
#4374 = VERTEX_POINT('',#4375);
#4375 = CARTESIAN_POINT('',(-28.516372,-11.039048,1.585));
#4376 = LINE('',#4377,#4378);
#4377 = CARTESIAN_POINT('',(-28.072171,-10.728108,1.585));
#4378 = VECTOR('',#4379,1.);
#4379 = DIRECTION('',(-0.819232527028,-0.573461477921,0.));
#4380 = ORIENTED_EDGE('',*,*,#4381,.T.);
#4381 = EDGE_CURVE('',#4374,#4382,#4384,.T.);
#4382 = VERTEX_POINT('',#4383);
#4383 = CARTESIAN_POINT('',(-28.516372,-11.163094,1.585));
#4384 = LINE('',#4385,#4386);
#4385 = CARTESIAN_POINT('',(-28.516372,-11.039048,1.585));
#4386 = VECTOR('',#4387,1.);
#4387 = DIRECTION('',(0.,-1.,0.));
#4388 = ORIENTED_EDGE('',*,*,#4389,.T.);
#4389 = EDGE_CURVE('',#4382,#4390,#4392,.T.);
#4390 = VERTEX_POINT('',#4391);
#4391 = CARTESIAN_POINT('',(-28.100549,-11.164535,1.585));
#4392 = LINE('',#4393,#4394);
#4393 = CARTESIAN_POINT('',(-28.516372,-11.163094,1.585));
#4394 = VECTOR('',#4395,1.);
#4395 = DIRECTION('',(0.999993995497,-3.465395967787E-03,0.));
#4396 = ORIENTED_EDGE('',*,*,#4397,.T.);
#4397 = EDGE_CURVE('',#4390,#4398,#4400,.T.);
#4398 = VERTEX_POINT('',#4399);
#4399 = CARTESIAN_POINT('',(-28.115181,-11.313094,1.585));
#4400 = CIRCLE('',#4401,7.500006711464E-02);
#4401 = AXIS2_PLACEMENT_3D('',#4402,#4403,#4404);
#4402 = CARTESIAN_POINT('',(-28.11518093288,-11.23809393288,1.585));
#4403 = DIRECTION('',(0.,0.,-1.));
#4404 = DIRECTION('',(0.195092263891,0.980784894138,0.));
#4405 = ORIENTED_EDGE('',*,*,#4406,.T.);
#4406 = EDGE_CURVE('',#4398,#4407,#4409,.T.);
#4407 = VERTEX_POINT('',#4408);
#4408 = CARTESIAN_POINT('',(-29.129813,-11.311653,1.585));
#4409 = LINE('',#4410,#4411);
#4410 = CARTESIAN_POINT('',(-28.115181,-11.313094,1.585));
#4411 = VECTOR('',#4412,1.);
#4412 = DIRECTION('',(-0.99999899149,1.420217918158E-03,0.));
#4413 = ORIENTED_EDGE('',*,*,#4414,.T.);
#4414 = EDGE_CURVE('',#4407,#4415,#4417,.T.);
#4415 = VERTEX_POINT('',#4416);
#4416 = CARTESIAN_POINT('',(-29.190181,-11.238094,1.585));
#4417 = CIRCLE('',#4418,7.500074938985E-02);
#4418 = AXIS2_PLACEMENT_3D('',#4419,#4420,#4421);
#4419 = CARTESIAN_POINT('',(-29.11518025061,-11.23809353389,1.585));
#4420 = DIRECTION('',(0.,0.,-1.));
#4421 = DIRECTION('',(-0.195101375752,-0.980783081614,-0.));
#4422 = ORIENTED_EDGE('',*,*,#4423,.T.);
#4423 = EDGE_CURVE('',#4415,#4424,#4426,.T.);
#4424 = VERTEX_POINT('',#4425);
#4425 = CARTESIAN_POINT('',(-29.187518,-10.837333,1.585));
#4426 = LINE('',#4427,#4428);
#4427 = CARTESIAN_POINT('',(-29.190181,-11.238094,1.585));
#4428 = VECTOR('',#4429,1.);
#4429 = DIRECTION('',(6.644711463211E-03,0.999977923661,0.));
#4430 = ORIENTED_EDGE('',*,*,#4431,.T.);
#4431 = EDGE_CURVE('',#4424,#4432,#4434,.T.);
#4432 = VERTEX_POINT('',#4433);
#4433 = CARTESIAN_POINT('',(-28.939337,-10.593107,1.585));
#4434 = CIRCLE('',#4435,0.3486213829);
#4435 = AXIS2_PLACEMENT_3D('',#4436,#4437,#4438);
#4436 = CARTESIAN_POINT('',(-28.85157677048,-10.93050144383,1.585));
#4437 = DIRECTION('',(0.,0.,-1.));
#4438 = DIRECTION('',(-0.963627723352,0.267248219429,0.));
#4439 = ORIENTED_EDGE('',*,*,#4440,.T.);
#4440 = EDGE_CURVE('',#4432,#4441,#4443,.T.);
#4441 = VERTEX_POINT('',#4442);
#4442 = CARTESIAN_POINT('',(-28.767216,-10.593107,1.585));
#4443 = LINE('',#4444,#4445);
#4444 = CARTESIAN_POINT('',(-28.939337,-10.593107,1.585));
#4445 = VECTOR('',#4446,1.);
#4446 = DIRECTION('',(1.,0.,0.));
#4447 = ORIENTED_EDGE('',*,*,#4448,.T.);
#4448 = EDGE_CURVE('',#4441,#4449,#4451,.T.);
#4449 = VERTEX_POINT('',#4450);
#4450 = CARTESIAN_POINT('',(-28.517813,-10.84251,1.585));
#4451 = CIRCLE('',#4452,0.347870264855);
#4452 = AXIS2_PLACEMENT_3D('',#4453,#4454,#4455);
#4453 = CARTESIAN_POINT('',(-28.85454373497,-10.92983773497,1.585));
#4454 = DIRECTION('',(0.,0.,-1.));
#4455 = DIRECTION('',(0.251035353678,0.967977918758,0.));
#4456 = ORIENTED_EDGE('',*,*,#4457,.T.);
#4457 = EDGE_CURVE('',#4449,#4355,#4458,.T.);
#4458 = LINE('',#4459,#4460);
#4459 = CARTESIAN_POINT('',(-28.517813,-10.84251,1.585));
#4460 = VECTOR('',#4461,1.);
#4461 = DIRECTION('',(9.800184053893E-02,-0.995186233451,0.));
#4462 = FACE_BOUND('',#4463,.F.);
#4463 = EDGE_LOOP('',(#4464,#4475,#4483,#4491,#4499,#4507,#4515));
#4464 = ORIENTED_EDGE('',*,*,#4465,.T.);
#4465 = EDGE_CURVE('',#4466,#4468,#4470,.T.);
#4466 = VERTEX_POINT('',#4467);
#4467 = CARTESIAN_POINT('',(-28.731037,-10.775924,1.585));
#4468 = VERTEX_POINT('',#4469);
#4469 = CARTESIAN_POINT('',(-29.005923,-10.806331,1.585));
#4470 = CIRCLE('',#4471,0.198386215365);
#4471 = AXIS2_PLACEMENT_3D('',#4472,#4473,#4474);
#4472 = CARTESIAN_POINT('',(-28.85284004216,-10.9325161753,1.585));
#4473 = DIRECTION('',(0.,0.,1.));
#4474 = DIRECTION('',(0.61396928178,0.789329919001,-0.));
#4475 = ORIENTED_EDGE('',*,*,#4476,.T.);
#4476 = EDGE_CURVE('',#4468,#4477,#4479,.T.);
#4477 = VERTEX_POINT('',#4478);
#4478 = CARTESIAN_POINT('',(-29.040181,-10.874847,1.585));
#4479 = LINE('',#4480,#4481);
#4480 = CARTESIAN_POINT('',(-29.005923,-10.806331,1.585));
#4481 = VECTOR('',#4482,1.);
#4482 = DIRECTION('',(-0.4472135955,-0.894427191,0.));
#4483 = ORIENTED_EDGE('',*,*,#4484,.T.);
#4484 = EDGE_CURVE('',#4477,#4485,#4487,.T.);
#4485 = VERTEX_POINT('',#4486);
#4486 = CARTESIAN_POINT('',(-29.040181,-11.163094,1.585));
#4487 = LINE('',#4488,#4489);
#4488 = CARTESIAN_POINT('',(-29.040181,-10.874847,1.585));
#4489 = VECTOR('',#4490,1.);
#4490 = DIRECTION('',(0.,-1.,0.));
#4491 = ORIENTED_EDGE('',*,*,#4492,.T.);
#4492 = EDGE_CURVE('',#4485,#4493,#4495,.T.);
#4493 = VERTEX_POINT('',#4494);
#4494 = CARTESIAN_POINT('',(-28.666372,-11.163094,1.585));
#4495 = LINE('',#4496,#4497);
#4496 = CARTESIAN_POINT('',(-29.040181,-11.163094,1.585));
#4497 = VECTOR('',#4498,1.);
#4498 = DIRECTION('',(1.,0.,0.));
#4499 = ORIENTED_EDGE('',*,*,#4500,.T.);
#4500 = EDGE_CURVE('',#4493,#4501,#4503,.T.);
#4501 = VERTEX_POINT('',#4502);
#4502 = CARTESIAN_POINT('',(-28.666372,-10.874847,1.585));
#4503 = LINE('',#4504,#4505);
#4504 = CARTESIAN_POINT('',(-28.666372,-11.163094,1.585));
#4505 = VECTOR('',#4506,1.);
#4506 = DIRECTION('',(0.,1.,0.));
#4507 = ORIENTED_EDGE('',*,*,#4508,.T.);
#4508 = EDGE_CURVE('',#4501,#4509,#4511,.T.);
#4509 = VERTEX_POINT('',#4510);
#4510 = CARTESIAN_POINT('',(-28.70063,-10.806331,1.585));
#4511 = LINE('',#4512,#4513);
#4512 = CARTESIAN_POINT('',(-28.666372,-10.874847,1.585));
#4513 = VECTOR('',#4514,1.);
#4514 = DIRECTION('',(-0.4472135955,0.894427191,0.));
#4515 = ORIENTED_EDGE('',*,*,#4516,.T.);
#4516 = EDGE_CURVE('',#4509,#4466,#4517,.T.);
#4517 = LINE('',#4518,#4519);
#4518 = CARTESIAN_POINT('',(-28.70063,-10.806331,1.585));
#4519 = VECTOR('',#4520,1.);
#4520 = DIRECTION('',(-0.707106781187,0.707106781187,0.));
#4521 = PLANE('',#4522);
#4522 = AXIS2_PLACEMENT_3D('',#4523,#4524,#4525);
#4523 = CARTESIAN_POINT('',(0.,0.,1.585));
#4524 = DIRECTION('',(0.,0.,1.));
#4525 = DIRECTION('',(1.,0.,-0.));
#4526 = SHELL_BASED_SURFACE_MODEL('',(#4527));
#4527 = OPEN_SHELL('',(#4528));
#4528 = ADVANCED_FACE('',(#4529),#4573,.T.);
#4529 = FACE_BOUND('',#4530,.F.);
#4530 = EDGE_LOOP('',(#4531,#4542,#4550,#4559,#4567));
#4531 = ORIENTED_EDGE('',*,*,#4532,.T.);
#4532 = EDGE_CURVE('',#4533,#4535,#4537,.T.);
#4533 = VERTEX_POINT('',#4534);
#4534 = CARTESIAN_POINT('',(-30.577933,-10.239781,1.585));
#4535 = VERTEX_POINT('',#4536);
#4536 = CARTESIAN_POINT('',(-30.4625,-10.262742,1.585));
#4537 = CIRCLE('',#4538,6.000007318647E-02);
#4538 = AXIS2_PLACEMENT_3D('',#4539,#4540,#4541);
#4539 = CARTESIAN_POINT('',(-30.52250007318,-10.26274182331,1.585));
#4540 = DIRECTION('',(0.,0.,-1.));
#4541 = DIRECTION('',(-0.923880986637,0.382679921777,0.));
#4542 = ORIENTED_EDGE('',*,*,#4543,.T.);
#4543 = EDGE_CURVE('',#4535,#4544,#4546,.T.);
#4544 = VERTEX_POINT('',#4545);
#4545 = CARTESIAN_POINT('',(-30.4625,-10.737258,1.585));
#4546 = LINE('',#4547,#4548);
#4547 = CARTESIAN_POINT('',(-30.4625,-10.262742,1.585));
#4548 = VECTOR('',#4549,1.);
#4549 = DIRECTION('',(0.,-1.,0.));
#4550 = ORIENTED_EDGE('',*,*,#4551,.T.);
#4551 = EDGE_CURVE('',#4544,#4552,#4554,.T.);
#4552 = VERTEX_POINT('',#4553);
#4553 = CARTESIAN_POINT('',(-30.5825,-10.737258,1.585));
#4554 = CIRCLE('',#4555,6.000000000042E-02);
#4555 = AXIS2_PLACEMENT_3D('',#4556,#4557,#4558);
#4556 = CARTESIAN_POINT('',(-30.5225,-10.73725822558,1.585));
#4557 = DIRECTION('',(0.,0.,-1.));
#4558 = DIRECTION('',(0.999999999993,3.759794105654E-06,0.));
#4559 = ORIENTED_EDGE('',*,*,#4560,.T.);
#4560 = EDGE_CURVE('',#4552,#4561,#4563,.T.);
#4561 = VERTEX_POINT('',#4562);
#4562 = CARTESIAN_POINT('',(-30.5825,-10.262742,1.585));
#4563 = LINE('',#4564,#4565);
#4564 = CARTESIAN_POINT('',(-30.5825,-10.737258,1.585));
#4565 = VECTOR('',#4566,1.);
#4566 = DIRECTION('',(0.,1.,0.));
#4567 = ORIENTED_EDGE('',*,*,#4568,.T.);
#4568 = EDGE_CURVE('',#4561,#4533,#4569,.T.);
#4569 = LINE('',#4570,#4571);
#4570 = CARTESIAN_POINT('',(-30.5825,-10.262742,1.585));
#4571 = VECTOR('',#4572,1.);
#4572 = DIRECTION('',(0.195081000118,0.980787134598,0.));
#4573 = PLANE('',#4574);
#4574 = AXIS2_PLACEMENT_3D('',#4575,#4576,#4577);
#4575 = CARTESIAN_POINT('',(0.,0.,1.585));
#4576 = DIRECTION('',(0.,0.,1.));
#4577 = DIRECTION('',(1.,0.,-0.));
#4578 = SHELL_BASED_SURFACE_MODEL('',(#4579));
#4579 = OPEN_SHELL('',(#4580));
#4580 = ADVANCED_FACE('',(#4581),#4625,.T.);
#4581 = FACE_BOUND('',#4582,.F.);
#4582 = EDGE_LOOP('',(#4583,#4594,#4602,#4611,#4619));
#4583 = ORIENTED_EDGE('',*,*,#4584,.T.);
#4584 = EDGE_CURVE('',#4585,#4587,#4589,.T.);
#4585 = VERTEX_POINT('',#4586);
#4586 = CARTESIAN_POINT('',(-29.532933,-10.239781,1.585));
#4587 = VERTEX_POINT('',#4588);
#4588 = CARTESIAN_POINT('',(-29.4175,-10.262742,1.585));
#4589 = CIRCLE('',#4590,6.000007318647E-02);
#4590 = AXIS2_PLACEMENT_3D('',#4591,#4592,#4593);
#4591 = CARTESIAN_POINT('',(-29.47750007318,-10.26274182331,1.585));
#4592 = DIRECTION('',(0.,0.,-1.));
#4593 = DIRECTION('',(-0.923880986637,0.382679921777,0.));
#4594 = ORIENTED_EDGE('',*,*,#4595,.T.);
#4595 = EDGE_CURVE('',#4587,#4596,#4598,.T.);
#4596 = VERTEX_POINT('',#4597);
#4597 = CARTESIAN_POINT('',(-29.4175,-10.737258,1.585));
#4598 = LINE('',#4599,#4600);
#4599 = CARTESIAN_POINT('',(-29.4175,-10.262742,1.585));
#4600 = VECTOR('',#4601,1.);
#4601 = DIRECTION('',(0.,-1.,0.));
#4602 = ORIENTED_EDGE('',*,*,#4603,.T.);
#4603 = EDGE_CURVE('',#4596,#4604,#4606,.T.);
#4604 = VERTEX_POINT('',#4605);
#4605 = CARTESIAN_POINT('',(-29.5375,-10.737258,1.585));
#4606 = CIRCLE('',#4607,6.000000000042E-02);
#4607 = AXIS2_PLACEMENT_3D('',#4608,#4609,#4610);
#4608 = CARTESIAN_POINT('',(-29.4775,-10.73725822558,1.585));
#4609 = DIRECTION('',(0.,0.,-1.));
#4610 = DIRECTION('',(0.999999999993,3.759794076048E-06,0.));
#4611 = ORIENTED_EDGE('',*,*,#4612,.T.);
#4612 = EDGE_CURVE('',#4604,#4613,#4615,.T.);
#4613 = VERTEX_POINT('',#4614);
#4614 = CARTESIAN_POINT('',(-29.5375,-10.262742,1.585));
#4615 = LINE('',#4616,#4617);
#4616 = CARTESIAN_POINT('',(-29.5375,-10.737258,1.585));
#4617 = VECTOR('',#4618,1.);
#4618 = DIRECTION('',(0.,1.,0.));
#4619 = ORIENTED_EDGE('',*,*,#4620,.T.);
#4620 = EDGE_CURVE('',#4613,#4585,#4621,.T.);
#4621 = LINE('',#4622,#4623);
#4622 = CARTESIAN_POINT('',(-29.5375,-10.262742,1.585));
#4623 = VECTOR('',#4624,1.);
#4624 = DIRECTION('',(0.195081000118,0.980787134598,0.));
#4625 = PLANE('',#4626);
#4626 = AXIS2_PLACEMENT_3D('',#4627,#4628,#4629);
#4627 = CARTESIAN_POINT('',(0.,0.,1.585));
#4628 = DIRECTION('',(0.,0.,1.));
#4629 = DIRECTION('',(1.,0.,-0.));
#4630 = SHELL_BASED_SURFACE_MODEL('',(#4631));
#4631 = OPEN_SHELL('',(#4632));
#4632 = ADVANCED_FACE('',(#4633),#4767,.T.);
#4633 = FACE_BOUND('',#4634,.F.);
#4634 = EDGE_LOOP('',(#4635,#4646,#4654,#4663,#4671,#4679,#4687,#4695,
    #4704,#4712,#4720,#4728,#4737,#4745,#4753,#4761));
#4635 = ORIENTED_EDGE('',*,*,#4636,.T.);
#4636 = EDGE_CURVE('',#4637,#4639,#4641,.T.);
#4637 = VERTEX_POINT('',#4638);
#4638 = CARTESIAN_POINT('',(-28.156849,-9.651925,1.585));
#4639 = VERTEX_POINT('',#4640);
#4640 = CARTESIAN_POINT('',(-28.040181,-9.714285,1.585));
#4641 = CIRCLE('',#4642,7.500000000003E-02);
#4642 = AXIS2_PLACEMENT_3D('',#4643,#4644,#4645);
#4643 = CARTESIAN_POINT('',(-28.115181,-9.714285065555,1.585));
#4644 = DIRECTION('',(0.,0.,-1.));
#4645 = DIRECTION('',(-0.555573333333,0.831467540731,0.));
#4646 = ORIENTED_EDGE('',*,*,#4647,.T.);
#4647 = EDGE_CURVE('',#4639,#4648,#4650,.T.);
#4648 = VERTEX_POINT('',#4649);
#4649 = CARTESIAN_POINT('',(-28.041622,-10.300345,1.585));
#4650 = LINE('',#4651,#4652);
#4651 = CARTESIAN_POINT('',(-28.040181,-9.714285,1.585));
#4652 = VECTOR('',#4653,1.);
#4653 = DIRECTION('',(-2.458785182611E-03,-0.999996977183,0.));
#4654 = ORIENTED_EDGE('',*,*,#4655,.T.);
#4655 = EDGE_CURVE('',#4648,#4656,#4658,.T.);
#4656 = VERTEX_POINT('',#4657);
#4657 = CARTESIAN_POINT('',(-28.190181,-10.285713,1.585));
#4658 = CIRCLE('',#4659,7.500006711464E-02);
#4659 = AXIS2_PLACEMENT_3D('',#4660,#4661,#4662);
#4660 = CARTESIAN_POINT('',(-28.11518093288,-10.28571306711,1.585));
#4661 = DIRECTION('',(-0.,0.,-1.));
#4662 = DIRECTION('',(0.980784894138,-0.195092263891,-0.));
#4663 = ORIENTED_EDGE('',*,*,#4664,.T.);
#4664 = EDGE_CURVE('',#4656,#4665,#4667,.T.);
#4665 = VERTEX_POINT('',#4666);
#4666 = CARTESIAN_POINT('',(-28.190181,-10.074999,1.585));
#4667 = LINE('',#4668,#4669);
#4668 = CARTESIAN_POINT('',(-28.190181,-10.285713,1.585));
#4669 = VECTOR('',#4670,1.);
#4670 = DIRECTION('',(0.,1.,0.));
#4671 = ORIENTED_EDGE('',*,*,#4672,.T.);
#4672 = EDGE_CURVE('',#4665,#4673,#4675,.T.);
#4673 = VERTEX_POINT('',#4674);
#4674 = CARTESIAN_POINT('',(-28.886496,-10.074999,1.585));
#4675 = LINE('',#4676,#4677);
#4676 = CARTESIAN_POINT('',(-28.190181,-10.074999,1.585));
#4677 = VECTOR('',#4678,1.);
#4678 = DIRECTION('',(-1.,0.,0.));
#4679 = ORIENTED_EDGE('',*,*,#4680,.T.);
#4680 = EDGE_CURVE('',#4673,#4681,#4683,.T.);
#4681 = VERTEX_POINT('',#4682);
#4682 = CARTESIAN_POINT('',(-28.813967,-10.150639,1.585));
#4683 = LINE('',#4684,#4685);
#4684 = CARTESIAN_POINT('',(-28.886496,-10.074999,1.585));
#4685 = VECTOR('',#4686,1.);
#4686 = DIRECTION('',(0.692107619701,-0.72179432164,0.));
#4687 = ORIENTED_EDGE('',*,*,#4688,.T.);
#4688 = EDGE_CURVE('',#4681,#4689,#4691,.T.);
#4689 = VERTEX_POINT('',#4690);
#4690 = CARTESIAN_POINT('',(-28.75713,-10.265903,1.585));
#4691 = LINE('',#4692,#4693);
#4692 = CARTESIAN_POINT('',(-28.813967,-10.150639,1.585));
#4693 = VECTOR('',#4694,1.);
#4694 = DIRECTION('',(0.442257930733,-0.896887909777,0.));
#4695 = ORIENTED_EDGE('',*,*,#4696,.T.);
#4696 = EDGE_CURVE('',#4689,#4697,#4699,.T.);
#4697 = VERTEX_POINT('',#4698);
#4698 = CARTESIAN_POINT('',(-28.896549,-10.319254,1.585));
#4699 = CIRCLE('',#4700,7.500029440469E-02);
#4700 = AXIS2_PLACEMENT_3D('',#4701,#4702,#4703);
#4701 = CARTESIAN_POINT('',(-28.82946694603,-10.28571235132,1.585));
#4702 = DIRECTION('',(0.,0.,-1.));
#4703 = DIRECTION('',(0.964488827732,0.264123647522,0.));
#4704 = ORIENTED_EDGE('',*,*,#4705,.T.);
#4705 = EDGE_CURVE('',#4697,#4706,#4708,.T.);
#4706 = VERTEX_POINT('',#4707);
#4707 = CARTESIAN_POINT('',(-28.938725,-10.234902,1.585));
#4708 = LINE('',#4709,#4710);
#4709 = CARTESIAN_POINT('',(-28.896549,-10.319254,1.585));
#4710 = VECTOR('',#4711,1.);
#4711 = DIRECTION('',(-0.4472135955,0.894427191,0.));
#4712 = ORIENTED_EDGE('',*,*,#4713,.T.);
#4713 = EDGE_CURVE('',#4706,#4714,#4716,.T.);
#4714 = VERTEX_POINT('',#4715);
#4715 = CARTESIAN_POINT('',(-29.020106,-10.153521,1.585));
#4716 = LINE('',#4717,#4718);
#4717 = CARTESIAN_POINT('',(-28.938725,-10.234902,1.585));
#4718 = VECTOR('',#4719,1.);
#4719 = DIRECTION('',(-0.707106781187,0.707106781187,0.));
#4720 = ORIENTED_EDGE('',*,*,#4721,.T.);
#4721 = EDGE_CURVE('',#4714,#4722,#4724,.T.);
#4722 = VERTEX_POINT('',#4723);
#4723 = CARTESIAN_POINT('',(-29.168159,-10.053087,1.585));
#4724 = LINE('',#4725,#4726);
#4725 = CARTESIAN_POINT('',(-29.020106,-10.153521,1.585));
#4726 = VECTOR('',#4727,1.);
#4727 = DIRECTION('',(-0.827555069925,0.561384544,0.));
#4728 = ORIENTED_EDGE('',*,*,#4729,.T.);
#4729 = EDGE_CURVE('',#4722,#4730,#4732,.T.);
#4730 = VERTEX_POINT('',#4731);
#4731 = CARTESIAN_POINT('',(-29.115181,-9.924999,1.585));
#4732 = CIRCLE('',#4733,7.499993751709E-02);
#4733 = AXIS2_PLACEMENT_3D('',#4734,#4735,#4736);
#4734 = CARTESIAN_POINT('',(-29.11518119097,-9.999998937517,1.585));
#4735 = DIRECTION('',(0.,0.,-1.));
#4736 = DIRECTION('',(-0.706371375515,-0.707841422815,-0.));
#4737 = ORIENTED_EDGE('',*,*,#4738,.T.);
#4738 = EDGE_CURVE('',#4730,#4739,#4741,.T.);
#4739 = VERTEX_POINT('',#4740);
#4740 = CARTESIAN_POINT('',(-28.190181,-9.924999,1.585));
#4741 = LINE('',#4742,#4743);
#4742 = CARTESIAN_POINT('',(-29.115181,-9.924999,1.585));
#4743 = VECTOR('',#4744,1.);
#4744 = DIRECTION('',(1.,0.,0.));
#4745 = ORIENTED_EDGE('',*,*,#4746,.T.);
#4746 = EDGE_CURVE('',#4739,#4747,#4749,.T.);
#4747 = VERTEX_POINT('',#4748);
#4748 = CARTESIAN_POINT('',(-28.18874,-9.699653,1.585));
#4749 = LINE('',#4750,#4751);
#4750 = CARTESIAN_POINT('',(-28.190181,-9.924999,1.585));
#4751 = VECTOR('',#4752,1.);
#4752 = DIRECTION('',(6.394480216655E-03,0.999979555102,0.));
#4753 = ORIENTED_EDGE('',*,*,#4754,.T.);
#4754 = EDGE_CURVE('',#4747,#4755,#4757,.T.);
#4755 = VERTEX_POINT('',#4756);
#4756 = CARTESIAN_POINT('',(-28.177541,-9.672617,1.585));
#4757 = LINE('',#4758,#4759);
#4758 = CARTESIAN_POINT('',(-28.18874,-9.699653,1.585));
#4759 = VECTOR('',#4760,1.);
#4760 = DIRECTION('',(0.38269282806,0.923875640631,0.));
#4761 = ORIENTED_EDGE('',*,*,#4762,.T.);
#4762 = EDGE_CURVE('',#4755,#4637,#4763,.T.);
#4763 = LINE('',#4764,#4765);
#4764 = CARTESIAN_POINT('',(-28.177541,-9.672617,1.585));
#4765 = VECTOR('',#4766,1.);
#4766 = DIRECTION('',(0.707106781187,0.707106781187,0.));
#4767 = PLANE('',#4768);
#4768 = AXIS2_PLACEMENT_3D('',#4769,#4770,#4771);
#4769 = CARTESIAN_POINT('',(0.,0.,1.585));
#4770 = DIRECTION('',(0.,0.,1.));
#4771 = DIRECTION('',(1.,0.,-0.));
#4772 = SHELL_BASED_SURFACE_MODEL('',(#4773));
#4773 = OPEN_SHELL('',(#4774));
#4774 = ADVANCED_FACE('',(#4775),#4819,.T.);
#4775 = FACE_BOUND('',#4776,.F.);
#4776 = EDGE_LOOP('',(#4777,#4788,#4796,#4805,#4813));
#4777 = ORIENTED_EDGE('',*,*,#4778,.T.);
#4778 = EDGE_CURVE('',#4779,#4781,#4783,.T.);
#4779 = VERTEX_POINT('',#4780);
#4780 = CARTESIAN_POINT('',(-13.546194,-8.980866,1.585));
#4781 = VERTEX_POINT('',#4782);
#4782 = CARTESIAN_POINT('',(-13.45,-9.,1.585));
#4783 = CIRCLE('',#4784,4.999998452109E-02);
#4784 = AXIS2_PLACEMENT_3D('',#4785,#4786,#4787);
#4785 = CARTESIAN_POINT('',(-13.49999998452,-9.000000037369,1.585));
#4786 = DIRECTION('',(0.,0.,-1.));
#4787 = DIRECTION('',(-0.923880595592,0.382680865851,0.));
#4788 = ORIENTED_EDGE('',*,*,#4789,.T.);
#4789 = EDGE_CURVE('',#4781,#4790,#4792,.T.);
#4790 = VERTEX_POINT('',#4791);
#4791 = CARTESIAN_POINT('',(-13.45,-10.1,1.585));
#4792 = LINE('',#4793,#4794);
#4793 = CARTESIAN_POINT('',(-13.45,-9.,1.585));
#4794 = VECTOR('',#4795,1.);
#4795 = DIRECTION('',(0.,-1.,0.));
#4796 = ORIENTED_EDGE('',*,*,#4797,.T.);
#4797 = EDGE_CURVE('',#4790,#4798,#4800,.T.);
#4798 = VERTEX_POINT('',#4799);
#4799 = CARTESIAN_POINT('',(-13.55,-10.1,1.585));
#4800 = CIRCLE('',#4801,5.000000000002E-02);
#4801 = AXIS2_PLACEMENT_3D('',#4802,#4803,#4804);
#4802 = CARTESIAN_POINT('',(-13.5,-10.09999995228,1.585));
#4803 = DIRECTION('',(-0.,0.,-1.));
#4804 = DIRECTION('',(1.,-9.542365120292E-07,-0.));
#4805 = ORIENTED_EDGE('',*,*,#4806,.T.);
#4806 = EDGE_CURVE('',#4798,#4807,#4809,.T.);
#4807 = VERTEX_POINT('',#4808);
#4808 = CARTESIAN_POINT('',(-13.55,-9.,1.585));
#4809 = LINE('',#4810,#4811);
#4810 = CARTESIAN_POINT('',(-13.55,-10.1,1.585));
#4811 = VECTOR('',#4812,1.);
#4812 = DIRECTION('',(0.,1.,0.));
#4813 = ORIENTED_EDGE('',*,*,#4814,.T.);
#4814 = EDGE_CURVE('',#4807,#4779,#4815,.T.);
#4815 = LINE('',#4816,#4817);
#4816 = CARTESIAN_POINT('',(-13.55,-9.,1.585));
#4817 = VECTOR('',#4818,1.);
#4818 = DIRECTION('',(0.195090852695,0.980785174845,0.));
#4819 = PLANE('',#4820);
#4820 = AXIS2_PLACEMENT_3D('',#4821,#4822,#4823);
#4821 = CARTESIAN_POINT('',(0.,0.,1.585));
#4822 = DIRECTION('',(0.,0.,1.));
#4823 = DIRECTION('',(1.,0.,-0.));
#4824 = SHELL_BASED_SURFACE_MODEL('',(#4825));
#4825 = OPEN_SHELL('',(#4826));
#4826 = ADVANCED_FACE('',(#4827),#4871,.T.);
#4827 = FACE_BOUND('',#4828,.F.);
#4828 = EDGE_LOOP('',(#4829,#4840,#4848,#4857,#4865));
#4829 = ORIENTED_EDGE('',*,*,#4830,.T.);
#4830 = EDGE_CURVE('',#4831,#4833,#4835,.T.);
#4831 = VERTEX_POINT('',#4832);
#4832 = CARTESIAN_POINT('',(5.453806,-8.980866,1.585));
#4833 = VERTEX_POINT('',#4834);
#4834 = CARTESIAN_POINT('',(5.55,-9.,1.585));
#4835 = CIRCLE('',#4836,4.999998452109E-02);
#4836 = AXIS2_PLACEMENT_3D('',#4837,#4838,#4839);
#4837 = CARTESIAN_POINT('',(5.500000015479,-9.000000037369,1.585));
#4838 = DIRECTION('',(0.,0.,-1.));
#4839 = DIRECTION('',(-0.923880595592,0.382680865851,0.));
#4840 = ORIENTED_EDGE('',*,*,#4841,.T.);
#4841 = EDGE_CURVE('',#4833,#4842,#4844,.T.);
#4842 = VERTEX_POINT('',#4843);
#4843 = CARTESIAN_POINT('',(5.55,-10.1,1.585));
#4844 = LINE('',#4845,#4846);
#4845 = CARTESIAN_POINT('',(5.55,-9.,1.585));
#4846 = VECTOR('',#4847,1.);
#4847 = DIRECTION('',(0.,-1.,0.));
#4848 = ORIENTED_EDGE('',*,*,#4849,.T.);
#4849 = EDGE_CURVE('',#4842,#4850,#4852,.T.);
#4850 = VERTEX_POINT('',#4851);
#4851 = CARTESIAN_POINT('',(5.45,-10.1,1.585));
#4852 = CIRCLE('',#4853,5.000000000002E-02);
#4853 = AXIS2_PLACEMENT_3D('',#4854,#4855,#4856);
#4854 = CARTESIAN_POINT('',(5.5,-10.09999995228,1.585));
#4855 = DIRECTION('',(-0.,0.,-1.));
#4856 = DIRECTION('',(1.,-9.542364765021E-07,-0.));
#4857 = ORIENTED_EDGE('',*,*,#4858,.T.);
#4858 = EDGE_CURVE('',#4850,#4859,#4861,.T.);
#4859 = VERTEX_POINT('',#4860);
#4860 = CARTESIAN_POINT('',(5.45,-9.,1.585));
#4861 = LINE('',#4862,#4863);
#4862 = CARTESIAN_POINT('',(5.45,-10.1,1.585));
#4863 = VECTOR('',#4864,1.);
#4864 = DIRECTION('',(0.,1.,0.));
#4865 = ORIENTED_EDGE('',*,*,#4866,.T.);
#4866 = EDGE_CURVE('',#4859,#4831,#4867,.T.);
#4867 = LINE('',#4868,#4869);
#4868 = CARTESIAN_POINT('',(5.45,-9.,1.585));
#4869 = VECTOR('',#4870,1.);
#4870 = DIRECTION('',(0.195090852695,0.980785174845,0.));
#4871 = PLANE('',#4872);
#4872 = AXIS2_PLACEMENT_3D('',#4873,#4874,#4875);
#4873 = CARTESIAN_POINT('',(0.,0.,1.585));
#4874 = DIRECTION('',(0.,0.,1.));
#4875 = DIRECTION('',(1.,0.,-0.));
#4876 = SHELL_BASED_SURFACE_MODEL('',(#4877));
#4877 = OPEN_SHELL('',(#4878));
#4878 = ADVANCED_FACE('',(#4879),#4923,.T.);
#4879 = FACE_BOUND('',#4880,.F.);
#4880 = EDGE_LOOP('',(#4881,#4892,#4900,#4909,#4917));
#4881 = ORIENTED_EDGE('',*,*,#4882,.T.);
#4882 = EDGE_CURVE('',#4883,#4885,#4887,.T.);
#4883 = VERTEX_POINT('',#4884);
#4884 = CARTESIAN_POINT('',(23.453806,-8.980866,1.585));
#4885 = VERTEX_POINT('',#4886);
#4886 = CARTESIAN_POINT('',(23.55,-9.,1.585));
#4887 = CIRCLE('',#4888,4.999998452109E-02);
#4888 = AXIS2_PLACEMENT_3D('',#4889,#4890,#4891);
#4889 = CARTESIAN_POINT('',(23.500000015479,-9.000000037369,1.585));
#4890 = DIRECTION('',(0.,0.,-1.));
#4891 = DIRECTION('',(-0.923880595592,0.382680865851,0.));
#4892 = ORIENTED_EDGE('',*,*,#4893,.T.);
#4893 = EDGE_CURVE('',#4885,#4894,#4896,.T.);
#4894 = VERTEX_POINT('',#4895);
#4895 = CARTESIAN_POINT('',(23.55,-10.1,1.585));
#4896 = LINE('',#4897,#4898);
#4897 = CARTESIAN_POINT('',(23.55,-9.,1.585));
#4898 = VECTOR('',#4899,1.);
#4899 = DIRECTION('',(0.,-1.,0.));
#4900 = ORIENTED_EDGE('',*,*,#4901,.T.);
#4901 = EDGE_CURVE('',#4894,#4902,#4904,.T.);
#4902 = VERTEX_POINT('',#4903);
#4903 = CARTESIAN_POINT('',(23.45,-10.1,1.585));
#4904 = CIRCLE('',#4905,5.000000000002E-02);
#4905 = AXIS2_PLACEMENT_3D('',#4906,#4907,#4908);
#4906 = CARTESIAN_POINT('',(23.5,-10.09999995228,1.585));
#4907 = DIRECTION('',(-0.,0.,-1.));
#4908 = DIRECTION('',(1.,-9.542365120292E-07,-0.));
#4909 = ORIENTED_EDGE('',*,*,#4910,.T.);
#4910 = EDGE_CURVE('',#4902,#4911,#4913,.T.);
#4911 = VERTEX_POINT('',#4912);
#4912 = CARTESIAN_POINT('',(23.45,-9.,1.585));
#4913 = LINE('',#4914,#4915);
#4914 = CARTESIAN_POINT('',(23.45,-10.1,1.585));
#4915 = VECTOR('',#4916,1.);
#4916 = DIRECTION('',(0.,1.,0.));
#4917 = ORIENTED_EDGE('',*,*,#4918,.T.);
#4918 = EDGE_CURVE('',#4911,#4883,#4919,.T.);
#4919 = LINE('',#4920,#4921);
#4920 = CARTESIAN_POINT('',(23.45,-9.,1.585));
#4921 = VECTOR('',#4922,1.);
#4922 = DIRECTION('',(0.195090852695,0.980785174845,0.));
#4923 = PLANE('',#4924);
#4924 = AXIS2_PLACEMENT_3D('',#4925,#4926,#4927);
#4925 = CARTESIAN_POINT('',(0.,0.,1.585));
#4926 = DIRECTION('',(0.,0.,1.));
#4927 = DIRECTION('',(1.,0.,-0.));
#4928 = SHELL_BASED_SURFACE_MODEL('',(#4929));
#4929 = OPEN_SHELL('',(#4930));
#4930 = ADVANCED_FACE('',(#4931),#4975,.T.);
#4931 = FACE_BOUND('',#4932,.F.);
#4932 = EDGE_LOOP('',(#4933,#4944,#4952,#4961,#4969));
#4933 = ORIENTED_EDGE('',*,*,#4934,.T.);
#4934 = EDGE_CURVE('',#4935,#4937,#4939,.T.);
#4935 = VERTEX_POINT('',#4936);
#4936 = CARTESIAN_POINT('',(-23.546194,-8.880866,1.585));
#4937 = VERTEX_POINT('',#4938);
#4938 = CARTESIAN_POINT('',(-23.45,-8.9,1.585));
#4939 = CIRCLE('',#4940,4.999998452109E-02);
#4940 = AXIS2_PLACEMENT_3D('',#4941,#4942,#4943);
#4941 = CARTESIAN_POINT('',(-23.49999998452,-8.900000037369,1.585));
#4942 = DIRECTION('',(0.,0.,-1.));
#4943 = DIRECTION('',(-0.923880595592,0.382680865851,0.));
#4944 = ORIENTED_EDGE('',*,*,#4945,.T.);
#4945 = EDGE_CURVE('',#4937,#4946,#4948,.T.);
#4946 = VERTEX_POINT('',#4947);
#4947 = CARTESIAN_POINT('',(-23.45,-10.,1.585));
#4948 = LINE('',#4949,#4950);
#4949 = CARTESIAN_POINT('',(-23.45,-8.9,1.585));
#4950 = VECTOR('',#4951,1.);
#4951 = DIRECTION('',(0.,-1.,0.));
#4952 = ORIENTED_EDGE('',*,*,#4953,.T.);
#4953 = EDGE_CURVE('',#4946,#4954,#4956,.T.);
#4954 = VERTEX_POINT('',#4955);
#4955 = CARTESIAN_POINT('',(-23.55,-10.,1.585));
#4956 = CIRCLE('',#4957,5.000000000002E-02);
#4957 = AXIS2_PLACEMENT_3D('',#4958,#4959,#4960);
#4958 = CARTESIAN_POINT('',(-23.5,-9.999999952288,1.585));
#4959 = DIRECTION('',(-0.,0.,-1.));
#4960 = DIRECTION('',(1.,-9.542365120292E-07,-0.));
#4961 = ORIENTED_EDGE('',*,*,#4962,.T.);
#4962 = EDGE_CURVE('',#4954,#4963,#4965,.T.);
#4963 = VERTEX_POINT('',#4964);
#4964 = CARTESIAN_POINT('',(-23.55,-8.9,1.585));
#4965 = LINE('',#4966,#4967);
#4966 = CARTESIAN_POINT('',(-23.55,-10.,1.585));
#4967 = VECTOR('',#4968,1.);
#4968 = DIRECTION('',(0.,1.,0.));
#4969 = ORIENTED_EDGE('',*,*,#4970,.T.);
#4970 = EDGE_CURVE('',#4963,#4935,#4971,.T.);
#4971 = LINE('',#4972,#4973);
#4972 = CARTESIAN_POINT('',(-23.55,-8.9,1.585));
#4973 = VECTOR('',#4974,1.);
#4974 = DIRECTION('',(0.195090852695,0.980785174845,0.));
#4975 = PLANE('',#4976);
#4976 = AXIS2_PLACEMENT_3D('',#4977,#4978,#4979);
#4977 = CARTESIAN_POINT('',(0.,0.,1.585));
#4978 = DIRECTION('',(0.,0.,1.));
#4979 = DIRECTION('',(1.,0.,-0.));
#4980 = SHELL_BASED_SURFACE_MODEL('',(#4981));
#4981 = OPEN_SHELL('',(#4982));
#4982 = ADVANCED_FACE('',(#4983),#5027,.T.);
#4983 = FACE_BOUND('',#4984,.F.);
#4984 = EDGE_LOOP('',(#4985,#4996,#5004,#5013,#5021));
#4985 = ORIENTED_EDGE('',*,*,#4986,.T.);
#4986 = EDGE_CURVE('',#4987,#4989,#4991,.T.);
#4987 = VERTEX_POINT('',#4988);
#4988 = CARTESIAN_POINT('',(-4.546194,-8.880866,1.585));
#4989 = VERTEX_POINT('',#4990);
#4990 = CARTESIAN_POINT('',(-4.45,-8.9,1.585));
#4991 = CIRCLE('',#4992,4.999998452109E-02);
#4992 = AXIS2_PLACEMENT_3D('',#4993,#4994,#4995);
#4993 = CARTESIAN_POINT('',(-4.499999984521,-8.900000037369,1.585));
#4994 = DIRECTION('',(0.,0.,-1.));
#4995 = DIRECTION('',(-0.923880595592,0.382680865851,0.));
#4996 = ORIENTED_EDGE('',*,*,#4997,.T.);
#4997 = EDGE_CURVE('',#4989,#4998,#5000,.T.);
#4998 = VERTEX_POINT('',#4999);
#4999 = CARTESIAN_POINT('',(-4.45,-10.,1.585));
#5000 = LINE('',#5001,#5002);
#5001 = CARTESIAN_POINT('',(-4.45,-8.9,1.585));
#5002 = VECTOR('',#5003,1.);
#5003 = DIRECTION('',(0.,-1.,0.));
#5004 = ORIENTED_EDGE('',*,*,#5005,.T.);
#5005 = EDGE_CURVE('',#4998,#5006,#5008,.T.);
#5006 = VERTEX_POINT('',#5007);
#5007 = CARTESIAN_POINT('',(-4.55,-10.,1.585));
#5008 = CIRCLE('',#5009,5.000000000002E-02);
#5009 = AXIS2_PLACEMENT_3D('',#5010,#5011,#5012);
#5010 = CARTESIAN_POINT('',(-4.5,-9.999999952288,1.585));
#5011 = DIRECTION('',(-0.,0.,-1.));
#5012 = DIRECTION('',(1.,-9.542364765021E-07,-0.));
#5013 = ORIENTED_EDGE('',*,*,#5014,.T.);
#5014 = EDGE_CURVE('',#5006,#5015,#5017,.T.);
#5015 = VERTEX_POINT('',#5016);
#5016 = CARTESIAN_POINT('',(-4.55,-8.9,1.585));
#5017 = LINE('',#5018,#5019);
#5018 = CARTESIAN_POINT('',(-4.55,-10.,1.585));
#5019 = VECTOR('',#5020,1.);
#5020 = DIRECTION('',(0.,1.,0.));
#5021 = ORIENTED_EDGE('',*,*,#5022,.T.);
#5022 = EDGE_CURVE('',#5015,#4987,#5023,.T.);
#5023 = LINE('',#5024,#5025);
#5024 = CARTESIAN_POINT('',(-4.55,-8.9,1.585));
#5025 = VECTOR('',#5026,1.);
#5026 = DIRECTION('',(0.195090852695,0.980785174845,0.));
#5027 = PLANE('',#5028);
#5028 = AXIS2_PLACEMENT_3D('',#5029,#5030,#5031);
#5029 = CARTESIAN_POINT('',(0.,0.,1.585));
#5030 = DIRECTION('',(0.,0.,1.));
#5031 = DIRECTION('',(1.,0.,-0.));
#5032 = SHELL_BASED_SURFACE_MODEL('',(#5033));
#5033 = OPEN_SHELL('',(#5034));
#5034 = ADVANCED_FACE('',(#5035),#5079,.T.);
#5035 = FACE_BOUND('',#5036,.F.);
#5036 = EDGE_LOOP('',(#5037,#5048,#5056,#5065,#5073));
#5037 = ORIENTED_EDGE('',*,*,#5038,.T.);
#5038 = EDGE_CURVE('',#5039,#5041,#5043,.T.);
#5039 = VERTEX_POINT('',#5040);
#5040 = CARTESIAN_POINT('',(13.453806,-8.880866,1.585));
#5041 = VERTEX_POINT('',#5042);
#5042 = CARTESIAN_POINT('',(13.55,-8.9,1.585));
#5043 = CIRCLE('',#5044,4.999998452109E-02);
#5044 = AXIS2_PLACEMENT_3D('',#5045,#5046,#5047);
#5045 = CARTESIAN_POINT('',(13.500000015479,-8.900000037369,1.585));
#5046 = DIRECTION('',(0.,0.,-1.));
#5047 = DIRECTION('',(-0.923880595592,0.382680865851,0.));
#5048 = ORIENTED_EDGE('',*,*,#5049,.T.);
#5049 = EDGE_CURVE('',#5041,#5050,#5052,.T.);
#5050 = VERTEX_POINT('',#5051);
#5051 = CARTESIAN_POINT('',(13.55,-10.,1.585));
#5052 = LINE('',#5053,#5054);
#5053 = CARTESIAN_POINT('',(13.55,-8.9,1.585));
#5054 = VECTOR('',#5055,1.);
#5055 = DIRECTION('',(0.,-1.,0.));
#5056 = ORIENTED_EDGE('',*,*,#5057,.T.);
#5057 = EDGE_CURVE('',#5050,#5058,#5060,.T.);
#5058 = VERTEX_POINT('',#5059);
#5059 = CARTESIAN_POINT('',(13.45,-10.,1.585));
#5060 = CIRCLE('',#5061,5.000000000002E-02);
#5061 = AXIS2_PLACEMENT_3D('',#5062,#5063,#5064);
#5062 = CARTESIAN_POINT('',(13.5,-9.999999952288,1.585));
#5063 = DIRECTION('',(-0.,0.,-1.));
#5064 = DIRECTION('',(1.,-9.542365120292E-07,-0.));
#5065 = ORIENTED_EDGE('',*,*,#5066,.T.);
#5066 = EDGE_CURVE('',#5058,#5067,#5069,.T.);
#5067 = VERTEX_POINT('',#5068);
#5068 = CARTESIAN_POINT('',(13.45,-8.9,1.585));
#5069 = LINE('',#5070,#5071);
#5070 = CARTESIAN_POINT('',(13.45,-10.,1.585));
#5071 = VECTOR('',#5072,1.);
#5072 = DIRECTION('',(0.,1.,0.));
#5073 = ORIENTED_EDGE('',*,*,#5074,.T.);
#5074 = EDGE_CURVE('',#5067,#5039,#5075,.T.);
#5075 = LINE('',#5076,#5077);
#5076 = CARTESIAN_POINT('',(13.45,-8.9,1.585));
#5077 = VECTOR('',#5078,1.);
#5078 = DIRECTION('',(0.195090852695,0.980785174845,0.));
#5079 = PLANE('',#5080);
#5080 = AXIS2_PLACEMENT_3D('',#5081,#5082,#5083);
#5081 = CARTESIAN_POINT('',(0.,0.,1.585));
#5082 = DIRECTION('',(0.,0.,1.));
#5083 = DIRECTION('',(1.,0.,-0.));
#5084 = SHELL_BASED_SURFACE_MODEL('',(#5085));
#5085 = OPEN_SHELL('',(#5086));
#5086 = ADVANCED_FACE('',(#5087),#5221,.T.);
#5087 = FACE_BOUND('',#5088,.F.);
#5088 = EDGE_LOOP('',(#5089,#5099,#5107,#5116,#5124,#5132,#5141,#5149,
    #5158,#5166,#5174,#5182,#5190,#5199,#5207,#5215));
#5089 = ORIENTED_EDGE('',*,*,#5090,.T.);
#5090 = EDGE_CURVE('',#5091,#5093,#5095,.T.);
#5091 = VERTEX_POINT('',#5092);
#5092 = CARTESIAN_POINT('',(-38.303088,-8.651841,1.585));
#5093 = VERTEX_POINT('',#5094);
#5094 = CARTESIAN_POINT('',(-38.264632,-8.63126,1.585));
#5095 = LINE('',#5096,#5097);
#5096 = CARTESIAN_POINT('',(-38.303088,-8.651841,1.585));
#5097 = VECTOR('',#5098,1.);
#5098 = DIRECTION('',(0.881674852639,0.471857451169,0.));
#5099 = ORIENTED_EDGE('',*,*,#5100,.T.);
#5100 = EDGE_CURVE('',#5093,#5101,#5103,.T.);
#5101 = VERTEX_POINT('',#5102);
#5102 = CARTESIAN_POINT('',(-38.242795,-8.63126,1.585));
#5103 = LINE('',#5104,#5105);
#5104 = CARTESIAN_POINT('',(-38.264632,-8.63126,1.585));
#5105 = VECTOR('',#5106,1.);
#5106 = DIRECTION('',(1.,0.,0.));
#5107 = ORIENTED_EDGE('',*,*,#5108,.T.);
#5108 = EDGE_CURVE('',#5101,#5109,#5111,.T.);
#5109 = VERTEX_POINT('',#5110);
#5110 = CARTESIAN_POINT('',(-38.175,-8.704819,1.585));
#5111 = CIRCLE('',#5112,7.216898094228E-02);
#5112 = AXIS2_PLACEMENT_3D('',#5113,#5114,#5115);
#5113 = CARTESIAN_POINT('',(-38.2471529361,-8.703297283424,1.585));
#5114 = DIRECTION('',(0.,0.,-1.));
#5115 = DIRECTION('',(6.038516895255E-02,0.998175150648,0.));
#5116 = ORIENTED_EDGE('',*,*,#5117,.T.);
#5117 = EDGE_CURVE('',#5109,#5118,#5120,.T.);
#5118 = VERTEX_POINT('',#5119);
#5119 = CARTESIAN_POINT('',(-38.175,-9.629819,1.585));
#5120 = LINE('',#5121,#5122);
#5121 = CARTESIAN_POINT('',(-38.175,-8.704819,1.585));
#5122 = VECTOR('',#5123,1.);
#5123 = DIRECTION('',(0.,-1.,0.));
#5124 = ORIENTED_EDGE('',*,*,#5125,.T.);
#5125 = EDGE_CURVE('',#5118,#5126,#5128,.T.);
#5126 = VERTEX_POINT('',#5127);
#5127 = CARTESIAN_POINT('',(-37.949654,-9.63126,1.585));
#5128 = LINE('',#5129,#5130);
#5129 = CARTESIAN_POINT('',(-38.175,-9.629819,1.585));
#5130 = VECTOR('',#5131,1.);
#5131 = DIRECTION('',(0.999979555102,-6.394480216655E-03,0.));
#5132 = ORIENTED_EDGE('',*,*,#5133,.T.);
#5133 = EDGE_CURVE('',#5126,#5134,#5136,.T.);
#5134 = VERTEX_POINT('',#5135);
#5135 = CARTESIAN_POINT('',(-37.964286,-9.779819,1.585));
#5136 = CIRCLE('',#5137,7.500006711464E-02);
#5137 = AXIS2_PLACEMENT_3D('',#5138,#5139,#5140);
#5138 = CARTESIAN_POINT('',(-37.96428593288,-9.704818932885,1.585));
#5139 = DIRECTION('',(0.,0.,-1.));
#5140 = DIRECTION('',(0.195092263891,0.980784894138,0.));
#5141 = ORIENTED_EDGE('',*,*,#5142,.T.);
#5142 = EDGE_CURVE('',#5134,#5143,#5145,.T.);
#5143 = VERTEX_POINT('',#5144);
#5144 = CARTESIAN_POINT('',(-38.550346,-9.778378,1.585));
#5145 = LINE('',#5146,#5147);
#5146 = CARTESIAN_POINT('',(-37.964286,-9.779819,1.585));
#5147 = VECTOR('',#5148,1.);
#5148 = DIRECTION('',(-0.999996977183,2.458785182611E-03,0.));
#5149 = ORIENTED_EDGE('',*,*,#5150,.T.);
#5150 = EDGE_CURVE('',#5143,#5151,#5153,.T.);
#5151 = VERTEX_POINT('',#5152);
#5152 = CARTESIAN_POINT('',(-38.535714,-9.629819,1.585));
#5153 = CIRCLE('',#5154,7.500006711464E-02);
#5154 = AXIS2_PLACEMENT_3D('',#5155,#5156,#5157);
#5155 = CARTESIAN_POINT('',(-38.53571406711,-9.704819067115,1.585));
#5156 = DIRECTION('',(0.,0.,-1.));
#5157 = DIRECTION('',(-0.195092263891,-0.980784894138,-0.));
#5158 = ORIENTED_EDGE('',*,*,#5159,.T.);
#5159 = EDGE_CURVE('',#5151,#5160,#5162,.T.);
#5160 = VERTEX_POINT('',#5161);
#5161 = CARTESIAN_POINT('',(-38.325,-9.629819,1.585));
#5162 = LINE('',#5163,#5164);
#5163 = CARTESIAN_POINT('',(-38.535714,-9.629819,1.585));
#5164 = VECTOR('',#5165,1.);
#5165 = DIRECTION('',(1.,0.,0.));
#5166 = ORIENTED_EDGE('',*,*,#5167,.T.);
#5167 = EDGE_CURVE('',#5160,#5168,#5170,.T.);
#5168 = VERTEX_POINT('',#5169);
#5169 = CARTESIAN_POINT('',(-38.325,-8.933504,1.585));
#5170 = LINE('',#5171,#5172);
#5171 = CARTESIAN_POINT('',(-38.325,-9.629819,1.585));
#5172 = VECTOR('',#5173,1.);
#5173 = DIRECTION('',(0.,1.,0.));
#5174 = ORIENTED_EDGE('',*,*,#5175,.T.);
#5175 = EDGE_CURVE('',#5168,#5176,#5178,.T.);
#5176 = VERTEX_POINT('',#5177);
#5177 = CARTESIAN_POINT('',(-38.400636,-9.006031,1.585));
#5178 = LINE('',#5179,#5180);
#5179 = CARTESIAN_POINT('',(-38.325,-8.933504,1.585));
#5180 = VECTOR('',#5181,1.);
#5181 = DIRECTION('',(-0.721785571396,-0.692116745156,0.));
#5182 = ORIENTED_EDGE('',*,*,#5183,.T.);
#5183 = EDGE_CURVE('',#5176,#5184,#5186,.T.);
#5184 = VERTEX_POINT('',#5185);
#5185 = CARTESIAN_POINT('',(-38.515905,-9.06287,1.585));
#5186 = LINE('',#5187,#5188);
#5187 = CARTESIAN_POINT('',(-38.400636,-9.006031,1.585));
#5188 = VECTOR('',#5189,1.);
#5189 = DIRECTION('',(-0.896889346494,-0.442255017094,0.));
#5190 = ORIENTED_EDGE('',*,*,#5191,.T.);
#5191 = EDGE_CURVE('',#5184,#5192,#5194,.T.);
#5192 = VERTEX_POINT('',#5193);
#5193 = CARTESIAN_POINT('',(-38.569255,-8.923451,1.585));
#5194 = CIRCLE('',#5195,7.500005272362E-02);
#5195 = AXIS2_PLACEMENT_3D('',#5196,#5197,#5198);
#5196 = CARTESIAN_POINT('',(-38.53571444324,-8.990533329721,1.585));
#5197 = DIRECTION('',(0.,0.,-1.));
#5198 = DIRECTION('',(0.264125724196,-0.964488259036,0.));
#5199 = ORIENTED_EDGE('',*,*,#5200,.T.);
#5200 = EDGE_CURVE('',#5192,#5201,#5203,.T.);
#5201 = VERTEX_POINT('',#5202);
#5202 = CARTESIAN_POINT('',(-38.484903,-8.881275,1.585));
#5203 = LINE('',#5204,#5205);
#5204 = CARTESIAN_POINT('',(-38.569255,-8.923451,1.585));
#5205 = VECTOR('',#5206,1.);
#5206 = DIRECTION('',(0.894427191,0.4472135955,0.));
#5207 = ORIENTED_EDGE('',*,*,#5208,.T.);
#5208 = EDGE_CURVE('',#5201,#5209,#5211,.T.);
#5209 = VERTEX_POINT('',#5210);
#5210 = CARTESIAN_POINT('',(-38.403524,-8.799896,1.585));
#5211 = LINE('',#5212,#5213);
#5212 = CARTESIAN_POINT('',(-38.484903,-8.881275,1.585));
#5213 = VECTOR('',#5214,1.);
#5214 = DIRECTION('',(0.707106781187,0.707106781187,0.));
#5215 = ORIENTED_EDGE('',*,*,#5216,.T.);
#5216 = EDGE_CURVE('',#5209,#5091,#5217,.T.);
#5217 = LINE('',#5218,#5219);
#5218 = CARTESIAN_POINT('',(-38.403524,-8.799896,1.585));
#5219 = VECTOR('',#5220,1.);
#5220 = DIRECTION('',(0.561387006404,0.82755339951,0.));
#5221 = PLANE('',#5222);
#5222 = AXIS2_PLACEMENT_3D('',#5223,#5224,#5225);
#5223 = CARTESIAN_POINT('',(0.,0.,1.585));
#5224 = DIRECTION('',(0.,0.,1.));
#5225 = DIRECTION('',(1.,0.,-0.));
#5226 = SHELL_BASED_SURFACE_MODEL('',(#5227));
#5227 = OPEN_SHELL('',(#5228));
#5228 = ADVANCED_FACE('',(#5229,#5345),#5428,.T.);
#5229 = FACE_BOUND('',#5230,.F.);
#5230 = EDGE_LOOP('',(#5231,#5242,#5250,#5258,#5266,#5274,#5282,#5290,
    #5298,#5306,#5314,#5322,#5330,#5339));
#5231 = ORIENTED_EDGE('',*,*,#5232,.T.);
#5232 = EDGE_CURVE('',#5233,#5235,#5237,.T.);
#5233 = VERTEX_POINT('',#5234);
#5234 = CARTESIAN_POINT('',(-39.561654,-8.690187,1.585));
#5235 = VERTEX_POINT('',#5236);
#5236 = CARTESIAN_POINT('',(-39.488095,-8.629819,1.585));
#5237 = CIRCLE('',#5238,7.500074938985E-02);
#5238 = AXIS2_PLACEMENT_3D('',#5239,#5240,#5241);
#5239 = CARTESIAN_POINT('',(-39.48809453389,-8.704819749388,1.585));
#5240 = DIRECTION('',(0.,0.,-1.));
#5241 = DIRECTION('',(-0.980783081614,0.195101375752,0.));
#5242 = ORIENTED_EDGE('',*,*,#5243,.T.);
#5243 = EDGE_CURVE('',#5235,#5244,#5246,.T.);
#5244 = VERTEX_POINT('',#5245);
#5245 = CARTESIAN_POINT('',(-39.242595,-8.630548,1.585));
#5246 = LINE('',#5247,#5248);
#5247 = CARTESIAN_POINT('',(-39.488095,-8.629819,1.585));
#5248 = VECTOR('',#5249,1.);
#5249 = DIRECTION('',(0.999995591212,-2.969437010157E-03,0.));
#5250 = ORIENTED_EDGE('',*,*,#5251,.T.);
#5251 = EDGE_CURVE('',#5244,#5252,#5254,.T.);
#5252 = VERTEX_POINT('',#5253);
#5253 = CARTESIAN_POINT('',(-39.065475,-8.690078,1.585));
#5254 = LINE('',#5255,#5256);
#5255 = CARTESIAN_POINT('',(-39.242595,-8.630548,1.585));
#5256 = VECTOR('',#5257,1.);
#5257 = DIRECTION('',(0.947893661994,-0.318586888542,0.));
#5258 = ORIENTED_EDGE('',*,*,#5259,.T.);
#5259 = EDGE_CURVE('',#5252,#5260,#5262,.T.);
#5260 = VERTEX_POINT('',#5261);
#5261 = CARTESIAN_POINT('',(-38.948786,-8.80784,1.585));
#5262 = LINE('',#5263,#5264);
#5263 = CARTESIAN_POINT('',(-39.065475,-8.690078,1.585));
#5264 = VECTOR('',#5265,1.);
#5265 = DIRECTION('',(0.703863230025,-0.710335521721,0.));
#5266 = ORIENTED_EDGE('',*,*,#5267,.T.);
#5267 = EDGE_CURVE('',#5260,#5268,#5270,.T.);
#5268 = VERTEX_POINT('',#5269);
#5269 = CARTESIAN_POINT('',(-38.891525,-8.924724,1.585));
#5270 = LINE('',#5271,#5272);
#5271 = CARTESIAN_POINT('',(-38.948786,-8.80784,1.585));
#5272 = VECTOR('',#5273,1.);
#5273 = DIRECTION('',(0.439939908708,-0.8980272138,0.));
#5274 = ORIENTED_EDGE('',*,*,#5275,.T.);
#5275 = EDGE_CURVE('',#5268,#5276,#5278,.T.);
#5276 = VERTEX_POINT('',#5277);
#5277 = CARTESIAN_POINT('',(-38.841667,-9.13339,1.585));
#5278 = LINE('',#5279,#5280);
#5279 = CARTESIAN_POINT('',(-38.891525,-8.924724,1.585));
#5280 = VECTOR('',#5281,1.);
#5281 = DIRECTION('',(0.232395123349,-0.972621461126,0.));
#5282 = ORIENTED_EDGE('',*,*,#5283,.T.);
#5283 = EDGE_CURVE('',#5276,#5284,#5286,.T.);
#5284 = VERTEX_POINT('',#5285);
#5285 = CARTESIAN_POINT('',(-38.843906,-9.294437,1.585));
#5286 = LINE('',#5287,#5288);
#5287 = CARTESIAN_POINT('',(-38.841667,-9.13339,1.585));
#5288 = VECTOR('',#5289,1.);
#5289 = DIRECTION('',(-1.390143030563E-02,-0.999903370449,0.));
#5290 = ORIENTED_EDGE('',*,*,#5291,.T.);
#5291 = EDGE_CURVE('',#5284,#5292,#5294,.T.);
#5292 = VERTEX_POINT('',#5293);
#5293 = CARTESIAN_POINT('',(-38.897204,-9.500264,1.585));
#5294 = LINE('',#5295,#5296);
#5295 = CARTESIAN_POINT('',(-38.843906,-9.294437,1.585));
#5296 = VECTOR('',#5297,1.);
#5297 = DIRECTION('',(-0.250677645339,-0.968070616292,0.));
#5298 = ORIENTED_EDGE('',*,*,#5299,.T.);
#5299 = EDGE_CURVE('',#5292,#5300,#5302,.T.);
#5300 = VERTEX_POINT('',#5301);
#5301 = CARTESIAN_POINT('',(-38.954154,-9.609244,1.585));
#5302 = LINE('',#5303,#5304);
#5303 = CARTESIAN_POINT('',(-38.897204,-9.500264,1.585));
#5304 = VECTOR('',#5305,1.);
#5305 = DIRECTION('',(-0.463146784147,-0.886281589752,0.));
#5306 = ORIENTED_EDGE('',*,*,#5307,.T.);
#5307 = EDGE_CURVE('',#5300,#5308,#5310,.T.);
#5308 = VERTEX_POINT('',#5309);
#5309 = CARTESIAN_POINT('',(-39.070001,-9.722357,1.585));
#5310 = LINE('',#5311,#5312);
#5311 = CARTESIAN_POINT('',(-38.954154,-9.609244,1.585));
#5312 = VECTOR('',#5313,1.);
#5313 = DIRECTION('',(-0.715499299798,-0.698613449619,0.));
#5314 = ORIENTED_EDGE('',*,*,#5315,.T.);
#5315 = EDGE_CURVE('',#5308,#5316,#5318,.T.);
#5316 = VERTEX_POINT('',#5317);
#5317 = CARTESIAN_POINT('',(-39.242595,-9.779089,1.585));
#5318 = LINE('',#5319,#5320);
#5319 = CARTESIAN_POINT('',(-39.070001,-9.722357,1.585));
#5320 = VECTOR('',#5321,1.);
#5321 = DIRECTION('',(-0.949994945594,-0.312265277202,0.));
#5322 = ORIENTED_EDGE('',*,*,#5323,.T.);
#5323 = EDGE_CURVE('',#5316,#5324,#5326,.T.);
#5324 = VERTEX_POINT('',#5325);
#5325 = CARTESIAN_POINT('',(-39.502727,-9.778378,1.585));
#5326 = LINE('',#5327,#5328);
#5327 = CARTESIAN_POINT('',(-39.242595,-9.779089,1.585));
#5328 = VECTOR('',#5329,1.);
#5329 = DIRECTION('',(-0.999996264754,2.733217536639E-03,0.));
#5330 = ORIENTED_EDGE('',*,*,#5331,.T.);
#5331 = EDGE_CURVE('',#5324,#5332,#5334,.T.);
#5332 = VERTEX_POINT('',#5333);
#5333 = CARTESIAN_POINT('',(-39.563095,-9.704819,1.585));
#5334 = CIRCLE('',#5335,7.500074938985E-02);
#5335 = AXIS2_PLACEMENT_3D('',#5336,#5337,#5338);
#5336 = CARTESIAN_POINT('',(-39.48809425061,-9.70481853389,1.585));
#5337 = DIRECTION('',(0.,0.,-1.));
#5338 = DIRECTION('',(-0.195101375752,-0.980783081614,-0.));
#5339 = ORIENTED_EDGE('',*,*,#5340,.T.);
#5340 = EDGE_CURVE('',#5332,#5233,#5341,.T.);
#5341 = LINE('',#5342,#5343);
#5342 = CARTESIAN_POINT('',(-39.563095,-9.704819,1.585));
#5343 = VECTOR('',#5344,1.);
#5344 = DIRECTION('',(1.420217918158E-03,0.99999899149,0.));
#5345 = FACE_BOUND('',#5346,.F.);
#5346 = EDGE_LOOP('',(#5347,#5357,#5365,#5373,#5381,#5389,#5397,#5406,
    #5414,#5422));
#5347 = ORIENTED_EDGE('',*,*,#5348,.T.);
#5348 = EDGE_CURVE('',#5349,#5351,#5353,.T.);
#5349 = VERTEX_POINT('',#5350);
#5350 = CARTESIAN_POINT('',(-39.147657,-8.81799,1.585));
#5351 = VERTEX_POINT('',#5352);
#5352 = CARTESIAN_POINT('',(-39.26217,-8.779819,1.585));
#5353 = LINE('',#5354,#5355);
#5354 = CARTESIAN_POINT('',(-39.147657,-8.81799,1.585));
#5355 = VECTOR('',#5356,1.);
#5356 = DIRECTION('',(-0.948683298051,0.316227766017,0.));
#5357 = ORIENTED_EDGE('',*,*,#5358,.T.);
#5358 = EDGE_CURVE('',#5351,#5359,#5361,.T.);
#5359 = VERTEX_POINT('',#5360);
#5360 = CARTESIAN_POINT('',(-39.413095,-8.779819,1.585));
#5361 = LINE('',#5362,#5363);
#5362 = CARTESIAN_POINT('',(-39.26217,-8.779819,1.585));
#5363 = VECTOR('',#5364,1.);
#5364 = DIRECTION('',(-1.,0.,0.));
#5365 = ORIENTED_EDGE('',*,*,#5366,.T.);
#5366 = EDGE_CURVE('',#5359,#5367,#5369,.T.);
#5367 = VERTEX_POINT('',#5368);
#5368 = CARTESIAN_POINT('',(-39.413095,-9.629819,1.585));
#5369 = LINE('',#5370,#5371);
#5370 = CARTESIAN_POINT('',(-39.413095,-8.779819,1.585));
#5371 = VECTOR('',#5372,1.);
#5372 = DIRECTION('',(0.,-1.,0.));
#5373 = ORIENTED_EDGE('',*,*,#5374,.T.);
#5374 = EDGE_CURVE('',#5367,#5375,#5377,.T.);
#5375 = VERTEX_POINT('',#5376);
#5376 = CARTESIAN_POINT('',(-39.26217,-9.629819,1.585));
#5377 = LINE('',#5378,#5379);
#5378 = CARTESIAN_POINT('',(-39.413095,-9.629819,1.585));
#5379 = VECTOR('',#5380,1.);
#5380 = DIRECTION('',(1.,0.,0.));
#5381 = ORIENTED_EDGE('',*,*,#5382,.T.);
#5382 = EDGE_CURVE('',#5375,#5383,#5385,.T.);
#5383 = VERTEX_POINT('',#5384);
#5384 = CARTESIAN_POINT('',(-39.147657,-9.591647,1.585));
#5385 = LINE('',#5386,#5387);
#5386 = CARTESIAN_POINT('',(-39.26217,-9.629819,1.585));
#5387 = VECTOR('',#5388,1.);
#5388 = DIRECTION('',(0.948680812677,0.31623522204,0.));
#5389 = ORIENTED_EDGE('',*,*,#5390,.T.);
#5390 = EDGE_CURVE('',#5383,#5391,#5393,.T.);
#5391 = VERTEX_POINT('',#5392);
#5392 = CARTESIAN_POINT('',(-39.073545,-9.517534,1.585));
#5393 = LINE('',#5394,#5395);
#5394 = CARTESIAN_POINT('',(-39.147657,-9.591647,1.585));
#5395 = VECTOR('',#5396,1.);
#5396 = DIRECTION('',(0.707102010674,0.707111551667,0.));
#5397 = ORIENTED_EDGE('',*,*,#5398,.T.);
#5398 = EDGE_CURVE('',#5391,#5399,#5401,.T.);
#5399 = VERTEX_POINT('',#5400);
#5400 = CARTESIAN_POINT('',(-38.991667,-9.142624,1.585));
#5401 = CIRCLE('',#5402,0.611719141131);
#5402 = AXIS2_PLACEMENT_3D('',#5403,#5404,#5405);
#5403 = CARTESIAN_POINT('',(-39.60007903775,-9.20614643649,1.585));
#5404 = DIRECTION('',(0.,0.,1.));
#5405 = DIRECTION('',(0.860744747637,-0.509036815383,0.));
#5406 = ORIENTED_EDGE('',*,*,#5407,.T.);
#5407 = EDGE_CURVE('',#5399,#5408,#5410,.T.);
#5408 = VERTEX_POINT('',#5409);
#5409 = CARTESIAN_POINT('',(-39.035051,-8.96909,1.585));
#5410 = LINE('',#5411,#5412);
#5411 = CARTESIAN_POINT('',(-38.991667,-9.142624,1.585));
#5412 = VECTOR('',#5413,1.);
#5413 = DIRECTION('',(-0.242538255859,0.970141842436,0.));
#5414 = ORIENTED_EDGE('',*,*,#5415,.T.);
#5415 = EDGE_CURVE('',#5408,#5416,#5418,.T.);
#5416 = VERTEX_POINT('',#5417);
#5417 = CARTESIAN_POINT('',(-39.073544,-8.892103,1.585));
#5418 = LINE('',#5419,#5420);
#5419 = CARTESIAN_POINT('',(-39.035051,-8.96909,1.585));
#5420 = VECTOR('',#5421,1.);
#5421 = DIRECTION('',(-0.447208948322,0.894429514574,0.));
#5422 = ORIENTED_EDGE('',*,*,#5423,.T.);
#5423 = EDGE_CURVE('',#5416,#5349,#5424,.T.);
#5424 = LINE('',#5425,#5426);
#5425 = CARTESIAN_POINT('',(-39.073544,-8.892103,1.585));
#5426 = VECTOR('',#5427,1.);
#5427 = DIRECTION('',(-0.707106781187,0.707106781187,0.));
#5428 = PLANE('',#5429);
#5429 = AXIS2_PLACEMENT_3D('',#5430,#5431,#5432);
#5430 = CARTESIAN_POINT('',(0.,0.,1.585));
#5431 = DIRECTION('',(0.,0.,1.));
#5432 = DIRECTION('',(1.,0.,-0.));
#5433 = SHELL_BASED_SURFACE_MODEL('',(#5434));
#5434 = OPEN_SHELL('',(#5435));
#5435 = ADVANCED_FACE('',(#5436),#5506,.T.);
#5436 = FACE_BOUND('',#5437,.F.);
#5437 = EDGE_LOOP('',(#5438,#5449,#5457,#5466,#5474,#5483,#5491,#5500));
#5438 = ORIENTED_EDGE('',*,*,#5439,.T.);
#5439 = EDGE_CURVE('',#5440,#5442,#5444,.T.);
#5440 = VERTEX_POINT('',#5441);
#5441 = CARTESIAN_POINT('',(-28.559813,-8.406892,1.585));
#5442 = VERTEX_POINT('',#5443);
#5443 = CARTESIAN_POINT('',(-28.545181,-8.258333,1.585));
#5444 = CIRCLE('',#5445,7.500006711464E-02);
#5445 = AXIS2_PLACEMENT_3D('',#5446,#5447,#5448);
#5446 = CARTESIAN_POINT('',(-28.54518106711,-8.333333067115,1.585));
#5447 = DIRECTION('',(0.,0.,-1.));
#5448 = DIRECTION('',(-0.195092263891,-0.980784894138,-0.));
#5449 = ORIENTED_EDGE('',*,*,#5450,.T.);
#5450 = EDGE_CURVE('',#5442,#5451,#5453,.T.);
#5451 = VERTEX_POINT('',#5452);
#5452 = CARTESIAN_POINT('',(-27.823491,-8.259062,1.585));
#5453 = LINE('',#5454,#5455);
#5454 = CARTESIAN_POINT('',(-28.545181,-8.258333,1.585));
#5455 = VECTOR('',#5456,1.);
#5456 = DIRECTION('',(0.99999948982,-1.01012848741E-03,0.));
#5457 = ORIENTED_EDGE('',*,*,#5458,.T.);
#5458 = EDGE_CURVE('',#5451,#5459,#5461,.T.);
#5459 = VERTEX_POINT('',#5460);
#5460 = CARTESIAN_POINT('',(-27.470911,-8.61164,1.585));
#5461 = CIRCLE('',#5462,0.383787726409);
#5462 = AXIS2_PLACEMENT_3D('',#5463,#5464,#5465);
#5463 = CARTESIAN_POINT('',(-27.8535218186,-8.641672988963,1.585));
#5464 = DIRECTION('',(0.,0.,-1.));
#5465 = DIRECTION('',(7.824851224109E-02,0.996933884634,0.));
#5466 = ORIENTED_EDGE('',*,*,#5467,.T.);
#5467 = EDGE_CURVE('',#5459,#5468,#5470,.T.);
#5468 = VERTEX_POINT('',#5469);
#5469 = CARTESIAN_POINT('',(-27.471622,-8.728917,1.585));
#5470 = LINE('',#5471,#5472);
#5471 = CARTESIAN_POINT('',(-27.470911,-8.61164,1.585));
#5472 = VECTOR('',#5473,1.);
#5473 = DIRECTION('',(-6.062458402283E-03,-0.99998162313,0.));
#5474 = ORIENTED_EDGE('',*,*,#5475,.T.);
#5475 = EDGE_CURVE('',#5468,#5476,#5478,.T.);
#5476 = VERTEX_POINT('',#5477);
#5477 = CARTESIAN_POINT('',(-27.620181,-8.714285,1.585));
#5478 = CIRCLE('',#5479,7.500006711464E-02);
#5479 = AXIS2_PLACEMENT_3D('',#5480,#5481,#5482);
#5480 = CARTESIAN_POINT('',(-27.54518093288,-8.714285067115,1.585));
#5481 = DIRECTION('',(-0.,0.,-1.));
#5482 = DIRECTION('',(0.980784894138,-0.195092263891,-0.));
#5483 = ORIENTED_EDGE('',*,*,#5484,.T.);
#5484 = EDGE_CURVE('',#5476,#5485,#5487,.T.);
#5485 = VERTEX_POINT('',#5486);
#5486 = CARTESIAN_POINT('',(-27.620181,-8.631217,1.585));
#5487 = LINE('',#5488,#5489);
#5488 = CARTESIAN_POINT('',(-27.620181,-8.714285,1.585));
#5489 = VECTOR('',#5490,1.);
#5490 = DIRECTION('',(0.,1.,0.));
#5491 = ORIENTED_EDGE('',*,*,#5492,.T.);
#5492 = EDGE_CURVE('',#5485,#5493,#5495,.T.);
#5493 = VERTEX_POINT('',#5494);
#5494 = CARTESIAN_POINT('',(-27.843066,-8.408333,1.585));
#5495 = CIRCLE('',#5496,0.239434552369);
#5496 = AXIS2_PLACEMENT_3D('',#5497,#5498,#5499);
#5497 = CARTESIAN_POINT('',(-27.85907939222,-8.647231464076,1.585));
#5498 = DIRECTION('',(0.,0.,1.));
#5499 = DIRECTION('',(0.997760723601,6.688451569438E-02,-0.));
#5500 = ORIENTED_EDGE('',*,*,#5501,.T.);
#5501 = EDGE_CURVE('',#5493,#5440,#5502,.T.);
#5502 = LINE('',#5503,#5504);
#5503 = CARTESIAN_POINT('',(-27.843066,-8.408333,1.585));
#5504 = VECTOR('',#5505,1.);
#5505 = DIRECTION('',(-0.999997979007,2.01046825135E-03,0.));
#5506 = PLANE('',#5507);
#5507 = AXIS2_PLACEMENT_3D('',#5508,#5509,#5510);
#5508 = CARTESIAN_POINT('',(0.,0.,1.585));
#5509 = DIRECTION('',(0.,0.,1.));
#5510 = DIRECTION('',(1.,0.,-0.));
#5511 = SHELL_BASED_SURFACE_MODEL('',(#5512));
#5512 = OPEN_SHELL('',(#5513));
#5513 = ADVANCED_FACE('',(#5514),#5584,.T.);
#5514 = FACE_BOUND('',#5515,.F.);
#5515 = EDGE_LOOP('',(#5516,#5527,#5535,#5544,#5552,#5561,#5569,#5578));
#5516 = ORIENTED_EDGE('',*,*,#5517,.T.);
#5517 = EDGE_CURVE('',#5518,#5520,#5522,.T.);
#5518 = VERTEX_POINT('',#5519);
#5519 = CARTESIAN_POINT('',(27.440187,-8.406892,1.585));
#5520 = VERTEX_POINT('',#5521);
#5521 = CARTESIAN_POINT('',(27.454819,-8.258333,1.585));
#5522 = CIRCLE('',#5523,7.500006711464E-02);
#5523 = AXIS2_PLACEMENT_3D('',#5524,#5525,#5526);
#5524 = CARTESIAN_POINT('',(27.454818932885,-8.333333067115,1.585));
#5525 = DIRECTION('',(0.,0.,-1.));
#5526 = DIRECTION('',(-0.195092263891,-0.980784894138,-0.));
#5527 = ORIENTED_EDGE('',*,*,#5528,.T.);
#5528 = EDGE_CURVE('',#5520,#5529,#5531,.T.);
#5529 = VERTEX_POINT('',#5530);
#5530 = CARTESIAN_POINT('',(28.176509,-8.259062,1.585));
#5531 = LINE('',#5532,#5533);
#5532 = CARTESIAN_POINT('',(27.454819,-8.258333,1.585));
#5533 = VECTOR('',#5534,1.);
#5534 = DIRECTION('',(0.99999948982,-1.01012848741E-03,0.));
#5535 = ORIENTED_EDGE('',*,*,#5536,.T.);
#5536 = EDGE_CURVE('',#5529,#5537,#5539,.T.);
#5537 = VERTEX_POINT('',#5538);
#5538 = CARTESIAN_POINT('',(28.529089,-8.61164,1.585));
#5539 = CIRCLE('',#5540,0.383787726409);
#5540 = AXIS2_PLACEMENT_3D('',#5541,#5542,#5543);
#5541 = CARTESIAN_POINT('',(28.146478181392,-8.641672988963,1.585));
#5542 = DIRECTION('',(0.,0.,-1.));
#5543 = DIRECTION('',(7.824851224109E-02,0.996933884634,0.));
#5544 = ORIENTED_EDGE('',*,*,#5545,.T.);
#5545 = EDGE_CURVE('',#5537,#5546,#5548,.T.);
#5546 = VERTEX_POINT('',#5547);
#5547 = CARTESIAN_POINT('',(28.528378,-8.728917,1.585));
#5548 = LINE('',#5549,#5550);
#5549 = CARTESIAN_POINT('',(28.529089,-8.61164,1.585));
#5550 = VECTOR('',#5551,1.);
#5551 = DIRECTION('',(-6.062458402283E-03,-0.99998162313,0.));
#5552 = ORIENTED_EDGE('',*,*,#5553,.T.);
#5553 = EDGE_CURVE('',#5546,#5554,#5556,.T.);
#5554 = VERTEX_POINT('',#5555);
#5555 = CARTESIAN_POINT('',(28.379819,-8.714285,1.585));
#5556 = CIRCLE('',#5557,7.500006711464E-02);
#5557 = AXIS2_PLACEMENT_3D('',#5558,#5559,#5560);
#5558 = CARTESIAN_POINT('',(28.454819067115,-8.714285067115,1.585));
#5559 = DIRECTION('',(-0.,0.,-1.));
#5560 = DIRECTION('',(0.980784894138,-0.195092263891,-0.));
#5561 = ORIENTED_EDGE('',*,*,#5562,.T.);
#5562 = EDGE_CURVE('',#5554,#5563,#5565,.T.);
#5563 = VERTEX_POINT('',#5564);
#5564 = CARTESIAN_POINT('',(28.379819,-8.631217,1.585));
#5565 = LINE('',#5566,#5567);
#5566 = CARTESIAN_POINT('',(28.379819,-8.714285,1.585));
#5567 = VECTOR('',#5568,1.);
#5568 = DIRECTION('',(0.,1.,0.));
#5569 = ORIENTED_EDGE('',*,*,#5570,.T.);
#5570 = EDGE_CURVE('',#5563,#5571,#5573,.T.);
#5571 = VERTEX_POINT('',#5572);
#5572 = CARTESIAN_POINT('',(28.156934,-8.408333,1.585));
#5573 = CIRCLE('',#5574,0.239434552369);
#5574 = AXIS2_PLACEMENT_3D('',#5575,#5576,#5577);
#5575 = CARTESIAN_POINT('',(28.140920607773,-8.647231464076,1.585));
#5576 = DIRECTION('',(0.,0.,1.));
#5577 = DIRECTION('',(0.997760723601,6.688451569438E-02,-0.));
#5578 = ORIENTED_EDGE('',*,*,#5579,.T.);
#5579 = EDGE_CURVE('',#5571,#5518,#5580,.T.);
#5580 = LINE('',#5581,#5582);
#5581 = CARTESIAN_POINT('',(28.156934,-8.408333,1.585));
#5582 = VECTOR('',#5583,1.);
#5583 = DIRECTION('',(-0.999997979007,2.01046825135E-03,0.));
#5584 = PLANE('',#5585);
#5585 = AXIS2_PLACEMENT_3D('',#5586,#5587,#5588);
#5586 = CARTESIAN_POINT('',(0.,0.,1.585));
#5587 = DIRECTION('',(0.,0.,1.));
#5588 = DIRECTION('',(1.,0.,-0.));
#5589 = SHELL_BASED_SURFACE_MODEL('',(#5590));
#5590 = OPEN_SHELL('',(#5591));
#5591 = ADVANCED_FACE('',(#5592),#5636,.T.);
#5592 = FACE_BOUND('',#5593,.F.);
#5593 = EDGE_LOOP('',(#5594,#5605,#5613,#5622,#5630));
#5594 = ORIENTED_EDGE('',*,*,#5595,.T.);
#5595 = EDGE_CURVE('',#5596,#5598,#5600,.T.);
#5596 = VERTEX_POINT('',#5597);
#5597 = CARTESIAN_POINT('',(-13.546194,-7.480866,1.585));
#5598 = VERTEX_POINT('',#5599);
#5599 = CARTESIAN_POINT('',(-13.45,-7.5,1.585));
#5600 = CIRCLE('',#5601,4.999998452109E-02);
#5601 = AXIS2_PLACEMENT_3D('',#5602,#5603,#5604);
#5602 = CARTESIAN_POINT('',(-13.49999998452,-7.500000037369,1.585));
#5603 = DIRECTION('',(0.,0.,-1.));
#5604 = DIRECTION('',(-0.923880595592,0.382680865851,0.));
#5605 = ORIENTED_EDGE('',*,*,#5606,.T.);
#5606 = EDGE_CURVE('',#5598,#5607,#5609,.T.);
#5607 = VERTEX_POINT('',#5608);
#5608 = CARTESIAN_POINT('',(-13.45,-8.6,1.585));
#5609 = LINE('',#5610,#5611);
#5610 = CARTESIAN_POINT('',(-13.45,-7.5,1.585));
#5611 = VECTOR('',#5612,1.);
#5612 = DIRECTION('',(0.,-1.,0.));
#5613 = ORIENTED_EDGE('',*,*,#5614,.T.);
#5614 = EDGE_CURVE('',#5607,#5615,#5617,.T.);
#5615 = VERTEX_POINT('',#5616);
#5616 = CARTESIAN_POINT('',(-13.55,-8.6,1.585));
#5617 = CIRCLE('',#5618,5.000000000002E-02);
#5618 = AXIS2_PLACEMENT_3D('',#5619,#5620,#5621);
#5619 = CARTESIAN_POINT('',(-13.5,-8.599999952288,1.585));
#5620 = DIRECTION('',(-0.,0.,-1.));
#5621 = DIRECTION('',(1.,-9.542365120292E-07,-0.));
#5622 = ORIENTED_EDGE('',*,*,#5623,.T.);
#5623 = EDGE_CURVE('',#5615,#5624,#5626,.T.);
#5624 = VERTEX_POINT('',#5625);
#5625 = CARTESIAN_POINT('',(-13.55,-7.5,1.585));
#5626 = LINE('',#5627,#5628);
#5627 = CARTESIAN_POINT('',(-13.55,-8.6,1.585));
#5628 = VECTOR('',#5629,1.);
#5629 = DIRECTION('',(0.,1.,0.));
#5630 = ORIENTED_EDGE('',*,*,#5631,.T.);
#5631 = EDGE_CURVE('',#5624,#5596,#5632,.T.);
#5632 = LINE('',#5633,#5634);
#5633 = CARTESIAN_POINT('',(-13.55,-7.5,1.585));
#5634 = VECTOR('',#5635,1.);
#5635 = DIRECTION('',(0.195090852695,0.980785174845,0.));
#5636 = PLANE('',#5637);
#5637 = AXIS2_PLACEMENT_3D('',#5638,#5639,#5640);
#5638 = CARTESIAN_POINT('',(0.,0.,1.585));
#5639 = DIRECTION('',(0.,0.,1.));
#5640 = DIRECTION('',(1.,0.,-0.));
#5641 = SHELL_BASED_SURFACE_MODEL('',(#5642));
#5642 = OPEN_SHELL('',(#5643));
#5643 = ADVANCED_FACE('',(#5644),#5688,.T.);
#5644 = FACE_BOUND('',#5645,.F.);
#5645 = EDGE_LOOP('',(#5646,#5657,#5665,#5674,#5682));
#5646 = ORIENTED_EDGE('',*,*,#5647,.T.);
#5647 = EDGE_CURVE('',#5648,#5650,#5652,.T.);
#5648 = VERTEX_POINT('',#5649);
#5649 = CARTESIAN_POINT('',(5.453806,-7.480866,1.585));
#5650 = VERTEX_POINT('',#5651);
#5651 = CARTESIAN_POINT('',(5.55,-7.5,1.585));
#5652 = CIRCLE('',#5653,4.999998452109E-02);
#5653 = AXIS2_PLACEMENT_3D('',#5654,#5655,#5656);
#5654 = CARTESIAN_POINT('',(5.500000015479,-7.500000037369,1.585));
#5655 = DIRECTION('',(0.,0.,-1.));
#5656 = DIRECTION('',(-0.923880595592,0.382680865851,0.));
#5657 = ORIENTED_EDGE('',*,*,#5658,.T.);
#5658 = EDGE_CURVE('',#5650,#5659,#5661,.T.);
#5659 = VERTEX_POINT('',#5660);
#5660 = CARTESIAN_POINT('',(5.55,-8.6,1.585));
#5661 = LINE('',#5662,#5663);
#5662 = CARTESIAN_POINT('',(5.55,-7.5,1.585));
#5663 = VECTOR('',#5664,1.);
#5664 = DIRECTION('',(0.,-1.,0.));
#5665 = ORIENTED_EDGE('',*,*,#5666,.T.);
#5666 = EDGE_CURVE('',#5659,#5667,#5669,.T.);
#5667 = VERTEX_POINT('',#5668);
#5668 = CARTESIAN_POINT('',(5.45,-8.6,1.585));
#5669 = CIRCLE('',#5670,5.000000000002E-02);
#5670 = AXIS2_PLACEMENT_3D('',#5671,#5672,#5673);
#5671 = CARTESIAN_POINT('',(5.5,-8.599999952288,1.585));
#5672 = DIRECTION('',(-0.,0.,-1.));
#5673 = DIRECTION('',(1.,-9.542364765021E-07,-0.));
#5674 = ORIENTED_EDGE('',*,*,#5675,.T.);
#5675 = EDGE_CURVE('',#5667,#5676,#5678,.T.);
#5676 = VERTEX_POINT('',#5677);
#5677 = CARTESIAN_POINT('',(5.45,-7.5,1.585));
#5678 = LINE('',#5679,#5680);
#5679 = CARTESIAN_POINT('',(5.45,-8.6,1.585));
#5680 = VECTOR('',#5681,1.);
#5681 = DIRECTION('',(0.,1.,0.));
#5682 = ORIENTED_EDGE('',*,*,#5683,.T.);
#5683 = EDGE_CURVE('',#5676,#5648,#5684,.T.);
#5684 = LINE('',#5685,#5686);
#5685 = CARTESIAN_POINT('',(5.45,-7.5,1.585));
#5686 = VECTOR('',#5687,1.);
#5687 = DIRECTION('',(0.195090852695,0.980785174845,0.));
#5688 = PLANE('',#5689);
#5689 = AXIS2_PLACEMENT_3D('',#5690,#5691,#5692);
#5690 = CARTESIAN_POINT('',(0.,0.,1.585));
#5691 = DIRECTION('',(0.,0.,1.));
#5692 = DIRECTION('',(1.,0.,-0.));
#5693 = SHELL_BASED_SURFACE_MODEL('',(#5694));
#5694 = OPEN_SHELL('',(#5695));
#5695 = ADVANCED_FACE('',(#5696),#5740,.T.);
#5696 = FACE_BOUND('',#5697,.F.);
#5697 = EDGE_LOOP('',(#5698,#5709,#5717,#5726,#5734));
#5698 = ORIENTED_EDGE('',*,*,#5699,.T.);
#5699 = EDGE_CURVE('',#5700,#5702,#5704,.T.);
#5700 = VERTEX_POINT('',#5701);
#5701 = CARTESIAN_POINT('',(23.453806,-7.480866,1.585));
#5702 = VERTEX_POINT('',#5703);
#5703 = CARTESIAN_POINT('',(23.55,-7.5,1.585));
#5704 = CIRCLE('',#5705,4.999998452109E-02);
#5705 = AXIS2_PLACEMENT_3D('',#5706,#5707,#5708);
#5706 = CARTESIAN_POINT('',(23.500000015479,-7.500000037369,1.585));
#5707 = DIRECTION('',(0.,0.,-1.));
#5708 = DIRECTION('',(-0.923880595592,0.382680865851,0.));
#5709 = ORIENTED_EDGE('',*,*,#5710,.T.);
#5710 = EDGE_CURVE('',#5702,#5711,#5713,.T.);
#5711 = VERTEX_POINT('',#5712);
#5712 = CARTESIAN_POINT('',(23.55,-8.6,1.585));
#5713 = LINE('',#5714,#5715);
#5714 = CARTESIAN_POINT('',(23.55,-7.5,1.585));
#5715 = VECTOR('',#5716,1.);
#5716 = DIRECTION('',(0.,-1.,0.));
#5717 = ORIENTED_EDGE('',*,*,#5718,.T.);
#5718 = EDGE_CURVE('',#5711,#5719,#5721,.T.);
#5719 = VERTEX_POINT('',#5720);
#5720 = CARTESIAN_POINT('',(23.45,-8.6,1.585));
#5721 = CIRCLE('',#5722,5.000000000002E-02);
#5722 = AXIS2_PLACEMENT_3D('',#5723,#5724,#5725);
#5723 = CARTESIAN_POINT('',(23.5,-8.599999952288,1.585));
#5724 = DIRECTION('',(-0.,0.,-1.));
#5725 = DIRECTION('',(1.,-9.542365120292E-07,-0.));
#5726 = ORIENTED_EDGE('',*,*,#5727,.T.);
#5727 = EDGE_CURVE('',#5719,#5728,#5730,.T.);
#5728 = VERTEX_POINT('',#5729);
#5729 = CARTESIAN_POINT('',(23.45,-7.5,1.585));
#5730 = LINE('',#5731,#5732);
#5731 = CARTESIAN_POINT('',(23.45,-8.6,1.585));
#5732 = VECTOR('',#5733,1.);
#5733 = DIRECTION('',(0.,1.,0.));
#5734 = ORIENTED_EDGE('',*,*,#5735,.T.);
#5735 = EDGE_CURVE('',#5728,#5700,#5736,.T.);
#5736 = LINE('',#5737,#5738);
#5737 = CARTESIAN_POINT('',(23.45,-7.5,1.585));
#5738 = VECTOR('',#5739,1.);
#5739 = DIRECTION('',(0.195090852695,0.980785174845,0.));
#5740 = PLANE('',#5741);
#5741 = AXIS2_PLACEMENT_3D('',#5742,#5743,#5744);
#5742 = CARTESIAN_POINT('',(0.,0.,1.585));
#5743 = DIRECTION('',(0.,0.,1.));
#5744 = DIRECTION('',(1.,0.,-0.));
#5745 = SHELL_BASED_SURFACE_MODEL('',(#5746));
#5746 = OPEN_SHELL('',(#5747));
#5747 = ADVANCED_FACE('',(#5748),#5800,.T.);
#5748 = FACE_BOUND('',#5749,.F.);
#5749 = EDGE_LOOP('',(#5750,#5761,#5769,#5778,#5786,#5794));
#5750 = ORIENTED_EDGE('',*,*,#5751,.T.);
#5751 = EDGE_CURVE('',#5752,#5754,#5756,.T.);
#5752 = VERTEX_POINT('',#5753);
#5753 = CARTESIAN_POINT('',(-30.426968,-7.366211,1.585));
#5754 = VERTEX_POINT('',#5755);
#5755 = CARTESIAN_POINT('',(-30.3103,-7.428571,1.585));
#5756 = CIRCLE('',#5757,7.500000000003E-02);
#5757 = AXIS2_PLACEMENT_3D('',#5758,#5759,#5760);
#5758 = CARTESIAN_POINT('',(-30.3853,-7.428571065555,1.585));
#5759 = DIRECTION('',(0.,0.,-1.));
#5760 = DIRECTION('',(-0.555573333333,0.831467540731,0.));
#5761 = ORIENTED_EDGE('',*,*,#5762,.T.);
#5762 = EDGE_CURVE('',#5754,#5763,#5765,.T.);
#5763 = VERTEX_POINT('',#5764);
#5764 = CARTESIAN_POINT('',(-30.311741,-8.58606,1.585));
#5765 = LINE('',#5766,#5767);
#5766 = CARTESIAN_POINT('',(-30.3103,-7.428571,1.585));
#5767 = VECTOR('',#5768,1.);
#5768 = DIRECTION('',(-1.244935272234E-03,-0.999999225068,0.));
#5769 = ORIENTED_EDGE('',*,*,#5770,.T.);
#5770 = EDGE_CURVE('',#5763,#5771,#5773,.T.);
#5771 = VERTEX_POINT('',#5772);
#5772 = CARTESIAN_POINT('',(-30.4603,-8.571428,1.585));
#5773 = CIRCLE('',#5774,7.500006711464E-02);
#5774 = AXIS2_PLACEMENT_3D('',#5775,#5776,#5777);
#5775 = CARTESIAN_POINT('',(-30.38529993288,-8.571428067115,1.585));
#5776 = DIRECTION('',(-0.,0.,-1.));
#5777 = DIRECTION('',(0.980784894138,-0.195092263891,-0.));
#5778 = ORIENTED_EDGE('',*,*,#5779,.T.);
#5779 = EDGE_CURVE('',#5771,#5780,#5782,.T.);
#5780 = VERTEX_POINT('',#5781);
#5781 = CARTESIAN_POINT('',(-30.458859,-7.413939,1.585));
#5782 = LINE('',#5783,#5784);
#5783 = CARTESIAN_POINT('',(-30.4603,-8.571428,1.585));
#5784 = VECTOR('',#5785,1.);
#5785 = DIRECTION('',(1.244935272234E-03,0.999999225068,0.));
#5786 = ORIENTED_EDGE('',*,*,#5787,.T.);
#5787 = EDGE_CURVE('',#5780,#5788,#5790,.T.);
#5788 = VERTEX_POINT('',#5789);
#5789 = CARTESIAN_POINT('',(-30.44766,-7.386903,1.585));
#5790 = LINE('',#5791,#5792);
#5791 = CARTESIAN_POINT('',(-30.458859,-7.413939,1.585));
#5792 = VECTOR('',#5793,1.);
#5793 = DIRECTION('',(0.38269282806,0.923875640631,0.));
#5794 = ORIENTED_EDGE('',*,*,#5795,.T.);
#5795 = EDGE_CURVE('',#5788,#5752,#5796,.T.);
#5796 = LINE('',#5797,#5798);
#5797 = CARTESIAN_POINT('',(-30.44766,-7.386903,1.585));
#5798 = VECTOR('',#5799,1.);
#5799 = DIRECTION('',(0.707106781187,0.707106781187,0.));
#5800 = PLANE('',#5801);
#5801 = AXIS2_PLACEMENT_3D('',#5802,#5803,#5804);
#5802 = CARTESIAN_POINT('',(0.,0.,1.585));
#5803 = DIRECTION('',(0.,0.,1.));
#5804 = DIRECTION('',(1.,0.,-0.));
#5805 = SHELL_BASED_SURFACE_MODEL('',(#5806));
#5806 = OPEN_SHELL('',(#5807));
#5807 = ADVANCED_FACE('',(#5808),#5860,.T.);
#5808 = FACE_BOUND('',#5809,.F.);
#5809 = EDGE_LOOP('',(#5810,#5821,#5829,#5838,#5846,#5854));
#5810 = ORIENTED_EDGE('',*,*,#5811,.T.);
#5811 = EDGE_CURVE('',#5812,#5814,#5816,.T.);
#5812 = VERTEX_POINT('',#5813);
#5813 = CARTESIAN_POINT('',(30.323032,-7.366211,1.585));
#5814 = VERTEX_POINT('',#5815);
#5815 = CARTESIAN_POINT('',(30.4397,-7.428571,1.585));
#5816 = CIRCLE('',#5817,7.500000000003E-02);
#5817 = AXIS2_PLACEMENT_3D('',#5818,#5819,#5820);
#5818 = CARTESIAN_POINT('',(30.3647,-7.428571065555,1.585));
#5819 = DIRECTION('',(0.,0.,-1.));
#5820 = DIRECTION('',(-0.555573333333,0.831467540731,0.));
#5821 = ORIENTED_EDGE('',*,*,#5822,.T.);
#5822 = EDGE_CURVE('',#5814,#5823,#5825,.T.);
#5823 = VERTEX_POINT('',#5824);
#5824 = CARTESIAN_POINT('',(30.438259,-8.58606,1.585));
#5825 = LINE('',#5826,#5827);
#5826 = CARTESIAN_POINT('',(30.4397,-7.428571,1.585));
#5827 = VECTOR('',#5828,1.);
#5828 = DIRECTION('',(-1.244935272234E-03,-0.999999225068,0.));
#5829 = ORIENTED_EDGE('',*,*,#5830,.T.);
#5830 = EDGE_CURVE('',#5823,#5831,#5833,.T.);
#5831 = VERTEX_POINT('',#5832);
#5832 = CARTESIAN_POINT('',(30.2897,-8.571428,1.585));
#5833 = CIRCLE('',#5834,7.500006711464E-02);
#5834 = AXIS2_PLACEMENT_3D('',#5835,#5836,#5837);
#5835 = CARTESIAN_POINT('',(30.364700067115,-8.571428067115,1.585));
#5836 = DIRECTION('',(-0.,0.,-1.));
#5837 = DIRECTION('',(0.980784894138,-0.195092263891,-0.));
#5838 = ORIENTED_EDGE('',*,*,#5839,.T.);
#5839 = EDGE_CURVE('',#5831,#5840,#5842,.T.);
#5840 = VERTEX_POINT('',#5841);
#5841 = CARTESIAN_POINT('',(30.291141,-7.413939,1.585));
#5842 = LINE('',#5843,#5844);
#5843 = CARTESIAN_POINT('',(30.2897,-8.571428,1.585));
#5844 = VECTOR('',#5845,1.);
#5845 = DIRECTION('',(1.244935272234E-03,0.999999225068,0.));
#5846 = ORIENTED_EDGE('',*,*,#5847,.T.);
#5847 = EDGE_CURVE('',#5840,#5848,#5850,.T.);
#5848 = VERTEX_POINT('',#5849);
#5849 = CARTESIAN_POINT('',(30.30234,-7.386903,1.585));
#5850 = LINE('',#5851,#5852);
#5851 = CARTESIAN_POINT('',(30.291141,-7.413939,1.585));
#5852 = VECTOR('',#5853,1.);
#5853 = DIRECTION('',(0.38269282806,0.923875640631,0.));
#5854 = ORIENTED_EDGE('',*,*,#5855,.T.);
#5855 = EDGE_CURVE('',#5848,#5812,#5856,.T.);
#5856 = LINE('',#5857,#5858);
#5857 = CARTESIAN_POINT('',(30.30234,-7.386903,1.585));
#5858 = VECTOR('',#5859,1.);
#5859 = DIRECTION('',(0.707106781187,0.707106781187,0.));
#5860 = PLANE('',#5861);
#5861 = AXIS2_PLACEMENT_3D('',#5862,#5863,#5864);
#5862 = CARTESIAN_POINT('',(0.,0.,1.585));
#5863 = DIRECTION('',(0.,0.,1.));
#5864 = DIRECTION('',(1.,0.,-0.));
#5865 = SHELL_BASED_SURFACE_MODEL('',(#5866));
#5866 = OPEN_SHELL('',(#5867));
#5867 = ADVANCED_FACE('',(#5868),#5912,.T.);
#5868 = FACE_BOUND('',#5869,.F.);
#5869 = EDGE_LOOP('',(#5870,#5881,#5889,#5898,#5906));
#5870 = ORIENTED_EDGE('',*,*,#5871,.T.);
#5871 = EDGE_CURVE('',#5872,#5874,#5876,.T.);
#5872 = VERTEX_POINT('',#5873);
#5873 = CARTESIAN_POINT('',(-23.546194,-7.380866,1.585));
#5874 = VERTEX_POINT('',#5875);
#5875 = CARTESIAN_POINT('',(-23.45,-7.4,1.585));
#5876 = CIRCLE('',#5877,4.999998452109E-02);
#5877 = AXIS2_PLACEMENT_3D('',#5878,#5879,#5880);
#5878 = CARTESIAN_POINT('',(-23.49999998452,-7.400000037369,1.585));
#5879 = DIRECTION('',(0.,0.,-1.));
#5880 = DIRECTION('',(-0.923880595592,0.382680865851,0.));
#5881 = ORIENTED_EDGE('',*,*,#5882,.T.);
#5882 = EDGE_CURVE('',#5874,#5883,#5885,.T.);
#5883 = VERTEX_POINT('',#5884);
#5884 = CARTESIAN_POINT('',(-23.45,-8.5,1.585));
#5885 = LINE('',#5886,#5887);
#5886 = CARTESIAN_POINT('',(-23.45,-7.4,1.585));
#5887 = VECTOR('',#5888,1.);
#5888 = DIRECTION('',(0.,-1.,0.));
#5889 = ORIENTED_EDGE('',*,*,#5890,.T.);
#5890 = EDGE_CURVE('',#5883,#5891,#5893,.T.);
#5891 = VERTEX_POINT('',#5892);
#5892 = CARTESIAN_POINT('',(-23.55,-8.5,1.585));
#5893 = CIRCLE('',#5894,5.000000000002E-02);
#5894 = AXIS2_PLACEMENT_3D('',#5895,#5896,#5897);
#5895 = CARTESIAN_POINT('',(-23.5,-8.499999952288,1.585));
#5896 = DIRECTION('',(-0.,0.,-1.));
#5897 = DIRECTION('',(1.,-9.542365120292E-07,-0.));
#5898 = ORIENTED_EDGE('',*,*,#5899,.T.);
#5899 = EDGE_CURVE('',#5891,#5900,#5902,.T.);
#5900 = VERTEX_POINT('',#5901);
#5901 = CARTESIAN_POINT('',(-23.55,-7.4,1.585));
#5902 = LINE('',#5903,#5904);
#5903 = CARTESIAN_POINT('',(-23.55,-8.5,1.585));
#5904 = VECTOR('',#5905,1.);
#5905 = DIRECTION('',(0.,1.,0.));
#5906 = ORIENTED_EDGE('',*,*,#5907,.T.);
#5907 = EDGE_CURVE('',#5900,#5872,#5908,.T.);
#5908 = LINE('',#5909,#5910);
#5909 = CARTESIAN_POINT('',(-23.55,-7.4,1.585));
#5910 = VECTOR('',#5911,1.);
#5911 = DIRECTION('',(0.195090852695,0.980785174845,0.));
#5912 = PLANE('',#5913);
#5913 = AXIS2_PLACEMENT_3D('',#5914,#5915,#5916);
#5914 = CARTESIAN_POINT('',(0.,0.,1.585));
#5915 = DIRECTION('',(0.,0.,1.));
#5916 = DIRECTION('',(1.,0.,-0.));
#5917 = SHELL_BASED_SURFACE_MODEL('',(#5918));
#5918 = OPEN_SHELL('',(#5919));
#5919 = ADVANCED_FACE('',(#5920),#5964,.T.);
#5920 = FACE_BOUND('',#5921,.F.);
#5921 = EDGE_LOOP('',(#5922,#5933,#5941,#5950,#5958));
#5922 = ORIENTED_EDGE('',*,*,#5923,.T.);
#5923 = EDGE_CURVE('',#5924,#5926,#5928,.T.);
#5924 = VERTEX_POINT('',#5925);
#5925 = CARTESIAN_POINT('',(-4.546194,-7.380866,1.585));
#5926 = VERTEX_POINT('',#5927);
#5927 = CARTESIAN_POINT('',(-4.45,-7.4,1.585));
#5928 = CIRCLE('',#5929,4.999998452109E-02);
#5929 = AXIS2_PLACEMENT_3D('',#5930,#5931,#5932);
#5930 = CARTESIAN_POINT('',(-4.499999984521,-7.400000037369,1.585));
#5931 = DIRECTION('',(0.,0.,-1.));
#5932 = DIRECTION('',(-0.923880595592,0.382680865851,0.));
#5933 = ORIENTED_EDGE('',*,*,#5934,.T.);
#5934 = EDGE_CURVE('',#5926,#5935,#5937,.T.);
#5935 = VERTEX_POINT('',#5936);
#5936 = CARTESIAN_POINT('',(-4.45,-8.5,1.585));
#5937 = LINE('',#5938,#5939);
#5938 = CARTESIAN_POINT('',(-4.45,-7.4,1.585));
#5939 = VECTOR('',#5940,1.);
#5940 = DIRECTION('',(0.,-1.,0.));
#5941 = ORIENTED_EDGE('',*,*,#5942,.T.);
#5942 = EDGE_CURVE('',#5935,#5943,#5945,.T.);
#5943 = VERTEX_POINT('',#5944);
#5944 = CARTESIAN_POINT('',(-4.55,-8.5,1.585));
#5945 = CIRCLE('',#5946,5.000000000002E-02);
#5946 = AXIS2_PLACEMENT_3D('',#5947,#5948,#5949);
#5947 = CARTESIAN_POINT('',(-4.5,-8.499999952288,1.585));
#5948 = DIRECTION('',(-0.,0.,-1.));
#5949 = DIRECTION('',(1.,-9.542364765021E-07,-0.));
#5950 = ORIENTED_EDGE('',*,*,#5951,.T.);
#5951 = EDGE_CURVE('',#5943,#5952,#5954,.T.);
#5952 = VERTEX_POINT('',#5953);
#5953 = CARTESIAN_POINT('',(-4.55,-7.4,1.585));
#5954 = LINE('',#5955,#5956);
#5955 = CARTESIAN_POINT('',(-4.55,-8.5,1.585));
#5956 = VECTOR('',#5957,1.);
#5957 = DIRECTION('',(0.,1.,0.));
#5958 = ORIENTED_EDGE('',*,*,#5959,.T.);
#5959 = EDGE_CURVE('',#5952,#5924,#5960,.T.);
#5960 = LINE('',#5961,#5962);
#5961 = CARTESIAN_POINT('',(-4.55,-7.4,1.585));
#5962 = VECTOR('',#5963,1.);
#5963 = DIRECTION('',(0.195090852695,0.980785174845,0.));
#5964 = PLANE('',#5965);
#5965 = AXIS2_PLACEMENT_3D('',#5966,#5967,#5968);
#5966 = CARTESIAN_POINT('',(0.,0.,1.585));
#5967 = DIRECTION('',(0.,0.,1.));
#5968 = DIRECTION('',(1.,0.,-0.));
#5969 = SHELL_BASED_SURFACE_MODEL('',(#5970));
#5970 = OPEN_SHELL('',(#5971));
#5971 = ADVANCED_FACE('',(#5972),#6016,.T.);
#5972 = FACE_BOUND('',#5973,.F.);
#5973 = EDGE_LOOP('',(#5974,#5985,#5993,#6002,#6010));
#5974 = ORIENTED_EDGE('',*,*,#5975,.T.);
#5975 = EDGE_CURVE('',#5976,#5978,#5980,.T.);
#5976 = VERTEX_POINT('',#5977);
#5977 = CARTESIAN_POINT('',(13.453806,-7.380866,1.585));
#5978 = VERTEX_POINT('',#5979);
#5979 = CARTESIAN_POINT('',(13.55,-7.4,1.585));
#5980 = CIRCLE('',#5981,4.999998452109E-02);
#5981 = AXIS2_PLACEMENT_3D('',#5982,#5983,#5984);
#5982 = CARTESIAN_POINT('',(13.500000015479,-7.400000037369,1.585));
#5983 = DIRECTION('',(0.,0.,-1.));
#5984 = DIRECTION('',(-0.923880595592,0.382680865851,0.));
#5985 = ORIENTED_EDGE('',*,*,#5986,.T.);
#5986 = EDGE_CURVE('',#5978,#5987,#5989,.T.);
#5987 = VERTEX_POINT('',#5988);
#5988 = CARTESIAN_POINT('',(13.55,-8.5,1.585));
#5989 = LINE('',#5990,#5991);
#5990 = CARTESIAN_POINT('',(13.55,-7.4,1.585));
#5991 = VECTOR('',#5992,1.);
#5992 = DIRECTION('',(0.,-1.,0.));
#5993 = ORIENTED_EDGE('',*,*,#5994,.T.);
#5994 = EDGE_CURVE('',#5987,#5995,#5997,.T.);
#5995 = VERTEX_POINT('',#5996);
#5996 = CARTESIAN_POINT('',(13.45,-8.5,1.585));
#5997 = CIRCLE('',#5998,5.000000000002E-02);
#5998 = AXIS2_PLACEMENT_3D('',#5999,#6000,#6001);
#5999 = CARTESIAN_POINT('',(13.5,-8.499999952288,1.585));
#6000 = DIRECTION('',(-0.,0.,-1.));
#6001 = DIRECTION('',(1.,-9.542365120292E-07,-0.));
#6002 = ORIENTED_EDGE('',*,*,#6003,.T.);
#6003 = EDGE_CURVE('',#5995,#6004,#6006,.T.);
#6004 = VERTEX_POINT('',#6005);
#6005 = CARTESIAN_POINT('',(13.45,-7.4,1.585));
#6006 = LINE('',#6007,#6008);
#6007 = CARTESIAN_POINT('',(13.45,-8.5,1.585));
#6008 = VECTOR('',#6009,1.);
#6009 = DIRECTION('',(0.,1.,0.));
#6010 = ORIENTED_EDGE('',*,*,#6011,.T.);
#6011 = EDGE_CURVE('',#6004,#5976,#6012,.T.);
#6012 = LINE('',#6013,#6014);
#6013 = CARTESIAN_POINT('',(13.45,-7.4,1.585));
#6014 = VECTOR('',#6015,1.);
#6015 = DIRECTION('',(0.195090852695,0.980785174845,0.));
#6016 = PLANE('',#6017);
#6017 = AXIS2_PLACEMENT_3D('',#6018,#6019,#6020);
#6018 = CARTESIAN_POINT('',(0.,0.,1.585));
#6019 = DIRECTION('',(0.,0.,1.));
#6020 = DIRECTION('',(1.,0.,-0.));
#6021 = SHELL_BASED_SURFACE_MODEL('',(#6022));
#6022 = OPEN_SHELL('',(#6023));
#6023 = ADVANCED_FACE('',(#6024),#6219,.T.);
#6024 = FACE_BOUND('',#6025,.F.);
#6025 = EDGE_LOOP('',(#6026,#6037,#6045,#6054,#6062,#6071,#6079,#6088,
    #6096,#6105,#6113,#6122,#6130,#6139,#6147,#6156,#6164,#6173,#6181,
    #6189,#6197,#6205,#6213));
#6026 = ORIENTED_EDGE('',*,*,#6027,.T.);
#6027 = EDGE_CURVE('',#6028,#6030,#6032,.T.);
#6028 = VERTEX_POINT('',#6029);
#6029 = CARTESIAN_POINT('',(27.891168,-7.317834,1.585));
#6030 = VERTEX_POINT('',#6031);
#6031 = CARTESIAN_POINT('',(28.406863,-7.3232,1.585));
#6032 = CIRCLE('',#6033,0.45076336239);
#6033 = AXIS2_PLACEMENT_3D('',#6034,#6035,#6036);
#6034 = CARTESIAN_POINT('',(28.145168601964,-7.690219959825,1.585));
#6035 = DIRECTION('',(0.,0.,-1.));
#6036 = DIRECTION('',(-0.563489899928,0.826122952519,0.));
#6037 = ORIENTED_EDGE('',*,*,#6038,.T.);
#6038 = EDGE_CURVE('',#6030,#6039,#6041,.T.);
#6039 = VERTEX_POINT('',#6040);
#6040 = CARTESIAN_POINT('',(28.470317,-7.38873,1.585));
#6041 = LINE('',#6042,#6043);
#6042 = CARTESIAN_POINT('',(28.406863,-7.3232,1.585));
#6043 = VECTOR('',#6044,1.);
#6044 = DIRECTION('',(0.695635787458,-0.718394634729,0.));
#6045 = ORIENTED_EDGE('',*,*,#6046,.T.);
#6046 = EDGE_CURVE('',#6039,#6047,#6049,.T.);
#6047 = VERTEX_POINT('',#6048);
#6048 = CARTESIAN_POINT('',(28.46495,-7.904426,1.585));
#6049 = CIRCLE('',#6050,0.45122255086);
#6050 = AXIS2_PLACEMENT_3D('',#6051,#6052,#6053);
#6051 = CARTESIAN_POINT('',(28.097371229146,-7.642724571609,1.585));
#6052 = DIRECTION('',(0.,0.,-1.));
#6053 = DIRECTION('',(0.826522899051,0.56290309765,0.));
#6054 = ORIENTED_EDGE('',*,*,#6055,.T.);
#6055 = EDGE_CURVE('',#6047,#6056,#6058,.T.);
#6056 = VERTEX_POINT('',#6057);
#6057 = CARTESIAN_POINT('',(28.401247,-7.967122,1.585));
#6058 = LINE('',#6059,#6060);
#6059 = CARTESIAN_POINT('',(28.46495,-7.904426,1.585));
#6060 = VECTOR('',#6061,1.);
#6061 = DIRECTION('',(-0.712717566469,-0.701451117645,0.));
#6062 = ORIENTED_EDGE('',*,*,#6063,.T.);
#6063 = EDGE_CURVE('',#6056,#6064,#6066,.T.);
#6064 = VERTEX_POINT('',#6065);
#6065 = CARTESIAN_POINT('',(28.306548,-7.851727,1.585));
#6066 = CIRCLE('',#6067,7.50001266804E-02);
#6067 = AXIS2_PLACEMENT_3D('',#6068,#6069,#6070);
#6068 = CARTESIAN_POINT('',(28.359580248312,-7.904760948006,1.585));
#6069 = DIRECTION('',(0.,0.,-1.));
#6070 = DIRECTION('',(0.555555750804,-0.831479288827,0.));
#6071 = ORIENTED_EDGE('',*,*,#6072,.T.);
#6072 = EDGE_CURVE('',#6064,#6073,#6075,.T.);
#6073 = VERTEX_POINT('',#6074);
#6074 = CARTESIAN_POINT('',(28.345561,-7.812714,1.585));
#6075 = LINE('',#6076,#6077);
#6076 = CARTESIAN_POINT('',(28.306548,-7.851727,1.585));
#6077 = VECTOR('',#6078,1.);
#6078 = DIRECTION('',(0.707106781187,0.707106781187,0.));
#6079 = ORIENTED_EDGE('',*,*,#6080,.T.);
#6080 = EDGE_CURVE('',#6073,#6081,#6083,.T.);
#6081 = VERTEX_POINT('',#6082);
#6082 = CARTESIAN_POINT('',(28.345561,-7.472998,1.585));
#6083 = CIRCLE('',#6084,0.305617915085);
#6084 = AXIS2_PLACEMENT_3D('',#6085,#6086,#6087);
#6085 = CARTESIAN_POINT('',(28.091492958214,-7.642856,1.585));
#6086 = DIRECTION('',(0.,-0.,1.));
#6087 = DIRECTION('',(0.831325747757,-0.555785481204,-0.));
#6088 = ORIENTED_EDGE('',*,*,#6089,.T.);
#6089 = EDGE_CURVE('',#6081,#6090,#6092,.T.);
#6090 = VERTEX_POINT('',#6091);
#6091 = CARTESIAN_POINT('',(28.315153,-7.442591,1.585));
#6092 = LINE('',#6093,#6094);
#6093 = CARTESIAN_POINT('',(28.345561,-7.472998,1.585));
#6094 = VECTOR('',#6095,1.);
#6095 = DIRECTION('',(-0.707118408268,0.707095153914,0.));
#6096 = ORIENTED_EDGE('',*,*,#6097,.T.);
#6097 = EDGE_CURVE('',#6090,#6098,#6100,.T.);
#6098 = VERTEX_POINT('',#6099);
#6099 = CARTESIAN_POINT('',(27.975436,-7.442591,1.585));
#6100 = CIRCLE('',#6101,0.305621483548);
#6101 = AXIS2_PLACEMENT_3D('',#6102,#6103,#6104);
#6102 = CARTESIAN_POINT('',(28.1452945,-7.696663,1.585));
#6103 = DIRECTION('',(0.,0.,1.));
#6104 = DIRECTION('',(0.555780627814,0.831328992485,-0.));
#6105 = ORIENTED_EDGE('',*,*,#6106,.T.);
#6106 = EDGE_CURVE('',#6098,#6107,#6109,.T.);
#6107 = VERTEX_POINT('',#6108);
#6108 = CARTESIAN_POINT('',(27.945029,-7.472998,1.585));
#6109 = LINE('',#6110,#6111);
#6110 = CARTESIAN_POINT('',(27.975436,-7.442591,1.585));
#6111 = VECTOR('',#6112,1.);
#6112 = DIRECTION('',(-0.707106781187,-0.707106781187,0.));
#6113 = ORIENTED_EDGE('',*,*,#6114,.T.);
#6114 = EDGE_CURVE('',#6107,#6115,#6117,.T.);
#6115 = VERTEX_POINT('',#6116);
#6116 = CARTESIAN_POINT('',(27.945029,-7.812715,1.585));
#6117 = CIRCLE('',#6118,0.305621483548);
#6118 = AXIS2_PLACEMENT_3D('',#6119,#6120,#6121);
#6119 = CARTESIAN_POINT('',(28.199101,-7.6428565,1.585));
#6120 = DIRECTION('',(0.,0.,1.));
#6121 = DIRECTION('',(-0.831328992485,0.555780627814,0.));
#6122 = ORIENTED_EDGE('',*,*,#6123,.T.);
#6123 = EDGE_CURVE('',#6115,#6124,#6126,.T.);
#6124 = VERTEX_POINT('',#6125);
#6125 = CARTESIAN_POINT('',(27.997206,-7.869505,1.585));
#6126 = LINE('',#6127,#6128);
#6127 = CARTESIAN_POINT('',(27.945029,-7.812715,1.585));
#6128 = VECTOR('',#6129,1.);
#6129 = DIRECTION('',(0.676566194724,-0.736381819545,0.));
#6130 = ORIENTED_EDGE('',*,*,#6131,.T.);
#6131 = EDGE_CURVE('',#6124,#6132,#6134,.T.);
#6132 = VERTEX_POINT('',#6133);
#6133 = CARTESIAN_POINT('',(27.938249,-7.979411,1.585));
#6134 = CIRCLE('',#6135,7.500024172471E-02);
#6135 = AXIS2_PLACEMENT_3D('',#6136,#6137,#6138);
#6136 = CARTESIAN_POINT('',(27.931008956191,-7.904761029977,1.585));
#6137 = DIRECTION('',(0.,0.,-1.));
#6138 = DIRECTION('',(0.882624406088,0.470078884633,0.));
#6139 = ORIENTED_EDGE('',*,*,#6140,.T.);
#6140 = EDGE_CURVE('',#6132,#6141,#6143,.T.);
#6141 = VERTEX_POINT('',#6142);
#6142 = CARTESIAN_POINT('',(27.43294,-7.92888,1.585));
#6143 = LINE('',#6144,#6145);
#6144 = CARTESIAN_POINT('',(27.938249,-7.979411,1.585));
#6145 = VECTOR('',#6146,1.);
#6146 = DIRECTION('',(-0.995037170713,9.95039139879E-02,0.));
#6147 = ORIENTED_EDGE('',*,*,#6148,.T.);
#6148 = EDGE_CURVE('',#6141,#6149,#6151,.T.);
#6149 = VERTEX_POINT('',#6150);
#6150 = CARTESIAN_POINT('',(27.379819,-7.857142,1.585));
#6151 = CIRCLE('',#6152,7.50033610077E-02);
#6152 = AXIS2_PLACEMENT_3D('',#6153,#6154,#6155);
#6153 = CARTESIAN_POINT('',(27.454822360973,-7.857139729296,1.585));
#6154 = DIRECTION('',(0.,0.,-1.));
#6155 = DIRECTION('',(-0.29175173858,-0.956494078934,-0.));
#6156 = ORIENTED_EDGE('',*,*,#6157,.T.);
#6157 = EDGE_CURVE('',#6149,#6158,#6160,.T.);
#6158 = VERTEX_POINT('',#6159);
#6159 = CARTESIAN_POINT('',(27.38126,-7.36632,1.585));
#6160 = LINE('',#6161,#6162);
#6161 = CARTESIAN_POINT('',(27.379819,-7.857142,1.585));
#6162 = VECTOR('',#6163,1.);
#6163 = DIRECTION('',(2.935878566407E-03,0.999995690299,0.));
#6164 = ORIENTED_EDGE('',*,*,#6165,.T.);
#6165 = EDGE_CURVE('',#6158,#6166,#6168,.T.);
#6166 = VERTEX_POINT('',#6167);
#6167 = CARTESIAN_POINT('',(27.529819,-7.380952,1.585));
#6168 = CIRCLE('',#6169,7.500006711464E-02);
#6169 = AXIS2_PLACEMENT_3D('',#6170,#6171,#6172);
#6170 = CARTESIAN_POINT('',(27.454818932885,-7.380951932885,1.585));
#6171 = DIRECTION('',(0.,0.,-1.));
#6172 = DIRECTION('',(-0.980784894138,0.195092263891,0.));
#6173 = ORIENTED_EDGE('',*,*,#6174,.T.);
#6174 = EDGE_CURVE('',#6166,#6175,#6177,.T.);
#6175 = VERTEX_POINT('',#6176);
#6176 = CARTESIAN_POINT('',(27.529819,-7.789267,1.585));
#6177 = LINE('',#6178,#6179);
#6178 = CARTESIAN_POINT('',(27.529819,-7.380952,1.585));
#6179 = VECTOR('',#6180,1.);
#6180 = DIRECTION('',(0.,-1.,0.));
#6181 = ORIENTED_EDGE('',*,*,#6182,.T.);
#6182 = EDGE_CURVE('',#6175,#6183,#6185,.T.);
#6183 = VERTEX_POINT('',#6184);
#6184 = CARTESIAN_POINT('',(27.778009,-7.814086,1.585));
#6185 = LINE('',#6186,#6187);
#6186 = CARTESIAN_POINT('',(27.529819,-7.789267,1.585));
#6187 = VECTOR('',#6188,1.);
#6188 = DIRECTION('',(0.99503719021,-9.9503719021E-02,0.));
#6189 = ORIENTED_EDGE('',*,*,#6190,.T.);
#6190 = EDGE_CURVE('',#6183,#6191,#6193,.T.);
#6191 = VERTEX_POINT('',#6192);
#6192 = CARTESIAN_POINT('',(27.762212,-7.776536,1.585));
#6193 = LINE('',#6194,#6195);
#6194 = CARTESIAN_POINT('',(27.778009,-7.814086,1.585));
#6195 = VECTOR('',#6196,1.);
#6196 = DIRECTION('',(-0.387774946942,0.921754083541,0.));
#6197 = ORIENTED_EDGE('',*,*,#6198,.T.);
#6198 = EDGE_CURVE('',#6191,#6199,#6201,.T.);
#6199 = VERTEX_POINT('',#6200);
#6200 = CARTESIAN_POINT('',(27.763434,-7.504,1.585));
#6201 = LINE('',#6202,#6203);
#6202 = CARTESIAN_POINT('',(27.762212,-7.776536,1.585));
#6203 = VECTOR('',#6204,1.);
#6204 = DIRECTION('',(4.483766241139E-03,0.99998994787,0.));
#6205 = ORIENTED_EDGE('',*,*,#6206,.T.);
#6206 = EDGE_CURVE('',#6199,#6207,#6209,.T.);
#6207 = VERTEX_POINT('',#6208);
#6208 = CARTESIAN_POINT('',(27.825638,-7.381287,1.585));
#6209 = LINE('',#6210,#6211);
#6210 = CARTESIAN_POINT('',(27.763434,-7.504,1.585));
#6211 = VECTOR('',#6212,1.);
#6212 = DIRECTION('',(0.4521349062,0.891949565052,0.));
#6213 = ORIENTED_EDGE('',*,*,#6214,.T.);
#6214 = EDGE_CURVE('',#6207,#6028,#6215,.T.);
#6215 = LINE('',#6216,#6217);
#6216 = CARTESIAN_POINT('',(27.825638,-7.381287,1.585));
#6217 = VECTOR('',#6218,1.);
#6218 = DIRECTION('',(0.718400113328,0.695630129574,0.));
#6219 = PLANE('',#6220);
#6220 = AXIS2_PLACEMENT_3D('',#6221,#6222,#6223);
#6221 = CARTESIAN_POINT('',(0.,0.,1.585));
#6222 = DIRECTION('',(0.,0.,1.));
#6223 = DIRECTION('',(1.,0.,-0.));
#6224 = SHELL_BASED_SURFACE_MODEL('',(#6225));
#6225 = OPEN_SHELL('',(#6226));
#6226 = ADVANCED_FACE('',(#6227),#6361,.T.);
#6227 = FACE_BOUND('',#6228,.F.);
#6228 = EDGE_LOOP('',(#6229,#6240,#6248,#6257,#6265,#6273,#6281,#6289,
    #6298,#6306,#6314,#6322,#6331,#6339,#6347,#6355));
#6229 = ORIENTED_EDGE('',*,*,#6230,.T.);
#6230 = EDGE_CURVE('',#6231,#6233,#6235,.T.);
#6231 = VERTEX_POINT('',#6232);
#6232 = CARTESIAN_POINT('',(-27.586849,-7.270973,1.585));
#6233 = VERTEX_POINT('',#6234);
#6234 = CARTESIAN_POINT('',(-27.470181,-7.333333,1.585));
#6235 = CIRCLE('',#6236,7.500000000003E-02);
#6236 = AXIS2_PLACEMENT_3D('',#6237,#6238,#6239);
#6237 = CARTESIAN_POINT('',(-27.545181,-7.333333065555,1.585));
#6238 = DIRECTION('',(0.,0.,-1.));
#6239 = DIRECTION('',(-0.555573333333,0.831467540731,0.));
#6240 = ORIENTED_EDGE('',*,*,#6241,.T.);
#6241 = EDGE_CURVE('',#6233,#6242,#6244,.T.);
#6242 = VERTEX_POINT('',#6243);
#6243 = CARTESIAN_POINT('',(-27.471622,-7.919393,1.585));
#6244 = LINE('',#6245,#6246);
#6245 = CARTESIAN_POINT('',(-27.470181,-7.333333,1.585));
#6246 = VECTOR('',#6247,1.);
#6247 = DIRECTION('',(-2.458785182611E-03,-0.999996977183,0.));
#6248 = ORIENTED_EDGE('',*,*,#6249,.T.);
#6249 = EDGE_CURVE('',#6242,#6250,#6252,.T.);
#6250 = VERTEX_POINT('',#6251);
#6251 = CARTESIAN_POINT('',(-27.620181,-7.904761,1.585));
#6252 = CIRCLE('',#6253,7.500006711464E-02);
#6253 = AXIS2_PLACEMENT_3D('',#6254,#6255,#6256);
#6254 = CARTESIAN_POINT('',(-27.54518093288,-7.904761067115,1.585));
#6255 = DIRECTION('',(-0.,0.,-1.));
#6256 = DIRECTION('',(0.980784894138,-0.195092263891,-0.));
#6257 = ORIENTED_EDGE('',*,*,#6258,.T.);
#6258 = EDGE_CURVE('',#6250,#6259,#6261,.T.);
#6259 = VERTEX_POINT('',#6260);
#6260 = CARTESIAN_POINT('',(-27.620181,-7.694047,1.585));
#6261 = LINE('',#6262,#6263);
#6262 = CARTESIAN_POINT('',(-27.620181,-7.904761,1.585));
#6263 = VECTOR('',#6264,1.);
#6264 = DIRECTION('',(0.,1.,0.));
#6265 = ORIENTED_EDGE('',*,*,#6266,.T.);
#6266 = EDGE_CURVE('',#6259,#6267,#6269,.T.);
#6267 = VERTEX_POINT('',#6268);
#6268 = CARTESIAN_POINT('',(-28.316496,-7.694047,1.585));
#6269 = LINE('',#6270,#6271);
#6270 = CARTESIAN_POINT('',(-27.620181,-7.694047,1.585));
#6271 = VECTOR('',#6272,1.);
#6272 = DIRECTION('',(-1.,0.,0.));
#6273 = ORIENTED_EDGE('',*,*,#6274,.T.);
#6274 = EDGE_CURVE('',#6267,#6275,#6277,.T.);
#6275 = VERTEX_POINT('',#6276);
#6276 = CARTESIAN_POINT('',(-28.243967,-7.769687,1.585));
#6277 = LINE('',#6278,#6279);
#6278 = CARTESIAN_POINT('',(-28.316496,-7.694047,1.585));
#6279 = VECTOR('',#6280,1.);
#6280 = DIRECTION('',(0.692107619701,-0.72179432164,0.));
#6281 = ORIENTED_EDGE('',*,*,#6282,.T.);
#6282 = EDGE_CURVE('',#6275,#6283,#6285,.T.);
#6283 = VERTEX_POINT('',#6284);
#6284 = CARTESIAN_POINT('',(-28.18713,-7.884951,1.585));
#6285 = LINE('',#6286,#6287);
#6286 = CARTESIAN_POINT('',(-28.243967,-7.769687,1.585));
#6287 = VECTOR('',#6288,1.);
#6288 = DIRECTION('',(0.442257930733,-0.896887909777,0.));
#6289 = ORIENTED_EDGE('',*,*,#6290,.T.);
#6290 = EDGE_CURVE('',#6283,#6291,#6293,.T.);
#6291 = VERTEX_POINT('',#6292);
#6292 = CARTESIAN_POINT('',(-28.326549,-7.938302,1.585));
#6293 = CIRCLE('',#6294,7.500029440469E-02);
#6294 = AXIS2_PLACEMENT_3D('',#6295,#6296,#6297);
#6295 = CARTESIAN_POINT('',(-28.25946694603,-7.904760351323,1.585));
#6296 = DIRECTION('',(0.,0.,-1.));
#6297 = DIRECTION('',(0.964488827732,0.264123647522,0.));
#6298 = ORIENTED_EDGE('',*,*,#6299,.T.);
#6299 = EDGE_CURVE('',#6291,#6300,#6302,.T.);
#6300 = VERTEX_POINT('',#6301);
#6301 = CARTESIAN_POINT('',(-28.368725,-7.85395,1.585));
#6302 = LINE('',#6303,#6304);
#6303 = CARTESIAN_POINT('',(-28.326549,-7.938302,1.585));
#6304 = VECTOR('',#6305,1.);
#6305 = DIRECTION('',(-0.4472135955,0.894427191,0.));
#6306 = ORIENTED_EDGE('',*,*,#6307,.T.);
#6307 = EDGE_CURVE('',#6300,#6308,#6310,.T.);
#6308 = VERTEX_POINT('',#6309);
#6309 = CARTESIAN_POINT('',(-28.450106,-7.772569,1.585));
#6310 = LINE('',#6311,#6312);
#6311 = CARTESIAN_POINT('',(-28.368725,-7.85395,1.585));
#6312 = VECTOR('',#6313,1.);
#6313 = DIRECTION('',(-0.707106781187,0.707106781187,0.));
#6314 = ORIENTED_EDGE('',*,*,#6315,.T.);
#6315 = EDGE_CURVE('',#6308,#6316,#6318,.T.);
#6316 = VERTEX_POINT('',#6317);
#6317 = CARTESIAN_POINT('',(-28.598159,-7.672135,1.585));
#6318 = LINE('',#6319,#6320);
#6319 = CARTESIAN_POINT('',(-28.450106,-7.772569,1.585));
#6320 = VECTOR('',#6321,1.);
#6321 = DIRECTION('',(-0.827555069925,0.561384544,0.));
#6322 = ORIENTED_EDGE('',*,*,#6323,.T.);
#6323 = EDGE_CURVE('',#6316,#6324,#6326,.T.);
#6324 = VERTEX_POINT('',#6325);
#6325 = CARTESIAN_POINT('',(-28.545181,-7.544047,1.585));
#6326 = CIRCLE('',#6327,7.499993751709E-02);
#6327 = AXIS2_PLACEMENT_3D('',#6328,#6329,#6330);
#6328 = CARTESIAN_POINT('',(-28.54518119097,-7.619046937517,1.585));
#6329 = DIRECTION('',(0.,0.,-1.));
#6330 = DIRECTION('',(-0.706371375515,-0.707841422815,-0.));
#6331 = ORIENTED_EDGE('',*,*,#6332,.T.);
#6332 = EDGE_CURVE('',#6324,#6333,#6335,.T.);
#6333 = VERTEX_POINT('',#6334);
#6334 = CARTESIAN_POINT('',(-27.620181,-7.544047,1.585));
#6335 = LINE('',#6336,#6337);
#6336 = CARTESIAN_POINT('',(-28.545181,-7.544047,1.585));
#6337 = VECTOR('',#6338,1.);
#6338 = DIRECTION('',(1.,0.,0.));
#6339 = ORIENTED_EDGE('',*,*,#6340,.T.);
#6340 = EDGE_CURVE('',#6333,#6341,#6343,.T.);
#6341 = VERTEX_POINT('',#6342);
#6342 = CARTESIAN_POINT('',(-27.61874,-7.318701,1.585));
#6343 = LINE('',#6344,#6345);
#6344 = CARTESIAN_POINT('',(-27.620181,-7.544047,1.585));
#6345 = VECTOR('',#6346,1.);
#6346 = DIRECTION('',(6.394480216655E-03,0.999979555102,0.));
#6347 = ORIENTED_EDGE('',*,*,#6348,.T.);
#6348 = EDGE_CURVE('',#6341,#6349,#6351,.T.);
#6349 = VERTEX_POINT('',#6350);
#6350 = CARTESIAN_POINT('',(-27.607541,-7.291665,1.585));
#6351 = LINE('',#6352,#6353);
#6352 = CARTESIAN_POINT('',(-27.61874,-7.318701,1.585));
#6353 = VECTOR('',#6354,1.);
#6354 = DIRECTION('',(0.38269282806,0.923875640631,0.));
#6355 = ORIENTED_EDGE('',*,*,#6356,.T.);
#6356 = EDGE_CURVE('',#6349,#6231,#6357,.T.);
#6357 = LINE('',#6358,#6359);
#6358 = CARTESIAN_POINT('',(-27.607541,-7.291665,1.585));
#6359 = VECTOR('',#6360,1.);
#6360 = DIRECTION('',(0.707106781187,0.707106781187,0.));
#6361 = PLANE('',#6362);
#6362 = AXIS2_PLACEMENT_3D('',#6363,#6364,#6365);
#6363 = CARTESIAN_POINT('',(0.,0.,1.585));
#6364 = DIRECTION('',(0.,0.,1.));
#6365 = DIRECTION('',(1.,0.,-0.));
#6366 = SHELL_BASED_SURFACE_MODEL('',(#6367));
#6367 = OPEN_SHELL('',(#6368));
#6368 = ADVANCED_FACE('',(#6369),#6438,.T.);
#6369 = FACE_BOUND('',#6370,.F.);
#6370 = EDGE_LOOP('',(#6371,#6382,#6390,#6399,#6407,#6415,#6423,#6432));
#6371 = ORIENTED_EDGE('',*,*,#6372,.T.);
#6372 = EDGE_CURVE('',#6373,#6375,#6377,.T.);
#6373 = VERTEX_POINT('',#6374);
#6374 = CARTESIAN_POINT('',(-30.028472,-5.835904,1.585));
#6375 = VERTEX_POINT('',#6376);
#6376 = CARTESIAN_POINT('',(-29.925612,-5.897708,1.585));
#6377 = CIRCLE('',#6378,5.999982087231E-02);
#6378 = AXIS2_PLACEMENT_3D('',#6379,#6380,#6381);
#6379 = CARTESIAN_POINT('',(-29.9770415664,-5.866805278374,1.585));
#6380 = DIRECTION('',(0.,0.,-1.));
#6381 = DIRECTION('',(-0.857176452287,0.515022843808,0.));
#6382 = ORIENTED_EDGE('',*,*,#6383,.T.);
#6383 = EDGE_CURVE('',#6375,#6384,#6386,.T.);
#6384 = VERTEX_POINT('',#6385);
#6385 = CARTESIAN_POINT('',(-30.122837,-6.196155,1.585));
#6386 = LINE('',#6387,#6388);
#6387 = CARTESIAN_POINT('',(-29.925612,-5.897708,1.585));
#6388 = VECTOR('',#6389,1.);
#6389 = DIRECTION('',(-0.551328881045,-0.83428799879,0.));
#6390 = ORIENTED_EDGE('',*,*,#6391,.T.);
#6391 = EDGE_CURVE('',#6384,#6392,#6394,.T.);
#6392 = VERTEX_POINT('',#6393);
#6393 = CARTESIAN_POINT('',(-33.5,-7.92,1.585));
#6394 = CIRCLE('',#6395,4.170001273855);
#6395 = AXIS2_PLACEMENT_3D('',#6396,#6397,#6398);
#6396 = CARTESIAN_POINT('',(-33.50000002654,-3.749998726145,1.585));
#6397 = DIRECTION('',(0.,0.,-1.));
#6398 = DIRECTION('',(0.809870981986,-0.586608039952,0.));
#6399 = ORIENTED_EDGE('',*,*,#6400,.T.);
#6400 = EDGE_CURVE('',#6392,#6401,#6403,.T.);
#6401 = VERTEX_POINT('',#6402);
#6402 = CARTESIAN_POINT('',(-42.5,-7.92,1.585));
#6403 = LINE('',#6404,#6405);
#6404 = CARTESIAN_POINT('',(-33.5,-7.92,1.585));
#6405 = VECTOR('',#6406,1.);
#6406 = DIRECTION('',(-1.,0.,0.));
#6407 = ORIENTED_EDGE('',*,*,#6408,.T.);
#6408 = EDGE_CURVE('',#6401,#6409,#6411,.T.);
#6409 = VERTEX_POINT('',#6410);
#6410 = CARTESIAN_POINT('',(-42.5,-7.800005,1.585));
#6411 = LINE('',#6412,#6413);
#6412 = CARTESIAN_POINT('',(-42.5,-7.92,1.585));
#6413 = VECTOR('',#6414,1.);
#6414 = DIRECTION('',(0.,1.,0.));
#6415 = ORIENTED_EDGE('',*,*,#6416,.T.);
#6416 = EDGE_CURVE('',#6409,#6417,#6419,.T.);
#6417 = VERTEX_POINT('',#6418);
#6418 = CARTESIAN_POINT('',(-33.310294,-7.800015,1.585));
#6419 = LINE('',#6420,#6421);
#6420 = CARTESIAN_POINT('',(-42.5,-7.800005,1.585));
#6421 = VECTOR('',#6422,1.);
#6422 = DIRECTION('',(0.999999999999,-1.088174093981E-06,0.));
#6423 = ORIENTED_EDGE('',*,*,#6424,.T.);
#6424 = EDGE_CURVE('',#6417,#6425,#6427,.T.);
#6425 = VERTEX_POINT('',#6426);
#6426 = CARTESIAN_POINT('',(-30.126165,-5.998521,1.585));
#6427 = CIRCLE('',#6428,4.054449245349);
#6428 = AXIS2_PLACEMENT_3D('',#6429,#6430,#6431);
#6429 = CARTESIAN_POINT('',(-33.49999660471,-3.750006159901,1.585));
#6430 = DIRECTION('',(0.,0.,1.));
#6431 = DIRECTION('',(4.678874817135E-02,-0.998904806798,0.));
#6432 = ORIENTED_EDGE('',*,*,#6433,.T.);
#6433 = EDGE_CURVE('',#6425,#6373,#6434,.T.);
#6434 = LINE('',#6435,#6436);
#6435 = CARTESIAN_POINT('',(-30.126165,-5.998521,1.585));
#6436 = VECTOR('',#6437,1.);
#6437 = DIRECTION('',(0.514971645894,0.857207211779,0.));
#6438 = PLANE('',#6439);
#6439 = AXIS2_PLACEMENT_3D('',#6440,#6441,#6442);
#6440 = CARTESIAN_POINT('',(0.,0.,1.585));
#6441 = DIRECTION('',(0.,0.,1.));
#6442 = DIRECTION('',(1.,0.,-0.));
#6443 = SHELL_BASED_SURFACE_MODEL('',(#6444));
#6444 = OPEN_SHELL('',(#6445));
#6445 = ADVANCED_FACE('',(#6446),#6565,.T.);
#6446 = FACE_BOUND('',#6447,.F.);
#6447 = EDGE_LOOP('',(#6448,#6459,#6467,#6476,#6484,#6492,#6501,#6509,
    #6517,#6525,#6533,#6542,#6550,#6559));
#6448 = ORIENTED_EDGE('',*,*,#6449,.T.);
#6449 = EDGE_CURVE('',#6450,#6452,#6454,.T.);
#6450 = VERTEX_POINT('',#6451);
#6451 = CARTESIAN_POINT('',(29.91727,-5.861577,1.585));
#6452 = VERTEX_POINT('',#6453);
#6453 = CARTESIAN_POINT('',(30.028472,-5.835904,1.585));
#6454 = CIRCLE('',#6455,6.00001731688E-02);
#6455 = AXIS2_PLACEMENT_3D('',#6456,#6457,#6458);
#6456 = CARTESIAN_POINT('',(29.977041848129,-5.866806431277,1.585));
#6457 = DIRECTION('',(0.,0.,-1.));
#6458 = DIRECTION('',(-0.996194593659,8.715693640814E-02,0.));
#6459 = ORIENTED_EDGE('',*,*,#6460,.T.);
#6460 = EDGE_CURVE('',#6452,#6461,#6463,.T.);
#6461 = VERTEX_POINT('',#6462);
#6462 = CARTESIAN_POINT('',(30.126165,-5.998521,1.585));
#6463 = LINE('',#6464,#6465);
#6464 = CARTESIAN_POINT('',(30.028472,-5.835904,1.585));
#6465 = VECTOR('',#6466,1.);
#6466 = DIRECTION('',(0.514971645894,-0.857207211779,0.));
#6467 = ORIENTED_EDGE('',*,*,#6468,.T.);
#6468 = EDGE_CURVE('',#6461,#6469,#6471,.T.);
#6469 = VERTEX_POINT('',#6470);
#6470 = CARTESIAN_POINT('',(33.310294,-7.800015,1.585));
#6471 = CIRCLE('',#6472,4.054449245349);
#6472 = AXIS2_PLACEMENT_3D('',#6473,#6474,#6475);
#6473 = CARTESIAN_POINT('',(33.499996604714,-3.750006159901,1.585));
#6474 = DIRECTION('',(0.,0.,1.));
#6475 = DIRECTION('',(-0.832130679299,-0.55457959985,0.));
#6476 = ORIENTED_EDGE('',*,*,#6477,.T.);
#6477 = EDGE_CURVE('',#6469,#6478,#6480,.T.);
#6478 = VERTEX_POINT('',#6479);
#6479 = CARTESIAN_POINT('',(39.05,-7.8,1.585));
#6480 = LINE('',#6481,#6482);
#6481 = CARTESIAN_POINT('',(33.310294,-7.800015,1.585));
#6482 = VECTOR('',#6483,1.);
#6483 = DIRECTION('',(0.999999999997,2.613374273921E-06,0.));
#6484 = ORIENTED_EDGE('',*,*,#6485,.T.);
#6485 = EDGE_CURVE('',#6478,#6486,#6488,.T.);
#6486 = VERTEX_POINT('',#6487);
#6487 = CARTESIAN_POINT('',(39.05,-7.01,1.585));
#6488 = LINE('',#6489,#6490);
#6489 = CARTESIAN_POINT('',(39.05,-7.8,1.585));
#6490 = VECTOR('',#6491,1.);
#6491 = DIRECTION('',(0.,1.,0.));
#6492 = ORIENTED_EDGE('',*,*,#6493,.T.);
#6493 = EDGE_CURVE('',#6486,#6494,#6496,.T.);
#6494 = VERTEX_POINT('',#6495);
#6495 = CARTESIAN_POINT('',(39.11,-6.95,1.585));
#6496 = CIRCLE('',#6497,5.999932016261E-02);
#6497 = AXIS2_PLACEMENT_3D('',#6498,#6499,#6500);
#6498 = CARTESIAN_POINT('',(39.109999320159,-7.009999320159,1.585));
#6499 = DIRECTION('',(0.,0.,-1.));
#6500 = DIRECTION('',(-0.999999999936,-1.133081584016E-05,-0.));
#6501 = ORIENTED_EDGE('',*,*,#6502,.T.);
#6502 = EDGE_CURVE('',#6494,#6503,#6505,.T.);
#6503 = VERTEX_POINT('',#6504);
#6504 = CARTESIAN_POINT('',(42.5,-6.95,1.585));
#6505 = LINE('',#6506,#6507);
#6506 = CARTESIAN_POINT('',(39.11,-6.95,1.585));
#6507 = VECTOR('',#6508,1.);
#6508 = DIRECTION('',(1.,0.,0.));
#6509 = ORIENTED_EDGE('',*,*,#6510,.T.);
#6510 = EDGE_CURVE('',#6503,#6511,#6513,.T.);
#6511 = VERTEX_POINT('',#6512);
#6512 = CARTESIAN_POINT('',(42.5,-7.07,1.585));
#6513 = LINE('',#6514,#6515);
#6514 = CARTESIAN_POINT('',(42.5,-6.95,1.585));
#6515 = VECTOR('',#6516,1.);
#6516 = DIRECTION('',(0.,-1.,0.));
#6517 = ORIENTED_EDGE('',*,*,#6518,.T.);
#6518 = EDGE_CURVE('',#6511,#6519,#6521,.T.);
#6519 = VERTEX_POINT('',#6520);
#6520 = CARTESIAN_POINT('',(39.17,-7.07,1.585));
#6521 = LINE('',#6522,#6523);
#6522 = CARTESIAN_POINT('',(42.5,-7.07,1.585));
#6523 = VECTOR('',#6524,1.);
#6524 = DIRECTION('',(-1.,0.,0.));
#6525 = ORIENTED_EDGE('',*,*,#6526,.T.);
#6526 = EDGE_CURVE('',#6519,#6527,#6529,.T.);
#6527 = VERTEX_POINT('',#6528);
#6528 = CARTESIAN_POINT('',(39.17,-7.86,1.585));
#6529 = LINE('',#6530,#6531);
#6530 = CARTESIAN_POINT('',(39.17,-7.07,1.585));
#6531 = VECTOR('',#6532,1.);
#6532 = DIRECTION('',(0.,-1.,0.));
#6533 = ORIENTED_EDGE('',*,*,#6534,.T.);
#6534 = EDGE_CURVE('',#6527,#6535,#6537,.T.);
#6535 = VERTEX_POINT('',#6536);
#6536 = CARTESIAN_POINT('',(39.11,-7.92,1.585));
#6537 = CIRCLE('',#6538,5.99993201626E-02);
#6538 = AXIS2_PLACEMENT_3D('',#6539,#6540,#6541);
#6539 = CARTESIAN_POINT('',(39.110000679841,-7.860000679841,1.585));
#6540 = DIRECTION('',(0.,0.,-1.));
#6541 = DIRECTION('',(0.999999999936,1.133081585497E-05,0.));
#6542 = ORIENTED_EDGE('',*,*,#6543,.T.);
#6543 = EDGE_CURVE('',#6535,#6544,#6546,.T.);
#6544 = VERTEX_POINT('',#6545);
#6545 = CARTESIAN_POINT('',(33.5,-7.92,1.585));
#6546 = LINE('',#6547,#6548);
#6547 = CARTESIAN_POINT('',(39.11,-7.92,1.585));
#6548 = VECTOR('',#6549,1.);
#6549 = DIRECTION('',(-1.,0.,0.));
#6550 = ORIENTED_EDGE('',*,*,#6551,.T.);
#6551 = EDGE_CURVE('',#6544,#6552,#6554,.T.);
#6552 = VERTEX_POINT('',#6553);
#6553 = CARTESIAN_POINT('',(29.925612,-5.897708,1.585));
#6554 = CIRCLE('',#6555,4.169998621944);
#6555 = AXIS2_PLACEMENT_3D('',#6556,#6557,#6558);
#6556 = CARTESIAN_POINT('',(33.499999328351,-3.750001378056,1.585));
#6557 = DIRECTION('',(0.,0.,-1.));
#6558 = DIRECTION('',(1.610670324328E-07,-1.,0.));
#6559 = ORIENTED_EDGE('',*,*,#6560,.T.);
#6560 = EDGE_CURVE('',#6552,#6450,#6561,.T.);
#6561 = LINE('',#6562,#6563);
#6562 = CARTESIAN_POINT('',(29.925612,-5.897708,1.585));
#6563 = VECTOR('',#6564,1.);
#6564 = DIRECTION('',(-0.224963891311,0.974367101049,0.));
#6565 = PLANE('',#6566);
#6566 = AXIS2_PLACEMENT_3D('',#6567,#6568,#6569);
#6567 = CARTESIAN_POINT('',(0.,0.,1.585));
#6568 = DIRECTION('',(0.,0.,1.));
#6569 = DIRECTION('',(1.,0.,-0.));
#6570 = SHELL_BASED_SURFACE_MODEL('',(#6571));
#6571 = OPEN_SHELL('',(#6572));
#6572 = ADVANCED_FACE('',(#6573),#6617,.T.);
#6573 = FACE_BOUND('',#6574,.F.);
#6574 = EDGE_LOOP('',(#6575,#6586,#6594,#6603,#6611));
#6575 = ORIENTED_EDGE('',*,*,#6576,.T.);
#6576 = EDGE_CURVE('',#6577,#6579,#6581,.T.);
#6577 = VERTEX_POINT('',#6578);
#6578 = CARTESIAN_POINT('',(-13.546194,-5.980866,1.585));
#6579 = VERTEX_POINT('',#6580);
#6580 = CARTESIAN_POINT('',(-13.45,-6.,1.585));
#6581 = CIRCLE('',#6582,4.999998452109E-02);
#6582 = AXIS2_PLACEMENT_3D('',#6583,#6584,#6585);
#6583 = CARTESIAN_POINT('',(-13.49999998452,-6.000000037369,1.585));
#6584 = DIRECTION('',(0.,0.,-1.));
#6585 = DIRECTION('',(-0.923880595592,0.382680865851,0.));
#6586 = ORIENTED_EDGE('',*,*,#6587,.T.);
#6587 = EDGE_CURVE('',#6579,#6588,#6590,.T.);
#6588 = VERTEX_POINT('',#6589);
#6589 = CARTESIAN_POINT('',(-13.45,-7.1,1.585));
#6590 = LINE('',#6591,#6592);
#6591 = CARTESIAN_POINT('',(-13.45,-6.,1.585));
#6592 = VECTOR('',#6593,1.);
#6593 = DIRECTION('',(0.,-1.,0.));
#6594 = ORIENTED_EDGE('',*,*,#6595,.T.);
#6595 = EDGE_CURVE('',#6588,#6596,#6598,.T.);
#6596 = VERTEX_POINT('',#6597);
#6597 = CARTESIAN_POINT('',(-13.55,-7.1,1.585));
#6598 = CIRCLE('',#6599,5.000000000002E-02);
#6599 = AXIS2_PLACEMENT_3D('',#6600,#6601,#6602);
#6600 = CARTESIAN_POINT('',(-13.5,-7.099999952288,1.585));
#6601 = DIRECTION('',(-0.,0.,-1.));
#6602 = DIRECTION('',(1.,-9.542364942656E-07,-0.));
#6603 = ORIENTED_EDGE('',*,*,#6604,.T.);
#6604 = EDGE_CURVE('',#6596,#6605,#6607,.T.);
#6605 = VERTEX_POINT('',#6606);
#6606 = CARTESIAN_POINT('',(-13.55,-6.,1.585));
#6607 = LINE('',#6608,#6609);
#6608 = CARTESIAN_POINT('',(-13.55,-7.1,1.585));
#6609 = VECTOR('',#6610,1.);
#6610 = DIRECTION('',(0.,1.,0.));
#6611 = ORIENTED_EDGE('',*,*,#6612,.T.);
#6612 = EDGE_CURVE('',#6605,#6577,#6613,.T.);
#6613 = LINE('',#6614,#6615);
#6614 = CARTESIAN_POINT('',(-13.55,-6.,1.585));
#6615 = VECTOR('',#6616,1.);
#6616 = DIRECTION('',(0.195090852695,0.980785174845,0.));
#6617 = PLANE('',#6618);
#6618 = AXIS2_PLACEMENT_3D('',#6619,#6620,#6621);
#6619 = CARTESIAN_POINT('',(0.,0.,1.585));
#6620 = DIRECTION('',(0.,0.,1.));
#6621 = DIRECTION('',(1.,0.,-0.));
#6622 = SHELL_BASED_SURFACE_MODEL('',(#6623));
#6623 = OPEN_SHELL('',(#6624));
#6624 = ADVANCED_FACE('',(#6625),#6669,.T.);
#6625 = FACE_BOUND('',#6626,.F.);
#6626 = EDGE_LOOP('',(#6627,#6638,#6646,#6655,#6663));
#6627 = ORIENTED_EDGE('',*,*,#6628,.T.);
#6628 = EDGE_CURVE('',#6629,#6631,#6633,.T.);
#6629 = VERTEX_POINT('',#6630);
#6630 = CARTESIAN_POINT('',(5.453806,-5.980866,1.585));
#6631 = VERTEX_POINT('',#6632);
#6632 = CARTESIAN_POINT('',(5.55,-6.,1.585));
#6633 = CIRCLE('',#6634,4.999998452109E-02);
#6634 = AXIS2_PLACEMENT_3D('',#6635,#6636,#6637);
#6635 = CARTESIAN_POINT('',(5.500000015479,-6.000000037369,1.585));
#6636 = DIRECTION('',(0.,0.,-1.));
#6637 = DIRECTION('',(-0.923880595592,0.382680865851,0.));
#6638 = ORIENTED_EDGE('',*,*,#6639,.T.);
#6639 = EDGE_CURVE('',#6631,#6640,#6642,.T.);
#6640 = VERTEX_POINT('',#6641);
#6641 = CARTESIAN_POINT('',(5.55,-7.1,1.585));
#6642 = LINE('',#6643,#6644);
#6643 = CARTESIAN_POINT('',(5.55,-6.,1.585));
#6644 = VECTOR('',#6645,1.);
#6645 = DIRECTION('',(0.,-1.,0.));
#6646 = ORIENTED_EDGE('',*,*,#6647,.T.);
#6647 = EDGE_CURVE('',#6640,#6648,#6650,.T.);
#6648 = VERTEX_POINT('',#6649);
#6649 = CARTESIAN_POINT('',(5.45,-7.1,1.585));
#6650 = CIRCLE('',#6651,5.000000000002E-02);
#6651 = AXIS2_PLACEMENT_3D('',#6652,#6653,#6654);
#6652 = CARTESIAN_POINT('',(5.5,-7.099999952288,1.585));
#6653 = DIRECTION('',(-0.,0.,-1.));
#6654 = DIRECTION('',(1.,-9.542364765021E-07,-0.));
#6655 = ORIENTED_EDGE('',*,*,#6656,.T.);
#6656 = EDGE_CURVE('',#6648,#6657,#6659,.T.);
#6657 = VERTEX_POINT('',#6658);
#6658 = CARTESIAN_POINT('',(5.45,-6.,1.585));
#6659 = LINE('',#6660,#6661);
#6660 = CARTESIAN_POINT('',(5.45,-7.1,1.585));
#6661 = VECTOR('',#6662,1.);
#6662 = DIRECTION('',(0.,1.,0.));
#6663 = ORIENTED_EDGE('',*,*,#6664,.T.);
#6664 = EDGE_CURVE('',#6657,#6629,#6665,.T.);
#6665 = LINE('',#6666,#6667);
#6666 = CARTESIAN_POINT('',(5.45,-6.,1.585));
#6667 = VECTOR('',#6668,1.);
#6668 = DIRECTION('',(0.195090852695,0.980785174845,0.));
#6669 = PLANE('',#6670);
#6670 = AXIS2_PLACEMENT_3D('',#6671,#6672,#6673);
#6671 = CARTESIAN_POINT('',(0.,0.,1.585));
#6672 = DIRECTION('',(0.,0.,1.));
#6673 = DIRECTION('',(1.,0.,-0.));
#6674 = SHELL_BASED_SURFACE_MODEL('',(#6675));
#6675 = OPEN_SHELL('',(#6676));
#6676 = ADVANCED_FACE('',(#6677),#6721,.T.);
#6677 = FACE_BOUND('',#6678,.F.);
#6678 = EDGE_LOOP('',(#6679,#6690,#6698,#6707,#6715));
#6679 = ORIENTED_EDGE('',*,*,#6680,.T.);
#6680 = EDGE_CURVE('',#6681,#6683,#6685,.T.);
#6681 = VERTEX_POINT('',#6682);
#6682 = CARTESIAN_POINT('',(23.453806,-5.980866,1.585));
#6683 = VERTEX_POINT('',#6684);
#6684 = CARTESIAN_POINT('',(23.55,-6.,1.585));
#6685 = CIRCLE('',#6686,4.999998452109E-02);
#6686 = AXIS2_PLACEMENT_3D('',#6687,#6688,#6689);
#6687 = CARTESIAN_POINT('',(23.500000015479,-6.000000037369,1.585));
#6688 = DIRECTION('',(0.,0.,-1.));
#6689 = DIRECTION('',(-0.923880595592,0.382680865851,0.));
#6690 = ORIENTED_EDGE('',*,*,#6691,.T.);
#6691 = EDGE_CURVE('',#6683,#6692,#6694,.T.);
#6692 = VERTEX_POINT('',#6693);
#6693 = CARTESIAN_POINT('',(23.55,-7.1,1.585));
#6694 = LINE('',#6695,#6696);
#6695 = CARTESIAN_POINT('',(23.55,-6.,1.585));
#6696 = VECTOR('',#6697,1.);
#6697 = DIRECTION('',(0.,-1.,0.));
#6698 = ORIENTED_EDGE('',*,*,#6699,.T.);
#6699 = EDGE_CURVE('',#6692,#6700,#6702,.T.);
#6700 = VERTEX_POINT('',#6701);
#6701 = CARTESIAN_POINT('',(23.45,-7.1,1.585));
#6702 = CIRCLE('',#6703,5.000000000002E-02);
#6703 = AXIS2_PLACEMENT_3D('',#6704,#6705,#6706);
#6704 = CARTESIAN_POINT('',(23.5,-7.099999952288,1.585));
#6705 = DIRECTION('',(-0.,0.,-1.));
#6706 = DIRECTION('',(1.,-9.542365120292E-07,-0.));
#6707 = ORIENTED_EDGE('',*,*,#6708,.T.);
#6708 = EDGE_CURVE('',#6700,#6709,#6711,.T.);
#6709 = VERTEX_POINT('',#6710);
#6710 = CARTESIAN_POINT('',(23.45,-6.,1.585));
#6711 = LINE('',#6712,#6713);
#6712 = CARTESIAN_POINT('',(23.45,-7.1,1.585));
#6713 = VECTOR('',#6714,1.);
#6714 = DIRECTION('',(0.,1.,0.));
#6715 = ORIENTED_EDGE('',*,*,#6716,.T.);
#6716 = EDGE_CURVE('',#6709,#6681,#6717,.T.);
#6717 = LINE('',#6718,#6719);
#6718 = CARTESIAN_POINT('',(23.45,-6.,1.585));
#6719 = VECTOR('',#6720,1.);
#6720 = DIRECTION('',(0.195090852695,0.980785174845,0.));
#6721 = PLANE('',#6722);
#6722 = AXIS2_PLACEMENT_3D('',#6723,#6724,#6725);
#6723 = CARTESIAN_POINT('',(0.,0.,1.585));
#6724 = DIRECTION('',(0.,0.,1.));
#6725 = DIRECTION('',(1.,0.,-0.));
#6726 = SHELL_BASED_SURFACE_MODEL('',(#6727));
#6727 = OPEN_SHELL('',(#6728));
#6728 = ADVANCED_FACE('',(#6729),#6773,.T.);
#6729 = FACE_BOUND('',#6730,.F.);
#6730 = EDGE_LOOP('',(#6731,#6742,#6750,#6759,#6767));
#6731 = ORIENTED_EDGE('',*,*,#6732,.T.);
#6732 = EDGE_CURVE('',#6733,#6735,#6737,.T.);
#6733 = VERTEX_POINT('',#6734);
#6734 = CARTESIAN_POINT('',(-23.546194,-5.880866,1.585));
#6735 = VERTEX_POINT('',#6736);
#6736 = CARTESIAN_POINT('',(-23.45,-5.9,1.585));
#6737 = CIRCLE('',#6738,4.999998452109E-02);
#6738 = AXIS2_PLACEMENT_3D('',#6739,#6740,#6741);
#6739 = CARTESIAN_POINT('',(-23.49999998452,-5.900000037369,1.585));
#6740 = DIRECTION('',(0.,0.,-1.));
#6741 = DIRECTION('',(-0.923880595592,0.382680865851,0.));
#6742 = ORIENTED_EDGE('',*,*,#6743,.T.);
#6743 = EDGE_CURVE('',#6735,#6744,#6746,.T.);
#6744 = VERTEX_POINT('',#6745);
#6745 = CARTESIAN_POINT('',(-23.45,-7.,1.585));
#6746 = LINE('',#6747,#6748);
#6747 = CARTESIAN_POINT('',(-23.45,-5.9,1.585));
#6748 = VECTOR('',#6749,1.);
#6749 = DIRECTION('',(0.,-1.,0.));
#6750 = ORIENTED_EDGE('',*,*,#6751,.T.);
#6751 = EDGE_CURVE('',#6744,#6752,#6754,.T.);
#6752 = VERTEX_POINT('',#6753);
#6753 = CARTESIAN_POINT('',(-23.55,-7.,1.585));
#6754 = CIRCLE('',#6755,5.000000000002E-02);
#6755 = AXIS2_PLACEMENT_3D('',#6756,#6757,#6758);
#6756 = CARTESIAN_POINT('',(-23.5,-6.999999952288,1.585));
#6757 = DIRECTION('',(-0.,0.,-1.));
#6758 = DIRECTION('',(1.,-9.542365297928E-07,-0.));
#6759 = ORIENTED_EDGE('',*,*,#6760,.T.);
#6760 = EDGE_CURVE('',#6752,#6761,#6763,.T.);
#6761 = VERTEX_POINT('',#6762);
#6762 = CARTESIAN_POINT('',(-23.55,-5.9,1.585));
#6763 = LINE('',#6764,#6765);
#6764 = CARTESIAN_POINT('',(-23.55,-7.,1.585));
#6765 = VECTOR('',#6766,1.);
#6766 = DIRECTION('',(0.,1.,0.));
#6767 = ORIENTED_EDGE('',*,*,#6768,.T.);
#6768 = EDGE_CURVE('',#6761,#6733,#6769,.T.);
#6769 = LINE('',#6770,#6771);
#6770 = CARTESIAN_POINT('',(-23.55,-5.9,1.585));
#6771 = VECTOR('',#6772,1.);
#6772 = DIRECTION('',(0.195090852695,0.980785174845,0.));
#6773 = PLANE('',#6774);
#6774 = AXIS2_PLACEMENT_3D('',#6775,#6776,#6777);
#6775 = CARTESIAN_POINT('',(0.,0.,1.585));
#6776 = DIRECTION('',(0.,0.,1.));
#6777 = DIRECTION('',(1.,0.,-0.));
#6778 = SHELL_BASED_SURFACE_MODEL('',(#6779));
#6779 = OPEN_SHELL('',(#6780));
#6780 = ADVANCED_FACE('',(#6781),#6825,.T.);
#6781 = FACE_BOUND('',#6782,.F.);
#6782 = EDGE_LOOP('',(#6783,#6794,#6802,#6811,#6819));
#6783 = ORIENTED_EDGE('',*,*,#6784,.T.);
#6784 = EDGE_CURVE('',#6785,#6787,#6789,.T.);
#6785 = VERTEX_POINT('',#6786);
#6786 = CARTESIAN_POINT('',(-4.546194,-5.880866,1.585));
#6787 = VERTEX_POINT('',#6788);
#6788 = CARTESIAN_POINT('',(-4.45,-5.9,1.585));
#6789 = CIRCLE('',#6790,4.999998452109E-02);
#6790 = AXIS2_PLACEMENT_3D('',#6791,#6792,#6793);
#6791 = CARTESIAN_POINT('',(-4.499999984521,-5.900000037369,1.585));
#6792 = DIRECTION('',(0.,0.,-1.));
#6793 = DIRECTION('',(-0.923880595592,0.382680865851,0.));
#6794 = ORIENTED_EDGE('',*,*,#6795,.T.);
#6795 = EDGE_CURVE('',#6787,#6796,#6798,.T.);
#6796 = VERTEX_POINT('',#6797);
#6797 = CARTESIAN_POINT('',(-4.45,-7.,1.585));
#6798 = LINE('',#6799,#6800);
#6799 = CARTESIAN_POINT('',(-4.45,-5.9,1.585));
#6800 = VECTOR('',#6801,1.);
#6801 = DIRECTION('',(0.,-1.,0.));
#6802 = ORIENTED_EDGE('',*,*,#6803,.T.);
#6803 = EDGE_CURVE('',#6796,#6804,#6806,.T.);
#6804 = VERTEX_POINT('',#6805);
#6805 = CARTESIAN_POINT('',(-4.55,-7.,1.585));
#6806 = CIRCLE('',#6807,5.000000000002E-02);
#6807 = AXIS2_PLACEMENT_3D('',#6808,#6809,#6810);
#6808 = CARTESIAN_POINT('',(-4.5,-6.999999952288,1.585));
#6809 = DIRECTION('',(-0.,0.,-1.));
#6810 = DIRECTION('',(1.,-9.542364765021E-07,-0.));
#6811 = ORIENTED_EDGE('',*,*,#6812,.T.);
#6812 = EDGE_CURVE('',#6804,#6813,#6815,.T.);
#6813 = VERTEX_POINT('',#6814);
#6814 = CARTESIAN_POINT('',(-4.55,-5.9,1.585));
#6815 = LINE('',#6816,#6817);
#6816 = CARTESIAN_POINT('',(-4.55,-7.,1.585));
#6817 = VECTOR('',#6818,1.);
#6818 = DIRECTION('',(0.,1.,0.));
#6819 = ORIENTED_EDGE('',*,*,#6820,.T.);
#6820 = EDGE_CURVE('',#6813,#6785,#6821,.T.);
#6821 = LINE('',#6822,#6823);
#6822 = CARTESIAN_POINT('',(-4.55,-5.9,1.585));
#6823 = VECTOR('',#6824,1.);
#6824 = DIRECTION('',(0.195090852695,0.980785174845,0.));
#6825 = PLANE('',#6826);
#6826 = AXIS2_PLACEMENT_3D('',#6827,#6828,#6829);
#6827 = CARTESIAN_POINT('',(0.,0.,1.585));
#6828 = DIRECTION('',(0.,0.,1.));
#6829 = DIRECTION('',(1.,0.,-0.));
#6830 = SHELL_BASED_SURFACE_MODEL('',(#6831));
#6831 = OPEN_SHELL('',(#6832));
#6832 = ADVANCED_FACE('',(#6833),#6877,.T.);
#6833 = FACE_BOUND('',#6834,.F.);
#6834 = EDGE_LOOP('',(#6835,#6846,#6854,#6863,#6871));
#6835 = ORIENTED_EDGE('',*,*,#6836,.T.);
#6836 = EDGE_CURVE('',#6837,#6839,#6841,.T.);
#6837 = VERTEX_POINT('',#6838);
#6838 = CARTESIAN_POINT('',(13.453806,-5.880866,1.585));
#6839 = VERTEX_POINT('',#6840);
#6840 = CARTESIAN_POINT('',(13.55,-5.9,1.585));
#6841 = CIRCLE('',#6842,4.999998452109E-02);
#6842 = AXIS2_PLACEMENT_3D('',#6843,#6844,#6845);
#6843 = CARTESIAN_POINT('',(13.500000015479,-5.900000037369,1.585));
#6844 = DIRECTION('',(0.,0.,-1.));
#6845 = DIRECTION('',(-0.923880595592,0.382680865851,0.));
#6846 = ORIENTED_EDGE('',*,*,#6847,.T.);
#6847 = EDGE_CURVE('',#6839,#6848,#6850,.T.);
#6848 = VERTEX_POINT('',#6849);
#6849 = CARTESIAN_POINT('',(13.55,-7.,1.585));
#6850 = LINE('',#6851,#6852);
#6851 = CARTESIAN_POINT('',(13.55,-5.9,1.585));
#6852 = VECTOR('',#6853,1.);
#6853 = DIRECTION('',(0.,-1.,0.));
#6854 = ORIENTED_EDGE('',*,*,#6855,.T.);
#6855 = EDGE_CURVE('',#6848,#6856,#6858,.T.);
#6856 = VERTEX_POINT('',#6857);
#6857 = CARTESIAN_POINT('',(13.45,-7.,1.585));
#6858 = CIRCLE('',#6859,5.000000000002E-02);
#6859 = AXIS2_PLACEMENT_3D('',#6860,#6861,#6862);
#6860 = CARTESIAN_POINT('',(13.5,-6.999999952288,1.585));
#6861 = DIRECTION('',(-0.,0.,-1.));
#6862 = DIRECTION('',(1.,-9.542365120292E-07,-0.));
#6863 = ORIENTED_EDGE('',*,*,#6864,.T.);
#6864 = EDGE_CURVE('',#6856,#6865,#6867,.T.);
#6865 = VERTEX_POINT('',#6866);
#6866 = CARTESIAN_POINT('',(13.45,-5.9,1.585));
#6867 = LINE('',#6868,#6869);
#6868 = CARTESIAN_POINT('',(13.45,-7.,1.585));
#6869 = VECTOR('',#6870,1.);
#6870 = DIRECTION('',(0.,1.,0.));
#6871 = ORIENTED_EDGE('',*,*,#6872,.T.);
#6872 = EDGE_CURVE('',#6865,#6837,#6873,.T.);
#6873 = LINE('',#6874,#6875);
#6874 = CARTESIAN_POINT('',(13.45,-5.9,1.585));
#6875 = VECTOR('',#6876,1.);
#6876 = DIRECTION('',(0.195090852695,0.980785174845,0.));
#6877 = PLANE('',#6878);
#6878 = AXIS2_PLACEMENT_3D('',#6879,#6880,#6881);
#6879 = CARTESIAN_POINT('',(0.,0.,1.585));
#6880 = DIRECTION('',(0.,0.,1.));
#6881 = DIRECTION('',(1.,0.,-0.));
#6882 = SHELL_BASED_SURFACE_MODEL('',(#6883));
#6883 = OPEN_SHELL('',(#6884));
#6884 = ADVANCED_FACE('',(#6885),#6929,.T.);
#6885 = FACE_BOUND('',#6886,.F.);
#6886 = EDGE_LOOP('',(#6887,#6898,#6906,#6915,#6923));
#6887 = ORIENTED_EDGE('',*,*,#6888,.T.);
#6888 = EDGE_CURVE('',#6889,#6891,#6893,.T.);
#6889 = VERTEX_POINT('',#6890);
#6890 = CARTESIAN_POINT('',(-13.546194,-4.480866,1.585));
#6891 = VERTEX_POINT('',#6892);
#6892 = CARTESIAN_POINT('',(-13.45,-4.5,1.585));
#6893 = CIRCLE('',#6894,4.999998452109E-02);
#6894 = AXIS2_PLACEMENT_3D('',#6895,#6896,#6897);
#6895 = CARTESIAN_POINT('',(-13.49999998452,-4.500000037369,1.585));
#6896 = DIRECTION('',(0.,0.,-1.));
#6897 = DIRECTION('',(-0.923880595592,0.382680865851,0.));
#6898 = ORIENTED_EDGE('',*,*,#6899,.T.);
#6899 = EDGE_CURVE('',#6891,#6900,#6902,.T.);
#6900 = VERTEX_POINT('',#6901);
#6901 = CARTESIAN_POINT('',(-13.45,-5.6,1.585));
#6902 = LINE('',#6903,#6904);
#6903 = CARTESIAN_POINT('',(-13.45,-4.5,1.585));
#6904 = VECTOR('',#6905,1.);
#6905 = DIRECTION('',(0.,-1.,0.));
#6906 = ORIENTED_EDGE('',*,*,#6907,.T.);
#6907 = EDGE_CURVE('',#6900,#6908,#6910,.T.);
#6908 = VERTEX_POINT('',#6909);
#6909 = CARTESIAN_POINT('',(-13.55,-5.6,1.585));
#6910 = CIRCLE('',#6911,5.000000000002E-02);
#6911 = AXIS2_PLACEMENT_3D('',#6912,#6913,#6914);
#6912 = CARTESIAN_POINT('',(-13.5,-5.599999952288,1.585));
#6913 = DIRECTION('',(-0.,0.,-1.));
#6914 = DIRECTION('',(1.,-9.542364942656E-07,-0.));
#6915 = ORIENTED_EDGE('',*,*,#6916,.T.);
#6916 = EDGE_CURVE('',#6908,#6917,#6919,.T.);
#6917 = VERTEX_POINT('',#6918);
#6918 = CARTESIAN_POINT('',(-13.55,-4.5,1.585));
#6919 = LINE('',#6920,#6921);
#6920 = CARTESIAN_POINT('',(-13.55,-5.6,1.585));
#6921 = VECTOR('',#6922,1.);
#6922 = DIRECTION('',(0.,1.,0.));
#6923 = ORIENTED_EDGE('',*,*,#6924,.T.);
#6924 = EDGE_CURVE('',#6917,#6889,#6925,.T.);
#6925 = LINE('',#6926,#6927);
#6926 = CARTESIAN_POINT('',(-13.55,-4.5,1.585));
#6927 = VECTOR('',#6928,1.);
#6928 = DIRECTION('',(0.195090852695,0.980785174845,0.));
#6929 = PLANE('',#6930);
#6930 = AXIS2_PLACEMENT_3D('',#6931,#6932,#6933);
#6931 = CARTESIAN_POINT('',(0.,0.,1.585));
#6932 = DIRECTION('',(0.,0.,1.));
#6933 = DIRECTION('',(1.,0.,-0.));
#6934 = SHELL_BASED_SURFACE_MODEL('',(#6935));
#6935 = OPEN_SHELL('',(#6936));
#6936 = ADVANCED_FACE('',(#6937),#6981,.T.);
#6937 = FACE_BOUND('',#6938,.F.);
#6938 = EDGE_LOOP('',(#6939,#6950,#6958,#6967,#6975));
#6939 = ORIENTED_EDGE('',*,*,#6940,.T.);
#6940 = EDGE_CURVE('',#6941,#6943,#6945,.T.);
#6941 = VERTEX_POINT('',#6942);
#6942 = CARTESIAN_POINT('',(5.453806,-4.480866,1.585));
#6943 = VERTEX_POINT('',#6944);
#6944 = CARTESIAN_POINT('',(5.55,-4.5,1.585));
#6945 = CIRCLE('',#6946,4.999998452109E-02);
#6946 = AXIS2_PLACEMENT_3D('',#6947,#6948,#6949);
#6947 = CARTESIAN_POINT('',(5.500000015479,-4.500000037369,1.585));
#6948 = DIRECTION('',(0.,0.,-1.));
#6949 = DIRECTION('',(-0.923880595592,0.382680865851,0.));
#6950 = ORIENTED_EDGE('',*,*,#6951,.T.);
#6951 = EDGE_CURVE('',#6943,#6952,#6954,.T.);
#6952 = VERTEX_POINT('',#6953);
#6953 = CARTESIAN_POINT('',(5.55,-5.6,1.585));
#6954 = LINE('',#6955,#6956);
#6955 = CARTESIAN_POINT('',(5.55,-4.5,1.585));
#6956 = VECTOR('',#6957,1.);
#6957 = DIRECTION('',(0.,-1.,0.));
#6958 = ORIENTED_EDGE('',*,*,#6959,.T.);
#6959 = EDGE_CURVE('',#6952,#6960,#6962,.T.);
#6960 = VERTEX_POINT('',#6961);
#6961 = CARTESIAN_POINT('',(5.45,-5.6,1.585));
#6962 = CIRCLE('',#6963,5.000000000002E-02);
#6963 = AXIS2_PLACEMENT_3D('',#6964,#6965,#6966);
#6964 = CARTESIAN_POINT('',(5.5,-5.599999952288,1.585));
#6965 = DIRECTION('',(-0.,0.,-1.));
#6966 = DIRECTION('',(1.,-9.542364765021E-07,-0.));
#6967 = ORIENTED_EDGE('',*,*,#6968,.T.);
#6968 = EDGE_CURVE('',#6960,#6969,#6971,.T.);
#6969 = VERTEX_POINT('',#6970);
#6970 = CARTESIAN_POINT('',(5.45,-4.5,1.585));
#6971 = LINE('',#6972,#6973);
#6972 = CARTESIAN_POINT('',(5.45,-5.6,1.585));
#6973 = VECTOR('',#6974,1.);
#6974 = DIRECTION('',(0.,1.,0.));
#6975 = ORIENTED_EDGE('',*,*,#6976,.T.);
#6976 = EDGE_CURVE('',#6969,#6941,#6977,.T.);
#6977 = LINE('',#6978,#6979);
#6978 = CARTESIAN_POINT('',(5.45,-4.5,1.585));
#6979 = VECTOR('',#6980,1.);
#6980 = DIRECTION('',(0.195090852695,0.980785174845,0.));
#6981 = PLANE('',#6982);
#6982 = AXIS2_PLACEMENT_3D('',#6983,#6984,#6985);
#6983 = CARTESIAN_POINT('',(0.,0.,1.585));
#6984 = DIRECTION('',(0.,0.,1.));
#6985 = DIRECTION('',(1.,0.,-0.));
#6986 = SHELL_BASED_SURFACE_MODEL('',(#6987));
#6987 = OPEN_SHELL('',(#6988));
#6988 = ADVANCED_FACE('',(#6989),#7033,.T.);
#6989 = FACE_BOUND('',#6990,.F.);
#6990 = EDGE_LOOP('',(#6991,#7002,#7010,#7019,#7027));
#6991 = ORIENTED_EDGE('',*,*,#6992,.T.);
#6992 = EDGE_CURVE('',#6993,#6995,#6997,.T.);
#6993 = VERTEX_POINT('',#6994);
#6994 = CARTESIAN_POINT('',(23.453806,-4.480866,1.585));
#6995 = VERTEX_POINT('',#6996);
#6996 = CARTESIAN_POINT('',(23.55,-4.5,1.585));
#6997 = CIRCLE('',#6998,4.999998452109E-02);
#6998 = AXIS2_PLACEMENT_3D('',#6999,#7000,#7001);
#6999 = CARTESIAN_POINT('',(23.500000015479,-4.500000037369,1.585));
#7000 = DIRECTION('',(0.,0.,-1.));
#7001 = DIRECTION('',(-0.923880595592,0.382680865851,0.));
#7002 = ORIENTED_EDGE('',*,*,#7003,.T.);
#7003 = EDGE_CURVE('',#6995,#7004,#7006,.T.);
#7004 = VERTEX_POINT('',#7005);
#7005 = CARTESIAN_POINT('',(23.55,-5.6,1.585));
#7006 = LINE('',#7007,#7008);
#7007 = CARTESIAN_POINT('',(23.55,-4.5,1.585));
#7008 = VECTOR('',#7009,1.);
#7009 = DIRECTION('',(0.,-1.,0.));
#7010 = ORIENTED_EDGE('',*,*,#7011,.T.);
#7011 = EDGE_CURVE('',#7004,#7012,#7014,.T.);
#7012 = VERTEX_POINT('',#7013);
#7013 = CARTESIAN_POINT('',(23.45,-5.6,1.585));
#7014 = CIRCLE('',#7015,5.000000000002E-02);
#7015 = AXIS2_PLACEMENT_3D('',#7016,#7017,#7018);
#7016 = CARTESIAN_POINT('',(23.5,-5.599999952288,1.585));
#7017 = DIRECTION('',(-0.,0.,-1.));
#7018 = DIRECTION('',(1.,-9.542365120292E-07,-0.));
#7019 = ORIENTED_EDGE('',*,*,#7020,.T.);
#7020 = EDGE_CURVE('',#7012,#7021,#7023,.T.);
#7021 = VERTEX_POINT('',#7022);
#7022 = CARTESIAN_POINT('',(23.45,-4.5,1.585));
#7023 = LINE('',#7024,#7025);
#7024 = CARTESIAN_POINT('',(23.45,-5.6,1.585));
#7025 = VECTOR('',#7026,1.);
#7026 = DIRECTION('',(0.,1.,0.));
#7027 = ORIENTED_EDGE('',*,*,#7028,.T.);
#7028 = EDGE_CURVE('',#7021,#6993,#7029,.T.);
#7029 = LINE('',#7030,#7031);
#7030 = CARTESIAN_POINT('',(23.45,-4.5,1.585));
#7031 = VECTOR('',#7032,1.);
#7032 = DIRECTION('',(0.195090852695,0.980785174845,0.));
#7033 = PLANE('',#7034);
#7034 = AXIS2_PLACEMENT_3D('',#7035,#7036,#7037);
#7035 = CARTESIAN_POINT('',(0.,0.,1.585));
#7036 = DIRECTION('',(0.,0.,1.));
#7037 = DIRECTION('',(1.,0.,-0.));
#7038 = SHELL_BASED_SURFACE_MODEL('',(#7039));
#7039 = OPEN_SHELL('',(#7040));
#7040 = ADVANCED_FACE('',(#7041),#7085,.T.);
#7041 = FACE_BOUND('',#7042,.F.);
#7042 = EDGE_LOOP('',(#7043,#7054,#7062,#7071,#7079));
#7043 = ORIENTED_EDGE('',*,*,#7044,.T.);
#7044 = EDGE_CURVE('',#7045,#7047,#7049,.T.);
#7045 = VERTEX_POINT('',#7046);
#7046 = CARTESIAN_POINT('',(-23.546194,-4.380866,1.585));
#7047 = VERTEX_POINT('',#7048);
#7048 = CARTESIAN_POINT('',(-23.45,-4.4,1.585));
#7049 = CIRCLE('',#7050,4.999998452109E-02);
#7050 = AXIS2_PLACEMENT_3D('',#7051,#7052,#7053);
#7051 = CARTESIAN_POINT('',(-23.49999998452,-4.400000037369,1.585));
#7052 = DIRECTION('',(0.,0.,-1.));
#7053 = DIRECTION('',(-0.923880595592,0.382680865851,0.));
#7054 = ORIENTED_EDGE('',*,*,#7055,.T.);
#7055 = EDGE_CURVE('',#7047,#7056,#7058,.T.);
#7056 = VERTEX_POINT('',#7057);
#7057 = CARTESIAN_POINT('',(-23.45,-5.5,1.585));
#7058 = LINE('',#7059,#7060);
#7059 = CARTESIAN_POINT('',(-23.45,-4.4,1.585));
#7060 = VECTOR('',#7061,1.);
#7061 = DIRECTION('',(0.,-1.,0.));
#7062 = ORIENTED_EDGE('',*,*,#7063,.T.);
#7063 = EDGE_CURVE('',#7056,#7064,#7066,.T.);
#7064 = VERTEX_POINT('',#7065);
#7065 = CARTESIAN_POINT('',(-23.55,-5.5,1.585));
#7066 = CIRCLE('',#7067,5.000000000002E-02);
#7067 = AXIS2_PLACEMENT_3D('',#7068,#7069,#7070);
#7068 = CARTESIAN_POINT('',(-23.5,-5.499999952288,1.585));
#7069 = DIRECTION('',(-0.,0.,-1.));
#7070 = DIRECTION('',(1.,-9.542365297928E-07,-0.));
#7071 = ORIENTED_EDGE('',*,*,#7072,.T.);
#7072 = EDGE_CURVE('',#7064,#7073,#7075,.T.);
#7073 = VERTEX_POINT('',#7074);
#7074 = CARTESIAN_POINT('',(-23.55,-4.4,1.585));
#7075 = LINE('',#7076,#7077);
#7076 = CARTESIAN_POINT('',(-23.55,-5.5,1.585));
#7077 = VECTOR('',#7078,1.);
#7078 = DIRECTION('',(0.,1.,0.));
#7079 = ORIENTED_EDGE('',*,*,#7080,.T.);
#7080 = EDGE_CURVE('',#7073,#7045,#7081,.T.);
#7081 = LINE('',#7082,#7083);
#7082 = CARTESIAN_POINT('',(-23.55,-4.4,1.585));
#7083 = VECTOR('',#7084,1.);
#7084 = DIRECTION('',(0.195090852695,0.980785174845,0.));
#7085 = PLANE('',#7086);
#7086 = AXIS2_PLACEMENT_3D('',#7087,#7088,#7089);
#7087 = CARTESIAN_POINT('',(0.,0.,1.585));
#7088 = DIRECTION('',(0.,0.,1.));
#7089 = DIRECTION('',(1.,0.,-0.));
#7090 = SHELL_BASED_SURFACE_MODEL('',(#7091));
#7091 = OPEN_SHELL('',(#7092));
#7092 = ADVANCED_FACE('',(#7093),#7137,.T.);
#7093 = FACE_BOUND('',#7094,.F.);
#7094 = EDGE_LOOP('',(#7095,#7106,#7114,#7123,#7131));
#7095 = ORIENTED_EDGE('',*,*,#7096,.T.);
#7096 = EDGE_CURVE('',#7097,#7099,#7101,.T.);
#7097 = VERTEX_POINT('',#7098);
#7098 = CARTESIAN_POINT('',(-4.546194,-4.380866,1.585));
#7099 = VERTEX_POINT('',#7100);
#7100 = CARTESIAN_POINT('',(-4.45,-4.4,1.585));
#7101 = CIRCLE('',#7102,4.999998452109E-02);
#7102 = AXIS2_PLACEMENT_3D('',#7103,#7104,#7105);
#7103 = CARTESIAN_POINT('',(-4.499999984521,-4.400000037369,1.585));
#7104 = DIRECTION('',(0.,0.,-1.));
#7105 = DIRECTION('',(-0.923880595592,0.382680865851,0.));
#7106 = ORIENTED_EDGE('',*,*,#7107,.T.);
#7107 = EDGE_CURVE('',#7099,#7108,#7110,.T.);
#7108 = VERTEX_POINT('',#7109);
#7109 = CARTESIAN_POINT('',(-4.45,-5.5,1.585));
#7110 = LINE('',#7111,#7112);
#7111 = CARTESIAN_POINT('',(-4.45,-4.4,1.585));
#7112 = VECTOR('',#7113,1.);
#7113 = DIRECTION('',(0.,-1.,0.));
#7114 = ORIENTED_EDGE('',*,*,#7115,.T.);
#7115 = EDGE_CURVE('',#7108,#7116,#7118,.T.);
#7116 = VERTEX_POINT('',#7117);
#7117 = CARTESIAN_POINT('',(-4.55,-5.5,1.585));
#7118 = CIRCLE('',#7119,5.000000000002E-02);
#7119 = AXIS2_PLACEMENT_3D('',#7120,#7121,#7122);
#7120 = CARTESIAN_POINT('',(-4.5,-5.499999952288,1.585));
#7121 = DIRECTION('',(-0.,0.,-1.));
#7122 = DIRECTION('',(1.,-9.542364765021E-07,-0.));
#7123 = ORIENTED_EDGE('',*,*,#7124,.T.);
#7124 = EDGE_CURVE('',#7116,#7125,#7127,.T.);
#7125 = VERTEX_POINT('',#7126);
#7126 = CARTESIAN_POINT('',(-4.55,-4.4,1.585));
#7127 = LINE('',#7128,#7129);
#7128 = CARTESIAN_POINT('',(-4.55,-5.5,1.585));
#7129 = VECTOR('',#7130,1.);
#7130 = DIRECTION('',(0.,1.,0.));
#7131 = ORIENTED_EDGE('',*,*,#7132,.T.);
#7132 = EDGE_CURVE('',#7125,#7097,#7133,.T.);
#7133 = LINE('',#7134,#7135);
#7134 = CARTESIAN_POINT('',(-4.55,-4.4,1.585));
#7135 = VECTOR('',#7136,1.);
#7136 = DIRECTION('',(0.195090852695,0.980785174845,0.));
#7137 = PLANE('',#7138);
#7138 = AXIS2_PLACEMENT_3D('',#7139,#7140,#7141);
#7139 = CARTESIAN_POINT('',(0.,0.,1.585));
#7140 = DIRECTION('',(0.,0.,1.));
#7141 = DIRECTION('',(1.,0.,-0.));
#7142 = SHELL_BASED_SURFACE_MODEL('',(#7143));
#7143 = OPEN_SHELL('',(#7144));
#7144 = ADVANCED_FACE('',(#7145),#7189,.T.);
#7145 = FACE_BOUND('',#7146,.F.);
#7146 = EDGE_LOOP('',(#7147,#7158,#7166,#7175,#7183));
#7147 = ORIENTED_EDGE('',*,*,#7148,.T.);
#7148 = EDGE_CURVE('',#7149,#7151,#7153,.T.);
#7149 = VERTEX_POINT('',#7150);
#7150 = CARTESIAN_POINT('',(13.453806,-4.380866,1.585));
#7151 = VERTEX_POINT('',#7152);
#7152 = CARTESIAN_POINT('',(13.55,-4.4,1.585));
#7153 = CIRCLE('',#7154,4.999998452109E-02);
#7154 = AXIS2_PLACEMENT_3D('',#7155,#7156,#7157);
#7155 = CARTESIAN_POINT('',(13.500000015479,-4.400000037369,1.585));
#7156 = DIRECTION('',(0.,0.,-1.));
#7157 = DIRECTION('',(-0.923880595592,0.382680865851,0.));
#7158 = ORIENTED_EDGE('',*,*,#7159,.T.);
#7159 = EDGE_CURVE('',#7151,#7160,#7162,.T.);
#7160 = VERTEX_POINT('',#7161);
#7161 = CARTESIAN_POINT('',(13.55,-5.5,1.585));
#7162 = LINE('',#7163,#7164);
#7163 = CARTESIAN_POINT('',(13.55,-4.4,1.585));
#7164 = VECTOR('',#7165,1.);
#7165 = DIRECTION('',(0.,-1.,0.));
#7166 = ORIENTED_EDGE('',*,*,#7167,.T.);
#7167 = EDGE_CURVE('',#7160,#7168,#7170,.T.);
#7168 = VERTEX_POINT('',#7169);
#7169 = CARTESIAN_POINT('',(13.45,-5.5,1.585));
#7170 = CIRCLE('',#7171,5.000000000002E-02);
#7171 = AXIS2_PLACEMENT_3D('',#7172,#7173,#7174);
#7172 = CARTESIAN_POINT('',(13.5,-5.499999952288,1.585));
#7173 = DIRECTION('',(-0.,0.,-1.));
#7174 = DIRECTION('',(1.,-9.542365120292E-07,-0.));
#7175 = ORIENTED_EDGE('',*,*,#7176,.T.);
#7176 = EDGE_CURVE('',#7168,#7177,#7179,.T.);
#7177 = VERTEX_POINT('',#7178);
#7178 = CARTESIAN_POINT('',(13.45,-4.4,1.585));
#7179 = LINE('',#7180,#7181);
#7180 = CARTESIAN_POINT('',(13.45,-5.5,1.585));
#7181 = VECTOR('',#7182,1.);
#7182 = DIRECTION('',(0.,1.,0.));
#7183 = ORIENTED_EDGE('',*,*,#7184,.T.);
#7184 = EDGE_CURVE('',#7177,#7149,#7185,.T.);
#7185 = LINE('',#7186,#7187);
#7186 = CARTESIAN_POINT('',(13.45,-4.4,1.585));
#7187 = VECTOR('',#7188,1.);
#7188 = DIRECTION('',(0.195090852695,0.980785174845,0.));
#7189 = PLANE('',#7190);
#7190 = AXIS2_PLACEMENT_3D('',#7191,#7192,#7193);
#7191 = CARTESIAN_POINT('',(0.,0.,1.585));
#7192 = DIRECTION('',(0.,0.,1.));
#7193 = DIRECTION('',(1.,0.,-0.));
#7194 = SHELL_BASED_SURFACE_MODEL('',(#7195));
#7195 = OPEN_SHELL('',(#7196));
#7196 = ADVANCED_FACE('',(#7197),#7241,.T.);
#7197 = FACE_BOUND('',#7198,.F.);
#7198 = EDGE_LOOP('',(#7199,#7210,#7218,#7227,#7235));
#7199 = ORIENTED_EDGE('',*,*,#7200,.T.);
#7200 = EDGE_CURVE('',#7201,#7203,#7205,.T.);
#7201 = VERTEX_POINT('',#7202);
#7202 = CARTESIAN_POINT('',(-13.546194,-2.980866,1.585));
#7203 = VERTEX_POINT('',#7204);
#7204 = CARTESIAN_POINT('',(-13.45,-3.,1.585));
#7205 = CIRCLE('',#7206,4.999998452109E-02);
#7206 = AXIS2_PLACEMENT_3D('',#7207,#7208,#7209);
#7207 = CARTESIAN_POINT('',(-13.49999998452,-3.000000037369,1.585));
#7208 = DIRECTION('',(0.,0.,-1.));
#7209 = DIRECTION('',(-0.923880595592,0.382680865851,0.));
#7210 = ORIENTED_EDGE('',*,*,#7211,.T.);
#7211 = EDGE_CURVE('',#7203,#7212,#7214,.T.);
#7212 = VERTEX_POINT('',#7213);
#7213 = CARTESIAN_POINT('',(-13.45,-4.1,1.585));
#7214 = LINE('',#7215,#7216);
#7215 = CARTESIAN_POINT('',(-13.45,-3.,1.585));
#7216 = VECTOR('',#7217,1.);
#7217 = DIRECTION('',(0.,-1.,0.));
#7218 = ORIENTED_EDGE('',*,*,#7219,.T.);
#7219 = EDGE_CURVE('',#7212,#7220,#7222,.T.);
#7220 = VERTEX_POINT('',#7221);
#7221 = CARTESIAN_POINT('',(-13.55,-4.1,1.585));
#7222 = CIRCLE('',#7223,5.000000000002E-02);
#7223 = AXIS2_PLACEMENT_3D('',#7224,#7225,#7226);
#7224 = CARTESIAN_POINT('',(-13.5,-4.099999952288,1.585));
#7225 = DIRECTION('',(-0.,0.,-1.));
#7226 = DIRECTION('',(1.,-9.542364942656E-07,-0.));
#7227 = ORIENTED_EDGE('',*,*,#7228,.T.);
#7228 = EDGE_CURVE('',#7220,#7229,#7231,.T.);
#7229 = VERTEX_POINT('',#7230);
#7230 = CARTESIAN_POINT('',(-13.55,-3.,1.585));
#7231 = LINE('',#7232,#7233);
#7232 = CARTESIAN_POINT('',(-13.55,-4.1,1.585));
#7233 = VECTOR('',#7234,1.);
#7234 = DIRECTION('',(0.,1.,0.));
#7235 = ORIENTED_EDGE('',*,*,#7236,.T.);
#7236 = EDGE_CURVE('',#7229,#7201,#7237,.T.);
#7237 = LINE('',#7238,#7239);
#7238 = CARTESIAN_POINT('',(-13.55,-3.,1.585));
#7239 = VECTOR('',#7240,1.);
#7240 = DIRECTION('',(0.195090852695,0.980785174845,0.));
#7241 = PLANE('',#7242);
#7242 = AXIS2_PLACEMENT_3D('',#7243,#7244,#7245);
#7243 = CARTESIAN_POINT('',(0.,0.,1.585));
#7244 = DIRECTION('',(0.,0.,1.));
#7245 = DIRECTION('',(1.,0.,-0.));
#7246 = SHELL_BASED_SURFACE_MODEL('',(#7247));
#7247 = OPEN_SHELL('',(#7248));
#7248 = ADVANCED_FACE('',(#7249),#7293,.T.);
#7249 = FACE_BOUND('',#7250,.F.);
#7250 = EDGE_LOOP('',(#7251,#7262,#7270,#7279,#7287));
#7251 = ORIENTED_EDGE('',*,*,#7252,.T.);
#7252 = EDGE_CURVE('',#7253,#7255,#7257,.T.);
#7253 = VERTEX_POINT('',#7254);
#7254 = CARTESIAN_POINT('',(5.453806,-2.980866,1.585));
#7255 = VERTEX_POINT('',#7256);
#7256 = CARTESIAN_POINT('',(5.55,-3.,1.585));
#7257 = CIRCLE('',#7258,4.999998452109E-02);
#7258 = AXIS2_PLACEMENT_3D('',#7259,#7260,#7261);
#7259 = CARTESIAN_POINT('',(5.500000015479,-3.000000037369,1.585));
#7260 = DIRECTION('',(0.,0.,-1.));
#7261 = DIRECTION('',(-0.923880595592,0.382680865851,0.));
#7262 = ORIENTED_EDGE('',*,*,#7263,.T.);
#7263 = EDGE_CURVE('',#7255,#7264,#7266,.T.);
#7264 = VERTEX_POINT('',#7265);
#7265 = CARTESIAN_POINT('',(5.55,-4.1,1.585));
#7266 = LINE('',#7267,#7268);
#7267 = CARTESIAN_POINT('',(5.55,-3.,1.585));
#7268 = VECTOR('',#7269,1.);
#7269 = DIRECTION('',(0.,-1.,0.));
#7270 = ORIENTED_EDGE('',*,*,#7271,.T.);
#7271 = EDGE_CURVE('',#7264,#7272,#7274,.T.);
#7272 = VERTEX_POINT('',#7273);
#7273 = CARTESIAN_POINT('',(5.45,-4.1,1.585));
#7274 = CIRCLE('',#7275,5.000000000002E-02);
#7275 = AXIS2_PLACEMENT_3D('',#7276,#7277,#7278);
#7276 = CARTESIAN_POINT('',(5.5,-4.099999952288,1.585));
#7277 = DIRECTION('',(-0.,0.,-1.));
#7278 = DIRECTION('',(1.,-9.542364765021E-07,-0.));
#7279 = ORIENTED_EDGE('',*,*,#7280,.T.);
#7280 = EDGE_CURVE('',#7272,#7281,#7283,.T.);
#7281 = VERTEX_POINT('',#7282);
#7282 = CARTESIAN_POINT('',(5.45,-3.,1.585));
#7283 = LINE('',#7284,#7285);
#7284 = CARTESIAN_POINT('',(5.45,-4.1,1.585));
#7285 = VECTOR('',#7286,1.);
#7286 = DIRECTION('',(0.,1.,0.));
#7287 = ORIENTED_EDGE('',*,*,#7288,.T.);
#7288 = EDGE_CURVE('',#7281,#7253,#7289,.T.);
#7289 = LINE('',#7290,#7291);
#7290 = CARTESIAN_POINT('',(5.45,-3.,1.585));
#7291 = VECTOR('',#7292,1.);
#7292 = DIRECTION('',(0.195090852695,0.980785174845,0.));
#7293 = PLANE('',#7294);
#7294 = AXIS2_PLACEMENT_3D('',#7295,#7296,#7297);
#7295 = CARTESIAN_POINT('',(0.,0.,1.585));
#7296 = DIRECTION('',(0.,0.,1.));
#7297 = DIRECTION('',(1.,0.,-0.));
#7298 = SHELL_BASED_SURFACE_MODEL('',(#7299));
#7299 = OPEN_SHELL('',(#7300));
#7300 = ADVANCED_FACE('',(#7301),#7345,.T.);
#7301 = FACE_BOUND('',#7302,.F.);
#7302 = EDGE_LOOP('',(#7303,#7314,#7322,#7331,#7339));
#7303 = ORIENTED_EDGE('',*,*,#7304,.T.);
#7304 = EDGE_CURVE('',#7305,#7307,#7309,.T.);
#7305 = VERTEX_POINT('',#7306);
#7306 = CARTESIAN_POINT('',(23.453806,-2.980866,1.585));
#7307 = VERTEX_POINT('',#7308);
#7308 = CARTESIAN_POINT('',(23.55,-3.,1.585));
#7309 = CIRCLE('',#7310,4.999998452109E-02);
#7310 = AXIS2_PLACEMENT_3D('',#7311,#7312,#7313);
#7311 = CARTESIAN_POINT('',(23.500000015479,-3.000000037369,1.585));
#7312 = DIRECTION('',(0.,0.,-1.));
#7313 = DIRECTION('',(-0.923880595592,0.382680865851,0.));
#7314 = ORIENTED_EDGE('',*,*,#7315,.T.);
#7315 = EDGE_CURVE('',#7307,#7316,#7318,.T.);
#7316 = VERTEX_POINT('',#7317);
#7317 = CARTESIAN_POINT('',(23.55,-4.1,1.585));
#7318 = LINE('',#7319,#7320);
#7319 = CARTESIAN_POINT('',(23.55,-3.,1.585));
#7320 = VECTOR('',#7321,1.);
#7321 = DIRECTION('',(0.,-1.,0.));
#7322 = ORIENTED_EDGE('',*,*,#7323,.T.);
#7323 = EDGE_CURVE('',#7316,#7324,#7326,.T.);
#7324 = VERTEX_POINT('',#7325);
#7325 = CARTESIAN_POINT('',(23.45,-4.1,1.585));
#7326 = CIRCLE('',#7327,5.000000000002E-02);
#7327 = AXIS2_PLACEMENT_3D('',#7328,#7329,#7330);
#7328 = CARTESIAN_POINT('',(23.5,-4.099999952288,1.585));
#7329 = DIRECTION('',(-0.,0.,-1.));
#7330 = DIRECTION('',(1.,-9.542365120292E-07,-0.));
#7331 = ORIENTED_EDGE('',*,*,#7332,.T.);
#7332 = EDGE_CURVE('',#7324,#7333,#7335,.T.);
#7333 = VERTEX_POINT('',#7334);
#7334 = CARTESIAN_POINT('',(23.45,-3.,1.585));
#7335 = LINE('',#7336,#7337);
#7336 = CARTESIAN_POINT('',(23.45,-4.1,1.585));
#7337 = VECTOR('',#7338,1.);
#7338 = DIRECTION('',(0.,1.,0.));
#7339 = ORIENTED_EDGE('',*,*,#7340,.T.);
#7340 = EDGE_CURVE('',#7333,#7305,#7341,.T.);
#7341 = LINE('',#7342,#7343);
#7342 = CARTESIAN_POINT('',(23.45,-3.,1.585));
#7343 = VECTOR('',#7344,1.);
#7344 = DIRECTION('',(0.195090852695,0.980785174845,0.));
#7345 = PLANE('',#7346);
#7346 = AXIS2_PLACEMENT_3D('',#7347,#7348,#7349);
#7347 = CARTESIAN_POINT('',(0.,0.,1.585));
#7348 = DIRECTION('',(0.,0.,1.));
#7349 = DIRECTION('',(1.,0.,-0.));
#7350 = SHELL_BASED_SURFACE_MODEL('',(#7351));
#7351 = OPEN_SHELL('',(#7352));
#7352 = ADVANCED_FACE('',(#7353),#7397,.T.);
#7353 = FACE_BOUND('',#7354,.F.);
#7354 = EDGE_LOOP('',(#7355,#7366,#7374,#7383,#7391));
#7355 = ORIENTED_EDGE('',*,*,#7356,.T.);
#7356 = EDGE_CURVE('',#7357,#7359,#7361,.T.);
#7357 = VERTEX_POINT('',#7358);
#7358 = CARTESIAN_POINT('',(-23.546194,-2.880866,1.585));
#7359 = VERTEX_POINT('',#7360);
#7360 = CARTESIAN_POINT('',(-23.45,-2.9,1.585));
#7361 = CIRCLE('',#7362,4.999998452109E-02);
#7362 = AXIS2_PLACEMENT_3D('',#7363,#7364,#7365);
#7363 = CARTESIAN_POINT('',(-23.49999998452,-2.900000037369,1.585));
#7364 = DIRECTION('',(0.,0.,-1.));
#7365 = DIRECTION('',(-0.923880595592,0.382680865851,0.));
#7366 = ORIENTED_EDGE('',*,*,#7367,.T.);
#7367 = EDGE_CURVE('',#7359,#7368,#7370,.T.);
#7368 = VERTEX_POINT('',#7369);
#7369 = CARTESIAN_POINT('',(-23.45,-4.,1.585));
#7370 = LINE('',#7371,#7372);
#7371 = CARTESIAN_POINT('',(-23.45,-2.9,1.585));
#7372 = VECTOR('',#7373,1.);
#7373 = DIRECTION('',(0.,-1.,0.));
#7374 = ORIENTED_EDGE('',*,*,#7375,.T.);
#7375 = EDGE_CURVE('',#7368,#7376,#7378,.T.);
#7376 = VERTEX_POINT('',#7377);
#7377 = CARTESIAN_POINT('',(-23.55,-4.,1.585));
#7378 = CIRCLE('',#7379,5.000000000002E-02);
#7379 = AXIS2_PLACEMENT_3D('',#7380,#7381,#7382);
#7380 = CARTESIAN_POINT('',(-23.5,-3.999999952288,1.585));
#7381 = DIRECTION('',(-0.,0.,-1.));
#7382 = DIRECTION('',(1.,-9.54236520911E-07,-0.));
#7383 = ORIENTED_EDGE('',*,*,#7384,.T.);
#7384 = EDGE_CURVE('',#7376,#7385,#7387,.T.);
#7385 = VERTEX_POINT('',#7386);
#7386 = CARTESIAN_POINT('',(-23.55,-2.9,1.585));
#7387 = LINE('',#7388,#7389);
#7388 = CARTESIAN_POINT('',(-23.55,-4.,1.585));
#7389 = VECTOR('',#7390,1.);
#7390 = DIRECTION('',(0.,1.,0.));
#7391 = ORIENTED_EDGE('',*,*,#7392,.T.);
#7392 = EDGE_CURVE('',#7385,#7357,#7393,.T.);
#7393 = LINE('',#7394,#7395);
#7394 = CARTESIAN_POINT('',(-23.55,-2.9,1.585));
#7395 = VECTOR('',#7396,1.);
#7396 = DIRECTION('',(0.195090852695,0.980785174845,0.));
#7397 = PLANE('',#7398);
#7398 = AXIS2_PLACEMENT_3D('',#7399,#7400,#7401);
#7399 = CARTESIAN_POINT('',(0.,0.,1.585));
#7400 = DIRECTION('',(0.,0.,1.));
#7401 = DIRECTION('',(1.,0.,-0.));
#7402 = SHELL_BASED_SURFACE_MODEL('',(#7403));
#7403 = OPEN_SHELL('',(#7404));
#7404 = ADVANCED_FACE('',(#7405),#7449,.T.);
#7405 = FACE_BOUND('',#7406,.F.);
#7406 = EDGE_LOOP('',(#7407,#7418,#7426,#7435,#7443));
#7407 = ORIENTED_EDGE('',*,*,#7408,.T.);
#7408 = EDGE_CURVE('',#7409,#7411,#7413,.T.);
#7409 = VERTEX_POINT('',#7410);
#7410 = CARTESIAN_POINT('',(-4.546194,-2.880866,1.585));
#7411 = VERTEX_POINT('',#7412);
#7412 = CARTESIAN_POINT('',(-4.45,-2.9,1.585));
#7413 = CIRCLE('',#7414,4.999998452109E-02);
#7414 = AXIS2_PLACEMENT_3D('',#7415,#7416,#7417);
#7415 = CARTESIAN_POINT('',(-4.499999984521,-2.900000037369,1.585));
#7416 = DIRECTION('',(0.,0.,-1.));
#7417 = DIRECTION('',(-0.923880595592,0.382680865851,0.));
#7418 = ORIENTED_EDGE('',*,*,#7419,.T.);
#7419 = EDGE_CURVE('',#7411,#7420,#7422,.T.);
#7420 = VERTEX_POINT('',#7421);
#7421 = CARTESIAN_POINT('',(-4.45,-4.,1.585));
#7422 = LINE('',#7423,#7424);
#7423 = CARTESIAN_POINT('',(-4.45,-2.9,1.585));
#7424 = VECTOR('',#7425,1.);
#7425 = DIRECTION('',(0.,-1.,0.));
#7426 = ORIENTED_EDGE('',*,*,#7427,.T.);
#7427 = EDGE_CURVE('',#7420,#7428,#7430,.T.);
#7428 = VERTEX_POINT('',#7429);
#7429 = CARTESIAN_POINT('',(-4.55,-4.,1.585));
#7430 = CIRCLE('',#7431,5.000000000002E-02);
#7431 = AXIS2_PLACEMENT_3D('',#7432,#7433,#7434);
#7432 = CARTESIAN_POINT('',(-4.5,-3.999999952288,1.585));
#7433 = DIRECTION('',(-0.,0.,-1.));
#7434 = DIRECTION('',(1.,-9.542364765021E-07,-0.));
#7435 = ORIENTED_EDGE('',*,*,#7436,.T.);
#7436 = EDGE_CURVE('',#7428,#7437,#7439,.T.);
#7437 = VERTEX_POINT('',#7438);
#7438 = CARTESIAN_POINT('',(-4.55,-2.9,1.585));
#7439 = LINE('',#7440,#7441);
#7440 = CARTESIAN_POINT('',(-4.55,-4.,1.585));
#7441 = VECTOR('',#7442,1.);
#7442 = DIRECTION('',(0.,1.,0.));
#7443 = ORIENTED_EDGE('',*,*,#7444,.T.);
#7444 = EDGE_CURVE('',#7437,#7409,#7445,.T.);
#7445 = LINE('',#7446,#7447);
#7446 = CARTESIAN_POINT('',(-4.55,-2.9,1.585));
#7447 = VECTOR('',#7448,1.);
#7448 = DIRECTION('',(0.195090852695,0.980785174845,0.));
#7449 = PLANE('',#7450);
#7450 = AXIS2_PLACEMENT_3D('',#7451,#7452,#7453);
#7451 = CARTESIAN_POINT('',(0.,0.,1.585));
#7452 = DIRECTION('',(0.,0.,1.));
#7453 = DIRECTION('',(1.,0.,-0.));
#7454 = SHELL_BASED_SURFACE_MODEL('',(#7455));
#7455 = OPEN_SHELL('',(#7456));
#7456 = ADVANCED_FACE('',(#7457),#7501,.T.);
#7457 = FACE_BOUND('',#7458,.F.);
#7458 = EDGE_LOOP('',(#7459,#7470,#7478,#7487,#7495));
#7459 = ORIENTED_EDGE('',*,*,#7460,.T.);
#7460 = EDGE_CURVE('',#7461,#7463,#7465,.T.);
#7461 = VERTEX_POINT('',#7462);
#7462 = CARTESIAN_POINT('',(13.453806,-2.880866,1.585));
#7463 = VERTEX_POINT('',#7464);
#7464 = CARTESIAN_POINT('',(13.55,-2.9,1.585));
#7465 = CIRCLE('',#7466,4.999998452109E-02);
#7466 = AXIS2_PLACEMENT_3D('',#7467,#7468,#7469);
#7467 = CARTESIAN_POINT('',(13.500000015479,-2.900000037369,1.585));
#7468 = DIRECTION('',(0.,0.,-1.));
#7469 = DIRECTION('',(-0.923880595592,0.382680865851,0.));
#7470 = ORIENTED_EDGE('',*,*,#7471,.T.);
#7471 = EDGE_CURVE('',#7463,#7472,#7474,.T.);
#7472 = VERTEX_POINT('',#7473);
#7473 = CARTESIAN_POINT('',(13.55,-4.,1.585));
#7474 = LINE('',#7475,#7476);
#7475 = CARTESIAN_POINT('',(13.55,-2.9,1.585));
#7476 = VECTOR('',#7477,1.);
#7477 = DIRECTION('',(0.,-1.,0.));
#7478 = ORIENTED_EDGE('',*,*,#7479,.T.);
#7479 = EDGE_CURVE('',#7472,#7480,#7482,.T.);
#7480 = VERTEX_POINT('',#7481);
#7481 = CARTESIAN_POINT('',(13.45,-4.,1.585));
#7482 = CIRCLE('',#7483,5.000000000002E-02);
#7483 = AXIS2_PLACEMENT_3D('',#7484,#7485,#7486);
#7484 = CARTESIAN_POINT('',(13.5,-3.999999952288,1.585));
#7485 = DIRECTION('',(-0.,0.,-1.));
#7486 = DIRECTION('',(1.,-9.542365031474E-07,-0.));
#7487 = ORIENTED_EDGE('',*,*,#7488,.T.);
#7488 = EDGE_CURVE('',#7480,#7489,#7491,.T.);
#7489 = VERTEX_POINT('',#7490);
#7490 = CARTESIAN_POINT('',(13.45,-2.9,1.585));
#7491 = LINE('',#7492,#7493);
#7492 = CARTESIAN_POINT('',(13.45,-4.,1.585));
#7493 = VECTOR('',#7494,1.);
#7494 = DIRECTION('',(0.,1.,0.));
#7495 = ORIENTED_EDGE('',*,*,#7496,.T.);
#7496 = EDGE_CURVE('',#7489,#7461,#7497,.T.);
#7497 = LINE('',#7498,#7499);
#7498 = CARTESIAN_POINT('',(13.45,-2.9,1.585));
#7499 = VECTOR('',#7500,1.);
#7500 = DIRECTION('',(0.195090852695,0.980785174845,0.));
#7501 = PLANE('',#7502);
#7502 = AXIS2_PLACEMENT_3D('',#7503,#7504,#7505);
#7503 = CARTESIAN_POINT('',(0.,0.,1.585));
#7504 = DIRECTION('',(0.,0.,1.));
#7505 = DIRECTION('',(1.,0.,-0.));
#7506 = SHELL_BASED_SURFACE_MODEL('',(#7507));
#7507 = OPEN_SHELL('',(#7508));
#7508 = ADVANCED_FACE('',(#7509),#7553,.T.);
#7509 = FACE_BOUND('',#7510,.F.);
#7510 = EDGE_LOOP('',(#7511,#7522,#7530,#7539,#7547));
#7511 = ORIENTED_EDGE('',*,*,#7512,.T.);
#7512 = EDGE_CURVE('',#7513,#7515,#7517,.T.);
#7513 = VERTEX_POINT('',#7514);
#7514 = CARTESIAN_POINT('',(-13.546194,-1.480866,1.585));
#7515 = VERTEX_POINT('',#7516);
#7516 = CARTESIAN_POINT('',(-13.45,-1.5,1.585));
#7517 = CIRCLE('',#7518,4.999998452109E-02);
#7518 = AXIS2_PLACEMENT_3D('',#7519,#7520,#7521);
#7519 = CARTESIAN_POINT('',(-13.49999998452,-1.500000037369,1.585));
#7520 = DIRECTION('',(0.,0.,-1.));
#7521 = DIRECTION('',(-0.923880595592,0.382680865851,0.));
#7522 = ORIENTED_EDGE('',*,*,#7523,.T.);
#7523 = EDGE_CURVE('',#7515,#7524,#7526,.T.);
#7524 = VERTEX_POINT('',#7525);
#7525 = CARTESIAN_POINT('',(-13.45,-2.6,1.585));
#7526 = LINE('',#7527,#7528);
#7527 = CARTESIAN_POINT('',(-13.45,-1.5,1.585));
#7528 = VECTOR('',#7529,1.);
#7529 = DIRECTION('',(0.,-1.,0.));
#7530 = ORIENTED_EDGE('',*,*,#7531,.T.);
#7531 = EDGE_CURVE('',#7524,#7532,#7534,.T.);
#7532 = VERTEX_POINT('',#7533);
#7533 = CARTESIAN_POINT('',(-13.55,-2.6,1.585));
#7534 = CIRCLE('',#7535,5.000000000002E-02);
#7535 = AXIS2_PLACEMENT_3D('',#7536,#7537,#7538);
#7536 = CARTESIAN_POINT('',(-13.5,-2.599999952288,1.585));
#7537 = DIRECTION('',(-0.,0.,-1.));
#7538 = DIRECTION('',(1.,-9.542365031474E-07,-0.));
#7539 = ORIENTED_EDGE('',*,*,#7540,.T.);
#7540 = EDGE_CURVE('',#7532,#7541,#7543,.T.);
#7541 = VERTEX_POINT('',#7542);
#7542 = CARTESIAN_POINT('',(-13.55,-1.5,1.585));
#7543 = LINE('',#7544,#7545);
#7544 = CARTESIAN_POINT('',(-13.55,-2.6,1.585));
#7545 = VECTOR('',#7546,1.);
#7546 = DIRECTION('',(0.,1.,0.));
#7547 = ORIENTED_EDGE('',*,*,#7548,.T.);
#7548 = EDGE_CURVE('',#7541,#7513,#7549,.T.);
#7549 = LINE('',#7550,#7551);
#7550 = CARTESIAN_POINT('',(-13.55,-1.5,1.585));
#7551 = VECTOR('',#7552,1.);
#7552 = DIRECTION('',(0.195090852695,0.980785174845,0.));
#7553 = PLANE('',#7554);
#7554 = AXIS2_PLACEMENT_3D('',#7555,#7556,#7557);
#7555 = CARTESIAN_POINT('',(0.,0.,1.585));
#7556 = DIRECTION('',(0.,0.,1.));
#7557 = DIRECTION('',(1.,0.,-0.));
#7558 = SHELL_BASED_SURFACE_MODEL('',(#7559));
#7559 = OPEN_SHELL('',(#7560));
#7560 = ADVANCED_FACE('',(#7561),#7605,.T.);
#7561 = FACE_BOUND('',#7562,.F.);
#7562 = EDGE_LOOP('',(#7563,#7574,#7582,#7591,#7599));
#7563 = ORIENTED_EDGE('',*,*,#7564,.T.);
#7564 = EDGE_CURVE('',#7565,#7567,#7569,.T.);
#7565 = VERTEX_POINT('',#7566);
#7566 = CARTESIAN_POINT('',(5.453806,-1.480866,1.585));
#7567 = VERTEX_POINT('',#7568);
#7568 = CARTESIAN_POINT('',(5.55,-1.5,1.585));
#7569 = CIRCLE('',#7570,4.999998452109E-02);
#7570 = AXIS2_PLACEMENT_3D('',#7571,#7572,#7573);
#7571 = CARTESIAN_POINT('',(5.500000015479,-1.500000037369,1.585));
#7572 = DIRECTION('',(0.,0.,-1.));
#7573 = DIRECTION('',(-0.923880595592,0.382680865851,0.));
#7574 = ORIENTED_EDGE('',*,*,#7575,.T.);
#7575 = EDGE_CURVE('',#7567,#7576,#7578,.T.);
#7576 = VERTEX_POINT('',#7577);
#7577 = CARTESIAN_POINT('',(5.55,-2.6,1.585));
#7578 = LINE('',#7579,#7580);
#7579 = CARTESIAN_POINT('',(5.55,-1.5,1.585));
#7580 = VECTOR('',#7581,1.);
#7581 = DIRECTION('',(0.,-1.,0.));
#7582 = ORIENTED_EDGE('',*,*,#7583,.T.);
#7583 = EDGE_CURVE('',#7576,#7584,#7586,.T.);
#7584 = VERTEX_POINT('',#7585);
#7585 = CARTESIAN_POINT('',(5.45,-2.6,1.585));
#7586 = CIRCLE('',#7587,5.000000000002E-02);
#7587 = AXIS2_PLACEMENT_3D('',#7588,#7589,#7590);
#7588 = CARTESIAN_POINT('',(5.5,-2.599999952288,1.585));
#7589 = DIRECTION('',(-0.,0.,-1.));
#7590 = DIRECTION('',(1.,-9.542364765021E-07,-0.));
#7591 = ORIENTED_EDGE('',*,*,#7592,.T.);
#7592 = EDGE_CURVE('',#7584,#7593,#7595,.T.);
#7593 = VERTEX_POINT('',#7594);
#7594 = CARTESIAN_POINT('',(5.45,-1.5,1.585));
#7595 = LINE('',#7596,#7597);
#7596 = CARTESIAN_POINT('',(5.45,-2.6,1.585));
#7597 = VECTOR('',#7598,1.);
#7598 = DIRECTION('',(0.,1.,0.));
#7599 = ORIENTED_EDGE('',*,*,#7600,.T.);
#7600 = EDGE_CURVE('',#7593,#7565,#7601,.T.);
#7601 = LINE('',#7602,#7603);
#7602 = CARTESIAN_POINT('',(5.45,-1.5,1.585));
#7603 = VECTOR('',#7604,1.);
#7604 = DIRECTION('',(0.195090852695,0.980785174845,0.));
#7605 = PLANE('',#7606);
#7606 = AXIS2_PLACEMENT_3D('',#7607,#7608,#7609);
#7607 = CARTESIAN_POINT('',(0.,0.,1.585));
#7608 = DIRECTION('',(0.,0.,1.));
#7609 = DIRECTION('',(1.,0.,-0.));
#7610 = SHELL_BASED_SURFACE_MODEL('',(#7611));
#7611 = OPEN_SHELL('',(#7612));
#7612 = ADVANCED_FACE('',(#7613),#7657,.T.);
#7613 = FACE_BOUND('',#7614,.F.);
#7614 = EDGE_LOOP('',(#7615,#7626,#7634,#7643,#7651));
#7615 = ORIENTED_EDGE('',*,*,#7616,.T.);
#7616 = EDGE_CURVE('',#7617,#7619,#7621,.T.);
#7617 = VERTEX_POINT('',#7618);
#7618 = CARTESIAN_POINT('',(23.453806,-1.480866,1.585));
#7619 = VERTEX_POINT('',#7620);
#7620 = CARTESIAN_POINT('',(23.55,-1.5,1.585));
#7621 = CIRCLE('',#7622,4.999998452109E-02);
#7622 = AXIS2_PLACEMENT_3D('',#7623,#7624,#7625);
#7623 = CARTESIAN_POINT('',(23.500000015479,-1.500000037369,1.585));
#7624 = DIRECTION('',(0.,0.,-1.));
#7625 = DIRECTION('',(-0.923880595592,0.382680865851,0.));
#7626 = ORIENTED_EDGE('',*,*,#7627,.T.);
#7627 = EDGE_CURVE('',#7619,#7628,#7630,.T.);
#7628 = VERTEX_POINT('',#7629);
#7629 = CARTESIAN_POINT('',(23.55,-2.6,1.585));
#7630 = LINE('',#7631,#7632);
#7631 = CARTESIAN_POINT('',(23.55,-1.5,1.585));
#7632 = VECTOR('',#7633,1.);
#7633 = DIRECTION('',(0.,-1.,0.));
#7634 = ORIENTED_EDGE('',*,*,#7635,.T.);
#7635 = EDGE_CURVE('',#7628,#7636,#7638,.T.);
#7636 = VERTEX_POINT('',#7637);
#7637 = CARTESIAN_POINT('',(23.45,-2.6,1.585));
#7638 = CIRCLE('',#7639,5.000000000002E-02);
#7639 = AXIS2_PLACEMENT_3D('',#7640,#7641,#7642);
#7640 = CARTESIAN_POINT('',(23.5,-2.599999952288,1.585));
#7641 = DIRECTION('',(-0.,0.,-1.));
#7642 = DIRECTION('',(1.,-9.54236520911E-07,-0.));
#7643 = ORIENTED_EDGE('',*,*,#7644,.T.);
#7644 = EDGE_CURVE('',#7636,#7645,#7647,.T.);
#7645 = VERTEX_POINT('',#7646);
#7646 = CARTESIAN_POINT('',(23.45,-1.5,1.585));
#7647 = LINE('',#7648,#7649);
#7648 = CARTESIAN_POINT('',(23.45,-2.6,1.585));
#7649 = VECTOR('',#7650,1.);
#7650 = DIRECTION('',(0.,1.,0.));
#7651 = ORIENTED_EDGE('',*,*,#7652,.T.);
#7652 = EDGE_CURVE('',#7645,#7617,#7653,.T.);
#7653 = LINE('',#7654,#7655);
#7654 = CARTESIAN_POINT('',(23.45,-1.5,1.585));
#7655 = VECTOR('',#7656,1.);
#7656 = DIRECTION('',(0.195090852695,0.980785174845,0.));
#7657 = PLANE('',#7658);
#7658 = AXIS2_PLACEMENT_3D('',#7659,#7660,#7661);
#7659 = CARTESIAN_POINT('',(0.,0.,1.585));
#7660 = DIRECTION('',(0.,0.,1.));
#7661 = DIRECTION('',(1.,0.,-0.));
#7662 = SHELL_BASED_SURFACE_MODEL('',(#7663));
#7663 = OPEN_SHELL('',(#7664));
#7664 = ADVANCED_FACE('',(#7665),#7709,.T.);
#7665 = FACE_BOUND('',#7666,.F.);
#7666 = EDGE_LOOP('',(#7667,#7678,#7686,#7695,#7703));
#7667 = ORIENTED_EDGE('',*,*,#7668,.T.);
#7668 = EDGE_CURVE('',#7669,#7671,#7673,.T.);
#7669 = VERTEX_POINT('',#7670);
#7670 = CARTESIAN_POINT('',(-23.546194,-1.380866,1.585));
#7671 = VERTEX_POINT('',#7672);
#7672 = CARTESIAN_POINT('',(-23.45,-1.4,1.585));
#7673 = CIRCLE('',#7674,4.999998452109E-02);
#7674 = AXIS2_PLACEMENT_3D('',#7675,#7676,#7677);
#7675 = CARTESIAN_POINT('',(-23.49999998452,-1.400000037369,1.585));
#7676 = DIRECTION('',(0.,0.,-1.));
#7677 = DIRECTION('',(-0.923880595592,0.382680865851,0.));
#7678 = ORIENTED_EDGE('',*,*,#7679,.T.);
#7679 = EDGE_CURVE('',#7671,#7680,#7682,.T.);
#7680 = VERTEX_POINT('',#7681);
#7681 = CARTESIAN_POINT('',(-23.45,-2.5,1.585));
#7682 = LINE('',#7683,#7684);
#7683 = CARTESIAN_POINT('',(-23.45,-1.4,1.585));
#7684 = VECTOR('',#7685,1.);
#7685 = DIRECTION('',(0.,-1.,0.));
#7686 = ORIENTED_EDGE('',*,*,#7687,.T.);
#7687 = EDGE_CURVE('',#7680,#7688,#7690,.T.);
#7688 = VERTEX_POINT('',#7689);
#7689 = CARTESIAN_POINT('',(-23.55,-2.5,1.585));
#7690 = CIRCLE('',#7691,5.000000000002E-02);
#7691 = AXIS2_PLACEMENT_3D('',#7692,#7693,#7694);
#7692 = CARTESIAN_POINT('',(-23.5,-2.499999952288,1.585));
#7693 = DIRECTION('',(-0.,0.,-1.));
#7694 = DIRECTION('',(1.,-9.54236520911E-07,-0.));
#7695 = ORIENTED_EDGE('',*,*,#7696,.T.);
#7696 = EDGE_CURVE('',#7688,#7697,#7699,.T.);
#7697 = VERTEX_POINT('',#7698);
#7698 = CARTESIAN_POINT('',(-23.55,-1.4,1.585));
#7699 = LINE('',#7700,#7701);
#7700 = CARTESIAN_POINT('',(-23.55,-2.5,1.585));
#7701 = VECTOR('',#7702,1.);
#7702 = DIRECTION('',(0.,1.,0.));
#7703 = ORIENTED_EDGE('',*,*,#7704,.T.);
#7704 = EDGE_CURVE('',#7697,#7669,#7705,.T.);
#7705 = LINE('',#7706,#7707);
#7706 = CARTESIAN_POINT('',(-23.55,-1.4,1.585));
#7707 = VECTOR('',#7708,1.);
#7708 = DIRECTION('',(0.195090852695,0.980785174845,0.));
#7709 = PLANE('',#7710);
#7710 = AXIS2_PLACEMENT_3D('',#7711,#7712,#7713);
#7711 = CARTESIAN_POINT('',(0.,0.,1.585));
#7712 = DIRECTION('',(0.,0.,1.));
#7713 = DIRECTION('',(1.,0.,-0.));
#7714 = SHELL_BASED_SURFACE_MODEL('',(#7715));
#7715 = OPEN_SHELL('',(#7716));
#7716 = ADVANCED_FACE('',(#7717),#7761,.T.);
#7717 = FACE_BOUND('',#7718,.F.);
#7718 = EDGE_LOOP('',(#7719,#7730,#7738,#7747,#7755));
#7719 = ORIENTED_EDGE('',*,*,#7720,.T.);
#7720 = EDGE_CURVE('',#7721,#7723,#7725,.T.);
#7721 = VERTEX_POINT('',#7722);
#7722 = CARTESIAN_POINT('',(-4.546194,-1.380866,1.585));
#7723 = VERTEX_POINT('',#7724);
#7724 = CARTESIAN_POINT('',(-4.45,-1.4,1.585));
#7725 = CIRCLE('',#7726,4.999998452109E-02);
#7726 = AXIS2_PLACEMENT_3D('',#7727,#7728,#7729);
#7727 = CARTESIAN_POINT('',(-4.499999984521,-1.400000037369,1.585));
#7728 = DIRECTION('',(0.,0.,-1.));
#7729 = DIRECTION('',(-0.923880595592,0.382680865851,0.));
#7730 = ORIENTED_EDGE('',*,*,#7731,.T.);
#7731 = EDGE_CURVE('',#7723,#7732,#7734,.T.);
#7732 = VERTEX_POINT('',#7733);
#7733 = CARTESIAN_POINT('',(-4.45,-2.5,1.585));
#7734 = LINE('',#7735,#7736);
#7735 = CARTESIAN_POINT('',(-4.45,-1.4,1.585));
#7736 = VECTOR('',#7737,1.);
#7737 = DIRECTION('',(0.,-1.,0.));
#7738 = ORIENTED_EDGE('',*,*,#7739,.T.);
#7739 = EDGE_CURVE('',#7732,#7740,#7742,.T.);
#7740 = VERTEX_POINT('',#7741);
#7741 = CARTESIAN_POINT('',(-4.55,-2.5,1.585));
#7742 = CIRCLE('',#7743,5.000000000002E-02);
#7743 = AXIS2_PLACEMENT_3D('',#7744,#7745,#7746);
#7744 = CARTESIAN_POINT('',(-4.5,-2.499999952288,1.585));
#7745 = DIRECTION('',(-0.,0.,-1.));
#7746 = DIRECTION('',(1.,-9.542364765021E-07,-0.));
#7747 = ORIENTED_EDGE('',*,*,#7748,.T.);
#7748 = EDGE_CURVE('',#7740,#7749,#7751,.T.);
#7749 = VERTEX_POINT('',#7750);
#7750 = CARTESIAN_POINT('',(-4.55,-1.4,1.585));
#7751 = LINE('',#7752,#7753);
#7752 = CARTESIAN_POINT('',(-4.55,-2.5,1.585));
#7753 = VECTOR('',#7754,1.);
#7754 = DIRECTION('',(0.,1.,0.));
#7755 = ORIENTED_EDGE('',*,*,#7756,.T.);
#7756 = EDGE_CURVE('',#7749,#7721,#7757,.T.);
#7757 = LINE('',#7758,#7759);
#7758 = CARTESIAN_POINT('',(-4.55,-1.4,1.585));
#7759 = VECTOR('',#7760,1.);
#7760 = DIRECTION('',(0.195090852695,0.980785174845,0.));
#7761 = PLANE('',#7762);
#7762 = AXIS2_PLACEMENT_3D('',#7763,#7764,#7765);
#7763 = CARTESIAN_POINT('',(0.,0.,1.585));
#7764 = DIRECTION('',(0.,0.,1.));
#7765 = DIRECTION('',(1.,0.,-0.));
#7766 = SHELL_BASED_SURFACE_MODEL('',(#7767));
#7767 = OPEN_SHELL('',(#7768));
#7768 = ADVANCED_FACE('',(#7769),#7813,.T.);
#7769 = FACE_BOUND('',#7770,.F.);
#7770 = EDGE_LOOP('',(#7771,#7782,#7790,#7799,#7807));
#7771 = ORIENTED_EDGE('',*,*,#7772,.T.);
#7772 = EDGE_CURVE('',#7773,#7775,#7777,.T.);
#7773 = VERTEX_POINT('',#7774);
#7774 = CARTESIAN_POINT('',(13.453806,-1.380866,1.585));
#7775 = VERTEX_POINT('',#7776);
#7776 = CARTESIAN_POINT('',(13.55,-1.4,1.585));
#7777 = CIRCLE('',#7778,4.999998452109E-02);
#7778 = AXIS2_PLACEMENT_3D('',#7779,#7780,#7781);
#7779 = CARTESIAN_POINT('',(13.500000015479,-1.400000037369,1.585));
#7780 = DIRECTION('',(0.,0.,-1.));
#7781 = DIRECTION('',(-0.923880595592,0.382680865851,0.));
#7782 = ORIENTED_EDGE('',*,*,#7783,.T.);
#7783 = EDGE_CURVE('',#7775,#7784,#7786,.T.);
#7784 = VERTEX_POINT('',#7785);
#7785 = CARTESIAN_POINT('',(13.55,-2.5,1.585));
#7786 = LINE('',#7787,#7788);
#7787 = CARTESIAN_POINT('',(13.55,-1.4,1.585));
#7788 = VECTOR('',#7789,1.);
#7789 = DIRECTION('',(0.,-1.,0.));
#7790 = ORIENTED_EDGE('',*,*,#7791,.T.);
#7791 = EDGE_CURVE('',#7784,#7792,#7794,.T.);
#7792 = VERTEX_POINT('',#7793);
#7793 = CARTESIAN_POINT('',(13.45,-2.5,1.585));
#7794 = CIRCLE('',#7795,5.000000000002E-02);
#7795 = AXIS2_PLACEMENT_3D('',#7796,#7797,#7798);
#7796 = CARTESIAN_POINT('',(13.5,-2.499999952288,1.585));
#7797 = DIRECTION('',(-0.,0.,-1.));
#7798 = DIRECTION('',(1.,-9.542365031474E-07,-0.));
#7799 = ORIENTED_EDGE('',*,*,#7800,.T.);
#7800 = EDGE_CURVE('',#7792,#7801,#7803,.T.);
#7801 = VERTEX_POINT('',#7802);
#7802 = CARTESIAN_POINT('',(13.45,-1.4,1.585));
#7803 = LINE('',#7804,#7805);
#7804 = CARTESIAN_POINT('',(13.45,-2.5,1.585));
#7805 = VECTOR('',#7806,1.);
#7806 = DIRECTION('',(0.,1.,0.));
#7807 = ORIENTED_EDGE('',*,*,#7808,.T.);
#7808 = EDGE_CURVE('',#7801,#7773,#7809,.T.);
#7809 = LINE('',#7810,#7811);
#7810 = CARTESIAN_POINT('',(13.45,-1.4,1.585));
#7811 = VECTOR('',#7812,1.);
#7812 = DIRECTION('',(0.195090852695,0.980785174845,0.));
#7813 = PLANE('',#7814);
#7814 = AXIS2_PLACEMENT_3D('',#7815,#7816,#7817);
#7815 = CARTESIAN_POINT('',(0.,0.,1.585));
#7816 = DIRECTION('',(0.,0.,1.));
#7817 = DIRECTION('',(1.,0.,-0.));
#7818 = SHELL_BASED_SURFACE_MODEL('',(#7819));
#7819 = OPEN_SHELL('',(#7820));
#7820 = ADVANCED_FACE('',(#7821),#7865,.T.);
#7821 = FACE_BOUND('',#7822,.F.);
#7822 = EDGE_LOOP('',(#7823,#7834,#7842,#7851,#7859));
#7823 = ORIENTED_EDGE('',*,*,#7824,.T.);
#7824 = EDGE_CURVE('',#7825,#7827,#7829,.T.);
#7825 = VERTEX_POINT('',#7826);
#7826 = CARTESIAN_POINT('',(-29.445433,2.472961,1.585));
#7827 = VERTEX_POINT('',#7828);
#7828 = CARTESIAN_POINT('',(-29.33,2.45,1.585));
#7829 = CIRCLE('',#7830,6.000007318647E-02);
#7830 = AXIS2_PLACEMENT_3D('',#7831,#7832,#7833);
#7831 = CARTESIAN_POINT('',(-29.39000007318,2.450000176686,1.585));
#7832 = DIRECTION('',(0.,0.,-1.));
#7833 = DIRECTION('',(-0.923880986637,0.382679921777,0.));
#7834 = ORIENTED_EDGE('',*,*,#7835,.T.);
#7835 = EDGE_CURVE('',#7827,#7836,#7838,.T.);
#7836 = VERTEX_POINT('',#7837);
#7837 = CARTESIAN_POINT('',(-29.33,-1.29,1.585));
#7838 = LINE('',#7839,#7840);
#7839 = CARTESIAN_POINT('',(-29.33,2.45,1.585));
#7840 = VECTOR('',#7841,1.);
#7841 = DIRECTION('',(0.,-1.,0.));
#7842 = ORIENTED_EDGE('',*,*,#7843,.T.);
#7843 = EDGE_CURVE('',#7836,#7844,#7846,.T.);
#7844 = VERTEX_POINT('',#7845);
#7845 = CARTESIAN_POINT('',(-29.45,-1.29,1.585));
#7846 = CIRCLE('',#7847,6.000000000042E-02);
#7847 = AXIS2_PLACEMENT_3D('',#7848,#7849,#7850);
#7848 = CARTESIAN_POINT('',(-29.39,-1.290000225588,1.585));
#7849 = DIRECTION('',(0.,0.,-1.));
#7850 = DIRECTION('',(0.999999999993,3.759794113056E-06,0.));
#7851 = ORIENTED_EDGE('',*,*,#7852,.T.);
#7852 = EDGE_CURVE('',#7844,#7853,#7855,.T.);
#7853 = VERTEX_POINT('',#7854);
#7854 = CARTESIAN_POINT('',(-29.45,2.45,1.585));
#7855 = LINE('',#7856,#7857);
#7856 = CARTESIAN_POINT('',(-29.45,-1.29,1.585));
#7857 = VECTOR('',#7858,1.);
#7858 = DIRECTION('',(0.,1.,0.));
#7859 = ORIENTED_EDGE('',*,*,#7860,.T.);
#7860 = EDGE_CURVE('',#7853,#7825,#7861,.T.);
#7861 = LINE('',#7862,#7863);
#7862 = CARTESIAN_POINT('',(-29.45,2.45,1.585));
#7863 = VECTOR('',#7864,1.);
#7864 = DIRECTION('',(0.195081000118,0.980787134598,0.));
#7865 = PLANE('',#7866);
#7866 = AXIS2_PLACEMENT_3D('',#7867,#7868,#7869);
#7867 = CARTESIAN_POINT('',(0.,0.,1.585));
#7868 = DIRECTION('',(0.,0.,1.));
#7869 = DIRECTION('',(1.,0.,-0.));
#7870 = SHELL_BASED_SURFACE_MODEL('',(#7871));
#7871 = OPEN_SHELL('',(#7872));
#7872 = ADVANCED_FACE('',(#7873),#7917,.T.);
#7873 = FACE_BOUND('',#7874,.F.);
#7874 = EDGE_LOOP('',(#7875,#7886,#7894,#7903,#7911));
#7875 = ORIENTED_EDGE('',*,*,#7876,.T.);
#7876 = EDGE_CURVE('',#7877,#7879,#7881,.T.);
#7877 = VERTEX_POINT('',#7878);
#7878 = CARTESIAN_POINT('',(29.334567,2.472961,1.585));
#7879 = VERTEX_POINT('',#7880);
#7880 = CARTESIAN_POINT('',(29.45,2.45,1.585));
#7881 = CIRCLE('',#7882,6.000007318647E-02);
#7882 = AXIS2_PLACEMENT_3D('',#7883,#7884,#7885);
#7883 = CARTESIAN_POINT('',(29.389999926814,2.450000176686,1.585));
#7884 = DIRECTION('',(0.,0.,-1.));
#7885 = DIRECTION('',(-0.923880986637,0.382679921777,0.));
#7886 = ORIENTED_EDGE('',*,*,#7887,.T.);
#7887 = EDGE_CURVE('',#7879,#7888,#7890,.T.);
#7888 = VERTEX_POINT('',#7889);
#7889 = CARTESIAN_POINT('',(29.45,-1.29,1.585));
#7890 = LINE('',#7891,#7892);
#7891 = CARTESIAN_POINT('',(29.45,2.45,1.585));
#7892 = VECTOR('',#7893,1.);
#7893 = DIRECTION('',(0.,-1.,0.));
#7894 = ORIENTED_EDGE('',*,*,#7895,.T.);
#7895 = EDGE_CURVE('',#7888,#7896,#7898,.T.);
#7896 = VERTEX_POINT('',#7897);
#7897 = CARTESIAN_POINT('',(29.33,-1.29,1.585));
#7898 = CIRCLE('',#7899,6.000000000043E-02);
#7899 = AXIS2_PLACEMENT_3D('',#7900,#7901,#7902);
#7900 = CARTESIAN_POINT('',(29.39,-1.290000225588,1.585));
#7901 = DIRECTION('',(0.,0.,-1.));
#7902 = DIRECTION('',(0.999999999993,3.75979408715E-06,0.));
#7903 = ORIENTED_EDGE('',*,*,#7904,.T.);
#7904 = EDGE_CURVE('',#7896,#7905,#7907,.T.);
#7905 = VERTEX_POINT('',#7906);
#7906 = CARTESIAN_POINT('',(29.33,2.45,1.585));
#7907 = LINE('',#7908,#7909);
#7908 = CARTESIAN_POINT('',(29.33,-1.29,1.585));
#7909 = VECTOR('',#7910,1.);
#7910 = DIRECTION('',(0.,1.,0.));
#7911 = ORIENTED_EDGE('',*,*,#7912,.T.);
#7912 = EDGE_CURVE('',#7905,#7877,#7913,.T.);
#7913 = LINE('',#7914,#7915);
#7914 = CARTESIAN_POINT('',(29.33,2.45,1.585));
#7915 = VECTOR('',#7916,1.);
#7916 = DIRECTION('',(0.195081000118,0.980787134598,0.));
#7917 = PLANE('',#7918);
#7918 = AXIS2_PLACEMENT_3D('',#7919,#7920,#7921);
#7919 = CARTESIAN_POINT('',(0.,0.,1.585));
#7920 = DIRECTION('',(0.,0.,1.));
#7921 = DIRECTION('',(1.,0.,-0.));
#7922 = SHELL_BASED_SURFACE_MODEL('',(#7923));
#7923 = OPEN_SHELL('',(#7924));
#7924 = ADVANCED_FACE('',(#7925),#7969,.T.);
#7925 = FACE_BOUND('',#7926,.F.);
#7926 = EDGE_LOOP('',(#7927,#7938,#7946,#7955,#7963));
#7927 = ORIENTED_EDGE('',*,*,#7928,.T.);
#7928 = EDGE_CURVE('',#7929,#7931,#7933,.T.);
#7929 = VERTEX_POINT('',#7930);
#7930 = CARTESIAN_POINT('',(-13.546194,1.9134E-02,1.585));
#7931 = VERTEX_POINT('',#7932);
#7932 = CARTESIAN_POINT('',(-13.45,0.,1.585));
#7933 = CIRCLE('',#7934,4.999998452109E-02);
#7934 = AXIS2_PLACEMENT_3D('',#7935,#7936,#7937);
#7935 = CARTESIAN_POINT('',(-13.49999998452,-3.736908292876E-08,1.585));
#7936 = DIRECTION('',(0.,0.,-1.));
#7937 = DIRECTION('',(-0.923880595592,0.382680865851,0.));
#7938 = ORIENTED_EDGE('',*,*,#7939,.T.);
#7939 = EDGE_CURVE('',#7931,#7940,#7942,.T.);
#7940 = VERTEX_POINT('',#7941);
#7941 = CARTESIAN_POINT('',(-13.45,-1.1,1.585));
#7942 = LINE('',#7943,#7944);
#7943 = CARTESIAN_POINT('',(-13.45,-0.,1.585));
#7944 = VECTOR('',#7945,1.);
#7945 = DIRECTION('',(0.,-1.,0.));
#7946 = ORIENTED_EDGE('',*,*,#7947,.T.);
#7947 = EDGE_CURVE('',#7940,#7948,#7950,.T.);
#7948 = VERTEX_POINT('',#7949);
#7949 = CARTESIAN_POINT('',(-13.55,-1.1,1.585));
#7950 = CIRCLE('',#7951,5.000000000002E-02);
#7951 = AXIS2_PLACEMENT_3D('',#7952,#7953,#7954);
#7952 = CARTESIAN_POINT('',(-13.5,-1.099999952288,1.585));
#7953 = DIRECTION('',(-0.,0.,-1.));
#7954 = DIRECTION('',(1.,-9.542365031474E-07,-0.));
#7955 = ORIENTED_EDGE('',*,*,#7956,.T.);
#7956 = EDGE_CURVE('',#7948,#7957,#7959,.T.);
#7957 = VERTEX_POINT('',#7958);
#7958 = CARTESIAN_POINT('',(-13.55,-0.,1.585));
#7959 = LINE('',#7960,#7961);
#7960 = CARTESIAN_POINT('',(-13.55,-1.1,1.585));
#7961 = VECTOR('',#7962,1.);
#7962 = DIRECTION('',(0.,1.,0.));
#7963 = ORIENTED_EDGE('',*,*,#7964,.T.);
#7964 = EDGE_CURVE('',#7957,#7929,#7965,.T.);
#7965 = LINE('',#7966,#7967);
#7966 = CARTESIAN_POINT('',(-13.55,-0.,1.585));
#7967 = VECTOR('',#7968,1.);
#7968 = DIRECTION('',(0.195090852695,0.980785174845,0.));
#7969 = PLANE('',#7970);
#7970 = AXIS2_PLACEMENT_3D('',#7971,#7972,#7973);
#7971 = CARTESIAN_POINT('',(0.,0.,1.585));
#7972 = DIRECTION('',(0.,0.,1.));
#7973 = DIRECTION('',(1.,0.,-0.));
#7974 = SHELL_BASED_SURFACE_MODEL('',(#7975));
#7975 = OPEN_SHELL('',(#7976));
#7976 = ADVANCED_FACE('',(#7977),#8021,.T.);
#7977 = FACE_BOUND('',#7978,.F.);
#7978 = EDGE_LOOP('',(#7979,#7990,#7998,#8007,#8015));
#7979 = ORIENTED_EDGE('',*,*,#7980,.T.);
#7980 = EDGE_CURVE('',#7981,#7983,#7985,.T.);
#7981 = VERTEX_POINT('',#7982);
#7982 = CARTESIAN_POINT('',(5.453806,1.9134E-02,1.585));
#7983 = VERTEX_POINT('',#7984);
#7984 = CARTESIAN_POINT('',(5.55,-8.6736173799E-19,1.585));
#7985 = CIRCLE('',#7986,4.999998452109E-02);
#7986 = AXIS2_PLACEMENT_3D('',#7987,#7988,#7989);
#7987 = CARTESIAN_POINT('',(5.500000015479,-3.736908244477E-08,1.585));
#7988 = DIRECTION('',(0.,0.,-1.));
#7989 = DIRECTION('',(-0.923880595592,0.382680865851,0.));
#7990 = ORIENTED_EDGE('',*,*,#7991,.T.);
#7991 = EDGE_CURVE('',#7983,#7992,#7994,.T.);
#7992 = VERTEX_POINT('',#7993);
#7993 = CARTESIAN_POINT('',(5.55,-1.1,1.585));
#7994 = LINE('',#7995,#7996);
#7995 = CARTESIAN_POINT('',(5.55,-0.,1.585));
#7996 = VECTOR('',#7997,1.);
#7997 = DIRECTION('',(0.,-1.,0.));
#7998 = ORIENTED_EDGE('',*,*,#7999,.T.);
#7999 = EDGE_CURVE('',#7992,#8000,#8002,.T.);
#8000 = VERTEX_POINT('',#8001);
#8001 = CARTESIAN_POINT('',(5.45,-1.1,1.585));
#8002 = CIRCLE('',#8003,5.000000000002E-02);
#8003 = AXIS2_PLACEMENT_3D('',#8004,#8005,#8006);
#8004 = CARTESIAN_POINT('',(5.5,-1.099999952288,1.585));
#8005 = DIRECTION('',(-0.,0.,-1.));
#8006 = DIRECTION('',(1.,-9.542364765021E-07,-0.));
#8007 = ORIENTED_EDGE('',*,*,#8008,.T.);
#8008 = EDGE_CURVE('',#8000,#8009,#8011,.T.);
#8009 = VERTEX_POINT('',#8010);
#8010 = CARTESIAN_POINT('',(5.45,-0.,1.585));
#8011 = LINE('',#8012,#8013);
#8012 = CARTESIAN_POINT('',(5.45,-1.1,1.585));
#8013 = VECTOR('',#8014,1.);
#8014 = DIRECTION('',(0.,1.,0.));
#8015 = ORIENTED_EDGE('',*,*,#8016,.T.);
#8016 = EDGE_CURVE('',#8009,#7981,#8017,.T.);
#8017 = LINE('',#8018,#8019);
#8018 = CARTESIAN_POINT('',(5.45,-0.,1.585));
#8019 = VECTOR('',#8020,1.);
#8020 = DIRECTION('',(0.195090852695,0.980785174845,0.));
#8021 = PLANE('',#8022);
#8022 = AXIS2_PLACEMENT_3D('',#8023,#8024,#8025);
#8023 = CARTESIAN_POINT('',(0.,0.,1.585));
#8024 = DIRECTION('',(0.,0.,1.));
#8025 = DIRECTION('',(1.,0.,-0.));
#8026 = SHELL_BASED_SURFACE_MODEL('',(#8027));
#8027 = OPEN_SHELL('',(#8028));
#8028 = ADVANCED_FACE('',(#8029),#8073,.T.);
#8029 = FACE_BOUND('',#8030,.F.);
#8030 = EDGE_LOOP('',(#8031,#8042,#8050,#8059,#8067));
#8031 = ORIENTED_EDGE('',*,*,#8032,.T.);
#8032 = EDGE_CURVE('',#8033,#8035,#8037,.T.);
#8033 = VERTEX_POINT('',#8034);
#8034 = CARTESIAN_POINT('',(23.453806,1.9134E-02,1.585));
#8035 = VERTEX_POINT('',#8036);
#8036 = CARTESIAN_POINT('',(23.55,7.806255641896E-18,1.585));
#8037 = CIRCLE('',#8038,4.999998452109E-02);
#8038 = AXIS2_PLACEMENT_3D('',#8039,#8040,#8041);
#8039 = CARTESIAN_POINT('',(23.500000015479,-3.736908393663E-08,1.585));
#8040 = DIRECTION('',(0.,0.,-1.));
#8041 = DIRECTION('',(-0.923880595592,0.382680865851,0.));
#8042 = ORIENTED_EDGE('',*,*,#8043,.T.);
#8043 = EDGE_CURVE('',#8035,#8044,#8046,.T.);
#8044 = VERTEX_POINT('',#8045);
#8045 = CARTESIAN_POINT('',(23.55,-1.1,1.585));
#8046 = LINE('',#8047,#8048);
#8047 = CARTESIAN_POINT('',(23.55,-0.,1.585));
#8048 = VECTOR('',#8049,1.);
#8049 = DIRECTION('',(0.,-1.,0.));
#8050 = ORIENTED_EDGE('',*,*,#8051,.T.);
#8051 = EDGE_CURVE('',#8044,#8052,#8054,.T.);
#8052 = VERTEX_POINT('',#8053);
#8053 = CARTESIAN_POINT('',(23.45,-1.1,1.585));
#8054 = CIRCLE('',#8055,5.000000000002E-02);
#8055 = AXIS2_PLACEMENT_3D('',#8056,#8057,#8058);
#8056 = CARTESIAN_POINT('',(23.5,-1.099999952288,1.585));
#8057 = DIRECTION('',(-0.,0.,-1.));
#8058 = DIRECTION('',(1.,-9.542365253519E-07,-0.));
#8059 = ORIENTED_EDGE('',*,*,#8060,.T.);
#8060 = EDGE_CURVE('',#8052,#8061,#8063,.T.);
#8061 = VERTEX_POINT('',#8062);
#8062 = CARTESIAN_POINT('',(23.45,-0.,1.585));
#8063 = LINE('',#8064,#8065);
#8064 = CARTESIAN_POINT('',(23.45,-1.1,1.585));
#8065 = VECTOR('',#8066,1.);
#8066 = DIRECTION('',(0.,1.,0.));
#8067 = ORIENTED_EDGE('',*,*,#8068,.T.);
#8068 = EDGE_CURVE('',#8061,#8033,#8069,.T.);
#8069 = LINE('',#8070,#8071);
#8070 = CARTESIAN_POINT('',(23.45,-0.,1.585));
#8071 = VECTOR('',#8072,1.);
#8072 = DIRECTION('',(0.195090852695,0.980785174845,0.));
#8073 = PLANE('',#8074);
#8074 = AXIS2_PLACEMENT_3D('',#8075,#8076,#8077);
#8075 = CARTESIAN_POINT('',(0.,0.,1.585));
#8076 = DIRECTION('',(0.,0.,1.));
#8077 = DIRECTION('',(1.,0.,-0.));
#8078 = SHELL_BASED_SURFACE_MODEL('',(#8079));
#8079 = OPEN_SHELL('',(#8080));
#8080 = ADVANCED_FACE('',(#8081),#8125,.T.);
#8081 = FACE_BOUND('',#8082,.F.);
#8082 = EDGE_LOOP('',(#8083,#8094,#8102,#8111,#8119));
#8083 = ORIENTED_EDGE('',*,*,#8084,.T.);
#8084 = EDGE_CURVE('',#8085,#8087,#8089,.T.);
#8085 = VERTEX_POINT('',#8086);
#8086 = CARTESIAN_POINT('',(-23.546194,0.119134,1.585));
#8087 = VERTEX_POINT('',#8088);
#8088 = CARTESIAN_POINT('',(-23.45,0.1,1.585));
#8089 = CIRCLE('',#8090,4.999998452109E-02);
#8090 = AXIS2_PLACEMENT_3D('',#8091,#8092,#8093);
#8091 = CARTESIAN_POINT('',(-23.49999998452,9.999996263092E-02,1.585));
#8092 = DIRECTION('',(0.,0.,-1.));
#8093 = DIRECTION('',(-0.923880595592,0.382680865851,0.));
#8094 = ORIENTED_EDGE('',*,*,#8095,.T.);
#8095 = EDGE_CURVE('',#8087,#8096,#8098,.T.);
#8096 = VERTEX_POINT('',#8097);
#8097 = CARTESIAN_POINT('',(-23.45,-1.,1.585));
#8098 = LINE('',#8099,#8100);
#8099 = CARTESIAN_POINT('',(-23.45,0.1,1.585));
#8100 = VECTOR('',#8101,1.);
#8101 = DIRECTION('',(0.,-1.,0.));
#8102 = ORIENTED_EDGE('',*,*,#8103,.T.);
#8103 = EDGE_CURVE('',#8096,#8104,#8106,.T.);
#8104 = VERTEX_POINT('',#8105);
#8105 = CARTESIAN_POINT('',(-23.55,-1.,1.585));
#8106 = CIRCLE('',#8107,5.000000000002E-02);
#8107 = AXIS2_PLACEMENT_3D('',#8108,#8109,#8110);
#8108 = CARTESIAN_POINT('',(-23.5,-0.999999952288,1.585));
#8109 = DIRECTION('',(-0.,0.,-1.));
#8110 = DIRECTION('',(1.,-9.54236520911E-07,-0.));
#8111 = ORIENTED_EDGE('',*,*,#8112,.T.);
#8112 = EDGE_CURVE('',#8104,#8113,#8115,.T.);
#8113 = VERTEX_POINT('',#8114);
#8114 = CARTESIAN_POINT('',(-23.55,0.1,1.585));
#8115 = LINE('',#8116,#8117);
#8116 = CARTESIAN_POINT('',(-23.55,-1.,1.585));
#8117 = VECTOR('',#8118,1.);
#8118 = DIRECTION('',(0.,1.,0.));
#8119 = ORIENTED_EDGE('',*,*,#8120,.T.);
#8120 = EDGE_CURVE('',#8113,#8085,#8121,.T.);
#8121 = LINE('',#8122,#8123);
#8122 = CARTESIAN_POINT('',(-23.55,0.1,1.585));
#8123 = VECTOR('',#8124,1.);
#8124 = DIRECTION('',(0.195090852695,0.980785174845,0.));
#8125 = PLANE('',#8126);
#8126 = AXIS2_PLACEMENT_3D('',#8127,#8128,#8129);
#8127 = CARTESIAN_POINT('',(0.,0.,1.585));
#8128 = DIRECTION('',(0.,0.,1.));
#8129 = DIRECTION('',(1.,0.,-0.));
#8130 = SHELL_BASED_SURFACE_MODEL('',(#8131));
#8131 = OPEN_SHELL('',(#8132));
#8132 = ADVANCED_FACE('',(#8133),#8177,.T.);
#8133 = FACE_BOUND('',#8134,.F.);
#8134 = EDGE_LOOP('',(#8135,#8146,#8154,#8163,#8171));
#8135 = ORIENTED_EDGE('',*,*,#8136,.T.);
#8136 = EDGE_CURVE('',#8137,#8139,#8141,.T.);
#8137 = VERTEX_POINT('',#8138);
#8138 = CARTESIAN_POINT('',(-4.546194,0.119134,1.585));
#8139 = VERTEX_POINT('',#8140);
#8140 = CARTESIAN_POINT('',(-4.45,0.1,1.585));
#8141 = CIRCLE('',#8142,4.999998452109E-02);
#8142 = AXIS2_PLACEMENT_3D('',#8143,#8144,#8145);
#8143 = CARTESIAN_POINT('',(-4.499999984521,9.999996263092E-02,1.585));
#8144 = DIRECTION('',(0.,0.,-1.));
#8145 = DIRECTION('',(-0.923880595592,0.382680865851,0.));
#8146 = ORIENTED_EDGE('',*,*,#8147,.T.);
#8147 = EDGE_CURVE('',#8139,#8148,#8150,.T.);
#8148 = VERTEX_POINT('',#8149);
#8149 = CARTESIAN_POINT('',(-4.45,-1.,1.585));
#8150 = LINE('',#8151,#8152);
#8151 = CARTESIAN_POINT('',(-4.45,0.1,1.585));
#8152 = VECTOR('',#8153,1.);
#8153 = DIRECTION('',(0.,-1.,0.));
#8154 = ORIENTED_EDGE('',*,*,#8155,.T.);
#8155 = EDGE_CURVE('',#8148,#8156,#8158,.T.);
#8156 = VERTEX_POINT('',#8157);
#8157 = CARTESIAN_POINT('',(-4.55,-1.,1.585));
#8158 = CIRCLE('',#8159,5.000000000002E-02);
#8159 = AXIS2_PLACEMENT_3D('',#8160,#8161,#8162);
#8160 = CARTESIAN_POINT('',(-4.5,-0.999999952288,1.585));
#8161 = DIRECTION('',(-0.,0.,-1.));
#8162 = DIRECTION('',(1.,-9.542364765021E-07,-0.));
#8163 = ORIENTED_EDGE('',*,*,#8164,.T.);
#8164 = EDGE_CURVE('',#8156,#8165,#8167,.T.);
#8165 = VERTEX_POINT('',#8166);
#8166 = CARTESIAN_POINT('',(-4.55,0.1,1.585));
#8167 = LINE('',#8168,#8169);
#8168 = CARTESIAN_POINT('',(-4.55,-1.,1.585));
#8169 = VECTOR('',#8170,1.);
#8170 = DIRECTION('',(0.,1.,0.));
#8171 = ORIENTED_EDGE('',*,*,#8172,.T.);
#8172 = EDGE_CURVE('',#8165,#8137,#8173,.T.);
#8173 = LINE('',#8174,#8175);
#8174 = CARTESIAN_POINT('',(-4.55,0.1,1.585));
#8175 = VECTOR('',#8176,1.);
#8176 = DIRECTION('',(0.195090852695,0.980785174845,0.));
#8177 = PLANE('',#8178);
#8178 = AXIS2_PLACEMENT_3D('',#8179,#8180,#8181);
#8179 = CARTESIAN_POINT('',(0.,0.,1.585));
#8180 = DIRECTION('',(0.,0.,1.));
#8181 = DIRECTION('',(1.,0.,-0.));
#8182 = SHELL_BASED_SURFACE_MODEL('',(#8183));
#8183 = OPEN_SHELL('',(#8184));
#8184 = ADVANCED_FACE('',(#8185),#8229,.T.);
#8185 = FACE_BOUND('',#8186,.F.);
#8186 = EDGE_LOOP('',(#8187,#8198,#8206,#8215,#8223));
#8187 = ORIENTED_EDGE('',*,*,#8188,.T.);
#8188 = EDGE_CURVE('',#8189,#8191,#8193,.T.);
#8189 = VERTEX_POINT('',#8190);
#8190 = CARTESIAN_POINT('',(13.453806,0.119134,1.585));
#8191 = VERTEX_POINT('',#8192);
#8192 = CARTESIAN_POINT('',(13.55,0.1,1.585));
#8193 = CIRCLE('',#8194,4.999998452109E-02);
#8194 = AXIS2_PLACEMENT_3D('',#8195,#8196,#8197);
#8195 = CARTESIAN_POINT('',(13.500000015479,9.999996263092E-02,1.585));
#8196 = DIRECTION('',(0.,0.,-1.));
#8197 = DIRECTION('',(-0.923880595592,0.382680865851,0.));
#8198 = ORIENTED_EDGE('',*,*,#8199,.T.);
#8199 = EDGE_CURVE('',#8191,#8200,#8202,.T.);
#8200 = VERTEX_POINT('',#8201);
#8201 = CARTESIAN_POINT('',(13.55,-1.,1.585));
#8202 = LINE('',#8203,#8204);
#8203 = CARTESIAN_POINT('',(13.55,0.1,1.585));
#8204 = VECTOR('',#8205,1.);
#8205 = DIRECTION('',(0.,-1.,0.));
#8206 = ORIENTED_EDGE('',*,*,#8207,.T.);
#8207 = EDGE_CURVE('',#8200,#8208,#8210,.T.);
#8208 = VERTEX_POINT('',#8209);
#8209 = CARTESIAN_POINT('',(13.45,-1.,1.585));
#8210 = CIRCLE('',#8211,5.000000000002E-02);
#8211 = AXIS2_PLACEMENT_3D('',#8212,#8213,#8214);
#8212 = CARTESIAN_POINT('',(13.5,-0.999999952288,1.585));
#8213 = DIRECTION('',(-0.,0.,-1.));
#8214 = DIRECTION('',(1.,-9.542365031474E-07,-0.));
#8215 = ORIENTED_EDGE('',*,*,#8216,.T.);
#8216 = EDGE_CURVE('',#8208,#8217,#8219,.T.);
#8217 = VERTEX_POINT('',#8218);
#8218 = CARTESIAN_POINT('',(13.45,0.1,1.585));
#8219 = LINE('',#8220,#8221);
#8220 = CARTESIAN_POINT('',(13.45,-1.,1.585));
#8221 = VECTOR('',#8222,1.);
#8222 = DIRECTION('',(0.,1.,0.));
#8223 = ORIENTED_EDGE('',*,*,#8224,.T.);
#8224 = EDGE_CURVE('',#8217,#8189,#8225,.T.);
#8225 = LINE('',#8226,#8227);
#8226 = CARTESIAN_POINT('',(13.45,0.1,1.585));
#8227 = VECTOR('',#8228,1.);
#8228 = DIRECTION('',(0.195090852695,0.980785174845,0.));
#8229 = PLANE('',#8230);
#8230 = AXIS2_PLACEMENT_3D('',#8231,#8232,#8233);
#8231 = CARTESIAN_POINT('',(0.,0.,1.585));
#8232 = DIRECTION('',(0.,0.,1.));
#8233 = DIRECTION('',(1.,0.,-0.));
#8234 = SHELL_BASED_SURFACE_MODEL('',(#8235));
#8235 = OPEN_SHELL('',(#8236));
#8236 = ADVANCED_FACE('',(#8237),#8396,.T.);
#8237 = FACE_BOUND('',#8238,.F.);
#8238 = EDGE_LOOP('',(#8239,#8250,#8258,#8266,#8274,#8282,#8290,#8298,
    #8307,#8315,#8324,#8332,#8340,#8348,#8357,#8365,#8373,#8381,#8390));
#8239 = ORIENTED_EDGE('',*,*,#8240,.T.);
#8240 = EDGE_CURVE('',#8241,#8243,#8245,.T.);
#8241 = VERTEX_POINT('',#8242);
#8242 = CARTESIAN_POINT('',(-11.390684,1.064644,1.585));
#8243 = VERTEX_POINT('',#8244);
#8244 = CARTESIAN_POINT('',(-10.881289,1.055314,1.585));
#8245 = CIRCLE('',#8246,0.450326844012);
#8246 = AXIS2_PLACEMENT_3D('',#8247,#8248,#8249);
#8247 = CARTESIAN_POINT('',(-11.14278696989,0.688690108009,1.585));
#8248 = DIRECTION('',(0.,0.,-1.));
#8249 = DIRECTION('',(-0.550482462684,0.834846727416,0.));
#8250 = ORIENTED_EDGE('',*,*,#8251,.T.);
#8251 = EDGE_CURVE('',#8243,#8252,#8254,.T.);
#8252 = VERTEX_POINT('',#8253);
#8253 = CARTESIAN_POINT('',(-10.817836,0.989784,1.585));
#8254 = LINE('',#8255,#8256);
#8255 = CARTESIAN_POINT('',(-10.881289,1.055314,1.585));
#8256 = VECTOR('',#8257,1.);
#8257 = DIRECTION('',(0.695630129574,-0.718400113328,0.));
#8258 = ORIENTED_EDGE('',*,*,#8259,.T.);
#8259 = EDGE_CURVE('',#8252,#8260,#8262,.T.);
#8260 = VERTEX_POINT('',#8261);
#8261 = CARTESIAN_POINT('',(-10.759775,0.869337,1.585));
#8262 = LINE('',#8263,#8264);
#8263 = CARTESIAN_POINT('',(-10.817836,0.989784,1.585));
#8264 = VECTOR('',#8265,1.);
#8265 = DIRECTION('',(0.434228424707,-0.900802794832,0.));
#8266 = ORIENTED_EDGE('',*,*,#8267,.T.);
#8267 = EDGE_CURVE('',#8260,#8268,#8270,.T.);
#8268 = VERTEX_POINT('',#8269);
#8269 = CARTESIAN_POINT('',(-10.760534,0.743005,1.585));
#8270 = LINE('',#8271,#8272);
#8271 = CARTESIAN_POINT('',(-10.759775,0.869337,1.585));
#8272 = VECTOR('',#8273,1.);
#8273 = DIRECTION('',(-6.007870547532E-03,-0.999981952583,0.));
#8274 = ORIENTED_EDGE('',*,*,#8275,.T.);
#8275 = EDGE_CURVE('',#8268,#8276,#8278,.T.);
#8276 = VERTEX_POINT('',#8277);
#8277 = CARTESIAN_POINT('',(-10.818592,0.574942,1.585));
#8278 = LINE('',#8279,#8280);
#8279 = CARTESIAN_POINT('',(-10.760534,0.743005,1.585));
#8280 = VECTOR('',#8281,1.);
#8281 = DIRECTION('',(-0.326519613327,-0.945190426376,0.));
#8282 = ORIENTED_EDGE('',*,*,#8283,.T.);
#8283 = EDGE_CURVE('',#8276,#8284,#8286,.T.);
#8284 = VERTEX_POINT('',#8285);
#8285 = CARTESIAN_POINT('',(-11.271315,0.120181,1.585));
#8286 = LINE('',#8287,#8288);
#8287 = CARTESIAN_POINT('',(-10.818592,0.574942,1.585));
#8288 = VECTOR('',#8289,1.);
#8289 = DIRECTION('',(-0.705517003129,-0.708692992978,0.));
#8290 = ORIENTED_EDGE('',*,*,#8291,.T.);
#8291 = EDGE_CURVE('',#8284,#8292,#8294,.T.);
#8292 = VERTEX_POINT('',#8293);
#8293 = CARTESIAN_POINT('',(-10.818702,0.11874,1.585));
#8294 = LINE('',#8295,#8296);
#8295 = CARTESIAN_POINT('',(-11.271315,0.120181,1.585));
#8296 = VECTOR('',#8297,1.);
#8297 = DIRECTION('',(0.999994931953,-3.183719197072E-03,0.));
#8298 = ORIENTED_EDGE('',*,*,#8299,.T.);
#8299 = EDGE_CURVE('',#8292,#8300,#8302,.T.);
#8300 = VERTEX_POINT('',#8301);
#8301 = CARTESIAN_POINT('',(-10.833334,-2.9819E-02,1.585));
#8302 = CIRCLE('',#8303,7.500006711464E-02);
#8303 = AXIS2_PLACEMENT_3D('',#8304,#8305,#8306);
#8304 = CARTESIAN_POINT('',(-10.83333393288,4.518106711461E-02,1.585));
#8305 = DIRECTION('',(0.,0.,-1.));
#8306 = DIRECTION('',(0.195092263891,0.980784894138,0.));
#8307 = ORIENTED_EDGE('',*,*,#8308,.T.);
#8308 = EDGE_CURVE('',#8300,#8309,#8311,.T.);
#8309 = VERTEX_POINT('',#8310);
#8310 = CARTESIAN_POINT('',(-11.467013,-2.8378E-02,1.585));
#8311 = LINE('',#8312,#8313);
#8312 = CARTESIAN_POINT('',(-10.833334,-2.9819E-02,1.585));
#8313 = VECTOR('',#8314,1.);
#8314 = DIRECTION('',(-0.999997414422,2.274016140952E-03,0.));
#8315 = ORIENTED_EDGE('',*,*,#8316,.T.);
#8316 = EDGE_CURVE('',#8309,#8317,#8319,.T.);
#8317 = VERTEX_POINT('',#8318);
#8318 = CARTESIAN_POINT('',(-11.505414,9.8214E-02,1.585));
#8319 = CIRCLE('',#8320,7.50002101311E-02);
#8320 = AXIS2_PLACEMENT_3D('',#8321,#8322,#8323);
#8321 = CARTESIAN_POINT('',(-11.45238068329,4.518100235589E-02,1.585));
#8322 = DIRECTION('',(0.,0.,-1.));
#8323 = DIRECTION('',(-0.195097009436,-0.980783950169,-0.));
#8324 = ORIENTED_EDGE('',*,*,#8325,.T.);
#8325 = EDGE_CURVE('',#8317,#8326,#8328,.T.);
#8326 = VERTEX_POINT('',#8327);
#8327 = CARTESIAN_POINT('',(-10.946506,0.657124,1.585));
#8328 = LINE('',#8329,#8330);
#8329 = CARTESIAN_POINT('',(-11.505414,9.8214E-02,1.585));
#8330 = VECTOR('',#8331,1.);
#8331 = DIRECTION('',(0.70710551603,0.707108046341,0.));
#8332 = ORIENTED_EDGE('',*,*,#8333,.T.);
#8333 = EDGE_CURVE('',#8326,#8334,#8336,.T.);
#8334 = VERTEX_POINT('',#8335);
#8335 = CARTESIAN_POINT('',(-10.908334,0.771637,1.585));
#8336 = LINE('',#8337,#8338);
#8337 = CARTESIAN_POINT('',(-10.946506,0.657124,1.585));
#8338 = VECTOR('',#8339,1.);
#8339 = DIRECTION('',(0.31623522204,0.948680812677,0.));
#8340 = ORIENTED_EDGE('',*,*,#8341,.T.);
#8341 = EDGE_CURVE('',#8334,#8342,#8344,.T.);
#8342 = VERTEX_POINT('',#8343);
#8343 = CARTESIAN_POINT('',(-10.908334,0.837,1.585));
#8344 = LINE('',#8345,#8346);
#8345 = CARTESIAN_POINT('',(-10.908334,0.771637,1.585));
#8346 = VECTOR('',#8347,1.);
#8347 = DIRECTION('',(0.,1.,0.));
#8348 = ORIENTED_EDGE('',*,*,#8349,.T.);
#8349 = EDGE_CURVE('',#8342,#8350,#8352,.T.);
#8350 = VERTEX_POINT('',#8351);
#8351 = CARTESIAN_POINT('',(-11.041515,0.970181,1.585));
#8352 = CIRCLE('',#8353,0.18686440374);
#8353 = AXIS2_PLACEMENT_3D('',#8354,#8355,#8356);
#8354 = CARTESIAN_POINT('',(-11.089051,0.789464,1.585));
#8355 = DIRECTION('',(0.,0.,1.));
#8356 = DIRECTION('',(0.967102328658,0.254387668538,-0.));
#8357 = ORIENTED_EDGE('',*,*,#8358,.T.);
#8358 = EDGE_CURVE('',#8350,#8359,#8361,.T.);
#8359 = VERTEX_POINT('',#8360);
#8360 = CARTESIAN_POINT('',(-11.2442,0.970181,1.585));
#8361 = LINE('',#8362,#8363);
#8362 = CARTESIAN_POINT('',(-11.041515,0.970181,1.585));
#8363 = VECTOR('',#8364,1.);
#8364 = DIRECTION('',(-1.,0.,0.));
#8365 = ORIENTED_EDGE('',*,*,#8366,.T.);
#8366 = EDGE_CURVE('',#8359,#8367,#8369,.T.);
#8367 = VERTEX_POINT('',#8368);
#8368 = CARTESIAN_POINT('',(-11.312716,0.935923,1.585));
#8369 = LINE('',#8370,#8371);
#8370 = CARTESIAN_POINT('',(-11.2442,0.970181,1.585));
#8371 = VECTOR('',#8372,1.);
#8372 = DIRECTION('',(-0.894427191,-0.4472135955,0.));
#8373 = ORIENTED_EDGE('',*,*,#8374,.T.);
#8374 = EDGE_CURVE('',#8367,#8375,#8377,.T.);
#8375 = VERTEX_POINT('',#8376);
#8376 = CARTESIAN_POINT('',(-11.363094,0.887583,1.585));
#8377 = LINE('',#8378,#8379);
#8378 = CARTESIAN_POINT('',(-11.312716,0.935923,1.585));
#8379 = VECTOR('',#8380,1.);
#8380 = DIRECTION('',(-0.721551016594,-0.692361271629,0.));
#8381 = ORIENTED_EDGE('',*,*,#8382,.T.);
#8382 = EDGE_CURVE('',#8375,#8383,#8385,.T.);
#8383 = VERTEX_POINT('',#8384);
#8384 = CARTESIAN_POINT('',(-11.457795,1.002976,1.585));
#8385 = CIRCLE('',#8386,7.499996838527E-02);
#8386 = AXIS2_PLACEMENT_3D('',#8387,#8388,#8389);
#8387 = CARTESIAN_POINT('',(-11.404762,0.949943027532,1.585));
#8388 = DIRECTION('',(0.,0.,-1.));
#8389 = DIRECTION('',(0.555573567524,-0.831467384248,0.));
#8390 = ORIENTED_EDGE('',*,*,#8391,.T.);
#8391 = EDGE_CURVE('',#8383,#8241,#8392,.T.);
#8392 = LINE('',#8393,#8394);
#8393 = CARTESIAN_POINT('',(-11.457795,1.002976,1.585));
#8394 = VECTOR('',#8395,1.);
#8395 = DIRECTION('',(0.736336089652,0.676615964248,0.));
#8396 = PLANE('',#8397);
#8397 = AXIS2_PLACEMENT_3D('',#8398,#8399,#8400);
#8398 = CARTESIAN_POINT('',(0.,0.,1.585));
#8399 = DIRECTION('',(0.,0.,1.));
#8400 = DIRECTION('',(1.,0.,-0.));
#8401 = SHELL_BASED_SURFACE_MODEL('',(#8402));
#8402 = OPEN_SHELL('',(#8403));
#8403 = ADVANCED_FACE('',(#8404),#8490,.T.);
#8404 = FACE_BOUND('',#8405,.F.);
#8405 = EDGE_LOOP('',(#8406,#8417,#8425,#8434,#8442,#8451,#8459,#8468,
    #8476,#8484));
#8406 = ORIENTED_EDGE('',*,*,#8407,.T.);
#8407 = EDGE_CURVE('',#8408,#8410,#8412,.T.);
#8408 = VERTEX_POINT('',#8409);
#8409 = CARTESIAN_POINT('',(-11.875002,1.107541,1.585));
#8410 = VERTEX_POINT('',#8411);
#8411 = CARTESIAN_POINT('',(-11.758334,1.045181,1.585));
#8412 = CIRCLE('',#8413,7.500000000003E-02);
#8413 = AXIS2_PLACEMENT_3D('',#8414,#8415,#8416);
#8414 = CARTESIAN_POINT('',(-11.833334,1.045180934445,1.585));
#8415 = DIRECTION('',(0.,0.,-1.));
#8416 = DIRECTION('',(-0.555573333333,0.831467540731,0.));
#8417 = ORIENTED_EDGE('',*,*,#8418,.T.);
#8418 = EDGE_CURVE('',#8410,#8419,#8421,.T.);
#8419 = VERTEX_POINT('',#8420);
#8420 = CARTESIAN_POINT('',(-11.760534,0.314434,1.585));
#8421 = LINE('',#8422,#8423);
#8422 = CARTESIAN_POINT('',(-11.758334,1.045181,1.585));
#8423 = VECTOR('',#8424,1.);
#8424 = DIRECTION('',(-3.010604258199E-03,-0.999995468121,0.));
#8425 = ORIENTED_EDGE('',*,*,#8426,.T.);
#8426 = EDGE_CURVE('',#8419,#8427,#8429,.T.);
#8427 = VERTEX_POINT('',#8428);
#8428 = CARTESIAN_POINT('',(-12.111643,-2.9089E-02,1.585));
#8429 = CIRCLE('',#8430,0.38184101318);
#8430 = AXIS2_PLACEMENT_3D('',#8431,#8432,#8433);
#8431 = CARTESIAN_POINT('',(-12.14055649967,0.351655755556,1.585));
#8432 = DIRECTION('',(0.,0.,-1.));
#8433 = DIRECTION('',(0.995237511316,-9.747972132588E-02,0.));
#8434 = ORIENTED_EDGE('',*,*,#8435,.T.);
#8435 = EDGE_CURVE('',#8427,#8436,#8438,.T.);
#8436 = VERTEX_POINT('',#8437);
#8437 = CARTESIAN_POINT('',(-12.228918,-2.8378E-02,1.585));
#8438 = LINE('',#8439,#8440);
#8439 = CARTESIAN_POINT('',(-12.111643,-2.9089E-02,1.585));
#8440 = VECTOR('',#8441,1.);
#8441 = DIRECTION('',(-0.999981622503,6.062561787252E-03,0.));
#8442 = ORIENTED_EDGE('',*,*,#8443,.T.);
#8443 = EDGE_CURVE('',#8436,#8444,#8446,.T.);
#8444 = VERTEX_POINT('',#8445);
#8445 = CARTESIAN_POINT('',(-12.214286,0.120181,1.585));
#8446 = CIRCLE('',#8447,7.500006711464E-02);
#8447 = AXIS2_PLACEMENT_3D('',#8448,#8449,#8450);
#8448 = CARTESIAN_POINT('',(-12.21428606711,4.518093288539E-02,1.585));
#8449 = DIRECTION('',(0.,0.,-1.));
#8450 = DIRECTION('',(-0.195092263891,-0.980784894138,-0.));
#8451 = ORIENTED_EDGE('',*,*,#8452,.T.);
#8452 = EDGE_CURVE('',#8444,#8453,#8455,.T.);
#8453 = VERTEX_POINT('',#8454);
#8454 = CARTESIAN_POINT('',(-12.131218,0.120181,1.585));
#8455 = LINE('',#8456,#8457);
#8456 = CARTESIAN_POINT('',(-12.214286,0.120181,1.585));
#8457 = VECTOR('',#8458,1.);
#8458 = DIRECTION('',(1.,0.,0.));
#8459 = ORIENTED_EDGE('',*,*,#8460,.T.);
#8460 = EDGE_CURVE('',#8453,#8461,#8463,.T.);
#8461 = VERTEX_POINT('',#8462);
#8462 = CARTESIAN_POINT('',(-11.908334,0.343066,1.585));
#8463 = CIRCLE('',#8464,0.239437351684);
#8464 = AXIS2_PLACEMENT_3D('',#8465,#8466,#8467);
#8465 = CARTESIAN_POINT('',(-12.14723509341,0.359082021555,1.585));
#8466 = DIRECTION('',(0.,0.,1.));
#8467 = DIRECTION('',(6.689471506013E-02,-0.997760039838,0.));
#8468 = ORIENTED_EDGE('',*,*,#8469,.T.);
#8469 = EDGE_CURVE('',#8461,#8470,#8472,.T.);
#8470 = VERTEX_POINT('',#8471);
#8471 = CARTESIAN_POINT('',(-11.906893,1.059813,1.585));
#8472 = LINE('',#8473,#8474);
#8473 = CARTESIAN_POINT('',(-11.908334,0.343066,1.585));
#8474 = VECTOR('',#8475,1.);
#8475 = DIRECTION('',(2.010468251347E-03,0.999997979007,0.));
#8476 = ORIENTED_EDGE('',*,*,#8477,.T.);
#8477 = EDGE_CURVE('',#8470,#8478,#8480,.T.);
#8478 = VERTEX_POINT('',#8479);
#8479 = CARTESIAN_POINT('',(-11.895694,1.086849,1.585));
#8480 = LINE('',#8481,#8482);
#8481 = CARTESIAN_POINT('',(-11.906893,1.059813,1.585));
#8482 = VECTOR('',#8483,1.);
#8483 = DIRECTION('',(0.38269282806,0.923875640631,0.));
#8484 = ORIENTED_EDGE('',*,*,#8485,.T.);
#8485 = EDGE_CURVE('',#8478,#8408,#8486,.T.);
#8486 = LINE('',#8487,#8488);
#8487 = CARTESIAN_POINT('',(-11.895694,1.086849,1.585));
#8488 = VECTOR('',#8489,1.);
#8489 = DIRECTION('',(0.707106781187,0.707106781187,0.));
#8490 = PLANE('',#8491);
#8491 = AXIS2_PLACEMENT_3D('',#8492,#8493,#8494);
#8492 = CARTESIAN_POINT('',(0.,0.,1.585));
#8493 = DIRECTION('',(0.,0.,1.));
#8494 = DIRECTION('',(1.,0.,-0.));
#8495 = SHELL_BASED_SURFACE_MODEL('',(#8496));
#8496 = OPEN_SHELL('',(#8497));
#8497 = ADVANCED_FACE('',(#8498),#8584,.T.);
#8498 = FACE_BOUND('',#8499,.F.);
#8499 = EDGE_LOOP('',(#8500,#8511,#8519,#8528,#8536,#8545,#8553,#8562,
    #8570,#8578));
#8500 = ORIENTED_EDGE('',*,*,#8501,.T.);
#8501 = EDGE_CURVE('',#8502,#8504,#8506,.T.);
#8502 = VERTEX_POINT('',#8503);
#8503 = CARTESIAN_POINT('',(7.124998,1.107541,1.585));
#8504 = VERTEX_POINT('',#8505);
#8505 = CARTESIAN_POINT('',(7.241666,1.045181,1.585));
#8506 = CIRCLE('',#8507,7.500000000003E-02);
#8507 = AXIS2_PLACEMENT_3D('',#8508,#8509,#8510);
#8508 = CARTESIAN_POINT('',(7.166666,1.045180934445,1.585));
#8509 = DIRECTION('',(0.,0.,-1.));
#8510 = DIRECTION('',(-0.555573333333,0.831467540731,0.));
#8511 = ORIENTED_EDGE('',*,*,#8512,.T.);
#8512 = EDGE_CURVE('',#8504,#8513,#8515,.T.);
#8513 = VERTEX_POINT('',#8514);
#8514 = CARTESIAN_POINT('',(7.239466,0.314434,1.585));
#8515 = LINE('',#8516,#8517);
#8516 = CARTESIAN_POINT('',(7.241666,1.045181,1.585));
#8517 = VECTOR('',#8518,1.);
#8518 = DIRECTION('',(-3.010604258199E-03,-0.999995468121,0.));
#8519 = ORIENTED_EDGE('',*,*,#8520,.T.);
#8520 = EDGE_CURVE('',#8513,#8521,#8523,.T.);
#8521 = VERTEX_POINT('',#8522);
#8522 = CARTESIAN_POINT('',(6.888357,-2.9089E-02,1.585));
#8523 = CIRCLE('',#8524,0.38184101318);
#8524 = AXIS2_PLACEMENT_3D('',#8525,#8526,#8527);
#8525 = CARTESIAN_POINT('',(6.859443500324,0.351655755556,1.585));
#8526 = DIRECTION('',(0.,0.,-1.));
#8527 = DIRECTION('',(0.995237511316,-9.747972132588E-02,0.));
#8528 = ORIENTED_EDGE('',*,*,#8529,.T.);
#8529 = EDGE_CURVE('',#8521,#8530,#8532,.T.);
#8530 = VERTEX_POINT('',#8531);
#8531 = CARTESIAN_POINT('',(6.771082,-2.8378E-02,1.585));
#8532 = LINE('',#8533,#8534);
#8533 = CARTESIAN_POINT('',(6.888357,-2.9089E-02,1.585));
#8534 = VECTOR('',#8535,1.);
#8535 = DIRECTION('',(-0.999981622503,6.062561787252E-03,0.));
#8536 = ORIENTED_EDGE('',*,*,#8537,.T.);
#8537 = EDGE_CURVE('',#8530,#8538,#8540,.T.);
#8538 = VERTEX_POINT('',#8539);
#8539 = CARTESIAN_POINT('',(6.785714,0.120181,1.585));
#8540 = CIRCLE('',#8541,7.500006711464E-02);
#8541 = AXIS2_PLACEMENT_3D('',#8542,#8543,#8544);
#8542 = CARTESIAN_POINT('',(6.785713932885,4.518093288539E-02,1.585));
#8543 = DIRECTION('',(0.,0.,-1.));
#8544 = DIRECTION('',(-0.195092263891,-0.980784894138,-0.));
#8545 = ORIENTED_EDGE('',*,*,#8546,.T.);
#8546 = EDGE_CURVE('',#8538,#8547,#8549,.T.);
#8547 = VERTEX_POINT('',#8548);
#8548 = CARTESIAN_POINT('',(6.868782,0.120181,1.585));
#8549 = LINE('',#8550,#8551);
#8550 = CARTESIAN_POINT('',(6.785714,0.120181,1.585));
#8551 = VECTOR('',#8552,1.);
#8552 = DIRECTION('',(1.,0.,0.));
#8553 = ORIENTED_EDGE('',*,*,#8554,.T.);
#8554 = EDGE_CURVE('',#8547,#8555,#8557,.T.);
#8555 = VERTEX_POINT('',#8556);
#8556 = CARTESIAN_POINT('',(7.091666,0.343066,1.585));
#8557 = CIRCLE('',#8558,0.239437351684);
#8558 = AXIS2_PLACEMENT_3D('',#8559,#8560,#8561);
#8559 = CARTESIAN_POINT('',(6.852764906584,0.359082021555,1.585));
#8560 = DIRECTION('',(0.,0.,1.));
#8561 = DIRECTION('',(6.689471506013E-02,-0.997760039838,0.));
#8562 = ORIENTED_EDGE('',*,*,#8563,.T.);
#8563 = EDGE_CURVE('',#8555,#8564,#8566,.T.);
#8564 = VERTEX_POINT('',#8565);
#8565 = CARTESIAN_POINT('',(7.093107,1.059813,1.585));
#8566 = LINE('',#8567,#8568);
#8567 = CARTESIAN_POINT('',(7.091666,0.343066,1.585));
#8568 = VECTOR('',#8569,1.);
#8569 = DIRECTION('',(2.010468251347E-03,0.999997979007,0.));
#8570 = ORIENTED_EDGE('',*,*,#8571,.T.);
#8571 = EDGE_CURVE('',#8564,#8572,#8574,.T.);
#8572 = VERTEX_POINT('',#8573);
#8573 = CARTESIAN_POINT('',(7.104306,1.086849,1.585));
#8574 = LINE('',#8575,#8576);
#8575 = CARTESIAN_POINT('',(7.093107,1.059813,1.585));
#8576 = VECTOR('',#8577,1.);
#8577 = DIRECTION('',(0.38269282806,0.923875640631,0.));
#8578 = ORIENTED_EDGE('',*,*,#8579,.T.);
#8579 = EDGE_CURVE('',#8572,#8502,#8580,.T.);
#8580 = LINE('',#8581,#8582);
#8581 = CARTESIAN_POINT('',(7.104306,1.086849,1.585));
#8582 = VECTOR('',#8583,1.);
#8583 = DIRECTION('',(0.707106781187,0.707106781187,0.));
#8584 = PLANE('',#8585);
#8585 = AXIS2_PLACEMENT_3D('',#8586,#8587,#8588);
#8586 = CARTESIAN_POINT('',(0.,0.,1.585));
#8587 = DIRECTION('',(0.,0.,1.));
#8588 = DIRECTION('',(1.,0.,-0.));
#8589 = SHELL_BASED_SURFACE_MODEL('',(#8590));
#8590 = OPEN_SHELL('',(#8591));
#8591 = ADVANCED_FACE('',(#8592),#8678,.T.);
#8592 = FACE_BOUND('',#8593,.F.);
#8593 = EDGE_LOOP('',(#8594,#8605,#8613,#8622,#8630,#8639,#8647,#8656,
    #8664,#8672));
#8594 = ORIENTED_EDGE('',*,*,#8595,.T.);
#8595 = EDGE_CURVE('',#8596,#8598,#8600,.T.);
#8596 = VERTEX_POINT('',#8597);
#8597 = CARTESIAN_POINT('',(25.124998,1.107541,1.585));
#8598 = VERTEX_POINT('',#8599);
#8599 = CARTESIAN_POINT('',(25.241666,1.045181,1.585));
#8600 = CIRCLE('',#8601,7.500000000003E-02);
#8601 = AXIS2_PLACEMENT_3D('',#8602,#8603,#8604);
#8602 = CARTESIAN_POINT('',(25.166666,1.045180934445,1.585));
#8603 = DIRECTION('',(0.,0.,-1.));
#8604 = DIRECTION('',(-0.555573333333,0.831467540731,0.));
#8605 = ORIENTED_EDGE('',*,*,#8606,.T.);
#8606 = EDGE_CURVE('',#8598,#8607,#8609,.T.);
#8607 = VERTEX_POINT('',#8608);
#8608 = CARTESIAN_POINT('',(25.239466,0.314434,1.585));
#8609 = LINE('',#8610,#8611);
#8610 = CARTESIAN_POINT('',(25.241666,1.045181,1.585));
#8611 = VECTOR('',#8612,1.);
#8612 = DIRECTION('',(-3.010604258196E-03,-0.999995468121,0.));
#8613 = ORIENTED_EDGE('',*,*,#8614,.T.);
#8614 = EDGE_CURVE('',#8607,#8615,#8617,.T.);
#8615 = VERTEX_POINT('',#8616);
#8616 = CARTESIAN_POINT('',(24.888357,-2.9089E-02,1.585));
#8617 = CIRCLE('',#8618,0.38184101318);
#8618 = AXIS2_PLACEMENT_3D('',#8619,#8620,#8621);
#8619 = CARTESIAN_POINT('',(24.859443500324,0.351655755556,1.585));
#8620 = DIRECTION('',(0.,0.,-1.));
#8621 = DIRECTION('',(0.995237511316,-9.747972132587E-02,0.));
#8622 = ORIENTED_EDGE('',*,*,#8623,.T.);
#8623 = EDGE_CURVE('',#8615,#8624,#8626,.T.);
#8624 = VERTEX_POINT('',#8625);
#8625 = CARTESIAN_POINT('',(24.771082,-2.8378E-02,1.585));
#8626 = LINE('',#8627,#8628);
#8627 = CARTESIAN_POINT('',(24.888357,-2.9089E-02,1.585));
#8628 = VECTOR('',#8629,1.);
#8629 = DIRECTION('',(-0.999981622503,6.062561787252E-03,0.));
#8630 = ORIENTED_EDGE('',*,*,#8631,.T.);
#8631 = EDGE_CURVE('',#8624,#8632,#8634,.T.);
#8632 = VERTEX_POINT('',#8633);
#8633 = CARTESIAN_POINT('',(24.785714,0.120181,1.585));
#8634 = CIRCLE('',#8635,7.500006711464E-02);
#8635 = AXIS2_PLACEMENT_3D('',#8636,#8637,#8638);
#8636 = CARTESIAN_POINT('',(24.785713932885,4.518093288539E-02,1.585));
#8637 = DIRECTION('',(0.,0.,-1.));
#8638 = DIRECTION('',(-0.195092263891,-0.980784894138,-0.));
#8639 = ORIENTED_EDGE('',*,*,#8640,.T.);
#8640 = EDGE_CURVE('',#8632,#8641,#8643,.T.);
#8641 = VERTEX_POINT('',#8642);
#8642 = CARTESIAN_POINT('',(24.868782,0.120181,1.585));
#8643 = LINE('',#8644,#8645);
#8644 = CARTESIAN_POINT('',(24.785714,0.120181,1.585));
#8645 = VECTOR('',#8646,1.);
#8646 = DIRECTION('',(1.,0.,0.));
#8647 = ORIENTED_EDGE('',*,*,#8648,.T.);
#8648 = EDGE_CURVE('',#8641,#8649,#8651,.T.);
#8649 = VERTEX_POINT('',#8650);
#8650 = CARTESIAN_POINT('',(25.091666,0.343066,1.585));
#8651 = CIRCLE('',#8652,0.239437351684);
#8652 = AXIS2_PLACEMENT_3D('',#8653,#8654,#8655);
#8653 = CARTESIAN_POINT('',(24.852764906584,0.359082021555,1.585));
#8654 = DIRECTION('',(0.,0.,1.));
#8655 = DIRECTION('',(6.689471506015E-02,-0.997760039838,0.));
#8656 = ORIENTED_EDGE('',*,*,#8657,.T.);
#8657 = EDGE_CURVE('',#8649,#8658,#8660,.T.);
#8658 = VERTEX_POINT('',#8659);
#8659 = CARTESIAN_POINT('',(25.093107,1.059813,1.585));
#8660 = LINE('',#8661,#8662);
#8661 = CARTESIAN_POINT('',(25.091666,0.343066,1.585));
#8662 = VECTOR('',#8663,1.);
#8663 = DIRECTION('',(2.010468251347E-03,0.999997979007,0.));
#8664 = ORIENTED_EDGE('',*,*,#8665,.T.);
#8665 = EDGE_CURVE('',#8658,#8666,#8668,.T.);
#8666 = VERTEX_POINT('',#8667);
#8667 = CARTESIAN_POINT('',(25.104306,1.086849,1.585));
#8668 = LINE('',#8669,#8670);
#8669 = CARTESIAN_POINT('',(25.093107,1.059813,1.585));
#8670 = VECTOR('',#8671,1.);
#8671 = DIRECTION('',(0.38269282806,0.923875640631,0.));
#8672 = ORIENTED_EDGE('',*,*,#8673,.T.);
#8673 = EDGE_CURVE('',#8666,#8596,#8674,.T.);
#8674 = LINE('',#8675,#8676);
#8675 = CARTESIAN_POINT('',(25.104306,1.086849,1.585));
#8676 = VECTOR('',#8677,1.);
#8677 = DIRECTION('',(0.707106781187,0.707106781187,0.));
#8678 = PLANE('',#8679);
#8679 = AXIS2_PLACEMENT_3D('',#8680,#8681,#8682);
#8680 = CARTESIAN_POINT('',(0.,0.,1.585));
#8681 = DIRECTION('',(0.,0.,1.));
#8682 = DIRECTION('',(1.,0.,-0.));
#8683 = SHELL_BASED_SURFACE_MODEL('',(#8684));
#8684 = OPEN_SHELL('',(#8685));
#8685 = ADVANCED_FACE('',(#8686),#8872,.T.);
#8686 = FACE_BOUND('',#8687,.F.);
#8687 = EDGE_LOOP('',(#8688,#8699,#8707,#8716,#8724,#8732,#8741,#8749,
    #8758,#8766,#8774,#8782,#8791,#8799,#8808,#8816,#8825,#8833,#8841,
    #8849,#8858,#8866));
#8688 = ORIENTED_EDGE('',*,*,#8689,.T.);
#8689 = EDGE_CURVE('',#8690,#8692,#8694,.T.);
#8690 = VERTEX_POINT('',#8691);
#8691 = CARTESIAN_POINT('',(7.532987,0.971622,1.585));
#8692 = VERTEX_POINT('',#8693);
#8693 = CARTESIAN_POINT('',(7.547619,1.120181,1.585));
#8694 = CIRCLE('',#8695,7.500006711464E-02);
#8695 = AXIS2_PLACEMENT_3D('',#8696,#8697,#8698);
#8696 = CARTESIAN_POINT('',(7.547618932885,1.045180932885,1.585));
#8697 = DIRECTION('',(0.,0.,-1.));
#8698 = DIRECTION('',(-0.195092263891,-0.980784894138,-0.));
#8699 = ORIENTED_EDGE('',*,*,#8700,.T.);
#8700 = EDGE_CURVE('',#8692,#8701,#8703,.T.);
#8701 = VERTEX_POINT('',#8702);
#8702 = CARTESIAN_POINT('',(8.174404,1.119419,1.585));
#8703 = LINE('',#8704,#8705);
#8704 = CARTESIAN_POINT('',(7.547619,1.120181,1.585));
#8705 = VECTOR('',#8706,1.);
#8706 = DIRECTION('',(0.999999261004,-1.215726982753E-03,0.));
#8707 = ORIENTED_EDGE('',*,*,#8708,.T.);
#8708 = EDGE_CURVE('',#8701,#8709,#8711,.T.);
#8709 = VERTEX_POINT('',#8710);
#8710 = CARTESIAN_POINT('',(8.240225,1.030549,1.585));
#8711 = CIRCLE('',#8712,7.447391611625E-02);
#8712 = AXIS2_PLACEMENT_3D('',#8713,#8714,#8715);
#8713 = CARTESIAN_POINT('',(8.167224926644,1.045291912593,1.585));
#8714 = DIRECTION('',(0.,0.,-1.));
#8715 = DIRECTION('',(9.639715124793E-02,0.995342950561,0.));
#8716 = ORIENTED_EDGE('',*,*,#8717,.T.);
#8717 = EDGE_CURVE('',#8709,#8718,#8720,.T.);
#8718 = VERTEX_POINT('',#8719);
#8719 = CARTESIAN_POINT('',(8.223109,0.995793,1.585));
#8720 = LINE('',#8721,#8722);
#8721 = CARTESIAN_POINT('',(8.240225,1.030549,1.585));
#8722 = VECTOR('',#8723,1.);
#8723 = DIRECTION('',(-0.441795255027,-0.897115908139,0.));
#8724 = ORIENTED_EDGE('',*,*,#8725,.T.);
#8725 = EDGE_CURVE('',#8718,#8726,#8728,.T.);
#8726 = VERTEX_POINT('',#8727);
#8727 = CARTESIAN_POINT('',(7.996213,0.736484,1.585));
#8728 = LINE('',#8729,#8730);
#8729 = CARTESIAN_POINT('',(8.223109,0.995793,1.585));
#8730 = VECTOR('',#8731,1.);
#8731 = DIRECTION('',(-0.658505635208,-0.752575795784,0.));
#8732 = ORIENTED_EDGE('',*,*,#8733,.T.);
#8733 = EDGE_CURVE('',#8726,#8734,#8736,.T.);
#8734 = VERTEX_POINT('',#8735);
#8735 = CARTESIAN_POINT('',(8.240225,0.488385,1.585));
#8736 = CIRCLE('',#8737,0.348520834816);
#8737 = AXIS2_PLACEMENT_3D('',#8738,#8739,#8740);
#8738 = CARTESIAN_POINT('',(7.9029196174,0.400681800686,1.585));
#8739 = DIRECTION('',(0.,0.,-1.));
#8740 = DIRECTION('',(0.267683803321,0.963506814423,0.));
#8741 = ORIENTED_EDGE('',*,*,#8742,.T.);
#8742 = EDGE_CURVE('',#8734,#8743,#8745,.T.);
#8743 = VERTEX_POINT('',#8744);
#8744 = CARTESIAN_POINT('',(8.239003,0.215848,1.585));
#8745 = LINE('',#8746,#8747);
#8746 = CARTESIAN_POINT('',(8.240225,0.488385,1.585));
#8747 = VECTOR('',#8748,1.);
#8748 = DIRECTION('',(-4.483749789523E-03,-0.999989947943,0.));
#8749 = ORIENTED_EDGE('',*,*,#8750,.T.);
#8750 = EDGE_CURVE('',#8743,#8751,#8753,.T.);
#8751 = VERTEX_POINT('',#8752);
#8752 = CARTESIAN_POINT('',(7.990822,-2.8378E-02,1.585));
#8753 = CIRCLE('',#8754,0.348635327447);
#8754 = AXIS2_PLACEMENT_3D('',#8755,#8756,#8757);
#8755 = CARTESIAN_POINT('',(7.903050481291,0.309027915845,1.585));
#8756 = DIRECTION('',(0.,0.,-1.));
#8757 = DIRECTION('',(0.963621561732,-0.267270435638,0.));
#8758 = ORIENTED_EDGE('',*,*,#8759,.T.);
#8759 = EDGE_CURVE('',#8751,#8760,#8762,.T.);
#8760 = VERTEX_POINT('',#8761);
#8761 = CARTESIAN_POINT('',(7.670666,-2.7156E-02,1.585));
#8762 = LINE('',#8763,#8764);
#8763 = CARTESIAN_POINT('',(7.990822,-2.8378E-02,1.585));
#8764 = VECTOR('',#8765,1.);
#8765 = DIRECTION('',(-0.999992715758,3.816861463337E-03,0.));
#8766 = ORIENTED_EDGE('',*,*,#8767,.T.);
#8767 = EDGE_CURVE('',#8760,#8768,#8770,.T.);
#8768 = VERTEX_POINT('',#8769);
#8769 = CARTESIAN_POINT('',(7.547953,3.505E-02,1.585));
#8770 = LINE('',#8771,#8772);
#8771 = CARTESIAN_POINT('',(7.670666,-2.7156E-02,1.585));
#8772 = VECTOR('',#8773,1.);
#8773 = DIRECTION('',(-0.891943702445,0.452146471476,0.));
#8774 = ORIENTED_EDGE('',*,*,#8775,.T.);
#8775 = EDGE_CURVE('',#8768,#8776,#8778,.T.);
#8776 = VERTEX_POINT('',#8777);
#8777 = CARTESIAN_POINT('',(7.485258,9.8753E-02,1.585));
#8778 = LINE('',#8779,#8780);
#8779 = CARTESIAN_POINT('',(7.547953,3.505E-02,1.585));
#8780 = VECTOR('',#8781,1.);
#8781 = DIRECTION('',(-0.701445434384,0.712723159846,0.));
#8782 = ORIENTED_EDGE('',*,*,#8783,.T.);
#8783 = EDGE_CURVE('',#8776,#8784,#8786,.T.);
#8784 = VERTEX_POINT('',#8785);
#8785 = CARTESIAN_POINT('',(7.600653,0.193452,1.585));
#8786 = CIRCLE('',#8787,7.50001266804E-02);
#8787 = AXIS2_PLACEMENT_3D('',#8788,#8789,#8790);
#8788 = CARTESIAN_POINT('',(7.547619051994,0.140419751688,1.585));
#8789 = DIRECTION('',(0.,0.,-1.));
#8790 = DIRECTION('',(-0.831479288827,-0.555555750804,-0.));
#8791 = ORIENTED_EDGE('',*,*,#8792,.T.);
#8792 = EDGE_CURVE('',#8784,#8793,#8795,.T.);
#8793 = VERTEX_POINT('',#8794);
#8794 = CARTESIAN_POINT('',(7.639665,0.154439,1.585));
#8795 = LINE('',#8796,#8797);
#8796 = CARTESIAN_POINT('',(7.600653,0.193452,1.585));
#8797 = VECTOR('',#8798,1.);
#8798 = DIRECTION('',(0.707097718562,-0.707115843695,0.));
#8799 = ORIENTED_EDGE('',*,*,#8800,.T.);
#8800 = EDGE_CURVE('',#8793,#8801,#8803,.T.);
#8801 = VERTEX_POINT('',#8802);
#8802 = CARTESIAN_POINT('',(8.027,0.154439,1.585));
#8803 = CIRCLE('',#8804,0.358502380266);
#8804 = AXIS2_PLACEMENT_3D('',#8805,#8806,#8807);
#8805 = CARTESIAN_POINT('',(7.8333325,0.456129,1.585));
#8806 = DIRECTION('',(0.,0.,1.));
#8807 = DIRECTION('',(-0.540212591772,-0.841528582813,0.));
#8808 = ORIENTED_EDGE('',*,*,#8809,.T.);
#8809 = EDGE_CURVE('',#8801,#8810,#8812,.T.);
#8810 = VERTEX_POINT('',#8811);
#8811 = CARTESIAN_POINT('',(8.057407,0.184847,1.585));
#8812 = LINE('',#8813,#8814);
#8813 = CARTESIAN_POINT('',(8.027,0.154439,1.585));
#8814 = VECTOR('',#8815,1.);
#8815 = DIRECTION('',(0.707095153914,0.707118408268,0.));
#8816 = ORIENTED_EDGE('',*,*,#8817,.T.);
#8817 = EDGE_CURVE('',#8810,#8818,#8820,.T.);
#8818 = VERTEX_POINT('',#8819);
#8819 = CARTESIAN_POINT('',(8.057408,0.524564,1.585));
#8820 = CIRCLE('',#8821,0.305616146029);
#8821 = AXIS2_PLACEMENT_3D('',#8822,#8823,#8824);
#8822 = CARTESIAN_POINT('',(7.803341920492,0.354706247874,1.585));
#8823 = DIRECTION('',(0.,-0.,1.));
#8824 = DIRECTION('',(0.831320867071,-0.555792781505,-0.));
#8825 = ORIENTED_EDGE('',*,*,#8826,.T.);
#8826 = EDGE_CURVE('',#8818,#8827,#8829,.T.);
#8827 = VERTEX_POINT('',#8828);
#8828 = CARTESIAN_POINT('',(8.027001,0.554971,1.585));
#8829 = LINE('',#8830,#8831);
#8830 = CARTESIAN_POINT('',(8.057408,0.524564,1.585));
#8831 = VECTOR('',#8832,1.);
#8832 = DIRECTION('',(-0.707106781187,0.707106781187,0.));
#8833 = ORIENTED_EDGE('',*,*,#8834,.T.);
#8834 = EDGE_CURVE('',#8827,#8835,#8837,.T.);
#8835 = VERTEX_POINT('',#8836);
#8836 = CARTESIAN_POINT('',(7.958485,0.589229,1.585));
#8837 = LINE('',#8838,#8839);
#8838 = CARTESIAN_POINT('',(8.027001,0.554971,1.585));
#8839 = VECTOR('',#8840,1.);
#8840 = DIRECTION('',(-0.894427191,0.4472135955,0.));
#8841 = ORIENTED_EDGE('',*,*,#8842,.T.);
#8842 = EDGE_CURVE('',#8835,#8843,#8845,.T.);
#8843 = VERTEX_POINT('',#8844);
#8844 = CARTESIAN_POINT('',(7.818701,0.59067,1.585));
#8845 = LINE('',#8846,#8847);
#8846 = CARTESIAN_POINT('',(7.958485,0.589229,1.585));
#8847 = VECTOR('',#8848,1.);
#8848 = DIRECTION('',(-0.999946868947,1.030821437469E-02,0.));
#8849 = ORIENTED_EDGE('',*,*,#8850,.T.);
#8850 = EDGE_CURVE('',#8843,#8851,#8853,.T.);
#8851 = VERTEX_POINT('',#8852);
#8852 = CARTESIAN_POINT('',(7.77689,0.713617,1.585));
#8853 = CIRCLE('',#8854,7.500015628755E-02);
#8854 = AXIS2_PLACEMENT_3D('',#8855,#8856,#8857);
#8855 = CARTESIAN_POINT('',(7.833333284325,0.664228953898,1.585));
#8856 = DIRECTION('',(0.,0.,-1.));
#8857 = DIRECTION('',(-0.195096717785,-0.980784008184,-0.));
#8858 = ORIENTED_EDGE('',*,*,#8859,.T.);
#8859 = EDGE_CURVE('',#8851,#8860,#8862,.T.);
#8860 = VERTEX_POINT('',#8861);
#8861 = CARTESIAN_POINT('',(8.001384,0.970181,1.585));
#8862 = LINE('',#8863,#8864);
#8863 = CARTESIAN_POINT('',(7.77689,0.713617,1.585));
#8864 = VECTOR('',#8865,1.);
#8865 = DIRECTION('',(0.658505438534,0.752575967874,0.));
#8866 = ORIENTED_EDGE('',*,*,#8867,.T.);
#8867 = EDGE_CURVE('',#8860,#8690,#8868,.T.);
#8868 = LINE('',#8869,#8870);
#8869 = CARTESIAN_POINT('',(8.001384,0.970181,1.585));
#8870 = VECTOR('',#8871,1.);
#8871 = DIRECTION('',(-0.999995267761,3.076435546862E-03,0.));
#8872 = PLANE('',#8873);
#8873 = AXIS2_PLACEMENT_3D('',#8874,#8875,#8876);
#8874 = CARTESIAN_POINT('',(0.,0.,1.585));
#8875 = DIRECTION('',(0.,0.,1.));
#8876 = DIRECTION('',(1.,0.,-0.));
#8877 = SHELL_BASED_SURFACE_MODEL('',(#8878));
#8878 = OPEN_SHELL('',(#8879));
#8879 = ADVANCED_FACE('',(#8880),#9015,.T.);
#8880 = FACE_BOUND('',#8881,.F.);
#8881 = EDGE_LOOP('',(#8882,#8893,#8901,#8909,#8917,#8926,#8934,#8942,
    #8951,#8959,#8967,#8976,#8984,#8992,#9001,#9009));
#8882 = ORIENTED_EDGE('',*,*,#8883,.T.);
#8883 = EDGE_CURVE('',#8884,#8886,#8888,.T.);
#8884 = VERTEX_POINT('',#8885);
#8885 = CARTESIAN_POINT('',(25.78735,1.152049,1.585));
#8886 = VERTEX_POINT('',#8887);
#8887 = CARTESIAN_POINT('',(25.904484,1.069082,1.585));
#8888 = CIRCLE('',#8889,7.499955990672E-02);
#8889 = AXIS2_PLACEMENT_3D('',#8890,#8891,#8892);
#8890 = CARTESIAN_POINT('',(25.833333500953,1.09279993565,1.585));
#8891 = DIRECTION('',(0.,0.,-1.));
#8892 = DIRECTION('',(-0.613116943749,0.78999216027,0.));
#8893 = ORIENTED_EDGE('',*,*,#8894,.T.);
#8894 = EDGE_CURVE('',#8886,#8895,#8897,.T.);
#8895 = VERTEX_POINT('',#8896);
#8896 = CARTESIAN_POINT('',(25.699295,0.453515,1.585));
#8897 = LINE('',#8898,#8899);
#8898 = CARTESIAN_POINT('',(25.904484,1.069082,1.585));
#8899 = VECTOR('',#8900,1.);
#8900 = DIRECTION('',(-0.316227766017,-0.948683298051,0.));
#8901 = ORIENTED_EDGE('',*,*,#8902,.T.);
#8902 = EDGE_CURVE('',#8895,#8903,#8905,.T.);
#8903 = VERTEX_POINT('',#8904);
#8904 = CARTESIAN_POINT('',(25.996428,0.453515,1.585));
#8905 = LINE('',#8906,#8907);
#8906 = CARTESIAN_POINT('',(25.699295,0.453515,1.585));
#8907 = VECTOR('',#8908,1.);
#8908 = DIRECTION('',(1.,0.,0.));
#8909 = ORIENTED_EDGE('',*,*,#8910,.T.);
#8910 = EDGE_CURVE('',#8903,#8911,#8913,.T.);
#8911 = VERTEX_POINT('',#8912);
#8912 = CARTESIAN_POINT('',(25.997869,0.72648,1.585));
#8913 = LINE('',#8914,#8915);
#8914 = CARTESIAN_POINT('',(25.996428,0.453515,1.585));
#8915 = VECTOR('',#8916,1.);
#8916 = DIRECTION('',(5.278991523254E-03,0.999986066027,0.));
#8917 = ORIENTED_EDGE('',*,*,#8918,.T.);
#8918 = EDGE_CURVE('',#8911,#8919,#8921,.T.);
#8919 = VERTEX_POINT('',#8920);
#8920 = CARTESIAN_POINT('',(26.146428,0.711848,1.585));
#8921 = CIRCLE('',#8922,7.500006711464E-02);
#8922 = AXIS2_PLACEMENT_3D('',#8923,#8924,#8925);
#8923 = CARTESIAN_POINT('',(26.071427932885,0.711848067115,1.585));
#8924 = DIRECTION('',(0.,0.,-1.));
#8925 = DIRECTION('',(-0.980784894138,0.195092263891,0.));
#8926 = ORIENTED_EDGE('',*,*,#8927,.T.);
#8927 = EDGE_CURVE('',#8919,#8928,#8930,.T.);
#8928 = VERTEX_POINT('',#8929);
#8929 = CARTESIAN_POINT('',(26.146428,0.453515,1.585));
#8930 = LINE('',#8931,#8932);
#8931 = CARTESIAN_POINT('',(26.146428,0.711848,1.585));
#8932 = VECTOR('',#8933,1.);
#8933 = DIRECTION('',(0.,-1.,0.));
#8934 = ORIENTED_EDGE('',*,*,#8935,.T.);
#8935 = EDGE_CURVE('',#8928,#8936,#8938,.T.);
#8936 = VERTEX_POINT('',#8937);
#8937 = CARTESIAN_POINT('',(26.228917,0.452074,1.585));
#8938 = LINE('',#8939,#8940);
#8939 = CARTESIAN_POINT('',(26.146428,0.453515,1.585));
#8940 = VECTOR('',#8941,1.);
#8941 = DIRECTION('',(0.999847452005,-1.746633100582E-02,0.));
#8942 = ORIENTED_EDGE('',*,*,#8943,.T.);
#8943 = EDGE_CURVE('',#8936,#8944,#8946,.T.);
#8944 = VERTEX_POINT('',#8945);
#8945 = CARTESIAN_POINT('',(26.214285,0.303515,1.585));
#8946 = CIRCLE('',#8947,7.500006711464E-02);
#8947 = AXIS2_PLACEMENT_3D('',#8948,#8949,#8950);
#8948 = CARTESIAN_POINT('',(26.214285067115,0.378515067115,1.585));
#8949 = DIRECTION('',(0.,0.,-1.));
#8950 = DIRECTION('',(0.195092263891,0.980784894138,0.));
#8951 = ORIENTED_EDGE('',*,*,#8952,.T.);
#8952 = EDGE_CURVE('',#8944,#8953,#8955,.T.);
#8953 = VERTEX_POINT('',#8954);
#8954 = CARTESIAN_POINT('',(26.146428,0.303515,1.585));
#8955 = LINE('',#8956,#8957);
#8956 = CARTESIAN_POINT('',(26.214285,0.303515,1.585));
#8957 = VECTOR('',#8958,1.);
#8958 = DIRECTION('',(-1.,0.,0.));
#8959 = ORIENTED_EDGE('',*,*,#8960,.T.);
#8960 = EDGE_CURVE('',#8953,#8961,#8963,.T.);
#8961 = VERTEX_POINT('',#8962);
#8962 = CARTESIAN_POINT('',(26.144987,3.0549E-02,1.585));
#8963 = LINE('',#8964,#8965);
#8964 = CARTESIAN_POINT('',(26.146428,0.303515,1.585));
#8965 = VECTOR('',#8966,1.);
#8966 = DIRECTION('',(-5.278972184419E-03,-0.999986066129,0.));
#8967 = ORIENTED_EDGE('',*,*,#8968,.T.);
#8968 = EDGE_CURVE('',#8961,#8969,#8971,.T.);
#8969 = VERTEX_POINT('',#8970);
#8970 = CARTESIAN_POINT('',(25.996428,4.5181E-02,1.585));
#8971 = CIRCLE('',#8972,7.500006711464E-02);
#8972 = AXIS2_PLACEMENT_3D('',#8973,#8974,#8975);
#8973 = CARTESIAN_POINT('',(26.071428067115,4.518093288539E-02,1.585));
#8974 = DIRECTION('',(-0.,0.,-1.));
#8975 = DIRECTION('',(0.980784894138,-0.195092263891,-0.));
#8976 = ORIENTED_EDGE('',*,*,#8977,.T.);
#8977 = EDGE_CURVE('',#8969,#8978,#8980,.T.);
#8978 = VERTEX_POINT('',#8979);
#8979 = CARTESIAN_POINT('',(25.996428,0.303515,1.585));
#8980 = LINE('',#8981,#8982);
#8981 = CARTESIAN_POINT('',(25.996428,4.5181E-02,1.585));
#8982 = VECTOR('',#8983,1.);
#8983 = DIRECTION('',(0.,1.,0.));
#8984 = ORIENTED_EDGE('',*,*,#8985,.T.);
#8985 = EDGE_CURVE('',#8978,#8986,#8988,.T.);
#8986 = VERTEX_POINT('',#8987);
#8987 = CARTESIAN_POINT('',(25.580606,0.304956,1.585));
#8988 = LINE('',#8989,#8990);
#8989 = CARTESIAN_POINT('',(25.996428,0.303515,1.585));
#8990 = VECTOR('',#8991,1.);
#8991 = DIRECTION('',(-0.999993995468,3.465404301528E-03,0.));
#8992 = ORIENTED_EDGE('',*,*,#8993,.T.);
#8993 = EDGE_CURVE('',#8986,#8994,#8996,.T.);
#8994 = VERTEX_POINT('',#8995);
#8995 = CARTESIAN_POINT('',(25.524087,0.402232,1.585));
#8996 = CIRCLE('',#8997,7.499997045037E-02);
#8997 = AXIS2_PLACEMENT_3D('',#8998,#8999,#9000);
#8998 = CARTESIAN_POINT('',(25.595238172573,0.37851478665,1.585));
#8999 = DIRECTION('',(0.,0.,-1.));
#9000 = DIRECTION('',(-0.195095711168,-0.980784208419,-0.));
#9001 = ORIENTED_EDGE('',*,*,#9002,.T.);
#9002 = EDGE_CURVE('',#8994,#9003,#9005,.T.);
#9003 = VERTEX_POINT('',#9004);
#9004 = CARTESIAN_POINT('',(25.768176,1.129942,1.585));
#9005 = LINE('',#9006,#9007);
#9006 = CARTESIAN_POINT('',(25.524087,0.402232,1.585));
#9007 = VECTOR('',#9008,1.);
#9008 = DIRECTION('',(0.318008317924,0.948087922996,0.));
#9009 = ORIENTED_EDGE('',*,*,#9010,.T.);
#9010 = EDGE_CURVE('',#9003,#8884,#9011,.T.);
#9011 = LINE('',#9012,#9013);
#9012 = CARTESIAN_POINT('',(25.768176,1.129942,1.585));
#9013 = VECTOR('',#9014,1.);
#9014 = DIRECTION('',(0.65521540373,0.755442105469,0.));
#9015 = PLANE('',#9016);
#9016 = AXIS2_PLACEMENT_3D('',#9017,#9018,#9019);
#9017 = CARTESIAN_POINT('',(0.,0.,1.585));
#9018 = DIRECTION('',(0.,0.,1.));
#9019 = DIRECTION('',(1.,0.,-0.));
#9020 = SHELL_BASED_SURFACE_MODEL('',(#9021));
#9021 = OPEN_SHELL('',(#9022));
#9022 = ADVANCED_FACE('',(#9023),#9084,.T.);
#9023 = FACE_BOUND('',#9024,.F.);
#9024 = EDGE_LOOP('',(#9025,#9036,#9044,#9053,#9061,#9070,#9078));
#9025 = ORIENTED_EDGE('',*,*,#9026,.T.);
#9026 = EDGE_CURVE('',#9027,#9029,#9031,.T.);
#9027 = VERTEX_POINT('',#9028);
#9028 = CARTESIAN_POINT('',(-14.5,1.45,1.585));
#9029 = VERTEX_POINT('',#9030);
#9030 = CARTESIAN_POINT('',(-14.5,1.55,1.585));
#9031 = CIRCLE('',#9032,5.000000000002E-02);
#9032 = AXIS2_PLACEMENT_3D('',#9033,#9034,#9035);
#9033 = CARTESIAN_POINT('',(-14.49999995228,1.5,1.585));
#9034 = DIRECTION('',(0.,0.,-1.));
#9035 = DIRECTION('',(-9.542364765021E-07,-1.,-0.));
#9036 = ORIENTED_EDGE('',*,*,#9037,.T.);
#9037 = EDGE_CURVE('',#9029,#9038,#9040,.T.);
#9038 = VERTEX_POINT('',#9039);
#9039 = CARTESIAN_POINT('',(-13.5,1.55,1.585));
#9040 = LINE('',#9041,#9042);
#9041 = CARTESIAN_POINT('',(-14.5,1.55,1.585));
#9042 = VECTOR('',#9043,1.);
#9043 = DIRECTION('',(1.,0.,0.));
#9044 = ORIENTED_EDGE('',*,*,#9045,.T.);
#9045 = EDGE_CURVE('',#9038,#9046,#9048,.T.);
#9046 = VERTEX_POINT('',#9047);
#9047 = CARTESIAN_POINT('',(-13.45,1.5,1.585));
#9048 = CIRCLE('',#9049,5.000014378935E-02);
#9049 = AXIS2_PLACEMENT_3D('',#9050,#9051,#9052);
#9050 = CARTESIAN_POINT('',(-13.50000014378,1.499999856211,1.585));
#9051 = DIRECTION('',(0.,0.,-1.));
#9052 = DIRECTION('',(2.875774612823E-06,0.999999999996,0.));
#9053 = ORIENTED_EDGE('',*,*,#9054,.T.);
#9054 = EDGE_CURVE('',#9046,#9055,#9057,.T.);
#9055 = VERTEX_POINT('',#9056);
#9056 = CARTESIAN_POINT('',(-13.45,0.4,1.585));
#9057 = LINE('',#9058,#9059);
#9058 = CARTESIAN_POINT('',(-13.45,1.5,1.585));
#9059 = VECTOR('',#9060,1.);
#9060 = DIRECTION('',(0.,-1.,0.));
#9061 = ORIENTED_EDGE('',*,*,#9062,.T.);
#9062 = EDGE_CURVE('',#9055,#9063,#9065,.T.);
#9063 = VERTEX_POINT('',#9064);
#9064 = CARTESIAN_POINT('',(-13.55,0.4,1.585));
#9065 = CIRCLE('',#9066,5.000000000002E-02);
#9066 = AXIS2_PLACEMENT_3D('',#9067,#9068,#9069);
#9067 = CARTESIAN_POINT('',(-13.5,0.400000047712,1.585));
#9068 = DIRECTION('',(-0.,0.,-1.));
#9069 = DIRECTION('',(1.,-9.54236500927E-07,-0.));
#9070 = ORIENTED_EDGE('',*,*,#9071,.T.);
#9071 = EDGE_CURVE('',#9063,#9072,#9074,.T.);
#9072 = VERTEX_POINT('',#9073);
#9073 = CARTESIAN_POINT('',(-13.55,1.45,1.585));
#9074 = LINE('',#9075,#9076);
#9075 = CARTESIAN_POINT('',(-13.55,0.4,1.585));
#9076 = VECTOR('',#9077,1.);
#9077 = DIRECTION('',(0.,1.,0.));
#9078 = ORIENTED_EDGE('',*,*,#9079,.T.);
#9079 = EDGE_CURVE('',#9072,#9027,#9080,.T.);
#9080 = LINE('',#9081,#9082);
#9081 = CARTESIAN_POINT('',(-13.55,1.45,1.585));
#9082 = VECTOR('',#9083,1.);
#9083 = DIRECTION('',(-1.,0.,0.));
#9084 = PLANE('',#9085);
#9085 = AXIS2_PLACEMENT_3D('',#9086,#9087,#9088);
#9086 = CARTESIAN_POINT('',(0.,0.,1.585));
#9087 = DIRECTION('',(0.,0.,1.));
#9088 = DIRECTION('',(1.,0.,-0.));
#9089 = SHELL_BASED_SURFACE_MODEL('',(#9090));
#9090 = OPEN_SHELL('',(#9091));
#9091 = ADVANCED_FACE('',(#9092),#9153,.T.);
#9092 = FACE_BOUND('',#9093,.F.);
#9093 = EDGE_LOOP('',(#9094,#9105,#9113,#9122,#9130,#9139,#9147));
#9094 = ORIENTED_EDGE('',*,*,#9095,.T.);
#9095 = EDGE_CURVE('',#9096,#9098,#9100,.T.);
#9096 = VERTEX_POINT('',#9097);
#9097 = CARTESIAN_POINT('',(4.5,1.45,1.585));
#9098 = VERTEX_POINT('',#9099);
#9099 = CARTESIAN_POINT('',(4.5,1.55,1.585));
#9100 = CIRCLE('',#9101,5.000000000002E-02);
#9101 = AXIS2_PLACEMENT_3D('',#9102,#9103,#9104);
#9102 = CARTESIAN_POINT('',(4.500000047712,1.5,1.585));
#9103 = DIRECTION('',(0.,0.,-1.));
#9104 = DIRECTION('',(-9.542364765021E-07,-1.,-0.));
#9105 = ORIENTED_EDGE('',*,*,#9106,.T.);
#9106 = EDGE_CURVE('',#9098,#9107,#9109,.T.);
#9107 = VERTEX_POINT('',#9108);
#9108 = CARTESIAN_POINT('',(5.5,1.55,1.585));
#9109 = LINE('',#9110,#9111);
#9110 = CARTESIAN_POINT('',(4.5,1.55,1.585));
#9111 = VECTOR('',#9112,1.);
#9112 = DIRECTION('',(1.,0.,0.));
#9113 = ORIENTED_EDGE('',*,*,#9114,.T.);
#9114 = EDGE_CURVE('',#9107,#9115,#9117,.T.);
#9115 = VERTEX_POINT('',#9116);
#9116 = CARTESIAN_POINT('',(5.55,1.5,1.585));
#9117 = CIRCLE('',#9118,5.000014378935E-02);
#9118 = AXIS2_PLACEMENT_3D('',#9119,#9120,#9121);
#9119 = CARTESIAN_POINT('',(5.499999856211,1.499999856211,1.585));
#9120 = DIRECTION('',(0.,0.,-1.));
#9121 = DIRECTION('',(2.87577459506E-06,0.999999999996,0.));
#9122 = ORIENTED_EDGE('',*,*,#9123,.T.);
#9123 = EDGE_CURVE('',#9115,#9124,#9126,.T.);
#9124 = VERTEX_POINT('',#9125);
#9125 = CARTESIAN_POINT('',(5.55,0.4,1.585));
#9126 = LINE('',#9127,#9128);
#9127 = CARTESIAN_POINT('',(5.55,1.5,1.585));
#9128 = VECTOR('',#9129,1.);
#9129 = DIRECTION('',(0.,-1.,0.));
#9130 = ORIENTED_EDGE('',*,*,#9131,.T.);
#9131 = EDGE_CURVE('',#9124,#9132,#9134,.T.);
#9132 = VERTEX_POINT('',#9133);
#9133 = CARTESIAN_POINT('',(5.45,0.4,1.585));
#9134 = CIRCLE('',#9135,5.000000000002E-02);
#9135 = AXIS2_PLACEMENT_3D('',#9136,#9137,#9138);
#9136 = CARTESIAN_POINT('',(5.5,0.400000047712,1.585));
#9137 = DIRECTION('',(-0.,0.,-1.));
#9138 = DIRECTION('',(1.,-9.542364742816E-07,-0.));
#9139 = ORIENTED_EDGE('',*,*,#9140,.T.);
#9140 = EDGE_CURVE('',#9132,#9141,#9143,.T.);
#9141 = VERTEX_POINT('',#9142);
#9142 = CARTESIAN_POINT('',(5.45,1.45,1.585));
#9143 = LINE('',#9144,#9145);
#9144 = CARTESIAN_POINT('',(5.45,0.4,1.585));
#9145 = VECTOR('',#9146,1.);
#9146 = DIRECTION('',(0.,1.,0.));
#9147 = ORIENTED_EDGE('',*,*,#9148,.T.);
#9148 = EDGE_CURVE('',#9141,#9096,#9149,.T.);
#9149 = LINE('',#9150,#9151);
#9150 = CARTESIAN_POINT('',(5.45,1.45,1.585));
#9151 = VECTOR('',#9152,1.);
#9152 = DIRECTION('',(-1.,0.,0.));
#9153 = PLANE('',#9154);
#9154 = AXIS2_PLACEMENT_3D('',#9155,#9156,#9157);
#9155 = CARTESIAN_POINT('',(0.,0.,1.585));
#9156 = DIRECTION('',(0.,0.,1.));
#9157 = DIRECTION('',(1.,0.,-0.));
#9158 = SHELL_BASED_SURFACE_MODEL('',(#9159));
#9159 = OPEN_SHELL('',(#9160));
#9160 = ADVANCED_FACE('',(#9161),#9222,.T.);
#9161 = FACE_BOUND('',#9162,.F.);
#9162 = EDGE_LOOP('',(#9163,#9174,#9182,#9191,#9199,#9208,#9216));
#9163 = ORIENTED_EDGE('',*,*,#9164,.T.);
#9164 = EDGE_CURVE('',#9165,#9167,#9169,.T.);
#9165 = VERTEX_POINT('',#9166);
#9166 = CARTESIAN_POINT('',(22.5,1.45,1.585));
#9167 = VERTEX_POINT('',#9168);
#9168 = CARTESIAN_POINT('',(22.5,1.55,1.585));
#9169 = CIRCLE('',#9170,5.000000000002E-02);
#9170 = AXIS2_PLACEMENT_3D('',#9171,#9172,#9173);
#9171 = CARTESIAN_POINT('',(22.500000047712,1.5,1.585));
#9172 = DIRECTION('',(0.,0.,-1.));
#9173 = DIRECTION('',(-9.542365120292E-07,-1.,-0.));
#9174 = ORIENTED_EDGE('',*,*,#9175,.T.);
#9175 = EDGE_CURVE('',#9167,#9176,#9178,.T.);
#9176 = VERTEX_POINT('',#9177);
#9177 = CARTESIAN_POINT('',(23.5,1.55,1.585));
#9178 = LINE('',#9179,#9180);
#9179 = CARTESIAN_POINT('',(22.5,1.55,1.585));
#9180 = VECTOR('',#9181,1.);
#9181 = DIRECTION('',(1.,0.,0.));
#9182 = ORIENTED_EDGE('',*,*,#9183,.T.);
#9183 = EDGE_CURVE('',#9176,#9184,#9186,.T.);
#9184 = VERTEX_POINT('',#9185);
#9185 = CARTESIAN_POINT('',(23.55,1.5,1.585));
#9186 = CIRCLE('',#9187,5.000014378935E-02);
#9187 = AXIS2_PLACEMENT_3D('',#9188,#9189,#9190);
#9188 = CARTESIAN_POINT('',(23.499999856211,1.499999856211,1.585));
#9189 = DIRECTION('',(0.,0.,-1.));
#9190 = DIRECTION('',(2.875774612823E-06,0.999999999996,0.));
#9191 = ORIENTED_EDGE('',*,*,#9192,.T.);
#9192 = EDGE_CURVE('',#9184,#9193,#9195,.T.);
#9193 = VERTEX_POINT('',#9194);
#9194 = CARTESIAN_POINT('',(23.55,0.4,1.585));
#9195 = LINE('',#9196,#9197);
#9196 = CARTESIAN_POINT('',(23.55,1.5,1.585));
#9197 = VECTOR('',#9198,1.);
#9198 = DIRECTION('',(0.,-1.,0.));
#9199 = ORIENTED_EDGE('',*,*,#9200,.T.);
#9200 = EDGE_CURVE('',#9193,#9201,#9203,.T.);
#9201 = VERTEX_POINT('',#9202);
#9202 = CARTESIAN_POINT('',(23.45,0.4,1.585));
#9203 = CIRCLE('',#9204,5.000000000002E-02);
#9204 = AXIS2_PLACEMENT_3D('',#9205,#9206,#9207);
#9205 = CARTESIAN_POINT('',(23.5,0.400000047712,1.585));
#9206 = DIRECTION('',(-0.,0.,-1.));
#9207 = DIRECTION('',(1.,-9.542365186905E-07,-0.));
#9208 = ORIENTED_EDGE('',*,*,#9209,.T.);
#9209 = EDGE_CURVE('',#9201,#9210,#9212,.T.);
#9210 = VERTEX_POINT('',#9211);
#9211 = CARTESIAN_POINT('',(23.45,1.45,1.585));
#9212 = LINE('',#9213,#9214);
#9213 = CARTESIAN_POINT('',(23.45,0.4,1.585));
#9214 = VECTOR('',#9215,1.);
#9215 = DIRECTION('',(0.,1.,0.));
#9216 = ORIENTED_EDGE('',*,*,#9217,.T.);
#9217 = EDGE_CURVE('',#9210,#9165,#9218,.T.);
#9218 = LINE('',#9219,#9220);
#9219 = CARTESIAN_POINT('',(23.45,1.45,1.585));
#9220 = VECTOR('',#9221,1.);
#9221 = DIRECTION('',(-1.,0.,0.));
#9222 = PLANE('',#9223);
#9223 = AXIS2_PLACEMENT_3D('',#9224,#9225,#9226);
#9224 = CARTESIAN_POINT('',(0.,0.,1.585));
#9225 = DIRECTION('',(0.,0.,1.));
#9226 = DIRECTION('',(1.,0.,-0.));
#9227 = SHELL_BASED_SURFACE_MODEL('',(#9228));
#9228 = OPEN_SHELL('',(#9229));
#9229 = ADVANCED_FACE('',(#9230),#9291,.T.);
#9230 = FACE_BOUND('',#9231,.F.);
#9231 = EDGE_LOOP('',(#9232,#9243,#9251,#9260,#9268,#9276,#9285));
#9232 = ORIENTED_EDGE('',*,*,#9233,.T.);
#9233 = EDGE_CURVE('',#9234,#9236,#9238,.T.);
#9234 = VERTEX_POINT('',#9235);
#9235 = CARTESIAN_POINT('',(-23.55,1.5,1.585));
#9236 = VERTEX_POINT('',#9237);
#9237 = CARTESIAN_POINT('',(-23.5,1.55,1.585));
#9238 = CIRCLE('',#9239,5.000014378935E-02);
#9239 = AXIS2_PLACEMENT_3D('',#9240,#9241,#9242);
#9240 = CARTESIAN_POINT('',(-23.49999985621,1.499999856211,1.585));
#9241 = DIRECTION('',(0.,0.,-1.));
#9242 = DIRECTION('',(-0.999999999996,2.875774652791E-06,0.));
#9243 = ORIENTED_EDGE('',*,*,#9244,.T.);
#9244 = EDGE_CURVE('',#9236,#9245,#9247,.T.);
#9245 = VERTEX_POINT('',#9246);
#9246 = CARTESIAN_POINT('',(-22.4,1.55,1.585));
#9247 = LINE('',#9248,#9249);
#9248 = CARTESIAN_POINT('',(-23.5,1.55,1.585));
#9249 = VECTOR('',#9250,1.);
#9250 = DIRECTION('',(1.,0.,0.));
#9251 = ORIENTED_EDGE('',*,*,#9252,.T.);
#9252 = EDGE_CURVE('',#9245,#9253,#9255,.T.);
#9253 = VERTEX_POINT('',#9254);
#9254 = CARTESIAN_POINT('',(-22.4,1.45,1.585));
#9255 = CIRCLE('',#9256,5.000000000002E-02);
#9256 = AXIS2_PLACEMENT_3D('',#9257,#9258,#9259);
#9257 = CARTESIAN_POINT('',(-22.40000004771,1.5,1.585));
#9258 = DIRECTION('',(0.,0.,-1.));
#9259 = DIRECTION('',(9.542365120292E-07,1.,0.));
#9260 = ORIENTED_EDGE('',*,*,#9261,.T.);
#9261 = EDGE_CURVE('',#9253,#9262,#9264,.T.);
#9262 = VERTEX_POINT('',#9263);
#9263 = CARTESIAN_POINT('',(-23.45,1.45,1.585));
#9264 = LINE('',#9265,#9266);
#9265 = CARTESIAN_POINT('',(-22.4,1.45,1.585));
#9266 = VECTOR('',#9267,1.);
#9267 = DIRECTION('',(-1.,0.,0.));
#9268 = ORIENTED_EDGE('',*,*,#9269,.T.);
#9269 = EDGE_CURVE('',#9262,#9270,#9272,.T.);
#9270 = VERTEX_POINT('',#9271);
#9271 = CARTESIAN_POINT('',(-23.45,0.5,1.585));
#9272 = LINE('',#9273,#9274);
#9273 = CARTESIAN_POINT('',(-23.45,1.45,1.585));
#9274 = VECTOR('',#9275,1.);
#9275 = DIRECTION('',(0.,-1.,0.));
#9276 = ORIENTED_EDGE('',*,*,#9277,.T.);
#9277 = EDGE_CURVE('',#9270,#9278,#9280,.T.);
#9278 = VERTEX_POINT('',#9279);
#9279 = CARTESIAN_POINT('',(-23.55,0.5,1.585));
#9280 = CIRCLE('',#9281,5.000000000002E-02);
#9281 = AXIS2_PLACEMENT_3D('',#9282,#9283,#9284);
#9282 = CARTESIAN_POINT('',(-23.5,0.500000047712,1.585));
#9283 = DIRECTION('',(-0.,0.,-1.));
#9284 = DIRECTION('',(1.,-9.542365186905E-07,-0.));
#9285 = ORIENTED_EDGE('',*,*,#9286,.T.);
#9286 = EDGE_CURVE('',#9278,#9234,#9287,.T.);
#9287 = LINE('',#9288,#9289);
#9288 = CARTESIAN_POINT('',(-23.55,0.5,1.585));
#9289 = VECTOR('',#9290,1.);
#9290 = DIRECTION('',(0.,1.,0.));
#9291 = PLANE('',#9292);
#9292 = AXIS2_PLACEMENT_3D('',#9293,#9294,#9295);
#9293 = CARTESIAN_POINT('',(0.,0.,1.585));
#9294 = DIRECTION('',(0.,0.,1.));
#9295 = DIRECTION('',(1.,0.,-0.));
#9296 = SHELL_BASED_SURFACE_MODEL('',(#9297));
#9297 = OPEN_SHELL('',(#9298));
#9298 = ADVANCED_FACE('',(#9299),#9360,.T.);
#9299 = FACE_BOUND('',#9300,.F.);
#9300 = EDGE_LOOP('',(#9301,#9312,#9320,#9329,#9337,#9345,#9354));
#9301 = ORIENTED_EDGE('',*,*,#9302,.T.);
#9302 = EDGE_CURVE('',#9303,#9305,#9307,.T.);
#9303 = VERTEX_POINT('',#9304);
#9304 = CARTESIAN_POINT('',(-4.55,1.5,1.585));
#9305 = VERTEX_POINT('',#9306);
#9306 = CARTESIAN_POINT('',(-4.5,1.55,1.585));
#9307 = CIRCLE('',#9308,5.000014378935E-02);
#9308 = AXIS2_PLACEMENT_3D('',#9309,#9310,#9311);
#9309 = CARTESIAN_POINT('',(-4.499999856211,1.499999856211,1.585));
#9310 = DIRECTION('',(0.,0.,-1.));
#9311 = DIRECTION('',(-0.999999999996,2.875774608382E-06,0.));
#9312 = ORIENTED_EDGE('',*,*,#9313,.T.);
#9313 = EDGE_CURVE('',#9305,#9314,#9316,.T.);
#9314 = VERTEX_POINT('',#9315);
#9315 = CARTESIAN_POINT('',(-3.4,1.55,1.585));
#9316 = LINE('',#9317,#9318);
#9317 = CARTESIAN_POINT('',(-4.5,1.55,1.585));
#9318 = VECTOR('',#9319,1.);
#9319 = DIRECTION('',(1.,0.,0.));
#9320 = ORIENTED_EDGE('',*,*,#9321,.T.);
#9321 = EDGE_CURVE('',#9314,#9322,#9324,.T.);
#9322 = VERTEX_POINT('',#9323);
#9323 = CARTESIAN_POINT('',(-3.4,1.45,1.585));
#9324 = CIRCLE('',#9325,5.000000000002E-02);
#9325 = AXIS2_PLACEMENT_3D('',#9326,#9327,#9328);
#9326 = CARTESIAN_POINT('',(-3.400000047712,1.5,1.585));
#9327 = DIRECTION('',(0.,0.,-1.));
#9328 = DIRECTION('',(9.542364853839E-07,1.,0.));
#9329 = ORIENTED_EDGE('',*,*,#9330,.T.);
#9330 = EDGE_CURVE('',#9322,#9331,#9333,.T.);
#9331 = VERTEX_POINT('',#9332);
#9332 = CARTESIAN_POINT('',(-4.45,1.45,1.585));
#9333 = LINE('',#9334,#9335);
#9334 = CARTESIAN_POINT('',(-3.4,1.45,1.585));
#9335 = VECTOR('',#9336,1.);
#9336 = DIRECTION('',(-1.,0.,0.));
#9337 = ORIENTED_EDGE('',*,*,#9338,.T.);
#9338 = EDGE_CURVE('',#9331,#9339,#9341,.T.);
#9339 = VERTEX_POINT('',#9340);
#9340 = CARTESIAN_POINT('',(-4.45,0.5,1.585));
#9341 = LINE('',#9342,#9343);
#9342 = CARTESIAN_POINT('',(-4.45,1.45,1.585));
#9343 = VECTOR('',#9344,1.);
#9344 = DIRECTION('',(0.,-1.,0.));
#9345 = ORIENTED_EDGE('',*,*,#9346,.T.);
#9346 = EDGE_CURVE('',#9339,#9347,#9349,.T.);
#9347 = VERTEX_POINT('',#9348);
#9348 = CARTESIAN_POINT('',(-4.55,0.5,1.585));
#9349 = CIRCLE('',#9350,5.000000000002E-02);
#9350 = AXIS2_PLACEMENT_3D('',#9351,#9352,#9353);
#9351 = CARTESIAN_POINT('',(-4.5,0.500000047712,1.585));
#9352 = DIRECTION('',(-0.,0.,-1.));
#9353 = DIRECTION('',(1.,-9.542364742816E-07,-0.));
#9354 = ORIENTED_EDGE('',*,*,#9355,.T.);
#9355 = EDGE_CURVE('',#9347,#9303,#9356,.T.);
#9356 = LINE('',#9357,#9358);
#9357 = CARTESIAN_POINT('',(-4.55,0.5,1.585));
#9358 = VECTOR('',#9359,1.);
#9359 = DIRECTION('',(0.,1.,0.));
#9360 = PLANE('',#9361);
#9361 = AXIS2_PLACEMENT_3D('',#9362,#9363,#9364);
#9362 = CARTESIAN_POINT('',(0.,0.,1.585));
#9363 = DIRECTION('',(0.,0.,1.));
#9364 = DIRECTION('',(1.,0.,-0.));
#9365 = SHELL_BASED_SURFACE_MODEL('',(#9366));
#9366 = OPEN_SHELL('',(#9367));
#9367 = ADVANCED_FACE('',(#9368),#9429,.T.);
#9368 = FACE_BOUND('',#9369,.F.);
#9369 = EDGE_LOOP('',(#9370,#9381,#9389,#9398,#9406,#9414,#9423));
#9370 = ORIENTED_EDGE('',*,*,#9371,.T.);
#9371 = EDGE_CURVE('',#9372,#9374,#9376,.T.);
#9372 = VERTEX_POINT('',#9373);
#9373 = CARTESIAN_POINT('',(13.45,1.5,1.585));
#9374 = VERTEX_POINT('',#9375);
#9375 = CARTESIAN_POINT('',(13.5,1.55,1.585));
#9376 = CIRCLE('',#9377,5.000014378935E-02);
#9377 = AXIS2_PLACEMENT_3D('',#9378,#9379,#9380);
#9378 = CARTESIAN_POINT('',(13.500000143789,1.499999856211,1.585));
#9379 = DIRECTION('',(0.,0.,-1.));
#9380 = DIRECTION('',(-0.999999999996,2.875774661673E-06,0.));
#9381 = ORIENTED_EDGE('',*,*,#9382,.T.);
#9382 = EDGE_CURVE('',#9374,#9383,#9385,.T.);
#9383 = VERTEX_POINT('',#9384);
#9384 = CARTESIAN_POINT('',(14.6,1.55,1.585));
#9385 = LINE('',#9386,#9387);
#9386 = CARTESIAN_POINT('',(13.5,1.55,1.585));
#9387 = VECTOR('',#9388,1.);
#9388 = DIRECTION('',(1.,0.,0.));
#9389 = ORIENTED_EDGE('',*,*,#9390,.T.);
#9390 = EDGE_CURVE('',#9383,#9391,#9393,.T.);
#9391 = VERTEX_POINT('',#9392);
#9392 = CARTESIAN_POINT('',(14.6,1.45,1.585));
#9393 = CIRCLE('',#9394,5.000000000002E-02);
#9394 = AXIS2_PLACEMENT_3D('',#9395,#9396,#9397);
#9395 = CARTESIAN_POINT('',(14.599999952288,1.5,1.585));
#9396 = DIRECTION('',(0.,0.,-1.));
#9397 = DIRECTION('',(9.542364765021E-07,1.,0.));
#9398 = ORIENTED_EDGE('',*,*,#9399,.T.);
#9399 = EDGE_CURVE('',#9391,#9400,#9402,.T.);
#9400 = VERTEX_POINT('',#9401);
#9401 = CARTESIAN_POINT('',(13.55,1.45,1.585));
#9402 = LINE('',#9403,#9404);
#9403 = CARTESIAN_POINT('',(14.6,1.45,1.585));
#9404 = VECTOR('',#9405,1.);
#9405 = DIRECTION('',(-1.,0.,0.));
#9406 = ORIENTED_EDGE('',*,*,#9407,.T.);
#9407 = EDGE_CURVE('',#9400,#9408,#9410,.T.);
#9408 = VERTEX_POINT('',#9409);
#9409 = CARTESIAN_POINT('',(13.55,0.5,1.585));
#9410 = LINE('',#9411,#9412);
#9411 = CARTESIAN_POINT('',(13.55,1.45,1.585));
#9412 = VECTOR('',#9413,1.);
#9413 = DIRECTION('',(0.,-1.,0.));
#9414 = ORIENTED_EDGE('',*,*,#9415,.T.);
#9415 = EDGE_CURVE('',#9408,#9416,#9418,.T.);
#9416 = VERTEX_POINT('',#9417);
#9417 = CARTESIAN_POINT('',(13.45,0.5,1.585));
#9418 = CIRCLE('',#9419,5.000000000002E-02);
#9419 = AXIS2_PLACEMENT_3D('',#9420,#9421,#9422);
#9420 = CARTESIAN_POINT('',(13.5,0.500000047712,1.585));
#9421 = DIRECTION('',(-0.,0.,-1.));
#9422 = DIRECTION('',(1.,-9.54236500927E-07,-0.));
#9423 = ORIENTED_EDGE('',*,*,#9424,.T.);
#9424 = EDGE_CURVE('',#9416,#9372,#9425,.T.);
#9425 = LINE('',#9426,#9427);
#9426 = CARTESIAN_POINT('',(13.45,0.5,1.585));
#9427 = VECTOR('',#9428,1.);
#9428 = DIRECTION('',(0.,1.,0.));
#9429 = PLANE('',#9430);
#9430 = AXIS2_PLACEMENT_3D('',#9431,#9432,#9433);
#9431 = CARTESIAN_POINT('',(0.,0.,1.585));
#9432 = DIRECTION('',(0.,0.,1.));
#9433 = DIRECTION('',(1.,0.,-0.));
#9434 = SHELL_BASED_SURFACE_MODEL('',(#9435));
#9435 = OPEN_SHELL('',(#9436));
#9436 = ADVANCED_FACE('',(#9437),#9473,.T.);
#9437 = FACE_BOUND('',#9438,.F.);
#9438 = EDGE_LOOP('',(#9439,#9450,#9458,#9467));
#9439 = ORIENTED_EDGE('',*,*,#9440,.T.);
#9440 = EDGE_CURVE('',#9441,#9443,#9445,.T.);
#9441 = VERTEX_POINT('',#9442);
#9442 = CARTESIAN_POINT('',(-22.,1.45,1.585));
#9443 = VERTEX_POINT('',#9444);
#9444 = CARTESIAN_POINT('',(-22.,1.55,1.585));
#9445 = CIRCLE('',#9446,5.000000000002E-02);
#9446 = AXIS2_PLACEMENT_3D('',#9447,#9448,#9449);
#9447 = CARTESIAN_POINT('',(-21.99999995228,1.5,1.585));
#9448 = DIRECTION('',(0.,0.,-1.));
#9449 = DIRECTION('',(-9.542365120292E-07,-1.,-0.));
#9450 = ORIENTED_EDGE('',*,*,#9451,.T.);
#9451 = EDGE_CURVE('',#9443,#9452,#9454,.T.);
#9452 = VERTEX_POINT('',#9453);
#9453 = CARTESIAN_POINT('',(-20.9,1.55,1.585));
#9454 = LINE('',#9455,#9456);
#9455 = CARTESIAN_POINT('',(-22.,1.55,1.585));
#9456 = VECTOR('',#9457,1.);
#9457 = DIRECTION('',(1.,0.,0.));
#9458 = ORIENTED_EDGE('',*,*,#9459,.T.);
#9459 = EDGE_CURVE('',#9452,#9460,#9462,.T.);
#9460 = VERTEX_POINT('',#9461);
#9461 = CARTESIAN_POINT('',(-20.9,1.45,1.585));
#9462 = CIRCLE('',#9463,5.000000000002E-02);
#9463 = AXIS2_PLACEMENT_3D('',#9464,#9465,#9466);
#9464 = CARTESIAN_POINT('',(-20.90000004771,1.5,1.585));
#9465 = DIRECTION('',(0.,0.,-1.));
#9466 = DIRECTION('',(9.542365120292E-07,1.,0.));
#9467 = ORIENTED_EDGE('',*,*,#9468,.T.);
#9468 = EDGE_CURVE('',#9460,#9441,#9469,.T.);
#9469 = LINE('',#9470,#9471);
#9470 = CARTESIAN_POINT('',(-20.9,1.45,1.585));
#9471 = VECTOR('',#9472,1.);
#9472 = DIRECTION('',(-1.,0.,0.));
#9473 = PLANE('',#9474);
#9474 = AXIS2_PLACEMENT_3D('',#9475,#9476,#9477);
#9475 = CARTESIAN_POINT('',(0.,0.,1.585));
#9476 = DIRECTION('',(0.,0.,1.));
#9477 = DIRECTION('',(1.,0.,-0.));
#9478 = SHELL_BASED_SURFACE_MODEL('',(#9479));
#9479 = OPEN_SHELL('',(#9480));
#9480 = ADVANCED_FACE('',(#9481),#9517,.T.);
#9481 = FACE_BOUND('',#9482,.F.);
#9482 = EDGE_LOOP('',(#9483,#9494,#9502,#9511));
#9483 = ORIENTED_EDGE('',*,*,#9484,.T.);
#9484 = EDGE_CURVE('',#9485,#9487,#9489,.T.);
#9485 = VERTEX_POINT('',#9486);
#9486 = CARTESIAN_POINT('',(-20.5,1.45,1.585));
#9487 = VERTEX_POINT('',#9488);
#9488 = CARTESIAN_POINT('',(-20.5,1.55,1.585));
#9489 = CIRCLE('',#9490,5.000000000002E-02);
#9490 = AXIS2_PLACEMENT_3D('',#9491,#9492,#9493);
#9491 = CARTESIAN_POINT('',(-20.49999995228,1.5,1.585));
#9492 = DIRECTION('',(0.,0.,-1.));
#9493 = DIRECTION('',(-9.542365120292E-07,-1.,-0.));
#9494 = ORIENTED_EDGE('',*,*,#9495,.T.);
#9495 = EDGE_CURVE('',#9487,#9496,#9498,.T.);
#9496 = VERTEX_POINT('',#9497);
#9497 = CARTESIAN_POINT('',(-19.4,1.55,1.585));
#9498 = LINE('',#9499,#9500);
#9499 = CARTESIAN_POINT('',(-20.5,1.55,1.585));
#9500 = VECTOR('',#9501,1.);
#9501 = DIRECTION('',(1.,0.,0.));
#9502 = ORIENTED_EDGE('',*,*,#9503,.T.);
#9503 = EDGE_CURVE('',#9496,#9504,#9506,.T.);
#9504 = VERTEX_POINT('',#9505);
#9505 = CARTESIAN_POINT('',(-19.4,1.45,1.585));
#9506 = CIRCLE('',#9507,5.000000000002E-02);
#9507 = AXIS2_PLACEMENT_3D('',#9508,#9509,#9510);
#9508 = CARTESIAN_POINT('',(-19.40000004771,1.5,1.585));
#9509 = DIRECTION('',(0.,0.,-1.));
#9510 = DIRECTION('',(9.542365120292E-07,1.,0.));
#9511 = ORIENTED_EDGE('',*,*,#9512,.T.);
#9512 = EDGE_CURVE('',#9504,#9485,#9513,.T.);
#9513 = LINE('',#9514,#9515);
#9514 = CARTESIAN_POINT('',(-19.4,1.45,1.585));
#9515 = VECTOR('',#9516,1.);
#9516 = DIRECTION('',(-1.,0.,0.));
#9517 = PLANE('',#9518);
#9518 = AXIS2_PLACEMENT_3D('',#9519,#9520,#9521);
#9519 = CARTESIAN_POINT('',(0.,0.,1.585));
#9520 = DIRECTION('',(0.,0.,1.));
#9521 = DIRECTION('',(1.,0.,-0.));
#9522 = SHELL_BASED_SURFACE_MODEL('',(#9523));
#9523 = OPEN_SHELL('',(#9524));
#9524 = ADVANCED_FACE('',(#9525),#9561,.T.);
#9525 = FACE_BOUND('',#9526,.F.);
#9526 = EDGE_LOOP('',(#9527,#9538,#9546,#9555));
#9527 = ORIENTED_EDGE('',*,*,#9528,.T.);
#9528 = EDGE_CURVE('',#9529,#9531,#9533,.T.);
#9529 = VERTEX_POINT('',#9530);
#9530 = CARTESIAN_POINT('',(-19.,1.45,1.585));
#9531 = VERTEX_POINT('',#9532);
#9532 = CARTESIAN_POINT('',(-19.,1.55,1.585));
#9533 = CIRCLE('',#9534,5.000000000002E-02);
#9534 = AXIS2_PLACEMENT_3D('',#9535,#9536,#9537);
#9535 = CARTESIAN_POINT('',(-18.99999995228,1.5,1.585));
#9536 = DIRECTION('',(0.,0.,-1.));
#9537 = DIRECTION('',(-9.542365120292E-07,-1.,-0.));
#9538 = ORIENTED_EDGE('',*,*,#9539,.T.);
#9539 = EDGE_CURVE('',#9531,#9540,#9542,.T.);
#9540 = VERTEX_POINT('',#9541);
#9541 = CARTESIAN_POINT('',(-17.9,1.55,1.585));
#9542 = LINE('',#9543,#9544);
#9543 = CARTESIAN_POINT('',(-19.,1.55,1.585));
#9544 = VECTOR('',#9545,1.);
#9545 = DIRECTION('',(1.,0.,0.));
#9546 = ORIENTED_EDGE('',*,*,#9547,.T.);
#9547 = EDGE_CURVE('',#9540,#9548,#9550,.T.);
#9548 = VERTEX_POINT('',#9549);
#9549 = CARTESIAN_POINT('',(-17.9,1.45,1.585));
#9550 = CIRCLE('',#9551,5.000000000002E-02);
#9551 = AXIS2_PLACEMENT_3D('',#9552,#9553,#9554);
#9552 = CARTESIAN_POINT('',(-17.90000004771,1.5,1.585));
#9553 = DIRECTION('',(0.,0.,-1.));
#9554 = DIRECTION('',(9.542365120292E-07,1.,0.));
#9555 = ORIENTED_EDGE('',*,*,#9556,.T.);
#9556 = EDGE_CURVE('',#9548,#9529,#9557,.T.);
#9557 = LINE('',#9558,#9559);
#9558 = CARTESIAN_POINT('',(-17.9,1.45,1.585));
#9559 = VECTOR('',#9560,1.);
#9560 = DIRECTION('',(-1.,0.,0.));
#9561 = PLANE('',#9562);
#9562 = AXIS2_PLACEMENT_3D('',#9563,#9564,#9565);
#9563 = CARTESIAN_POINT('',(0.,0.,1.585));
#9564 = DIRECTION('',(0.,0.,1.));
#9565 = DIRECTION('',(1.,0.,-0.));
#9566 = SHELL_BASED_SURFACE_MODEL('',(#9567));
#9567 = OPEN_SHELL('',(#9568));
#9568 = ADVANCED_FACE('',(#9569),#9605,.T.);
#9569 = FACE_BOUND('',#9570,.F.);
#9570 = EDGE_LOOP('',(#9571,#9582,#9590,#9599));
#9571 = ORIENTED_EDGE('',*,*,#9572,.T.);
#9572 = EDGE_CURVE('',#9573,#9575,#9577,.T.);
#9573 = VERTEX_POINT('',#9574);
#9574 = CARTESIAN_POINT('',(-17.5,1.45,1.585));
#9575 = VERTEX_POINT('',#9576);
#9576 = CARTESIAN_POINT('',(-17.5,1.55,1.585));
#9577 = CIRCLE('',#9578,5.000000000002E-02);
#9578 = AXIS2_PLACEMENT_3D('',#9579,#9580,#9581);
#9579 = CARTESIAN_POINT('',(-17.49999995228,1.5,1.585));
#9580 = DIRECTION('',(0.,0.,-1.));
#9581 = DIRECTION('',(-9.542365120292E-07,-1.,-0.));
#9582 = ORIENTED_EDGE('',*,*,#9583,.T.);
#9583 = EDGE_CURVE('',#9575,#9584,#9586,.T.);
#9584 = VERTEX_POINT('',#9585);
#9585 = CARTESIAN_POINT('',(-16.4,1.55,1.585));
#9586 = LINE('',#9587,#9588);
#9587 = CARTESIAN_POINT('',(-17.5,1.55,1.585));
#9588 = VECTOR('',#9589,1.);
#9589 = DIRECTION('',(1.,0.,0.));
#9590 = ORIENTED_EDGE('',*,*,#9591,.T.);
#9591 = EDGE_CURVE('',#9584,#9592,#9594,.T.);
#9592 = VERTEX_POINT('',#9593);
#9593 = CARTESIAN_POINT('',(-16.4,1.45,1.585));
#9594 = CIRCLE('',#9595,5.000000000002E-02);
#9595 = AXIS2_PLACEMENT_3D('',#9596,#9597,#9598);
#9596 = CARTESIAN_POINT('',(-16.40000004771,1.5,1.585));
#9597 = DIRECTION('',(0.,0.,-1.));
#9598 = DIRECTION('',(9.542365120292E-07,1.,0.));
#9599 = ORIENTED_EDGE('',*,*,#9600,.T.);
#9600 = EDGE_CURVE('',#9592,#9573,#9601,.T.);
#9601 = LINE('',#9602,#9603);
#9602 = CARTESIAN_POINT('',(-16.4,1.45,1.585));
#9603 = VECTOR('',#9604,1.);
#9604 = DIRECTION('',(-1.,0.,0.));
#9605 = PLANE('',#9606);
#9606 = AXIS2_PLACEMENT_3D('',#9607,#9608,#9609);
#9607 = CARTESIAN_POINT('',(0.,0.,1.585));
#9608 = DIRECTION('',(0.,0.,1.));
#9609 = DIRECTION('',(1.,0.,-0.));
#9610 = SHELL_BASED_SURFACE_MODEL('',(#9611));
#9611 = OPEN_SHELL('',(#9612));
#9612 = ADVANCED_FACE('',(#9613),#9649,.T.);
#9613 = FACE_BOUND('',#9614,.F.);
#9614 = EDGE_LOOP('',(#9615,#9626,#9634,#9643));
#9615 = ORIENTED_EDGE('',*,*,#9616,.T.);
#9616 = EDGE_CURVE('',#9617,#9619,#9621,.T.);
#9617 = VERTEX_POINT('',#9618);
#9618 = CARTESIAN_POINT('',(-16.,1.45,1.585));
#9619 = VERTEX_POINT('',#9620);
#9620 = CARTESIAN_POINT('',(-16.,1.55,1.585));
#9621 = CIRCLE('',#9622,5.000000000002E-02);
#9622 = AXIS2_PLACEMENT_3D('',#9623,#9624,#9625);
#9623 = CARTESIAN_POINT('',(-15.99999995228,1.5,1.585));
#9624 = DIRECTION('',(0.,0.,-1.));
#9625 = DIRECTION('',(-9.542364765021E-07,-1.,-0.));
#9626 = ORIENTED_EDGE('',*,*,#9627,.T.);
#9627 = EDGE_CURVE('',#9619,#9628,#9630,.T.);
#9628 = VERTEX_POINT('',#9629);
#9629 = CARTESIAN_POINT('',(-14.9,1.55,1.585));
#9630 = LINE('',#9631,#9632);
#9631 = CARTESIAN_POINT('',(-16.,1.55,1.585));
#9632 = VECTOR('',#9633,1.);
#9633 = DIRECTION('',(1.,0.,0.));
#9634 = ORIENTED_EDGE('',*,*,#9635,.T.);
#9635 = EDGE_CURVE('',#9628,#9636,#9638,.T.);
#9636 = VERTEX_POINT('',#9637);
#9637 = CARTESIAN_POINT('',(-14.9,1.45,1.585));
#9638 = CIRCLE('',#9639,5.000000000002E-02);
#9639 = AXIS2_PLACEMENT_3D('',#9640,#9641,#9642);
#9640 = CARTESIAN_POINT('',(-14.90000004771,1.5,1.585));
#9641 = DIRECTION('',(0.,0.,-1.));
#9642 = DIRECTION('',(9.542364765021E-07,1.,0.));
#9643 = ORIENTED_EDGE('',*,*,#9644,.T.);
#9644 = EDGE_CURVE('',#9636,#9617,#9645,.T.);
#9645 = LINE('',#9646,#9647);
#9646 = CARTESIAN_POINT('',(-14.9,1.45,1.585));
#9647 = VECTOR('',#9648,1.);
#9648 = DIRECTION('',(-1.,0.,0.));
#9649 = PLANE('',#9650);
#9650 = AXIS2_PLACEMENT_3D('',#9651,#9652,#9653);
#9651 = CARTESIAN_POINT('',(0.,0.,1.585));
#9652 = DIRECTION('',(0.,0.,1.));
#9653 = DIRECTION('',(1.,0.,-0.));
#9654 = SHELL_BASED_SURFACE_MODEL('',(#9655));
#9655 = OPEN_SHELL('',(#9656));
#9656 = ADVANCED_FACE('',(#9657),#9693,.T.);
#9657 = FACE_BOUND('',#9658,.F.);
#9658 = EDGE_LOOP('',(#9659,#9670,#9678,#9687));
#9659 = ORIENTED_EDGE('',*,*,#9660,.T.);
#9660 = EDGE_CURVE('',#9661,#9663,#9665,.T.);
#9661 = VERTEX_POINT('',#9662);
#9662 = CARTESIAN_POINT('',(-3.,1.45,1.585));
#9663 = VERTEX_POINT('',#9664);
#9664 = CARTESIAN_POINT('',(-3.,1.55,1.585));
#9665 = CIRCLE('',#9666,5.000000000002E-02);
#9666 = AXIS2_PLACEMENT_3D('',#9667,#9668,#9669);
#9667 = CARTESIAN_POINT('',(-2.999999952288,1.5,1.585));
#9668 = DIRECTION('',(0.,0.,-1.));
#9669 = DIRECTION('',(-9.542364853839E-07,-1.,-0.));
#9670 = ORIENTED_EDGE('',*,*,#9671,.T.);
#9671 = EDGE_CURVE('',#9663,#9672,#9674,.T.);
#9672 = VERTEX_POINT('',#9673);
#9673 = CARTESIAN_POINT('',(-1.9,1.55,1.585));
#9674 = LINE('',#9675,#9676);
#9675 = CARTESIAN_POINT('',(-3.,1.55,1.585));
#9676 = VECTOR('',#9677,1.);
#9677 = DIRECTION('',(1.,0.,0.));
#9678 = ORIENTED_EDGE('',*,*,#9679,.T.);
#9679 = EDGE_CURVE('',#9672,#9680,#9682,.T.);
#9680 = VERTEX_POINT('',#9681);
#9681 = CARTESIAN_POINT('',(-1.9,1.45,1.585));
#9682 = CIRCLE('',#9683,5.000000000002E-02);
#9683 = AXIS2_PLACEMENT_3D('',#9684,#9685,#9686);
#9684 = CARTESIAN_POINT('',(-1.900000047712,1.5,1.585));
#9685 = DIRECTION('',(0.,0.,-1.));
#9686 = DIRECTION('',(9.542364853839E-07,1.,0.));
#9687 = ORIENTED_EDGE('',*,*,#9688,.T.);
#9688 = EDGE_CURVE('',#9680,#9661,#9689,.T.);
#9689 = LINE('',#9690,#9691);
#9690 = CARTESIAN_POINT('',(-1.9,1.45,1.585));
#9691 = VECTOR('',#9692,1.);
#9692 = DIRECTION('',(-1.,0.,0.));
#9693 = PLANE('',#9694);
#9694 = AXIS2_PLACEMENT_3D('',#9695,#9696,#9697);
#9695 = CARTESIAN_POINT('',(0.,0.,1.585));
#9696 = DIRECTION('',(0.,0.,1.));
#9697 = DIRECTION('',(1.,0.,-0.));
#9698 = SHELL_BASED_SURFACE_MODEL('',(#9699));
#9699 = OPEN_SHELL('',(#9700));
#9700 = ADVANCED_FACE('',(#9701),#9737,.T.);
#9701 = FACE_BOUND('',#9702,.F.);
#9702 = EDGE_LOOP('',(#9703,#9714,#9722,#9731));
#9703 = ORIENTED_EDGE('',*,*,#9704,.T.);
#9704 = EDGE_CURVE('',#9705,#9707,#9709,.T.);
#9705 = VERTEX_POINT('',#9706);
#9706 = CARTESIAN_POINT('',(-1.5,1.45,1.585));
#9707 = VERTEX_POINT('',#9708);
#9708 = CARTESIAN_POINT('',(-1.5,1.55,1.585));
#9709 = CIRCLE('',#9710,5.000000000002E-02);
#9710 = AXIS2_PLACEMENT_3D('',#9711,#9712,#9713);
#9711 = CARTESIAN_POINT('',(-1.499999952288,1.5,1.585));
#9712 = DIRECTION('',(0.,0.,-1.));
#9713 = DIRECTION('',(-9.54236480943E-07,-1.,-0.));
#9714 = ORIENTED_EDGE('',*,*,#9715,.T.);
#9715 = EDGE_CURVE('',#9707,#9716,#9718,.T.);
#9716 = VERTEX_POINT('',#9717);
#9717 = CARTESIAN_POINT('',(-0.4,1.55,1.585));
#9718 = LINE('',#9719,#9720);
#9719 = CARTESIAN_POINT('',(-1.5,1.55,1.585));
#9720 = VECTOR('',#9721,1.);
#9721 = DIRECTION('',(1.,0.,0.));
#9722 = ORIENTED_EDGE('',*,*,#9723,.T.);
#9723 = EDGE_CURVE('',#9716,#9724,#9726,.T.);
#9724 = VERTEX_POINT('',#9725);
#9725 = CARTESIAN_POINT('',(-0.4,1.45,1.585));
#9726 = CIRCLE('',#9727,5.000000000002E-02);
#9727 = AXIS2_PLACEMENT_3D('',#9728,#9729,#9730);
#9728 = CARTESIAN_POINT('',(-0.400000047712,1.5,1.585));
#9729 = DIRECTION('',(0.,0.,-1.));
#9730 = DIRECTION('',(9.54236480943E-07,1.,0.));
#9731 = ORIENTED_EDGE('',*,*,#9732,.T.);
#9732 = EDGE_CURVE('',#9724,#9705,#9733,.T.);
#9733 = LINE('',#9734,#9735);
#9734 = CARTESIAN_POINT('',(-0.4,1.45,1.585));
#9735 = VECTOR('',#9736,1.);
#9736 = DIRECTION('',(-1.,0.,0.));
#9737 = PLANE('',#9738);
#9738 = AXIS2_PLACEMENT_3D('',#9739,#9740,#9741);
#9739 = CARTESIAN_POINT('',(0.,0.,1.585));
#9740 = DIRECTION('',(0.,0.,1.));
#9741 = DIRECTION('',(1.,0.,-0.));
#9742 = SHELL_BASED_SURFACE_MODEL('',(#9743));
#9743 = OPEN_SHELL('',(#9744));
#9744 = ADVANCED_FACE('',(#9745),#9781,.T.);
#9745 = FACE_BOUND('',#9746,.F.);
#9746 = EDGE_LOOP('',(#9747,#9758,#9766,#9775));
#9747 = ORIENTED_EDGE('',*,*,#9748,.T.);
#9748 = EDGE_CURVE('',#9749,#9751,#9753,.T.);
#9749 = VERTEX_POINT('',#9750);
#9750 = CARTESIAN_POINT('',(0.,1.45,1.585));
#9751 = VERTEX_POINT('',#9752);
#9752 = CARTESIAN_POINT('',(-4.810855972829E-18,1.55,1.585));
#9753 = CIRCLE('',#9754,5.000000000002E-02);
#9754 = AXIS2_PLACEMENT_3D('',#9755,#9756,#9757);
#9755 = CARTESIAN_POINT('',(4.771182410095E-08,1.5,1.585));
#9756 = DIRECTION('',(0.,0.,-1.));
#9757 = DIRECTION('',(-9.542364820185E-07,-1.,-0.));
#9758 = ORIENTED_EDGE('',*,*,#9759,.T.);
#9759 = EDGE_CURVE('',#9751,#9760,#9762,.T.);
#9760 = VERTEX_POINT('',#9761);
#9761 = CARTESIAN_POINT('',(1.1,1.55,1.585));
#9762 = LINE('',#9763,#9764);
#9763 = CARTESIAN_POINT('',(0.,1.55,1.585));
#9764 = VECTOR('',#9765,1.);
#9765 = DIRECTION('',(1.,0.,0.));
#9766 = ORIENTED_EDGE('',*,*,#9767,.T.);
#9767 = EDGE_CURVE('',#9760,#9768,#9770,.T.);
#9768 = VERTEX_POINT('',#9769);
#9769 = CARTESIAN_POINT('',(1.1,1.45,1.585));
#9770 = CIRCLE('',#9771,5.000000000002E-02);
#9771 = AXIS2_PLACEMENT_3D('',#9772,#9773,#9774);
#9772 = CARTESIAN_POINT('',(1.099999952288,1.5,1.585));
#9773 = DIRECTION('',(0.,0.,-1.));
#9774 = DIRECTION('',(9.542364853839E-07,1.,0.));
#9775 = ORIENTED_EDGE('',*,*,#9776,.T.);
#9776 = EDGE_CURVE('',#9768,#9749,#9777,.T.);
#9777 = LINE('',#9778,#9779);
#9778 = CARTESIAN_POINT('',(1.1,1.45,1.585));
#9779 = VECTOR('',#9780,1.);
#9780 = DIRECTION('',(-1.,0.,0.));
#9781 = PLANE('',#9782);
#9782 = AXIS2_PLACEMENT_3D('',#9783,#9784,#9785);
#9783 = CARTESIAN_POINT('',(0.,0.,1.585));
#9784 = DIRECTION('',(0.,0.,1.));
#9785 = DIRECTION('',(1.,0.,-0.));
#9786 = SHELL_BASED_SURFACE_MODEL('',(#9787));
#9787 = OPEN_SHELL('',(#9788));
#9788 = ADVANCED_FACE('',(#9789),#9825,.T.);
#9789 = FACE_BOUND('',#9790,.F.);
#9790 = EDGE_LOOP('',(#9791,#9802,#9810,#9819));
#9791 = ORIENTED_EDGE('',*,*,#9792,.T.);
#9792 = EDGE_CURVE('',#9793,#9795,#9797,.T.);
#9793 = VERTEX_POINT('',#9794);
#9794 = CARTESIAN_POINT('',(1.5,1.45,1.585));
#9795 = VERTEX_POINT('',#9796);
#9796 = CARTESIAN_POINT('',(1.5,1.55,1.585));
#9797 = CIRCLE('',#9798,5.000000000002E-02);
#9798 = AXIS2_PLACEMENT_3D('',#9799,#9800,#9801);
#9799 = CARTESIAN_POINT('',(1.500000047712,1.5,1.585));
#9800 = DIRECTION('',(0.,0.,-1.));
#9801 = DIRECTION('',(-9.54236480943E-07,-1.,-0.));
#9802 = ORIENTED_EDGE('',*,*,#9803,.T.);
#9803 = EDGE_CURVE('',#9795,#9804,#9806,.T.);
#9804 = VERTEX_POINT('',#9805);
#9805 = CARTESIAN_POINT('',(2.6,1.55,1.585));
#9806 = LINE('',#9807,#9808);
#9807 = CARTESIAN_POINT('',(1.5,1.55,1.585));
#9808 = VECTOR('',#9809,1.);
#9809 = DIRECTION('',(1.,0.,0.));
#9810 = ORIENTED_EDGE('',*,*,#9811,.T.);
#9811 = EDGE_CURVE('',#9804,#9812,#9814,.T.);
#9812 = VERTEX_POINT('',#9813);
#9813 = CARTESIAN_POINT('',(2.6,1.45,1.585));
#9814 = CIRCLE('',#9815,5.000000000002E-02);
#9815 = AXIS2_PLACEMENT_3D('',#9816,#9817,#9818);
#9816 = CARTESIAN_POINT('',(2.599999952288,1.5,1.585));
#9817 = DIRECTION('',(0.,0.,-1.));
#9818 = DIRECTION('',(9.542364853839E-07,1.,0.));
#9819 = ORIENTED_EDGE('',*,*,#9820,.T.);
#9820 = EDGE_CURVE('',#9812,#9793,#9821,.T.);
#9821 = LINE('',#9822,#9823);
#9822 = CARTESIAN_POINT('',(2.6,1.45,1.585));
#9823 = VECTOR('',#9824,1.);
#9824 = DIRECTION('',(-1.,0.,0.));
#9825 = PLANE('',#9826);
#9826 = AXIS2_PLACEMENT_3D('',#9827,#9828,#9829);
#9827 = CARTESIAN_POINT('',(0.,0.,1.585));
#9828 = DIRECTION('',(0.,0.,1.));
#9829 = DIRECTION('',(1.,0.,-0.));
#9830 = SHELL_BASED_SURFACE_MODEL('',(#9831));
#9831 = OPEN_SHELL('',(#9832));
#9832 = ADVANCED_FACE('',(#9833),#9869,.T.);
#9833 = FACE_BOUND('',#9834,.F.);
#9834 = EDGE_LOOP('',(#9835,#9846,#9854,#9863));
#9835 = ORIENTED_EDGE('',*,*,#9836,.T.);
#9836 = EDGE_CURVE('',#9837,#9839,#9841,.T.);
#9837 = VERTEX_POINT('',#9838);
#9838 = CARTESIAN_POINT('',(3.,1.45,1.585));
#9839 = VERTEX_POINT('',#9840);
#9840 = CARTESIAN_POINT('',(3.,1.55,1.585));
#9841 = CIRCLE('',#9842,5.000000000002E-02);
#9842 = AXIS2_PLACEMENT_3D('',#9843,#9844,#9845);
#9843 = CARTESIAN_POINT('',(3.000000047712,1.5,1.585));
#9844 = DIRECTION('',(0.,0.,-1.));
#9845 = DIRECTION('',(-9.542364853839E-07,-1.,-0.));
#9846 = ORIENTED_EDGE('',*,*,#9847,.T.);
#9847 = EDGE_CURVE('',#9839,#9848,#9850,.T.);
#9848 = VERTEX_POINT('',#9849);
#9849 = CARTESIAN_POINT('',(4.1,1.55,1.585));
#9850 = LINE('',#9851,#9852);
#9851 = CARTESIAN_POINT('',(3.,1.55,1.585));
#9852 = VECTOR('',#9853,1.);
#9853 = DIRECTION('',(1.,0.,0.));
#9854 = ORIENTED_EDGE('',*,*,#9855,.T.);
#9855 = EDGE_CURVE('',#9848,#9856,#9858,.T.);
#9856 = VERTEX_POINT('',#9857);
#9857 = CARTESIAN_POINT('',(4.1,1.45,1.585));
#9858 = CIRCLE('',#9859,5.000000000002E-02);
#9859 = AXIS2_PLACEMENT_3D('',#9860,#9861,#9862);
#9860 = CARTESIAN_POINT('',(4.099999952288,1.5,1.585));
#9861 = DIRECTION('',(0.,0.,-1.));
#9862 = DIRECTION('',(9.542364765021E-07,1.,0.));
#9863 = ORIENTED_EDGE('',*,*,#9864,.T.);
#9864 = EDGE_CURVE('',#9856,#9837,#9865,.T.);
#9865 = LINE('',#9866,#9867);
#9866 = CARTESIAN_POINT('',(4.1,1.45,1.585));
#9867 = VECTOR('',#9868,1.);
#9868 = DIRECTION('',(-1.,0.,0.));
#9869 = PLANE('',#9870);
#9870 = AXIS2_PLACEMENT_3D('',#9871,#9872,#9873);
#9871 = CARTESIAN_POINT('',(0.,0.,1.585));
#9872 = DIRECTION('',(0.,0.,1.));
#9873 = DIRECTION('',(1.,0.,-0.));
#9874 = SHELL_BASED_SURFACE_MODEL('',(#9875));
#9875 = OPEN_SHELL('',(#9876));
#9876 = ADVANCED_FACE('',(#9877),#9913,.T.);
#9877 = FACE_BOUND('',#9878,.F.);
#9878 = EDGE_LOOP('',(#9879,#9890,#9898,#9907));
#9879 = ORIENTED_EDGE('',*,*,#9880,.T.);
#9880 = EDGE_CURVE('',#9881,#9883,#9885,.T.);
#9881 = VERTEX_POINT('',#9882);
#9882 = CARTESIAN_POINT('',(15.,1.45,1.585));
#9883 = VERTEX_POINT('',#9884);
#9884 = CARTESIAN_POINT('',(15.,1.55,1.585));
#9885 = CIRCLE('',#9886,5.000000000002E-02);
#9886 = AXIS2_PLACEMENT_3D('',#9887,#9888,#9889);
#9887 = CARTESIAN_POINT('',(15.000000047712,1.5,1.585));
#9888 = DIRECTION('',(0.,0.,-1.));
#9889 = DIRECTION('',(-9.542364765021E-07,-1.,-0.));
#9890 = ORIENTED_EDGE('',*,*,#9891,.T.);
#9891 = EDGE_CURVE('',#9883,#9892,#9894,.T.);
#9892 = VERTEX_POINT('',#9893);
#9893 = CARTESIAN_POINT('',(16.1,1.55,1.585));
#9894 = LINE('',#9895,#9896);
#9895 = CARTESIAN_POINT('',(15.,1.55,1.585));
#9896 = VECTOR('',#9897,1.);
#9897 = DIRECTION('',(1.,0.,0.));
#9898 = ORIENTED_EDGE('',*,*,#9899,.T.);
#9899 = EDGE_CURVE('',#9892,#9900,#9902,.T.);
#9900 = VERTEX_POINT('',#9901);
#9901 = CARTESIAN_POINT('',(16.1,1.45,1.585));
#9902 = CIRCLE('',#9903,5.000000000002E-02);
#9903 = AXIS2_PLACEMENT_3D('',#9904,#9905,#9906);
#9904 = CARTESIAN_POINT('',(16.099999952288,1.5,1.585));
#9905 = DIRECTION('',(0.,0.,-1.));
#9906 = DIRECTION('',(9.542365120292E-07,1.,0.));
#9907 = ORIENTED_EDGE('',*,*,#9908,.T.);
#9908 = EDGE_CURVE('',#9900,#9881,#9909,.T.);
#9909 = LINE('',#9910,#9911);
#9910 = CARTESIAN_POINT('',(16.1,1.45,1.585));
#9911 = VECTOR('',#9912,1.);
#9912 = DIRECTION('',(-1.,0.,0.));
#9913 = PLANE('',#9914);
#9914 = AXIS2_PLACEMENT_3D('',#9915,#9916,#9917);
#9915 = CARTESIAN_POINT('',(0.,0.,1.585));
#9916 = DIRECTION('',(0.,0.,1.));
#9917 = DIRECTION('',(1.,0.,-0.));
#9918 = SHELL_BASED_SURFACE_MODEL('',(#9919));
#9919 = OPEN_SHELL('',(#9920));
#9920 = ADVANCED_FACE('',(#9921),#9957,.T.);
#9921 = FACE_BOUND('',#9922,.F.);
#9922 = EDGE_LOOP('',(#9923,#9934,#9942,#9951));
#9923 = ORIENTED_EDGE('',*,*,#9924,.T.);
#9924 = EDGE_CURVE('',#9925,#9927,#9929,.T.);
#9925 = VERTEX_POINT('',#9926);
#9926 = CARTESIAN_POINT('',(16.5,1.45,1.585));
#9927 = VERTEX_POINT('',#9928);
#9928 = CARTESIAN_POINT('',(16.5,1.55,1.585));
#9929 = CIRCLE('',#9930,5.000000000002E-02);
#9930 = AXIS2_PLACEMENT_3D('',#9931,#9932,#9933);
#9931 = CARTESIAN_POINT('',(16.500000047712,1.5,1.585));
#9932 = DIRECTION('',(0.,0.,-1.));
#9933 = DIRECTION('',(-9.542365120292E-07,-1.,-0.));
#9934 = ORIENTED_EDGE('',*,*,#9935,.T.);
#9935 = EDGE_CURVE('',#9927,#9936,#9938,.T.);
#9936 = VERTEX_POINT('',#9937);
#9937 = CARTESIAN_POINT('',(17.6,1.55,1.585));
#9938 = LINE('',#9939,#9940);
#9939 = CARTESIAN_POINT('',(16.5,1.55,1.585));
#9940 = VECTOR('',#9941,1.);
#9941 = DIRECTION('',(1.,0.,0.));
#9942 = ORIENTED_EDGE('',*,*,#9943,.T.);
#9943 = EDGE_CURVE('',#9936,#9944,#9946,.T.);
#9944 = VERTEX_POINT('',#9945);
#9945 = CARTESIAN_POINT('',(17.6,1.45,1.585));
#9946 = CIRCLE('',#9947,5.000000000002E-02);
#9947 = AXIS2_PLACEMENT_3D('',#9948,#9949,#9950);
#9948 = CARTESIAN_POINT('',(17.599999952288,1.5,1.585));
#9949 = DIRECTION('',(0.,0.,-1.));
#9950 = DIRECTION('',(9.542365120292E-07,1.,0.));
#9951 = ORIENTED_EDGE('',*,*,#9952,.T.);
#9952 = EDGE_CURVE('',#9944,#9925,#9953,.T.);
#9953 = LINE('',#9954,#9955);
#9954 = CARTESIAN_POINT('',(17.6,1.45,1.585));
#9955 = VECTOR('',#9956,1.);
#9956 = DIRECTION('',(-1.,0.,0.));
#9957 = PLANE('',#9958);
#9958 = AXIS2_PLACEMENT_3D('',#9959,#9960,#9961);
#9959 = CARTESIAN_POINT('',(0.,0.,1.585));
#9960 = DIRECTION('',(0.,0.,1.));
#9961 = DIRECTION('',(1.,0.,-0.));
#9962 = SHELL_BASED_SURFACE_MODEL('',(#9963));
#9963 = OPEN_SHELL('',(#9964));
#9964 = ADVANCED_FACE('',(#9965),#10001,.T.);
#9965 = FACE_BOUND('',#9966,.F.);
#9966 = EDGE_LOOP('',(#9967,#9978,#9986,#9995));
#9967 = ORIENTED_EDGE('',*,*,#9968,.T.);
#9968 = EDGE_CURVE('',#9969,#9971,#9973,.T.);
#9969 = VERTEX_POINT('',#9970);
#9970 = CARTESIAN_POINT('',(18.,1.45,1.585));
#9971 = VERTEX_POINT('',#9972);
#9972 = CARTESIAN_POINT('',(18.,1.55,1.585));
#9973 = CIRCLE('',#9974,5.000000000002E-02);
#9974 = AXIS2_PLACEMENT_3D('',#9975,#9976,#9977);
#9975 = CARTESIAN_POINT('',(18.000000047712,1.5,1.585));
#9976 = DIRECTION('',(0.,0.,-1.));
#9977 = DIRECTION('',(-9.542365120292E-07,-1.,-0.));
#9978 = ORIENTED_EDGE('',*,*,#9979,.T.);
#9979 = EDGE_CURVE('',#9971,#9980,#9982,.T.);
#9980 = VERTEX_POINT('',#9981);
#9981 = CARTESIAN_POINT('',(19.1,1.55,1.585));
#9982 = LINE('',#9983,#9984);
#9983 = CARTESIAN_POINT('',(18.,1.55,1.585));
#9984 = VECTOR('',#9985,1.);
#9985 = DIRECTION('',(1.,0.,0.));
#9986 = ORIENTED_EDGE('',*,*,#9987,.T.);
#9987 = EDGE_CURVE('',#9980,#9988,#9990,.T.);
#9988 = VERTEX_POINT('',#9989);
#9989 = CARTESIAN_POINT('',(19.1,1.45,1.585));
#9990 = CIRCLE('',#9991,5.000000000002E-02);
#9991 = AXIS2_PLACEMENT_3D('',#9992,#9993,#9994);
#9992 = CARTESIAN_POINT('',(19.099999952288,1.5,1.585));
#9993 = DIRECTION('',(0.,0.,-1.));
#9994 = DIRECTION('',(9.542365120292E-07,1.,0.));
#9995 = ORIENTED_EDGE('',*,*,#9996,.T.);
#9996 = EDGE_CURVE('',#9988,#9969,#9997,.T.);
#9997 = LINE('',#9998,#9999);
#9998 = CARTESIAN_POINT('',(19.1,1.45,1.585));
#9999 = VECTOR('',#10000,1.);
#10000 = DIRECTION('',(-1.,0.,0.));
#10001 = PLANE('',#10002);
#10002 = AXIS2_PLACEMENT_3D('',#10003,#10004,#10005);
#10003 = CARTESIAN_POINT('',(0.,0.,1.585));
#10004 = DIRECTION('',(0.,0.,1.));
#10005 = DIRECTION('',(1.,0.,-0.));
#10006 = SHELL_BASED_SURFACE_MODEL('',(#10007));
#10007 = OPEN_SHELL('',(#10008));
#10008 = ADVANCED_FACE('',(#10009),#10045,.T.);
#10009 = FACE_BOUND('',#10010,.F.);
#10010 = EDGE_LOOP('',(#10011,#10022,#10030,#10039));
#10011 = ORIENTED_EDGE('',*,*,#10012,.T.);
#10012 = EDGE_CURVE('',#10013,#10015,#10017,.T.);
#10013 = VERTEX_POINT('',#10014);
#10014 = CARTESIAN_POINT('',(19.5,1.45,1.585));
#10015 = VERTEX_POINT('',#10016);
#10016 = CARTESIAN_POINT('',(19.5,1.55,1.585));
#10017 = CIRCLE('',#10018,5.000000000002E-02);
#10018 = AXIS2_PLACEMENT_3D('',#10019,#10020,#10021);
#10019 = CARTESIAN_POINT('',(19.500000047712,1.5,1.585));
#10020 = DIRECTION('',(0.,0.,-1.));
#10021 = DIRECTION('',(-9.542365120292E-07,-1.,-0.));
#10022 = ORIENTED_EDGE('',*,*,#10023,.T.);
#10023 = EDGE_CURVE('',#10015,#10024,#10026,.T.);
#10024 = VERTEX_POINT('',#10025);
#10025 = CARTESIAN_POINT('',(20.6,1.55,1.585));
#10026 = LINE('',#10027,#10028);
#10027 = CARTESIAN_POINT('',(19.5,1.55,1.585));
#10028 = VECTOR('',#10029,1.);
#10029 = DIRECTION('',(1.,0.,0.));
#10030 = ORIENTED_EDGE('',*,*,#10031,.T.);
#10031 = EDGE_CURVE('',#10024,#10032,#10034,.T.);
#10032 = VERTEX_POINT('',#10033);
#10033 = CARTESIAN_POINT('',(20.6,1.45,1.585));
#10034 = CIRCLE('',#10035,5.000000000002E-02);
#10035 = AXIS2_PLACEMENT_3D('',#10036,#10037,#10038);
#10036 = CARTESIAN_POINT('',(20.599999952288,1.5,1.585));
#10037 = DIRECTION('',(0.,0.,-1.));
#10038 = DIRECTION('',(9.542365120292E-07,1.,0.));
#10039 = ORIENTED_EDGE('',*,*,#10040,.T.);
#10040 = EDGE_CURVE('',#10032,#10013,#10041,.T.);
#10041 = LINE('',#10042,#10043);
#10042 = CARTESIAN_POINT('',(20.6,1.45,1.585));
#10043 = VECTOR('',#10044,1.);
#10044 = DIRECTION('',(-1.,0.,0.));
#10045 = PLANE('',#10046);
#10046 = AXIS2_PLACEMENT_3D('',#10047,#10048,#10049);
#10047 = CARTESIAN_POINT('',(0.,0.,1.585));
#10048 = DIRECTION('',(0.,0.,1.));
#10049 = DIRECTION('',(1.,0.,-0.));
#10050 = SHELL_BASED_SURFACE_MODEL('',(#10051));
#10051 = OPEN_SHELL('',(#10052));
#10052 = ADVANCED_FACE('',(#10053),#10089,.T.);
#10053 = FACE_BOUND('',#10054,.F.);
#10054 = EDGE_LOOP('',(#10055,#10066,#10074,#10083));
#10055 = ORIENTED_EDGE('',*,*,#10056,.T.);
#10056 = EDGE_CURVE('',#10057,#10059,#10061,.T.);
#10057 = VERTEX_POINT('',#10058);
#10058 = CARTESIAN_POINT('',(21.,1.45,1.585));
#10059 = VERTEX_POINT('',#10060);
#10060 = CARTESIAN_POINT('',(21.,1.55,1.585));
#10061 = CIRCLE('',#10062,5.000000000002E-02);
#10062 = AXIS2_PLACEMENT_3D('',#10063,#10064,#10065);
#10063 = CARTESIAN_POINT('',(21.000000047712,1.5,1.585));
#10064 = DIRECTION('',(0.,0.,-1.));
#10065 = DIRECTION('',(-9.542365120292E-07,-1.,-0.));
#10066 = ORIENTED_EDGE('',*,*,#10067,.T.);
#10067 = EDGE_CURVE('',#10059,#10068,#10070,.T.);
#10068 = VERTEX_POINT('',#10069);
#10069 = CARTESIAN_POINT('',(22.1,1.55,1.585));
#10070 = LINE('',#10071,#10072);
#10071 = CARTESIAN_POINT('',(21.,1.55,1.585));
#10072 = VECTOR('',#10073,1.);
#10073 = DIRECTION('',(1.,0.,0.));
#10074 = ORIENTED_EDGE('',*,*,#10075,.T.);
#10075 = EDGE_CURVE('',#10068,#10076,#10078,.T.);
#10076 = VERTEX_POINT('',#10077);
#10077 = CARTESIAN_POINT('',(22.1,1.45,1.585));
#10078 = CIRCLE('',#10079,5.000000000002E-02);
#10079 = AXIS2_PLACEMENT_3D('',#10080,#10081,#10082);
#10080 = CARTESIAN_POINT('',(22.099999952288,1.5,1.585));
#10081 = DIRECTION('',(0.,0.,-1.));
#10082 = DIRECTION('',(9.542365120292E-07,1.,0.));
#10083 = ORIENTED_EDGE('',*,*,#10084,.T.);
#10084 = EDGE_CURVE('',#10076,#10057,#10085,.T.);
#10085 = LINE('',#10086,#10087);
#10086 = CARTESIAN_POINT('',(22.1,1.45,1.585));
#10087 = VECTOR('',#10088,1.);
#10088 = DIRECTION('',(-1.,0.,0.));
#10089 = PLANE('',#10090);
#10090 = AXIS2_PLACEMENT_3D('',#10091,#10092,#10093);
#10091 = CARTESIAN_POINT('',(0.,0.,1.585));
#10092 = DIRECTION('',(0.,0.,1.));
#10093 = DIRECTION('',(1.,0.,-0.));
#10094 = SHELL_BASED_SURFACE_MODEL('',(#10095));
#10095 = OPEN_SHELL('',(#10096));
#10096 = ADVANCED_FACE('',(#10097),#10215,.T.);
#10097 = FACE_BOUND('',#10098,.F.);
#10098 = EDGE_LOOP('',(#10099,#10110,#10118,#10126,#10135,#10143,#10151,
    #10160,#10168,#10176,#10185,#10193,#10201,#10209));
#10099 = ORIENTED_EDGE('',*,*,#10100,.T.);
#10100 = EDGE_CURVE('',#10101,#10103,#10105,.T.);
#10101 = VERTEX_POINT('',#10102);
#10102 = CARTESIAN_POINT('',(-24.441668,2.869089,1.585));
#10103 = VERTEX_POINT('',#10104);
#10104 = CARTESIAN_POINT('',(-24.325,2.806729,1.585));
#10105 = CIRCLE('',#10106,7.500000000003E-02);
#10106 = AXIS2_PLACEMENT_3D('',#10107,#10108,#10109);
#10107 = CARTESIAN_POINT('',(-24.4,2.806728934445,1.585));
#10108 = DIRECTION('',(0.,0.,-1.));
#10109 = DIRECTION('',(-0.555573333333,0.831467540731,0.));
#10110 = ORIENTED_EDGE('',*,*,#10111,.T.);
#10111 = EDGE_CURVE('',#10103,#10112,#10114,.T.);
#10112 = VERTEX_POINT('',#10113);
#10113 = CARTESIAN_POINT('',(-24.325,2.3103,1.585));
#10114 = LINE('',#10115,#10116);
#10115 = CARTESIAN_POINT('',(-24.325,2.806729,1.585));
#10116 = VECTOR('',#10117,1.);
#10117 = DIRECTION('',(0.,-1.,0.));
#10118 = ORIENTED_EDGE('',*,*,#10119,.T.);
#10119 = EDGE_CURVE('',#10112,#10120,#10122,.T.);
#10120 = VERTEX_POINT('',#10121);
#10121 = CARTESIAN_POINT('',(-23.813939,2.308859,1.585));
#10122 = LINE('',#10123,#10124);
#10123 = CARTESIAN_POINT('',(-24.325,2.3103,1.585));
#10124 = VECTOR('',#10125,1.);
#10125 = DIRECTION('',(0.999996024883,-2.819613063522E-03,0.));
#10126 = ORIENTED_EDGE('',*,*,#10127,.T.);
#10127 = EDGE_CURVE('',#10120,#10128,#10130,.T.);
#10128 = VERTEX_POINT('',#10129);
#10129 = CARTESIAN_POINT('',(-23.828571,2.1603,1.585));
#10130 = CIRCLE('',#10131,7.500006711464E-02);
#10131 = AXIS2_PLACEMENT_3D('',#10132,#10133,#10134);
#10132 = CARTESIAN_POINT('',(-23.82857093288,2.235300067115,1.585));
#10133 = DIRECTION('',(0.,0.,-1.));
#10134 = DIRECTION('',(0.195092263891,0.980784894138,0.));
#10135 = ORIENTED_EDGE('',*,*,#10136,.T.);
#10136 = EDGE_CURVE('',#10128,#10137,#10139,.T.);
#10137 = VERTEX_POINT('',#10138);
#10138 = CARTESIAN_POINT('',(-24.325,2.1603,1.585));
#10139 = LINE('',#10140,#10141);
#10140 = CARTESIAN_POINT('',(-23.828571,2.1603,1.585));
#10141 = VECTOR('',#10142,1.);
#10142 = DIRECTION('',(-1.,0.,0.));
#10143 = ORIENTED_EDGE('',*,*,#10144,.T.);
#10144 = EDGE_CURVE('',#10137,#10145,#10147,.T.);
#10145 = VERTEX_POINT('',#10146);
#10146 = CARTESIAN_POINT('',(-24.326441,1.64924,1.585));
#10147 = LINE('',#10148,#10149);
#10148 = CARTESIAN_POINT('',(-24.325,2.1603,1.585));
#10149 = VECTOR('',#10150,1.);
#10150 = DIRECTION('',(-2.819618580664E-03,-0.999996024868,0.));
#10151 = ORIENTED_EDGE('',*,*,#10152,.T.);
#10152 = EDGE_CURVE('',#10145,#10153,#10155,.T.);
#10153 = VERTEX_POINT('',#10154);
#10154 = CARTESIAN_POINT('',(-24.475,1.663872,1.585));
#10155 = CIRCLE('',#10156,7.500006711464E-02);
#10156 = AXIS2_PLACEMENT_3D('',#10157,#10158,#10159);
#10157 = CARTESIAN_POINT('',(-24.39999993288,1.663871932885,1.585));
#10158 = DIRECTION('',(-0.,0.,-1.));
#10159 = DIRECTION('',(0.980784894138,-0.195092263891,-0.));
#10160 = ORIENTED_EDGE('',*,*,#10161,.T.);
#10161 = EDGE_CURVE('',#10153,#10162,#10164,.T.);
#10162 = VERTEX_POINT('',#10163);
#10163 = CARTESIAN_POINT('',(-24.475,2.1603,1.585));
#10164 = LINE('',#10165,#10166);
#10165 = CARTESIAN_POINT('',(-24.475,1.663872,1.585));
#10166 = VECTOR('',#10167,1.);
#10167 = DIRECTION('',(0.,1.,0.));
#10168 = ORIENTED_EDGE('',*,*,#10169,.T.);
#10169 = EDGE_CURVE('',#10162,#10170,#10172,.T.);
#10170 = VERTEX_POINT('',#10171);
#10171 = CARTESIAN_POINT('',(-24.986061,2.161741,1.585));
#10172 = LINE('',#10173,#10174);
#10173 = CARTESIAN_POINT('',(-24.475,2.1603,1.585));
#10174 = VECTOR('',#10175,1.);
#10175 = DIRECTION('',(-0.999996024883,2.819613063523E-03,0.));
#10176 = ORIENTED_EDGE('',*,*,#10177,.T.);
#10177 = EDGE_CURVE('',#10170,#10178,#10180,.T.);
#10178 = VERTEX_POINT('',#10179);
#10179 = CARTESIAN_POINT('',(-24.971429,2.3103,1.585));
#10180 = CIRCLE('',#10181,7.500006711464E-02);
#10181 = AXIS2_PLACEMENT_3D('',#10182,#10183,#10184);
#10182 = CARTESIAN_POINT('',(-24.97142906711,2.235299932885,1.585));
#10183 = DIRECTION('',(0.,0.,-1.));
#10184 = DIRECTION('',(-0.195092263891,-0.980784894138,-0.));
#10185 = ORIENTED_EDGE('',*,*,#10186,.T.);
#10186 = EDGE_CURVE('',#10178,#10187,#10189,.T.);
#10187 = VERTEX_POINT('',#10188);
#10188 = CARTESIAN_POINT('',(-24.475,2.3103,1.585));
#10189 = LINE('',#10190,#10191);
#10190 = CARTESIAN_POINT('',(-24.971429,2.3103,1.585));
#10191 = VECTOR('',#10192,1.);
#10192 = DIRECTION('',(1.,0.,0.));
#10193 = ORIENTED_EDGE('',*,*,#10194,.T.);
#10194 = EDGE_CURVE('',#10187,#10195,#10197,.T.);
#10195 = VERTEX_POINT('',#10196);
#10196 = CARTESIAN_POINT('',(-24.473559,2.821361,1.585));
#10197 = LINE('',#10198,#10199);
#10198 = CARTESIAN_POINT('',(-24.475,2.3103,1.585));
#10199 = VECTOR('',#10200,1.);
#10200 = DIRECTION('',(2.819613063522E-03,0.999996024883,0.));
#10201 = ORIENTED_EDGE('',*,*,#10202,.T.);
#10202 = EDGE_CURVE('',#10195,#10203,#10205,.T.);
#10203 = VERTEX_POINT('',#10204);
#10204 = CARTESIAN_POINT('',(-24.46236,2.848397,1.585));
#10205 = LINE('',#10206,#10207);
#10206 = CARTESIAN_POINT('',(-24.473559,2.821361,1.585));
#10207 = VECTOR('',#10208,1.);
#10208 = DIRECTION('',(0.38269282806,0.923875640631,0.));
#10209 = ORIENTED_EDGE('',*,*,#10210,.T.);
#10210 = EDGE_CURVE('',#10203,#10101,#10211,.T.);
#10211 = LINE('',#10212,#10213);
#10212 = CARTESIAN_POINT('',(-24.46236,2.848397,1.585));
#10213 = VECTOR('',#10214,1.);
#10214 = DIRECTION('',(0.707106781187,0.707106781187,0.));
#10215 = PLANE('',#10216);
#10216 = AXIS2_PLACEMENT_3D('',#10217,#10218,#10219);
#10217 = CARTESIAN_POINT('',(0.,0.,1.585));
#10218 = DIRECTION('',(0.,0.,1.));
#10219 = DIRECTION('',(1.,0.,-0.));
#10220 = SHELL_BASED_SURFACE_MODEL('',(#10221));
#10221 = OPEN_SHELL('',(#10222));
#10222 = ADVANCED_FACE('',(#10223),#10341,.T.);
#10223 = FACE_BOUND('',#10224,.F.);
#10224 = EDGE_LOOP('',(#10225,#10236,#10244,#10252,#10261,#10269,#10277,
    #10286,#10294,#10302,#10311,#10319,#10327,#10335));
#10225 = ORIENTED_EDGE('',*,*,#10226,.T.);
#10226 = EDGE_CURVE('',#10227,#10229,#10231,.T.);
#10227 = VERTEX_POINT('',#10228);
#10228 = CARTESIAN_POINT('',(-5.441668,2.869089,1.585));
#10229 = VERTEX_POINT('',#10230);
#10230 = CARTESIAN_POINT('',(-5.325,2.806729,1.585));
#10231 = CIRCLE('',#10232,7.500000000003E-02);
#10232 = AXIS2_PLACEMENT_3D('',#10233,#10234,#10235);
#10233 = CARTESIAN_POINT('',(-5.4,2.806728934445,1.585));
#10234 = DIRECTION('',(0.,0.,-1.));
#10235 = DIRECTION('',(-0.555573333333,0.831467540731,0.));
#10236 = ORIENTED_EDGE('',*,*,#10237,.T.);
#10237 = EDGE_CURVE('',#10229,#10238,#10240,.T.);
#10238 = VERTEX_POINT('',#10239);
#10239 = CARTESIAN_POINT('',(-5.325,2.3103,1.585));
#10240 = LINE('',#10241,#10242);
#10241 = CARTESIAN_POINT('',(-5.325,2.806729,1.585));
#10242 = VECTOR('',#10243,1.);
#10243 = DIRECTION('',(0.,-1.,0.));
#10244 = ORIENTED_EDGE('',*,*,#10245,.T.);
#10245 = EDGE_CURVE('',#10238,#10246,#10248,.T.);
#10246 = VERTEX_POINT('',#10247);
#10247 = CARTESIAN_POINT('',(-4.813939,2.308859,1.585));
#10248 = LINE('',#10249,#10250);
#10249 = CARTESIAN_POINT('',(-5.325,2.3103,1.585));
#10250 = VECTOR('',#10251,1.);
#10251 = DIRECTION('',(0.999996024883,-2.819613063522E-03,0.));
#10252 = ORIENTED_EDGE('',*,*,#10253,.T.);
#10253 = EDGE_CURVE('',#10246,#10254,#10256,.T.);
#10254 = VERTEX_POINT('',#10255);
#10255 = CARTESIAN_POINT('',(-4.828571,2.1603,1.585));
#10256 = CIRCLE('',#10257,7.500006711464E-02);
#10257 = AXIS2_PLACEMENT_3D('',#10258,#10259,#10260);
#10258 = CARTESIAN_POINT('',(-4.828570932885,2.235300067115,1.585));
#10259 = DIRECTION('',(0.,0.,-1.));
#10260 = DIRECTION('',(0.195092263891,0.980784894138,0.));
#10261 = ORIENTED_EDGE('',*,*,#10262,.T.);
#10262 = EDGE_CURVE('',#10254,#10263,#10265,.T.);
#10263 = VERTEX_POINT('',#10264);
#10264 = CARTESIAN_POINT('',(-5.325,2.1603,1.585));
#10265 = LINE('',#10266,#10267);
#10266 = CARTESIAN_POINT('',(-4.828571,2.1603,1.585));
#10267 = VECTOR('',#10268,1.);
#10268 = DIRECTION('',(-1.,0.,0.));
#10269 = ORIENTED_EDGE('',*,*,#10270,.T.);
#10270 = EDGE_CURVE('',#10263,#10271,#10273,.T.);
#10271 = VERTEX_POINT('',#10272);
#10272 = CARTESIAN_POINT('',(-5.326441,1.64924,1.585));
#10273 = LINE('',#10274,#10275);
#10274 = CARTESIAN_POINT('',(-5.325,2.1603,1.585));
#10275 = VECTOR('',#10276,1.);
#10276 = DIRECTION('',(-2.819618580664E-03,-0.999996024868,0.));
#10277 = ORIENTED_EDGE('',*,*,#10278,.T.);
#10278 = EDGE_CURVE('',#10271,#10279,#10281,.T.);
#10279 = VERTEX_POINT('',#10280);
#10280 = CARTESIAN_POINT('',(-5.475,1.663872,1.585));
#10281 = CIRCLE('',#10282,7.500006711464E-02);
#10282 = AXIS2_PLACEMENT_3D('',#10283,#10284,#10285);
#10283 = CARTESIAN_POINT('',(-5.399999932885,1.663871932885,1.585));
#10284 = DIRECTION('',(-0.,0.,-1.));
#10285 = DIRECTION('',(0.980784894138,-0.195092263891,-0.));
#10286 = ORIENTED_EDGE('',*,*,#10287,.T.);
#10287 = EDGE_CURVE('',#10279,#10288,#10290,.T.);
#10288 = VERTEX_POINT('',#10289);
#10289 = CARTESIAN_POINT('',(-5.475,2.1603,1.585));
#10290 = LINE('',#10291,#10292);
#10291 = CARTESIAN_POINT('',(-5.475,1.663872,1.585));
#10292 = VECTOR('',#10293,1.);
#10293 = DIRECTION('',(0.,1.,0.));
#10294 = ORIENTED_EDGE('',*,*,#10295,.T.);
#10295 = EDGE_CURVE('',#10288,#10296,#10298,.T.);
#10296 = VERTEX_POINT('',#10297);
#10297 = CARTESIAN_POINT('',(-5.986061,2.161741,1.585));
#10298 = LINE('',#10299,#10300);
#10299 = CARTESIAN_POINT('',(-5.475,2.1603,1.585));
#10300 = VECTOR('',#10301,1.);
#10301 = DIRECTION('',(-0.999996024883,2.819613063523E-03,0.));
#10302 = ORIENTED_EDGE('',*,*,#10303,.T.);
#10303 = EDGE_CURVE('',#10296,#10304,#10306,.T.);
#10304 = VERTEX_POINT('',#10305);
#10305 = CARTESIAN_POINT('',(-5.971429,2.3103,1.585));
#10306 = CIRCLE('',#10307,7.500006711464E-02);
#10307 = AXIS2_PLACEMENT_3D('',#10308,#10309,#10310);
#10308 = CARTESIAN_POINT('',(-5.971429067115,2.235299932885,1.585));
#10309 = DIRECTION('',(0.,0.,-1.));
#10310 = DIRECTION('',(-0.195092263891,-0.980784894138,-0.));
#10311 = ORIENTED_EDGE('',*,*,#10312,.T.);
#10312 = EDGE_CURVE('',#10304,#10313,#10315,.T.);
#10313 = VERTEX_POINT('',#10314);
#10314 = CARTESIAN_POINT('',(-5.475,2.3103,1.585));
#10315 = LINE('',#10316,#10317);
#10316 = CARTESIAN_POINT('',(-5.971429,2.3103,1.585));
#10317 = VECTOR('',#10318,1.);
#10318 = DIRECTION('',(1.,0.,0.));
#10319 = ORIENTED_EDGE('',*,*,#10320,.T.);
#10320 = EDGE_CURVE('',#10313,#10321,#10323,.T.);
#10321 = VERTEX_POINT('',#10322);
#10322 = CARTESIAN_POINT('',(-5.473559,2.821361,1.585));
#10323 = LINE('',#10324,#10325);
#10324 = CARTESIAN_POINT('',(-5.475,2.3103,1.585));
#10325 = VECTOR('',#10326,1.);
#10326 = DIRECTION('',(2.819613063522E-03,0.999996024883,0.));
#10327 = ORIENTED_EDGE('',*,*,#10328,.T.);
#10328 = EDGE_CURVE('',#10321,#10329,#10331,.T.);
#10329 = VERTEX_POINT('',#10330);
#10330 = CARTESIAN_POINT('',(-5.46236,2.848397,1.585));
#10331 = LINE('',#10332,#10333);
#10332 = CARTESIAN_POINT('',(-5.473559,2.821361,1.585));
#10333 = VECTOR('',#10334,1.);
#10334 = DIRECTION('',(0.38269282806,0.923875640631,0.));
#10335 = ORIENTED_EDGE('',*,*,#10336,.T.);
#10336 = EDGE_CURVE('',#10329,#10227,#10337,.T.);
#10337 = LINE('',#10338,#10339);
#10338 = CARTESIAN_POINT('',(-5.46236,2.848397,1.585));
#10339 = VECTOR('',#10340,1.);
#10340 = DIRECTION('',(0.707106781187,0.707106781187,0.));
#10341 = PLANE('',#10342);
#10342 = AXIS2_PLACEMENT_3D('',#10343,#10344,#10345);
#10343 = CARTESIAN_POINT('',(0.,0.,1.585));
#10344 = DIRECTION('',(0.,0.,1.));
#10345 = DIRECTION('',(1.,0.,-0.));
#10346 = SHELL_BASED_SURFACE_MODEL('',(#10347));
#10347 = OPEN_SHELL('',(#10348));
#10348 = ADVANCED_FACE('',(#10349),#10467,.T.);
#10349 = FACE_BOUND('',#10350,.F.);
#10350 = EDGE_LOOP('',(#10351,#10362,#10370,#10378,#10387,#10395,#10403,
    #10412,#10420,#10428,#10437,#10445,#10453,#10461));
#10351 = ORIENTED_EDGE('',*,*,#10352,.T.);
#10352 = EDGE_CURVE('',#10353,#10355,#10357,.T.);
#10353 = VERTEX_POINT('',#10354);
#10354 = CARTESIAN_POINT('',(12.558332,2.869089,1.585));
#10355 = VERTEX_POINT('',#10356);
#10356 = CARTESIAN_POINT('',(12.675,2.806729,1.585));
#10357 = CIRCLE('',#10358,7.500000000003E-02);
#10358 = AXIS2_PLACEMENT_3D('',#10359,#10360,#10361);
#10359 = CARTESIAN_POINT('',(12.6,2.806728934445,1.585));
#10360 = DIRECTION('',(0.,0.,-1.));
#10361 = DIRECTION('',(-0.555573333333,0.831467540731,0.));
#10362 = ORIENTED_EDGE('',*,*,#10363,.T.);
#10363 = EDGE_CURVE('',#10355,#10364,#10366,.T.);
#10364 = VERTEX_POINT('',#10365);
#10365 = CARTESIAN_POINT('',(12.675,2.3103,1.585));
#10366 = LINE('',#10367,#10368);
#10367 = CARTESIAN_POINT('',(12.675,2.806729,1.585));
#10368 = VECTOR('',#10369,1.);
#10369 = DIRECTION('',(0.,-1.,0.));
#10370 = ORIENTED_EDGE('',*,*,#10371,.T.);
#10371 = EDGE_CURVE('',#10364,#10372,#10374,.T.);
#10372 = VERTEX_POINT('',#10373);
#10373 = CARTESIAN_POINT('',(13.186061,2.308859,1.585));
#10374 = LINE('',#10375,#10376);
#10375 = CARTESIAN_POINT('',(12.675,2.3103,1.585));
#10376 = VECTOR('',#10377,1.);
#10377 = DIRECTION('',(0.999996024883,-2.819613063522E-03,0.));
#10378 = ORIENTED_EDGE('',*,*,#10379,.T.);
#10379 = EDGE_CURVE('',#10372,#10380,#10382,.T.);
#10380 = VERTEX_POINT('',#10381);
#10381 = CARTESIAN_POINT('',(13.171429,2.1603,1.585));
#10382 = CIRCLE('',#10383,7.500006711464E-02);
#10383 = AXIS2_PLACEMENT_3D('',#10384,#10385,#10386);
#10384 = CARTESIAN_POINT('',(13.171429067115,2.235300067115,1.585));
#10385 = DIRECTION('',(0.,0.,-1.));
#10386 = DIRECTION('',(0.195092263891,0.980784894138,0.));
#10387 = ORIENTED_EDGE('',*,*,#10388,.T.);
#10388 = EDGE_CURVE('',#10380,#10389,#10391,.T.);
#10389 = VERTEX_POINT('',#10390);
#10390 = CARTESIAN_POINT('',(12.675,2.1603,1.585));
#10391 = LINE('',#10392,#10393);
#10392 = CARTESIAN_POINT('',(13.171429,2.1603,1.585));
#10393 = VECTOR('',#10394,1.);
#10394 = DIRECTION('',(-1.,0.,0.));
#10395 = ORIENTED_EDGE('',*,*,#10396,.T.);
#10396 = EDGE_CURVE('',#10389,#10397,#10399,.T.);
#10397 = VERTEX_POINT('',#10398);
#10398 = CARTESIAN_POINT('',(12.673559,1.64924,1.585));
#10399 = LINE('',#10400,#10401);
#10400 = CARTESIAN_POINT('',(12.675,2.1603,1.585));
#10401 = VECTOR('',#10402,1.);
#10402 = DIRECTION('',(-2.819618580667E-03,-0.999996024868,0.));
#10403 = ORIENTED_EDGE('',*,*,#10404,.T.);
#10404 = EDGE_CURVE('',#10397,#10405,#10407,.T.);
#10405 = VERTEX_POINT('',#10406);
#10406 = CARTESIAN_POINT('',(12.525,1.663872,1.585));
#10407 = CIRCLE('',#10408,7.500006711464E-02);
#10408 = AXIS2_PLACEMENT_3D('',#10409,#10410,#10411);
#10409 = CARTESIAN_POINT('',(12.600000067115,1.663871932885,1.585));
#10410 = DIRECTION('',(-0.,0.,-1.));
#10411 = DIRECTION('',(0.980784894138,-0.195092263891,-0.));
#10412 = ORIENTED_EDGE('',*,*,#10413,.T.);
#10413 = EDGE_CURVE('',#10405,#10414,#10416,.T.);
#10414 = VERTEX_POINT('',#10415);
#10415 = CARTESIAN_POINT('',(12.525,2.1603,1.585));
#10416 = LINE('',#10417,#10418);
#10417 = CARTESIAN_POINT('',(12.525,1.663872,1.585));
#10418 = VECTOR('',#10419,1.);
#10419 = DIRECTION('',(0.,1.,0.));
#10420 = ORIENTED_EDGE('',*,*,#10421,.T.);
#10421 = EDGE_CURVE('',#10414,#10422,#10424,.T.);
#10422 = VERTEX_POINT('',#10423);
#10423 = CARTESIAN_POINT('',(12.013939,2.161741,1.585));
#10424 = LINE('',#10425,#10426);
#10425 = CARTESIAN_POINT('',(12.525,2.1603,1.585));
#10426 = VECTOR('',#10427,1.);
#10427 = DIRECTION('',(-0.999996024883,2.819613063523E-03,0.));
#10428 = ORIENTED_EDGE('',*,*,#10429,.T.);
#10429 = EDGE_CURVE('',#10422,#10430,#10432,.T.);
#10430 = VERTEX_POINT('',#10431);
#10431 = CARTESIAN_POINT('',(12.028571,2.3103,1.585));
#10432 = CIRCLE('',#10433,7.500006711464E-02);
#10433 = AXIS2_PLACEMENT_3D('',#10434,#10435,#10436);
#10434 = CARTESIAN_POINT('',(12.028570932885,2.235299932885,1.585));
#10435 = DIRECTION('',(0.,0.,-1.));
#10436 = DIRECTION('',(-0.195092263891,-0.980784894138,-0.));
#10437 = ORIENTED_EDGE('',*,*,#10438,.T.);
#10438 = EDGE_CURVE('',#10430,#10439,#10441,.T.);
#10439 = VERTEX_POINT('',#10440);
#10440 = CARTESIAN_POINT('',(12.525,2.3103,1.585));
#10441 = LINE('',#10442,#10443);
#10442 = CARTESIAN_POINT('',(12.028571,2.3103,1.585));
#10443 = VECTOR('',#10444,1.);
#10444 = DIRECTION('',(1.,0.,0.));
#10445 = ORIENTED_EDGE('',*,*,#10446,.T.);
#10446 = EDGE_CURVE('',#10439,#10447,#10449,.T.);
#10447 = VERTEX_POINT('',#10448);
#10448 = CARTESIAN_POINT('',(12.526441,2.821361,1.585));
#10449 = LINE('',#10450,#10451);
#10450 = CARTESIAN_POINT('',(12.525,2.3103,1.585));
#10451 = VECTOR('',#10452,1.);
#10452 = DIRECTION('',(2.819613063522E-03,0.999996024883,0.));
#10453 = ORIENTED_EDGE('',*,*,#10454,.T.);
#10454 = EDGE_CURVE('',#10447,#10455,#10457,.T.);
#10455 = VERTEX_POINT('',#10456);
#10456 = CARTESIAN_POINT('',(12.53764,2.848397,1.585));
#10457 = LINE('',#10458,#10459);
#10458 = CARTESIAN_POINT('',(12.526441,2.821361,1.585));
#10459 = VECTOR('',#10460,1.);
#10460 = DIRECTION('',(0.38269282806,0.923875640631,0.));
#10461 = ORIENTED_EDGE('',*,*,#10462,.T.);
#10462 = EDGE_CURVE('',#10455,#10353,#10463,.T.);
#10463 = LINE('',#10464,#10465);
#10464 = CARTESIAN_POINT('',(12.53764,2.848397,1.585));
#10465 = VECTOR('',#10466,1.);
#10466 = DIRECTION('',(0.707106781187,0.707106781187,0.));
#10467 = PLANE('',#10468);
#10468 = AXIS2_PLACEMENT_3D('',#10469,#10470,#10471);
#10469 = CARTESIAN_POINT('',(0.,0.,1.585));
#10470 = DIRECTION('',(0.,0.,1.));
#10471 = DIRECTION('',(1.,0.,-0.));
#10472 = SHELL_BASED_SURFACE_MODEL('',(#10473));
#10473 = OPEN_SHELL('',(#10474));
#10474 = ADVANCED_FACE('',(#10475),#10511,.T.);
#10475 = FACE_BOUND('',#10476,.F.);
#10476 = EDGE_LOOP('',(#10477,#10488,#10496,#10505));
#10477 = ORIENTED_EDGE('',*,*,#10478,.T.);
#10478 = EDGE_CURVE('',#10479,#10481,#10483,.T.);
#10479 = VERTEX_POINT('',#10480);
#10480 = CARTESIAN_POINT('',(-12.686061,2.161741,1.585));
#10481 = VERTEX_POINT('',#10482);
#10482 = CARTESIAN_POINT('',(-12.671429,2.3103,1.585));
#10483 = CIRCLE('',#10484,7.500006711464E-02);
#10484 = AXIS2_PLACEMENT_3D('',#10485,#10486,#10487);
#10485 = CARTESIAN_POINT('',(-12.67142906711,2.235299932885,1.585));
#10486 = DIRECTION('',(0.,0.,-1.));
#10487 = DIRECTION('',(-0.195092263891,-0.980784894138,-0.));
#10488 = ORIENTED_EDGE('',*,*,#10489,.T.);
#10489 = EDGE_CURVE('',#10481,#10490,#10492,.T.);
#10490 = VERTEX_POINT('',#10491);
#10491 = CARTESIAN_POINT('',(-11.513939,2.308859,1.585));
#10492 = LINE('',#10493,#10494);
#10493 = CARTESIAN_POINT('',(-12.671429,2.3103,1.585));
#10494 = VECTOR('',#10495,1.);
#10495 = DIRECTION('',(0.999999225069,-1.244934196688E-03,0.));
#10496 = ORIENTED_EDGE('',*,*,#10497,.T.);
#10497 = EDGE_CURVE('',#10490,#10498,#10500,.T.);
#10498 = VERTEX_POINT('',#10499);
#10499 = CARTESIAN_POINT('',(-11.528571,2.1603,1.585));
#10500 = CIRCLE('',#10501,7.500006711464E-02);
#10501 = AXIS2_PLACEMENT_3D('',#10502,#10503,#10504);
#10502 = CARTESIAN_POINT('',(-11.52857093288,2.235300067115,1.585));
#10503 = DIRECTION('',(0.,0.,-1.));
#10504 = DIRECTION('',(0.195092263891,0.980784894138,0.));
#10505 = ORIENTED_EDGE('',*,*,#10506,.T.);
#10506 = EDGE_CURVE('',#10498,#10479,#10507,.T.);
#10507 = LINE('',#10508,#10509);
#10508 = CARTESIAN_POINT('',(-11.528571,2.1603,1.585));
#10509 = VECTOR('',#10510,1.);
#10510 = DIRECTION('',(-0.999999225069,1.244934196688E-03,0.));
#10511 = PLANE('',#10512);
#10512 = AXIS2_PLACEMENT_3D('',#10513,#10514,#10515);
#10513 = CARTESIAN_POINT('',(0.,0.,1.585));
#10514 = DIRECTION('',(0.,0.,1.));
#10515 = DIRECTION('',(1.,0.,-0.));
#10516 = SHELL_BASED_SURFACE_MODEL('',(#10517));
#10517 = OPEN_SHELL('',(#10518));
#10518 = ADVANCED_FACE('',(#10519),#10555,.T.);
#10519 = FACE_BOUND('',#10520,.F.);
#10520 = EDGE_LOOP('',(#10521,#10532,#10540,#10549));
#10521 = ORIENTED_EDGE('',*,*,#10522,.T.);
#10522 = EDGE_CURVE('',#10523,#10525,#10527,.T.);
#10523 = VERTEX_POINT('',#10524);
#10524 = CARTESIAN_POINT('',(6.313939,2.161741,1.585));
#10525 = VERTEX_POINT('',#10526);
#10526 = CARTESIAN_POINT('',(6.328571,2.3103,1.585));
#10527 = CIRCLE('',#10528,7.500006711464E-02);
#10528 = AXIS2_PLACEMENT_3D('',#10529,#10530,#10531);
#10529 = CARTESIAN_POINT('',(6.328570932885,2.235299932885,1.585));
#10530 = DIRECTION('',(0.,0.,-1.));
#10531 = DIRECTION('',(-0.195092263891,-0.980784894138,-0.));
#10532 = ORIENTED_EDGE('',*,*,#10533,.T.);
#10533 = EDGE_CURVE('',#10525,#10534,#10536,.T.);
#10534 = VERTEX_POINT('',#10535);
#10535 = CARTESIAN_POINT('',(7.486061,2.308859,1.585));
#10536 = LINE('',#10537,#10538);
#10537 = CARTESIAN_POINT('',(6.328571,2.3103,1.585));
#10538 = VECTOR('',#10539,1.);
#10539 = DIRECTION('',(0.999999225069,-1.244934196688E-03,0.));
#10540 = ORIENTED_EDGE('',*,*,#10541,.T.);
#10541 = EDGE_CURVE('',#10534,#10542,#10544,.T.);
#10542 = VERTEX_POINT('',#10543);
#10543 = CARTESIAN_POINT('',(7.471429,2.1603,1.585));
#10544 = CIRCLE('',#10545,7.500006711464E-02);
#10545 = AXIS2_PLACEMENT_3D('',#10546,#10547,#10548);
#10546 = CARTESIAN_POINT('',(7.471429067115,2.235300067115,1.585));
#10547 = DIRECTION('',(0.,0.,-1.));
#10548 = DIRECTION('',(0.195092263891,0.980784894138,0.));
#10549 = ORIENTED_EDGE('',*,*,#10550,.T.);
#10550 = EDGE_CURVE('',#10542,#10523,#10551,.T.);
#10551 = LINE('',#10552,#10553);
#10552 = CARTESIAN_POINT('',(7.471429,2.1603,1.585));
#10553 = VECTOR('',#10554,1.);
#10554 = DIRECTION('',(-0.999999225069,1.244934196688E-03,0.));
#10555 = PLANE('',#10556);
#10556 = AXIS2_PLACEMENT_3D('',#10557,#10558,#10559);
#10557 = CARTESIAN_POINT('',(0.,0.,1.585));
#10558 = DIRECTION('',(0.,0.,1.));
#10559 = DIRECTION('',(1.,0.,-0.));
#10560 = SHELL_BASED_SURFACE_MODEL('',(#10561));
#10561 = OPEN_SHELL('',(#10562));
#10562 = ADVANCED_FACE('',(#10563),#10599,.T.);
#10563 = FACE_BOUND('',#10564,.F.);
#10564 = EDGE_LOOP('',(#10565,#10576,#10584,#10593));
#10565 = ORIENTED_EDGE('',*,*,#10566,.T.);
#10566 = EDGE_CURVE('',#10567,#10569,#10571,.T.);
#10567 = VERTEX_POINT('',#10568);
#10568 = CARTESIAN_POINT('',(24.313939,2.161741,1.585));
#10569 = VERTEX_POINT('',#10570);
#10570 = CARTESIAN_POINT('',(24.328571,2.3103,1.585));
#10571 = CIRCLE('',#10572,7.500006711464E-02);
#10572 = AXIS2_PLACEMENT_3D('',#10573,#10574,#10575);
#10573 = CARTESIAN_POINT('',(24.328570932885,2.235299932885,1.585));
#10574 = DIRECTION('',(0.,0.,-1.));
#10575 = DIRECTION('',(-0.195092263891,-0.980784894138,-0.));
#10576 = ORIENTED_EDGE('',*,*,#10577,.T.);
#10577 = EDGE_CURVE('',#10569,#10578,#10580,.T.);
#10578 = VERTEX_POINT('',#10579);
#10579 = CARTESIAN_POINT('',(25.486061,2.308859,1.585));
#10580 = LINE('',#10581,#10582);
#10581 = CARTESIAN_POINT('',(24.328571,2.3103,1.585));
#10582 = VECTOR('',#10583,1.);
#10583 = DIRECTION('',(0.999999225069,-1.244934196688E-03,0.));
#10584 = ORIENTED_EDGE('',*,*,#10585,.T.);
#10585 = EDGE_CURVE('',#10578,#10586,#10588,.T.);
#10586 = VERTEX_POINT('',#10587);
#10587 = CARTESIAN_POINT('',(25.471429,2.1603,1.585));
#10588 = CIRCLE('',#10589,7.500006711464E-02);
#10589 = AXIS2_PLACEMENT_3D('',#10590,#10591,#10592);
#10590 = CARTESIAN_POINT('',(25.471429067115,2.235300067115,1.585));
#10591 = DIRECTION('',(0.,0.,-1.));
#10592 = DIRECTION('',(0.195092263891,0.980784894138,0.));
#10593 = ORIENTED_EDGE('',*,*,#10594,.T.);
#10594 = EDGE_CURVE('',#10586,#10567,#10595,.T.);
#10595 = LINE('',#10596,#10597);
#10596 = CARTESIAN_POINT('',(25.471429,2.1603,1.585));
#10597 = VECTOR('',#10598,1.);
#10598 = DIRECTION('',(-0.999999225069,1.244934196688E-03,0.));
#10599 = PLANE('',#10600);
#10600 = AXIS2_PLACEMENT_3D('',#10601,#10602,#10603);
#10601 = CARTESIAN_POINT('',(0.,0.,1.585));
#10602 = DIRECTION('',(0.,0.,1.));
#10603 = DIRECTION('',(1.,0.,-0.));
#10604 = SHELL_BASED_SURFACE_MODEL('',(#10605));
#10605 = OPEN_SHELL('',(#10606));
#10606 = ADVANCED_FACE('',(#10607),#10643,.T.);
#10607 = FACE_BOUND('',#10608,.F.);
#10608 = EDGE_LOOP('',(#10609,#10620,#10628,#10637));
#10609 = ORIENTED_EDGE('',*,*,#10610,.T.);
#10610 = EDGE_CURVE('',#10611,#10613,#10615,.T.);
#10611 = VERTEX_POINT('',#10612);
#10612 = CARTESIAN_POINT('',(-20.95,2.83,1.585));
#10613 = VERTEX_POINT('',#10614);
#10614 = CARTESIAN_POINT('',(-20.95,2.95,1.585));
#10615 = CIRCLE('',#10616,6.000000000042E-02);
#10616 = AXIS2_PLACEMENT_3D('',#10617,#10618,#10619);
#10617 = CARTESIAN_POINT('',(-20.95000022558,2.89,1.585));
#10618 = DIRECTION('',(0.,0.,-1.));
#10619 = DIRECTION('',(3.75979413526E-06,-0.999999999993,0.));
#10620 = ORIENTED_EDGE('',*,*,#10621,.T.);
#10621 = EDGE_CURVE('',#10613,#10622,#10624,.T.);
#10622 = VERTEX_POINT('',#10623);
#10623 = CARTESIAN_POINT('',(-17.21,2.95,1.585));
#10624 = LINE('',#10625,#10626);
#10625 = CARTESIAN_POINT('',(-20.95,2.95,1.585));
#10626 = VECTOR('',#10627,1.);
#10627 = DIRECTION('',(1.,0.,0.));
#10628 = ORIENTED_EDGE('',*,*,#10629,.T.);
#10629 = EDGE_CURVE('',#10622,#10630,#10632,.T.);
#10630 = VERTEX_POINT('',#10631);
#10631 = CARTESIAN_POINT('',(-17.21,2.83,1.585));
#10632 = CIRCLE('',#10633,6.000000000042E-02);
#10633 = AXIS2_PLACEMENT_3D('',#10634,#10635,#10636);
#10634 = CARTESIAN_POINT('',(-17.20999977441,2.89,1.585));
#10635 = DIRECTION('',(0.,0.,-1.));
#10636 = DIRECTION('',(-3.75979413526E-06,0.999999999993,-0.));
#10637 = ORIENTED_EDGE('',*,*,#10638,.T.);
#10638 = EDGE_CURVE('',#10630,#10611,#10639,.T.);
#10639 = LINE('',#10640,#10641);
#10640 = CARTESIAN_POINT('',(-17.21,2.83,1.585));
#10641 = VECTOR('',#10642,1.);
#10642 = DIRECTION('',(-1.,0.,0.));
#10643 = PLANE('',#10644);
#10644 = AXIS2_PLACEMENT_3D('',#10645,#10646,#10647);
#10645 = CARTESIAN_POINT('',(0.,0.,1.585));
#10646 = DIRECTION('',(0.,0.,1.));
#10647 = DIRECTION('',(1.,0.,-0.));
#10648 = SHELL_BASED_SURFACE_MODEL('',(#10649));
#10649 = OPEN_SHELL('',(#10650));
#10650 = ADVANCED_FACE('',(#10651),#10687,.T.);
#10651 = FACE_BOUND('',#10652,.F.);
#10652 = EDGE_LOOP('',(#10653,#10664,#10672,#10681));
#10653 = ORIENTED_EDGE('',*,*,#10654,.T.);
#10654 = EDGE_CURVE('',#10655,#10657,#10659,.T.);
#10655 = VERTEX_POINT('',#10656);
#10656 = CARTESIAN_POINT('',(-1.95,2.83,1.585));
#10657 = VERTEX_POINT('',#10658);
#10658 = CARTESIAN_POINT('',(-1.95,2.95,1.585));
#10659 = CIRCLE('',#10660,6.000000000042E-02);
#10660 = AXIS2_PLACEMENT_3D('',#10661,#10662,#10663);
#10661 = CARTESIAN_POINT('',(-1.950000225588,2.89,1.585));
#10662 = DIRECTION('',(0.,0.,-1.));
#10663 = DIRECTION('',(3.759794109355E-06,-0.999999999993,0.));
#10664 = ORIENTED_EDGE('',*,*,#10665,.T.);
#10665 = EDGE_CURVE('',#10657,#10666,#10668,.T.);
#10666 = VERTEX_POINT('',#10667);
#10667 = CARTESIAN_POINT('',(1.79,2.95,1.585));
#10668 = LINE('',#10669,#10670);
#10669 = CARTESIAN_POINT('',(-1.95,2.95,1.585));
#10670 = VECTOR('',#10671,1.);
#10671 = DIRECTION('',(1.,0.,0.));
#10672 = ORIENTED_EDGE('',*,*,#10673,.T.);
#10673 = EDGE_CURVE('',#10666,#10674,#10676,.T.);
#10674 = VERTEX_POINT('',#10675);
#10675 = CARTESIAN_POINT('',(1.79,2.83,1.585));
#10676 = CIRCLE('',#10677,6.000000000042E-02);
#10677 = AXIS2_PLACEMENT_3D('',#10678,#10679,#10680);
#10678 = CARTESIAN_POINT('',(1.790000225588,2.89,1.585));
#10679 = DIRECTION('',(0.,0.,-1.));
#10680 = DIRECTION('',(-3.759794105654E-06,0.999999999993,-0.));
#10681 = ORIENTED_EDGE('',*,*,#10682,.T.);
#10682 = EDGE_CURVE('',#10674,#10655,#10683,.T.);
#10683 = LINE('',#10684,#10685);
#10684 = CARTESIAN_POINT('',(1.79,2.83,1.585));
#10685 = VECTOR('',#10686,1.);
#10686 = DIRECTION('',(-1.,0.,0.));
#10687 = PLANE('',#10688);
#10688 = AXIS2_PLACEMENT_3D('',#10689,#10690,#10691);
#10689 = CARTESIAN_POINT('',(0.,0.,1.585));
#10690 = DIRECTION('',(0.,0.,1.));
#10691 = DIRECTION('',(1.,0.,-0.));
#10692 = SHELL_BASED_SURFACE_MODEL('',(#10693));
#10693 = OPEN_SHELL('',(#10694));
#10694 = ADVANCED_FACE('',(#10695),#10731,.T.);
#10695 = FACE_BOUND('',#10696,.F.);
#10696 = EDGE_LOOP('',(#10697,#10708,#10716,#10725));
#10697 = ORIENTED_EDGE('',*,*,#10698,.T.);
#10698 = EDGE_CURVE('',#10699,#10701,#10703,.T.);
#10699 = VERTEX_POINT('',#10700);
#10700 = CARTESIAN_POINT('',(16.05,2.83,1.585));
#10701 = VERTEX_POINT('',#10702);
#10702 = CARTESIAN_POINT('',(16.05,2.95,1.585));
#10703 = CIRCLE('',#10704,6.000000000042E-02);
#10704 = AXIS2_PLACEMENT_3D('',#10705,#10706,#10707);
#10705 = CARTESIAN_POINT('',(16.049999774412,2.89,1.585));
#10706 = DIRECTION('',(0.,0.,-1.));
#10707 = DIRECTION('',(3.75979413526E-06,-0.999999999993,0.));
#10708 = ORIENTED_EDGE('',*,*,#10709,.T.);
#10709 = EDGE_CURVE('',#10701,#10710,#10712,.T.);
#10710 = VERTEX_POINT('',#10711);
#10711 = CARTESIAN_POINT('',(19.79,2.95,1.585));
#10712 = LINE('',#10713,#10714);
#10713 = CARTESIAN_POINT('',(16.05,2.95,1.585));
#10714 = VECTOR('',#10715,1.);
#10715 = DIRECTION('',(1.,0.,0.));
#10716 = ORIENTED_EDGE('',*,*,#10717,.T.);
#10717 = EDGE_CURVE('',#10710,#10718,#10720,.T.);
#10718 = VERTEX_POINT('',#10719);
#10719 = CARTESIAN_POINT('',(19.79,2.83,1.585));
#10720 = CIRCLE('',#10721,6.000000000042E-02);
#10721 = AXIS2_PLACEMENT_3D('',#10722,#10723,#10724);
#10722 = CARTESIAN_POINT('',(19.790000225588,2.89,1.585));
#10723 = DIRECTION('',(0.,0.,-1.));
#10724 = DIRECTION('',(-3.75979413526E-06,0.999999999993,-0.));
#10725 = ORIENTED_EDGE('',*,*,#10726,.T.);
#10726 = EDGE_CURVE('',#10718,#10699,#10727,.T.);
#10727 = LINE('',#10728,#10729);
#10728 = CARTESIAN_POINT('',(19.79,2.83,1.585));
#10729 = VECTOR('',#10730,1.);
#10730 = DIRECTION('',(-1.,0.,0.));
#10731 = PLANE('',#10732);
#10732 = AXIS2_PLACEMENT_3D('',#10733,#10734,#10735);
#10733 = CARTESIAN_POINT('',(0.,0.,1.585));
#10734 = DIRECTION('',(0.,0.,1.));
#10735 = DIRECTION('',(1.,0.,-0.));
#10736 = SHELL_BASED_SURFACE_MODEL('',(#10737));
#10737 = OPEN_SHELL('',(#10738));
#10738 = ADVANCED_FACE('',(#10739),#10808,.T.);
#10739 = FACE_BOUND('',#10740,.F.);
#10740 = EDGE_LOOP('',(#10741,#10752,#10760,#10768,#10776,#10785,#10793,
    #10802));
#10741 = ORIENTED_EDGE('',*,*,#10742,.T.);
#10742 = EDGE_CURVE('',#10743,#10745,#10747,.T.);
#10743 = VERTEX_POINT('',#10744);
#10744 = CARTESIAN_POINT('',(-23.864129,3.114858,1.585));
#10745 = VERTEX_POINT('',#10746);
#10746 = CARTESIAN_POINT('',(-26.42,7.,1.585));
#10747 = CIRCLE('',#10748,4.170184539081);
#10748 = AXIS2_PLACEMENT_3D('',#10749,#10750,#10751);
#10749 = CARTESIAN_POINT('',(-22.25000738631,6.959991353503,1.585));
#10750 = DIRECTION('',(0.,0.,-1.));
#10751 = DIRECTION('',(-0.387062394616,-0.922053524842,-0.));
#10752 = ORIENTED_EDGE('',*,*,#10753,.T.);
#10753 = EDGE_CURVE('',#10745,#10754,#10756,.T.);
#10754 = VERTEX_POINT('',#10755);
#10755 = CARTESIAN_POINT('',(-26.42,12.5,1.585));
#10756 = LINE('',#10757,#10758);
#10757 = CARTESIAN_POINT('',(-26.42,7.,1.585));
#10758 = VECTOR('',#10759,1.);
#10759 = DIRECTION('',(0.,1.,0.));
#10760 = ORIENTED_EDGE('',*,*,#10761,.T.);
#10761 = EDGE_CURVE('',#10754,#10762,#10764,.T.);
#10762 = VERTEX_POINT('',#10763);
#10763 = CARTESIAN_POINT('',(-26.300016,12.5,1.585));
#10764 = LINE('',#10765,#10766);
#10765 = CARTESIAN_POINT('',(-26.42,12.5,1.585));
#10766 = VECTOR('',#10767,1.);
#10767 = DIRECTION('',(1.,0.,0.));
#10768 = ORIENTED_EDGE('',*,*,#10769,.T.);
#10769 = EDGE_CURVE('',#10762,#10770,#10772,.T.);
#10770 = VERTEX_POINT('',#10771);
#10771 = CARTESIAN_POINT('',(-26.301803,6.815,1.585));
#10772 = LINE('',#10773,#10774);
#10773 = CARTESIAN_POINT('',(-26.300016,12.5,1.585));
#10774 = VECTOR('',#10775,1.);
#10775 = DIRECTION('',(-3.143359563265E-04,-0.999999950596,0.));
#10776 = ORIENTED_EDGE('',*,*,#10777,.T.);
#10777 = EDGE_CURVE('',#10770,#10778,#10780,.T.);
#10778 = VERTEX_POINT('',#10779);
#10779 = CARTESIAN_POINT('',(-23.647635,3.154116,1.585));
#10780 = CIRCLE('',#10781,4.054395164562);
#10781 = AXIS2_PLACEMENT_3D('',#10782,#10783,#10784);
#10782 = CARTESIAN_POINT('',(-22.25000147217,6.959998377625,1.585));
#10783 = DIRECTION('',(0.,0.,1.));
#10784 = DIRECTION('',(-0.999360290098,-3.576325733909E-02,0.));
#10785 = ORIENTED_EDGE('',*,*,#10786,.T.);
#10786 = EDGE_CURVE('',#10778,#10787,#10789,.T.);
#10787 = VERTEX_POINT('',#10788);
#10788 = CARTESIAN_POINT('',(-23.4718,3.098487,1.585));
#10789 = LINE('',#10790,#10791);
#10790 = CARTESIAN_POINT('',(-23.647635,3.154116,1.585));
#10791 = VECTOR('',#10792,1.);
#10792 = DIRECTION('',(0.953423469975,-0.30163502267,0.));
#10793 = ORIENTED_EDGE('',*,*,#10794,.T.);
#10794 = EDGE_CURVE('',#10787,#10795,#10797,.T.);
#10795 = VERTEX_POINT('',#10796);
#10796 = CARTESIAN_POINT('',(-23.508,2.984077,1.585));
#10797 = CIRCLE('',#10798,6.000018354284E-02);
#10798 = AXIS2_PLACEMENT_3D('',#10799,#10800,#10801);
#10799 = CARTESIAN_POINT('',(-23.48990039808,3.041282125957,1.585));
#10800 = DIRECTION('',(0.,0.,-1.));
#10801 = DIRECTION('',(0.30167237859,0.95341165086,0.));
#10802 = ORIENTED_EDGE('',*,*,#10803,.T.);
#10803 = EDGE_CURVE('',#10795,#10743,#10804,.T.);
#10804 = LINE('',#10805,#10806);
#10805 = CARTESIAN_POINT('',(-23.508,2.984077,1.585));
#10806 = VECTOR('',#10807,1.);
#10807 = DIRECTION('',(-0.93870549961,0.34472015462,0.));
#10808 = PLANE('',#10809);
#10809 = AXIS2_PLACEMENT_3D('',#10810,#10811,#10812);
#10810 = CARTESIAN_POINT('',(0.,0.,1.585));
#10811 = DIRECTION('',(0.,0.,1.));
#10812 = DIRECTION('',(1.,0.,-0.));
#10813 = SHELL_BASED_SURFACE_MODEL('',(#10814));
#10814 = OPEN_SHELL('',(#10815));
#10815 = ADVANCED_FACE('',(#10816),#10885,.T.);
#10816 = FACE_BOUND('',#10817,.F.);
#10817 = EDGE_LOOP('',(#10818,#10829,#10837,#10845,#10853,#10862,#10870,
    #10879));
#10818 = ORIENTED_EDGE('',*,*,#10819,.T.);
#10819 = EDGE_CURVE('',#10820,#10822,#10824,.T.);
#10820 = VERTEX_POINT('',#10821);
#10821 = CARTESIAN_POINT('',(-4.864129,3.114858,1.585));
#10822 = VERTEX_POINT('',#10823);
#10823 = CARTESIAN_POINT('',(-7.42,7.,1.585));
#10824 = CIRCLE('',#10825,4.170184539081);
#10825 = AXIS2_PLACEMENT_3D('',#10826,#10827,#10828);
#10826 = CARTESIAN_POINT('',(-3.250007386314,6.959991353503,1.585));
#10827 = DIRECTION('',(0.,0.,-1.));
#10828 = DIRECTION('',(-0.387062394616,-0.922053524842,-0.));
#10829 = ORIENTED_EDGE('',*,*,#10830,.T.);
#10830 = EDGE_CURVE('',#10822,#10831,#10833,.T.);
#10831 = VERTEX_POINT('',#10832);
#10832 = CARTESIAN_POINT('',(-7.42,12.5,1.585));
#10833 = LINE('',#10834,#10835);
#10834 = CARTESIAN_POINT('',(-7.42,7.,1.585));
#10835 = VECTOR('',#10836,1.);
#10836 = DIRECTION('',(0.,1.,0.));
#10837 = ORIENTED_EDGE('',*,*,#10838,.T.);
#10838 = EDGE_CURVE('',#10831,#10839,#10841,.T.);
#10839 = VERTEX_POINT('',#10840);
#10840 = CARTESIAN_POINT('',(-7.300016,12.5,1.585));
#10841 = LINE('',#10842,#10843);
#10842 = CARTESIAN_POINT('',(-7.42,12.5,1.585));
#10843 = VECTOR('',#10844,1.);
#10844 = DIRECTION('',(1.,0.,0.));
#10845 = ORIENTED_EDGE('',*,*,#10846,.T.);
#10846 = EDGE_CURVE('',#10839,#10847,#10849,.T.);
#10847 = VERTEX_POINT('',#10848);
#10848 = CARTESIAN_POINT('',(-7.301803,6.815,1.585));
#10849 = LINE('',#10850,#10851);
#10850 = CARTESIAN_POINT('',(-7.300016,12.5,1.585));
#10851 = VECTOR('',#10852,1.);
#10852 = DIRECTION('',(-3.143359563263E-04,-0.999999950596,0.));
#10853 = ORIENTED_EDGE('',*,*,#10854,.T.);
#10854 = EDGE_CURVE('',#10847,#10855,#10857,.T.);
#10855 = VERTEX_POINT('',#10856);
#10856 = CARTESIAN_POINT('',(-4.647635,3.154116,1.585));
#10857 = CIRCLE('',#10858,4.054395164562);
#10858 = AXIS2_PLACEMENT_3D('',#10859,#10860,#10861);
#10859 = CARTESIAN_POINT('',(-3.250001472172,6.959998377625,1.585));
#10860 = DIRECTION('',(0.,0.,1.));
#10861 = DIRECTION('',(-0.999360290098,-3.576325733909E-02,0.));
#10862 = ORIENTED_EDGE('',*,*,#10863,.T.);
#10863 = EDGE_CURVE('',#10855,#10864,#10866,.T.);
#10864 = VERTEX_POINT('',#10865);
#10865 = CARTESIAN_POINT('',(-4.4718,3.098487,1.585));
#10866 = LINE('',#10867,#10868);
#10867 = CARTESIAN_POINT('',(-4.647635,3.154116,1.585));
#10868 = VECTOR('',#10869,1.);
#10869 = DIRECTION('',(0.953423469975,-0.30163502267,0.));
#10870 = ORIENTED_EDGE('',*,*,#10871,.T.);
#10871 = EDGE_CURVE('',#10864,#10872,#10874,.T.);
#10872 = VERTEX_POINT('',#10873);
#10873 = CARTESIAN_POINT('',(-4.508,2.984077,1.585));
#10874 = CIRCLE('',#10875,6.000018354284E-02);
#10875 = AXIS2_PLACEMENT_3D('',#10876,#10877,#10878);
#10876 = CARTESIAN_POINT('',(-4.489900398085,3.041282125957,1.585));
#10877 = DIRECTION('',(0.,0.,-1.));
#10878 = DIRECTION('',(0.30167237859,0.95341165086,0.));
#10879 = ORIENTED_EDGE('',*,*,#10880,.T.);
#10880 = EDGE_CURVE('',#10872,#10820,#10881,.T.);
#10881 = LINE('',#10882,#10883);
#10882 = CARTESIAN_POINT('',(-4.508,2.984077,1.585));
#10883 = VECTOR('',#10884,1.);
#10884 = DIRECTION('',(-0.93870549961,0.34472015462,0.));
#10885 = PLANE('',#10886);
#10886 = AXIS2_PLACEMENT_3D('',#10887,#10888,#10889);
#10887 = CARTESIAN_POINT('',(0.,0.,1.585));
#10888 = DIRECTION('',(0.,0.,1.));
#10889 = DIRECTION('',(1.,0.,-0.));
#10890 = SHELL_BASED_SURFACE_MODEL('',(#10891));
#10891 = OPEN_SHELL('',(#10892));
#10892 = ADVANCED_FACE('',(#10893),#10962,.T.);
#10893 = FACE_BOUND('',#10894,.F.);
#10894 = EDGE_LOOP('',(#10895,#10906,#10914,#10922,#10930,#10939,#10947,
    #10956));
#10895 = ORIENTED_EDGE('',*,*,#10896,.T.);
#10896 = EDGE_CURVE('',#10897,#10899,#10901,.T.);
#10897 = VERTEX_POINT('',#10898);
#10898 = CARTESIAN_POINT('',(13.135871,3.114858,1.585));
#10899 = VERTEX_POINT('',#10900);
#10900 = CARTESIAN_POINT('',(10.58,7.,1.585));
#10901 = CIRCLE('',#10902,4.170184539081);
#10902 = AXIS2_PLACEMENT_3D('',#10903,#10904,#10905);
#10903 = CARTESIAN_POINT('',(14.749992613686,6.959991353503,1.585));
#10904 = DIRECTION('',(0.,0.,-1.));
#10905 = DIRECTION('',(-0.387062394616,-0.922053524842,-0.));
#10906 = ORIENTED_EDGE('',*,*,#10907,.T.);
#10907 = EDGE_CURVE('',#10899,#10908,#10910,.T.);
#10908 = VERTEX_POINT('',#10909);
#10909 = CARTESIAN_POINT('',(10.58,12.5,1.585));
#10910 = LINE('',#10911,#10912);
#10911 = CARTESIAN_POINT('',(10.58,7.,1.585));
#10912 = VECTOR('',#10913,1.);
#10913 = DIRECTION('',(0.,1.,0.));
#10914 = ORIENTED_EDGE('',*,*,#10915,.T.);
#10915 = EDGE_CURVE('',#10908,#10916,#10918,.T.);
#10916 = VERTEX_POINT('',#10917);
#10917 = CARTESIAN_POINT('',(10.699984,12.5,1.585));
#10918 = LINE('',#10919,#10920);
#10919 = CARTESIAN_POINT('',(10.58,12.5,1.585));
#10920 = VECTOR('',#10921,1.);
#10921 = DIRECTION('',(1.,0.,0.));
#10922 = ORIENTED_EDGE('',*,*,#10923,.T.);
#10923 = EDGE_CURVE('',#10916,#10924,#10926,.T.);
#10924 = VERTEX_POINT('',#10925);
#10925 = CARTESIAN_POINT('',(10.698197,6.815,1.585));
#10926 = LINE('',#10927,#10928);
#10927 = CARTESIAN_POINT('',(10.699984,12.5,1.585));
#10928 = VECTOR('',#10929,1.);
#10929 = DIRECTION('',(-3.143359563265E-04,-0.999999950596,0.));
#10930 = ORIENTED_EDGE('',*,*,#10931,.T.);
#10931 = EDGE_CURVE('',#10924,#10932,#10934,.T.);
#10932 = VERTEX_POINT('',#10933);
#10933 = CARTESIAN_POINT('',(13.352365,3.154116,1.585));
#10934 = CIRCLE('',#10935,4.054395164562);
#10935 = AXIS2_PLACEMENT_3D('',#10936,#10937,#10938);
#10936 = CARTESIAN_POINT('',(14.749998527828,6.959998377625,1.585));
#10937 = DIRECTION('',(0.,0.,1.));
#10938 = DIRECTION('',(-0.999360290098,-3.576325733909E-02,0.));
#10939 = ORIENTED_EDGE('',*,*,#10940,.T.);
#10940 = EDGE_CURVE('',#10932,#10941,#10943,.T.);
#10941 = VERTEX_POINT('',#10942);
#10942 = CARTESIAN_POINT('',(13.5282,3.098487,1.585));
#10943 = LINE('',#10944,#10945);
#10944 = CARTESIAN_POINT('',(13.352365,3.154116,1.585));
#10945 = VECTOR('',#10946,1.);
#10946 = DIRECTION('',(0.953423469975,-0.30163502267,0.));
#10947 = ORIENTED_EDGE('',*,*,#10948,.T.);
#10948 = EDGE_CURVE('',#10941,#10949,#10951,.T.);
#10949 = VERTEX_POINT('',#10950);
#10950 = CARTESIAN_POINT('',(13.492,2.984077,1.585));
#10951 = CIRCLE('',#10952,6.000018354284E-02);
#10952 = AXIS2_PLACEMENT_3D('',#10953,#10954,#10955);
#10953 = CARTESIAN_POINT('',(13.510099601915,3.041282125957,1.585));
#10954 = DIRECTION('',(0.,0.,-1.));
#10955 = DIRECTION('',(0.30167237859,0.95341165086,0.));
#10956 = ORIENTED_EDGE('',*,*,#10957,.T.);
#10957 = EDGE_CURVE('',#10949,#10897,#10958,.T.);
#10958 = LINE('',#10959,#10960);
#10959 = CARTESIAN_POINT('',(13.492,2.984077,1.585));
#10960 = VECTOR('',#10961,1.);
#10961 = DIRECTION('',(-0.93870549961,0.34472015462,0.));
#10962 = PLANE('',#10963);
#10963 = AXIS2_PLACEMENT_3D('',#10964,#10965,#10966);
#10964 = CARTESIAN_POINT('',(0.,0.,1.585));
#10965 = DIRECTION('',(0.,0.,1.));
#10966 = DIRECTION('',(1.,0.,-0.));
#10967 = SHELL_BASED_SURFACE_MODEL('',(#10968));
#10968 = OPEN_SHELL('',(#10969));
#10969 = ADVANCED_FACE('',(#10970),#11039,.T.);
#10970 = FACE_BOUND('',#10971,.F.);
#10971 = EDGE_LOOP('',(#10972,#10983,#10991,#10999,#11007,#11016,#11024,
    #11033));
#10972 = ORIENTED_EDGE('',*,*,#10973,.T.);
#10973 = EDGE_CURVE('',#10974,#10976,#10978,.T.);
#10974 = VERTEX_POINT('',#10975);
#10975 = CARTESIAN_POINT('',(-12.501479,3.626165,1.585));
#10976 = VERTEX_POINT('',#10977);
#10977 = CARTESIAN_POINT('',(-10.699985,6.810294,1.585));
#10978 = CIRCLE('',#10979,4.054449245349);
#10979 = AXIS2_PLACEMENT_3D('',#10980,#10981,#10982);
#10980 = CARTESIAN_POINT('',(-14.74999384009,6.999996604714,1.585));
#10981 = DIRECTION('',(0.,0.,1.));
#10982 = DIRECTION('',(0.55457959985,-0.832130679299,0.));
#10983 = ORIENTED_EDGE('',*,*,#10984,.T.);
#10984 = EDGE_CURVE('',#10976,#10985,#10987,.T.);
#10985 = VERTEX_POINT('',#10986);
#10986 = CARTESIAN_POINT('',(-10.7,12.5,1.585));
#10987 = LINE('',#10988,#10989);
#10988 = CARTESIAN_POINT('',(-10.699985,6.810294,1.585));
#10989 = VECTOR('',#10990,1.);
#10990 = DIRECTION('',(-2.63634008495E-06,0.999999999997,0.));
#10991 = ORIENTED_EDGE('',*,*,#10992,.T.);
#10992 = EDGE_CURVE('',#10985,#10993,#10995,.T.);
#10993 = VERTEX_POINT('',#10994);
#10994 = CARTESIAN_POINT('',(-10.58,12.5,1.585));
#10995 = LINE('',#10996,#10997);
#10996 = CARTESIAN_POINT('',(-10.7,12.5,1.585));
#10997 = VECTOR('',#10998,1.);
#10998 = DIRECTION('',(1.,0.,0.));
#10999 = ORIENTED_EDGE('',*,*,#11000,.T.);
#11000 = EDGE_CURVE('',#10993,#11001,#11003,.T.);
#11001 = VERTEX_POINT('',#11002);
#11002 = CARTESIAN_POINT('',(-10.58,7.,1.585));
#11003 = LINE('',#11004,#11005);
#11004 = CARTESIAN_POINT('',(-10.58,12.5,1.585));
#11005 = VECTOR('',#11006,1.);
#11006 = DIRECTION('',(0.,-1.,0.));
#11007 = ORIENTED_EDGE('',*,*,#11008,.T.);
#11008 = EDGE_CURVE('',#11001,#11009,#11011,.T.);
#11009 = VERTEX_POINT('',#11010);
#11010 = CARTESIAN_POINT('',(-12.602292,3.425612,1.585));
#11011 = CIRCLE('',#11012,4.169998621944);
#11012 = AXIS2_PLACEMENT_3D('',#11013,#11014,#11015);
#11013 = CARTESIAN_POINT('',(-14.74999862194,6.999999328351,1.585));
#11014 = DIRECTION('',(0.,0.,-1.));
#11015 = DIRECTION('',(1.,1.610670345627E-07,0.));
#11016 = ORIENTED_EDGE('',*,*,#11017,.T.);
#11017 = EDGE_CURVE('',#11009,#11018,#11020,.T.);
#11018 = VERTEX_POINT('',#11019);
#11019 = CARTESIAN_POINT('',(-12.638423,3.41727,1.585));
#11020 = LINE('',#11021,#11022);
#11021 = CARTESIAN_POINT('',(-12.602292,3.425612,1.585));
#11022 = VECTOR('',#11023,1.);
#11023 = DIRECTION('',(-0.974367101049,-0.224963891311,0.));
#11024 = ORIENTED_EDGE('',*,*,#11025,.T.);
#11025 = EDGE_CURVE('',#11018,#11026,#11028,.T.);
#11026 = VERTEX_POINT('',#11027);
#11027 = CARTESIAN_POINT('',(-12.664096,3.528472,1.585));
#11028 = CIRCLE('',#11029,6.00001731688E-02);
#11029 = AXIS2_PLACEMENT_3D('',#11030,#11031,#11032);
#11030 = CARTESIAN_POINT('',(-12.63319356872,3.477041848129,1.585));
#11031 = DIRECTION('',(0.,0.,-1.));
#11032 = DIRECTION('',(-8.71569364081E-02,-0.996194593659,-0.));
#11033 = ORIENTED_EDGE('',*,*,#11034,.T.);
#11034 = EDGE_CURVE('',#11026,#10974,#11035,.T.);
#11035 = LINE('',#11036,#11037);
#11036 = CARTESIAN_POINT('',(-12.664096,3.528472,1.585));
#11037 = VECTOR('',#11038,1.);
#11038 = DIRECTION('',(0.857207211779,0.514971645894,0.));
#11039 = PLANE('',#11040);
#11040 = AXIS2_PLACEMENT_3D('',#11041,#11042,#11043);
#11041 = CARTESIAN_POINT('',(0.,0.,1.585));
#11042 = DIRECTION('',(0.,0.,1.));
#11043 = DIRECTION('',(1.,0.,-0.));
#11044 = SHELL_BASED_SURFACE_MODEL('',(#11045));
#11045 = OPEN_SHELL('',(#11046));
#11046 = ADVANCED_FACE('',(#11047),#11116,.T.);
#11047 = FACE_BOUND('',#11048,.F.);
#11048 = EDGE_LOOP('',(#11049,#11060,#11068,#11076,#11084,#11093,#11101,
    #11110));
#11049 = ORIENTED_EDGE('',*,*,#11050,.T.);
#11050 = EDGE_CURVE('',#11051,#11053,#11055,.T.);
#11051 = VERTEX_POINT('',#11052);
#11052 = CARTESIAN_POINT('',(6.498521,3.626165,1.585));
#11053 = VERTEX_POINT('',#11054);
#11054 = CARTESIAN_POINT('',(8.300015,6.810294,1.585));
#11055 = CIRCLE('',#11056,4.054449245349);
#11056 = AXIS2_PLACEMENT_3D('',#11057,#11058,#11059);
#11057 = CARTESIAN_POINT('',(4.250006159901,6.999996604714,1.585));
#11058 = DIRECTION('',(0.,0.,1.));
#11059 = DIRECTION('',(0.55457959985,-0.832130679299,0.));
#11060 = ORIENTED_EDGE('',*,*,#11061,.T.);
#11061 = EDGE_CURVE('',#11053,#11062,#11064,.T.);
#11062 = VERTEX_POINT('',#11063);
#11063 = CARTESIAN_POINT('',(8.3,12.5,1.585));
#11064 = LINE('',#11065,#11066);
#11065 = CARTESIAN_POINT('',(8.300015,6.810294,1.585));
#11066 = VECTOR('',#11067,1.);
#11067 = DIRECTION('',(-2.63634008495E-06,0.999999999997,0.));
#11068 = ORIENTED_EDGE('',*,*,#11069,.T.);
#11069 = EDGE_CURVE('',#11062,#11070,#11072,.T.);
#11070 = VERTEX_POINT('',#11071);
#11071 = CARTESIAN_POINT('',(8.42,12.5,1.585));
#11072 = LINE('',#11073,#11074);
#11073 = CARTESIAN_POINT('',(8.3,12.5,1.585));
#11074 = VECTOR('',#11075,1.);
#11075 = DIRECTION('',(1.,0.,0.));
#11076 = ORIENTED_EDGE('',*,*,#11077,.T.);
#11077 = EDGE_CURVE('',#11070,#11078,#11080,.T.);
#11078 = VERTEX_POINT('',#11079);
#11079 = CARTESIAN_POINT('',(8.42,7.,1.585));
#11080 = LINE('',#11081,#11082);
#11081 = CARTESIAN_POINT('',(8.42,12.5,1.585));
#11082 = VECTOR('',#11083,1.);
#11083 = DIRECTION('',(0.,-1.,0.));
#11084 = ORIENTED_EDGE('',*,*,#11085,.T.);
#11085 = EDGE_CURVE('',#11078,#11086,#11088,.T.);
#11086 = VERTEX_POINT('',#11087);
#11087 = CARTESIAN_POINT('',(6.397708,3.425612,1.585));
#11088 = CIRCLE('',#11089,4.169998621944);
#11089 = AXIS2_PLACEMENT_3D('',#11090,#11091,#11092);
#11090 = CARTESIAN_POINT('',(4.250001378056,6.999999328351,1.585));
#11091 = DIRECTION('',(0.,0.,-1.));
#11092 = DIRECTION('',(1.,1.610670337108E-07,0.));
#11093 = ORIENTED_EDGE('',*,*,#11094,.T.);
#11094 = EDGE_CURVE('',#11086,#11095,#11097,.T.);
#11095 = VERTEX_POINT('',#11096);
#11096 = CARTESIAN_POINT('',(6.361577,3.41727,1.585));
#11097 = LINE('',#11098,#11099);
#11098 = CARTESIAN_POINT('',(6.397708,3.425612,1.585));
#11099 = VECTOR('',#11100,1.);
#11100 = DIRECTION('',(-0.974367101049,-0.224963891311,0.));
#11101 = ORIENTED_EDGE('',*,*,#11102,.T.);
#11102 = EDGE_CURVE('',#11095,#11103,#11105,.T.);
#11103 = VERTEX_POINT('',#11104);
#11104 = CARTESIAN_POINT('',(6.335904,3.528472,1.585));
#11105 = CIRCLE('',#11106,6.00001731688E-02);
#11106 = AXIS2_PLACEMENT_3D('',#11107,#11108,#11109);
#11107 = CARTESIAN_POINT('',(6.366806431277,3.477041848129,1.585));
#11108 = DIRECTION('',(0.,0.,-1.));
#11109 = DIRECTION('',(-8.71569364081E-02,-0.996194593659,-0.));
#11110 = ORIENTED_EDGE('',*,*,#11111,.T.);
#11111 = EDGE_CURVE('',#11103,#11051,#11112,.T.);
#11112 = LINE('',#11113,#11114);
#11113 = CARTESIAN_POINT('',(6.335904,3.528472,1.585));
#11114 = VECTOR('',#11115,1.);
#11115 = DIRECTION('',(0.857207211779,0.514971645894,0.));
#11116 = PLANE('',#11117);
#11117 = AXIS2_PLACEMENT_3D('',#11118,#11119,#11120);
#11118 = CARTESIAN_POINT('',(0.,0.,1.585));
#11119 = DIRECTION('',(0.,0.,1.));
#11120 = DIRECTION('',(1.,0.,-0.));
#11121 = SHELL_BASED_SURFACE_MODEL('',(#11122));
#11122 = OPEN_SHELL('',(#11123));
#11123 = ADVANCED_FACE('',(#11124),#11193,.T.);
#11124 = FACE_BOUND('',#11125,.F.);
#11125 = EDGE_LOOP('',(#11126,#11137,#11145,#11153,#11161,#11170,#11178,
    #11187));
#11126 = ORIENTED_EDGE('',*,*,#11127,.T.);
#11127 = EDGE_CURVE('',#11128,#11130,#11132,.T.);
#11128 = VERTEX_POINT('',#11129);
#11129 = CARTESIAN_POINT('',(24.498521,3.626165,1.585));
#11130 = VERTEX_POINT('',#11131);
#11131 = CARTESIAN_POINT('',(26.300015,6.810294,1.585));
#11132 = CIRCLE('',#11133,4.054449245349);
#11133 = AXIS2_PLACEMENT_3D('',#11134,#11135,#11136);
#11134 = CARTESIAN_POINT('',(22.250006159901,6.999996604714,1.585));
#11135 = DIRECTION('',(0.,0.,1.));
#11136 = DIRECTION('',(0.55457959985,-0.832130679299,0.));
#11137 = ORIENTED_EDGE('',*,*,#11138,.T.);
#11138 = EDGE_CURVE('',#11130,#11139,#11141,.T.);
#11139 = VERTEX_POINT('',#11140);
#11140 = CARTESIAN_POINT('',(26.3,12.5,1.585));
#11141 = LINE('',#11142,#11143);
#11142 = CARTESIAN_POINT('',(26.300015,6.810294,1.585));
#11143 = VECTOR('',#11144,1.);
#11144 = DIRECTION('',(-2.636340084638E-06,0.999999999997,0.));
#11145 = ORIENTED_EDGE('',*,*,#11146,.T.);
#11146 = EDGE_CURVE('',#11139,#11147,#11149,.T.);
#11147 = VERTEX_POINT('',#11148);
#11148 = CARTESIAN_POINT('',(26.42,12.5,1.585));
#11149 = LINE('',#11150,#11151);
#11150 = CARTESIAN_POINT('',(26.3,12.5,1.585));
#11151 = VECTOR('',#11152,1.);
#11152 = DIRECTION('',(1.,0.,0.));
#11153 = ORIENTED_EDGE('',*,*,#11154,.T.);
#11154 = EDGE_CURVE('',#11147,#11155,#11157,.T.);
#11155 = VERTEX_POINT('',#11156);
#11156 = CARTESIAN_POINT('',(26.42,7.,1.585));
#11157 = LINE('',#11158,#11159);
#11158 = CARTESIAN_POINT('',(26.42,12.5,1.585));
#11159 = VECTOR('',#11160,1.);
#11160 = DIRECTION('',(0.,-1.,0.));
#11161 = ORIENTED_EDGE('',*,*,#11162,.T.);
#11162 = EDGE_CURVE('',#11155,#11163,#11165,.T.);
#11163 = VERTEX_POINT('',#11164);
#11164 = CARTESIAN_POINT('',(24.397708,3.425612,1.585));
#11165 = CIRCLE('',#11166,4.169998621944);
#11166 = AXIS2_PLACEMENT_3D('',#11167,#11168,#11169);
#11167 = CARTESIAN_POINT('',(22.250001378056,6.999999328351,1.585));
#11168 = DIRECTION('',(0.,0.,-1.));
#11169 = DIRECTION('',(1.,1.610670328588E-07,0.));
#11170 = ORIENTED_EDGE('',*,*,#11171,.T.);
#11171 = EDGE_CURVE('',#11163,#11172,#11174,.T.);
#11172 = VERTEX_POINT('',#11173);
#11173 = CARTESIAN_POINT('',(24.361577,3.41727,1.585));
#11174 = LINE('',#11175,#11176);
#11175 = CARTESIAN_POINT('',(24.397708,3.425612,1.585));
#11176 = VECTOR('',#11177,1.);
#11177 = DIRECTION('',(-0.974367101049,-0.224963891311,0.));
#11178 = ORIENTED_EDGE('',*,*,#11179,.T.);
#11179 = EDGE_CURVE('',#11172,#11180,#11182,.T.);
#11180 = VERTEX_POINT('',#11181);
#11181 = CARTESIAN_POINT('',(24.335904,3.528472,1.585));
#11182 = CIRCLE('',#11183,6.00001731688E-02);
#11183 = AXIS2_PLACEMENT_3D('',#11184,#11185,#11186);
#11184 = CARTESIAN_POINT('',(24.366806431277,3.477041848129,1.585));
#11185 = DIRECTION('',(0.,0.,-1.));
#11186 = DIRECTION('',(-8.715693640812E-02,-0.996194593659,-0.));
#11187 = ORIENTED_EDGE('',*,*,#11188,.T.);
#11188 = EDGE_CURVE('',#11180,#11128,#11189,.T.);
#11189 = LINE('',#11190,#11191);
#11190 = CARTESIAN_POINT('',(24.335904,3.528472,1.585));
#11191 = VECTOR('',#11192,1.);
#11192 = DIRECTION('',(0.857207211779,0.514971645894,0.));
#11193 = PLANE('',#11194);
#11194 = AXIS2_PLACEMENT_3D('',#11195,#11196,#11197);
#11195 = CARTESIAN_POINT('',(0.,0.,1.585));
#11196 = DIRECTION('',(0.,0.,1.));
#11197 = DIRECTION('',(1.,0.,-0.));
#11198 = SHELL_BASED_SURFACE_MODEL('',(#11199));
#11199 = OPEN_SHELL('',(#11200));
#11200 = ADVANCED_FACE('',(#11201),#11270,.T.);
#11201 = FACE_BOUND('',#11202,.F.);
#11202 = EDGE_LOOP('',(#11203,#11213,#11221,#11230,#11238,#11247,#11255,
    #11264));
#11203 = ORIENTED_EDGE('',*,*,#11204,.T.);
#11204 = EDGE_CURVE('',#11205,#11207,#11209,.T.);
#11205 = VERTEX_POINT('',#11206);
#11206 = CARTESIAN_POINT('',(-42.5,7.800002,1.585));
#11207 = VERTEX_POINT('',#11208);
#11208 = CARTESIAN_POINT('',(-42.5,7.92,1.585));
#11209 = LINE('',#11210,#11211);
#11210 = CARTESIAN_POINT('',(-42.5,7.800002,1.585));
#11211 = VECTOR('',#11212,1.);
#11212 = DIRECTION('',(0.,1.,0.));
#11213 = ORIENTED_EDGE('',*,*,#11214,.T.);
#11214 = EDGE_CURVE('',#11207,#11215,#11217,.T.);
#11215 = VERTEX_POINT('',#11216);
#11216 = CARTESIAN_POINT('',(-33.5,7.92,1.585));
#11217 = LINE('',#11218,#11219);
#11218 = CARTESIAN_POINT('',(-42.5,7.92,1.585));
#11219 = VECTOR('',#11220,1.);
#11220 = DIRECTION('',(1.,0.,0.));
#11221 = ORIENTED_EDGE('',*,*,#11222,.T.);
#11222 = EDGE_CURVE('',#11215,#11223,#11225,.T.);
#11223 = VERTEX_POINT('',#11224);
#11224 = CARTESIAN_POINT('',(-29.512209,4.96919,1.585));
#11225 = CIRCLE('',#11226,4.170000811117);
#11226 = AXIS2_PLACEMENT_3D('',#11227,#11228,#11229);
#11227 = CARTESIAN_POINT('',(-33.50000043521,3.749999188883,1.585));
#11228 = DIRECTION('',(0.,0.,-1.));
#11229 = DIRECTION('',(1.043689729762E-07,1.,0.));
#11230 = ORIENTED_EDGE('',*,*,#11231,.T.);
#11231 = EDGE_CURVE('',#11223,#11232,#11234,.T.);
#11232 = VERTEX_POINT('',#11233);
#11233 = CARTESIAN_POINT('',(-29.512856,4.932114,1.585));
#11234 = LINE('',#11235,#11236);
#11235 = CARTESIAN_POINT('',(-29.512209,4.96919,1.585));
#11236 = VECTOR('',#11237,1.);
#11237 = DIRECTION('',(-1.74479854539E-02,-0.999847772315,0.));
#11238 = ORIENTED_EDGE('',*,*,#11239,.T.);
#11239 = EDGE_CURVE('',#11232,#11240,#11242,.T.);
#11240 = VERTEX_POINT('',#11241);
#11241 = CARTESIAN_POINT('',(-29.626965,4.934106,1.585));
#11242 = CIRCLE('',#11243,5.999957848665E-02);
#11243 = AXIS2_PLACEMENT_3D('',#11244,#11245,#11246);
#11244 = CARTESIAN_POINT('',(-29.56958689202,4.951647440767,1.585));
#11245 = DIRECTION('',(-0.,0.,-1.));
#11246 = DIRECTION('',(0.945521509642,-0.325559633253,-0.));
#11247 = ORIENTED_EDGE('',*,*,#11248,.T.);
#11248 = EDGE_CURVE('',#11240,#11249,#11251,.T.);
#11249 = VERTEX_POINT('',#11250);
#11250 = CARTESIAN_POINT('',(-29.680879,5.110465,1.585));
#11251 = LINE('',#11252,#11253);
#11252 = CARTESIAN_POINT('',(-29.626965,4.934106,1.585));
#11253 = VECTOR('',#11254,1.);
#11254 = DIRECTION('',(-0.292350097028,0.956311361831,0.));
#11255 = ORIENTED_EDGE('',*,*,#11256,.T.);
#11256 = EDGE_CURVE('',#11249,#11257,#11259,.T.);
#11257 = VERTEX_POINT('',#11258);
#11258 = CARTESIAN_POINT('',(-33.315584,7.800005,1.585));
#11259 = CIRCLE('',#11260,4.05420065405);
#11260 = AXIS2_PLACEMENT_3D('',#11261,#11262,#11263);
#11261 = CARTESIAN_POINT('',(-33.49999933522,3.75000081143,1.585));
#11262 = DIRECTION('',(0.,0.,1.));
#11263 = DIRECTION('',(0.942015618149,0.335569031891,-0.));
#11264 = ORIENTED_EDGE('',*,*,#11265,.T.);
#11265 = EDGE_CURVE('',#11257,#11205,#11266,.T.);
#11266 = LINE('',#11267,#11268);
#11267 = CARTESIAN_POINT('',(-33.315584,7.800005,1.585));
#11268 = VECTOR('',#11269,1.);
#11269 = DIRECTION('',(-1.,-3.26640256662E-07,0.));
#11270 = PLANE('',#11271);
#11271 = AXIS2_PLACEMENT_3D('',#11272,#11273,#11274);
#11272 = CARTESIAN_POINT('',(0.,0.,1.585));
#11273 = DIRECTION('',(0.,0.,1.));
#11274 = DIRECTION('',(1.,0.,-0.));
#11275 = SHELL_BASED_SURFACE_MODEL('',(#11276));
#11276 = OPEN_SHELL('',(#11277));
#11277 = ADVANCED_FACE('',(#11278),#11397,.T.);
#11278 = FACE_BOUND('',#11279,.F.);
#11279 = EDGE_LOOP('',(#11280,#11291,#11299,#11308,#11316,#11324,#11332,
    #11340,#11349,#11357,#11365,#11374,#11382,#11391));
#11280 = ORIENTED_EDGE('',*,*,#11281,.T.);
#11281 = EDGE_CURVE('',#11282,#11284,#11286,.T.);
#11282 = VERTEX_POINT('',#11283);
#11283 = CARTESIAN_POINT('',(29.614858,5.364129,1.585));
#11284 = VERTEX_POINT('',#11285);
#11285 = CARTESIAN_POINT('',(33.5,7.92,1.585));
#11286 = CIRCLE('',#11287,4.170184539081);
#11287 = AXIS2_PLACEMENT_3D('',#11288,#11289,#11290);
#11288 = CARTESIAN_POINT('',(33.459991353503,3.750007386314,1.585));
#11289 = DIRECTION('',(0.,0.,-1.));
#11290 = DIRECTION('',(-0.922053524842,0.387062394616,0.));
#11291 = ORIENTED_EDGE('',*,*,#11292,.T.);
#11292 = EDGE_CURVE('',#11284,#11293,#11295,.T.);
#11293 = VERTEX_POINT('',#11294);
#11294 = CARTESIAN_POINT('',(39.11,7.92,1.585));
#11295 = LINE('',#11296,#11297);
#11296 = CARTESIAN_POINT('',(33.5,7.92,1.585));
#11297 = VECTOR('',#11298,1.);
#11298 = DIRECTION('',(1.,0.,0.));
#11299 = ORIENTED_EDGE('',*,*,#11300,.T.);
#11300 = EDGE_CURVE('',#11293,#11301,#11303,.T.);
#11301 = VERTEX_POINT('',#11302);
#11302 = CARTESIAN_POINT('',(39.17,7.86,1.585));
#11303 = CIRCLE('',#11304,5.99993201626E-02);
#11304 = AXIS2_PLACEMENT_3D('',#11305,#11306,#11307);
#11305 = CARTESIAN_POINT('',(39.110000679841,7.860000679841,1.585));
#11306 = DIRECTION('',(0.,0.,-1.));
#11307 = DIRECTION('',(-1.1330816003E-05,0.999999999936,0.));
#11308 = ORIENTED_EDGE('',*,*,#11309,.T.);
#11309 = EDGE_CURVE('',#11301,#11310,#11312,.T.);
#11310 = VERTEX_POINT('',#11311);
#11311 = CARTESIAN_POINT('',(39.17,7.07,1.585));
#11312 = LINE('',#11313,#11314);
#11313 = CARTESIAN_POINT('',(39.17,7.86,1.585));
#11314 = VECTOR('',#11315,1.);
#11315 = DIRECTION('',(0.,-1.,0.));
#11316 = ORIENTED_EDGE('',*,*,#11317,.T.);
#11317 = EDGE_CURVE('',#11310,#11318,#11320,.T.);
#11318 = VERTEX_POINT('',#11319);
#11319 = CARTESIAN_POINT('',(42.5,7.07,1.585));
#11320 = LINE('',#11321,#11322);
#11321 = CARTESIAN_POINT('',(39.17,7.07,1.585));
#11322 = VECTOR('',#11323,1.);
#11323 = DIRECTION('',(1.,0.,0.));
#11324 = ORIENTED_EDGE('',*,*,#11325,.T.);
#11325 = EDGE_CURVE('',#11318,#11326,#11328,.T.);
#11326 = VERTEX_POINT('',#11327);
#11327 = CARTESIAN_POINT('',(42.5,6.95,1.585));
#11328 = LINE('',#11329,#11330);
#11329 = CARTESIAN_POINT('',(42.5,7.07,1.585));
#11330 = VECTOR('',#11331,1.);
#11331 = DIRECTION('',(0.,-1.,0.));
#11332 = ORIENTED_EDGE('',*,*,#11333,.T.);
#11333 = EDGE_CURVE('',#11326,#11334,#11336,.T.);
#11334 = VERTEX_POINT('',#11335);
#11335 = CARTESIAN_POINT('',(39.11,6.95,1.585));
#11336 = LINE('',#11337,#11338);
#11337 = CARTESIAN_POINT('',(42.5,6.95,1.585));
#11338 = VECTOR('',#11339,1.);
#11339 = DIRECTION('',(-1.,0.,0.));
#11340 = ORIENTED_EDGE('',*,*,#11341,.T.);
#11341 = EDGE_CURVE('',#11334,#11342,#11344,.T.);
#11342 = VERTEX_POINT('',#11343);
#11343 = CARTESIAN_POINT('',(39.05,7.01,1.585));
#11344 = CIRCLE('',#11345,5.99993201626E-02);
#11345 = AXIS2_PLACEMENT_3D('',#11346,#11347,#11348);
#11346 = CARTESIAN_POINT('',(39.109999320159,7.009999320159,1.585));
#11347 = DIRECTION('',(0.,0.,-1.));
#11348 = DIRECTION('',(1.1330816003E-05,-0.999999999936,0.));
#11349 = ORIENTED_EDGE('',*,*,#11350,.T.);
#11350 = EDGE_CURVE('',#11342,#11351,#11353,.T.);
#11351 = VERTEX_POINT('',#11352);
#11352 = CARTESIAN_POINT('',(39.05,7.8,1.585));
#11353 = LINE('',#11354,#11355);
#11354 = CARTESIAN_POINT('',(39.05,7.01,1.585));
#11355 = VECTOR('',#11356,1.);
#11356 = DIRECTION('',(0.,1.,0.));
#11357 = ORIENTED_EDGE('',*,*,#11358,.T.);
#11358 = EDGE_CURVE('',#11351,#11359,#11361,.T.);
#11359 = VERTEX_POINT('',#11360);
#11360 = CARTESIAN_POINT('',(33.315,7.801803,1.585));
#11361 = LINE('',#11362,#11363);
#11362 = CARTESIAN_POINT('',(39.05,7.8,1.585));
#11363 = VECTOR('',#11364,1.);
#11364 = DIRECTION('',(-0.999999950581,3.143853375584E-04,0.));
#11365 = ORIENTED_EDGE('',*,*,#11366,.T.);
#11366 = EDGE_CURVE('',#11359,#11367,#11369,.T.);
#11367 = VERTEX_POINT('',#11368);
#11368 = CARTESIAN_POINT('',(29.654116,5.147635,1.585));
#11369 = CIRCLE('',#11370,4.054395164562);
#11370 = AXIS2_PLACEMENT_3D('',#11371,#11372,#11373);
#11371 = CARTESIAN_POINT('',(33.459998377625,3.750001472172,1.585));
#11372 = DIRECTION('',(0.,0.,1.));
#11373 = DIRECTION('',(-3.576325733909E-02,0.999360290098,0.));
#11374 = ORIENTED_EDGE('',*,*,#11375,.T.);
#11375 = EDGE_CURVE('',#11367,#11376,#11378,.T.);
#11376 = VERTEX_POINT('',#11377);
#11377 = CARTESIAN_POINT('',(29.598487,4.9718,1.585));
#11378 = LINE('',#11379,#11380);
#11379 = CARTESIAN_POINT('',(29.654116,5.147635,1.585));
#11380 = VECTOR('',#11381,1.);
#11381 = DIRECTION('',(-0.30163502267,-0.953423469975,0.));
#11382 = ORIENTED_EDGE('',*,*,#11383,.T.);
#11383 = EDGE_CURVE('',#11376,#11384,#11386,.T.);
#11384 = VERTEX_POINT('',#11385);
#11385 = CARTESIAN_POINT('',(29.484077,5.008,1.585));
#11386 = CIRCLE('',#11387,6.000018354284E-02);
#11387 = AXIS2_PLACEMENT_3D('',#11388,#11389,#11390);
#11388 = CARTESIAN_POINT('',(29.541282125957,4.989900398085,1.585));
#11389 = DIRECTION('',(-0.,0.,-1.));
#11390 = DIRECTION('',(0.95341165086,-0.301672378591,-0.));
#11391 = ORIENTED_EDGE('',*,*,#11392,.T.);
#11392 = EDGE_CURVE('',#11384,#11282,#11393,.T.);
#11393 = LINE('',#11394,#11395);
#11394 = CARTESIAN_POINT('',(29.484077,5.008,1.585));
#11395 = VECTOR('',#11396,1.);
#11396 = DIRECTION('',(0.34472015462,0.93870549961,0.));
#11397 = PLANE('',#11398);
#11398 = AXIS2_PLACEMENT_3D('',#11399,#11400,#11401);
#11399 = CARTESIAN_POINT('',(0.,0.,1.585));
#11400 = DIRECTION('',(0.,0.,1.));
#11401 = DIRECTION('',(1.,0.,-0.));
#11402 = SHELL_BASED_SURFACE_MODEL('',(#11403));
#11403 = OPEN_SHELL('',(#11404));
#11404 = ADVANCED_FACE('',(#11405),#11523,.T.);
#11405 = FACE_BOUND('',#11406,.F.);
#11406 = EDGE_LOOP('',(#11407,#11418,#11426,#11434,#11443,#11451,#11459,
    #11468,#11476,#11484,#11493,#11501,#11509,#11517));
#11407 = ORIENTED_EDGE('',*,*,#11408,.T.);
#11408 = EDGE_CURVE('',#11409,#11411,#11413,.T.);
#11409 = VERTEX_POINT('',#11410);
#11410 = CARTESIAN_POINT('',(-30.426968,8.633789,1.585));
#11411 = VERTEX_POINT('',#11412);
#11412 = CARTESIAN_POINT('',(-30.3103,8.571429,1.585));
#11413 = CIRCLE('',#11414,7.500000000003E-02);
#11414 = AXIS2_PLACEMENT_3D('',#11415,#11416,#11417);
#11415 = CARTESIAN_POINT('',(-30.3853,8.571428934445,1.585));
#11416 = DIRECTION('',(0.,0.,-1.));
#11417 = DIRECTION('',(-0.555573333333,0.831467540731,0.));
#11418 = ORIENTED_EDGE('',*,*,#11419,.T.);
#11419 = EDGE_CURVE('',#11411,#11420,#11422,.T.);
#11420 = VERTEX_POINT('',#11421);
#11421 = CARTESIAN_POINT('',(-30.3103,8.075001,1.585));
#11422 = LINE('',#11423,#11424);
#11423 = CARTESIAN_POINT('',(-30.3103,8.571429,1.585));
#11424 = VECTOR('',#11425,1.);
#11425 = DIRECTION('',(0.,-1.,0.));
#11426 = ORIENTED_EDGE('',*,*,#11427,.T.);
#11427 = EDGE_CURVE('',#11420,#11428,#11430,.T.);
#11428 = VERTEX_POINT('',#11429);
#11429 = CARTESIAN_POINT('',(-29.79924,8.07356,1.585));
#11430 = LINE('',#11431,#11432);
#11431 = CARTESIAN_POINT('',(-30.3103,8.075001,1.585));
#11432 = VECTOR('',#11433,1.);
#11433 = DIRECTION('',(0.999996024868,-2.819618580664E-03,0.));
#11434 = ORIENTED_EDGE('',*,*,#11435,.T.);
#11435 = EDGE_CURVE('',#11428,#11436,#11438,.T.);
#11436 = VERTEX_POINT('',#11437);
#11437 = CARTESIAN_POINT('',(-29.813872,7.925001,1.585));
#11438 = CIRCLE('',#11439,7.500006711464E-02);
#11439 = AXIS2_PLACEMENT_3D('',#11440,#11441,#11442);
#11440 = CARTESIAN_POINT('',(-29.81387193288,8.000001067115,1.585));
#11441 = DIRECTION('',(0.,0.,-1.));
#11442 = DIRECTION('',(0.195092263891,0.980784894138,0.));
#11443 = ORIENTED_EDGE('',*,*,#11444,.T.);
#11444 = EDGE_CURVE('',#11436,#11445,#11447,.T.);
#11445 = VERTEX_POINT('',#11446);
#11446 = CARTESIAN_POINT('',(-30.3103,7.925001,1.585));
#11447 = LINE('',#11448,#11449);
#11448 = CARTESIAN_POINT('',(-29.813872,7.925001,1.585));
#11449 = VECTOR('',#11450,1.);
#11450 = DIRECTION('',(-1.,0.,0.));
#11451 = ORIENTED_EDGE('',*,*,#11452,.T.);
#11452 = EDGE_CURVE('',#11445,#11453,#11455,.T.);
#11453 = VERTEX_POINT('',#11454);
#11454 = CARTESIAN_POINT('',(-30.311741,7.41394,1.585));
#11455 = LINE('',#11456,#11457);
#11456 = CARTESIAN_POINT('',(-30.3103,7.925001,1.585));
#11457 = VECTOR('',#11458,1.);
#11458 = DIRECTION('',(-2.819613063522E-03,-0.999996024883,0.));
#11459 = ORIENTED_EDGE('',*,*,#11460,.T.);
#11460 = EDGE_CURVE('',#11453,#11461,#11463,.T.);
#11461 = VERTEX_POINT('',#11462);
#11462 = CARTESIAN_POINT('',(-30.4603,7.428572,1.585));
#11463 = CIRCLE('',#11464,7.500006711464E-02);
#11464 = AXIS2_PLACEMENT_3D('',#11465,#11466,#11467);
#11465 = CARTESIAN_POINT('',(-30.38529993288,7.428571932885,1.585));
#11466 = DIRECTION('',(-0.,0.,-1.));
#11467 = DIRECTION('',(0.980784894138,-0.195092263891,-0.));
#11468 = ORIENTED_EDGE('',*,*,#11469,.T.);
#11469 = EDGE_CURVE('',#11461,#11470,#11472,.T.);
#11470 = VERTEX_POINT('',#11471);
#11471 = CARTESIAN_POINT('',(-30.4603,7.925001,1.585));
#11472 = LINE('',#11473,#11474);
#11473 = CARTESIAN_POINT('',(-30.4603,7.428572,1.585));
#11474 = VECTOR('',#11475,1.);
#11475 = DIRECTION('',(0.,1.,0.));
#11476 = ORIENTED_EDGE('',*,*,#11477,.T.);
#11477 = EDGE_CURVE('',#11470,#11478,#11480,.T.);
#11478 = VERTEX_POINT('',#11479);
#11479 = CARTESIAN_POINT('',(-30.971361,7.926442,1.585));
#11480 = LINE('',#11481,#11482);
#11481 = CARTESIAN_POINT('',(-30.4603,7.925001,1.585));
#11482 = VECTOR('',#11483,1.);
#11483 = DIRECTION('',(-0.999996024883,2.819613063522E-03,0.));
#11484 = ORIENTED_EDGE('',*,*,#11485,.T.);
#11485 = EDGE_CURVE('',#11478,#11486,#11488,.T.);
#11486 = VERTEX_POINT('',#11487);
#11487 = CARTESIAN_POINT('',(-30.956729,8.075001,1.585));
#11488 = CIRCLE('',#11489,7.500006711464E-02);
#11489 = AXIS2_PLACEMENT_3D('',#11490,#11491,#11492);
#11490 = CARTESIAN_POINT('',(-30.95672906711,8.000000932885,1.585));
#11491 = DIRECTION('',(0.,0.,-1.));
#11492 = DIRECTION('',(-0.195092263891,-0.980784894138,-0.));
#11493 = ORIENTED_EDGE('',*,*,#11494,.T.);
#11494 = EDGE_CURVE('',#11486,#11495,#11497,.T.);
#11495 = VERTEX_POINT('',#11496);
#11496 = CARTESIAN_POINT('',(-30.4603,8.075001,1.585));
#11497 = LINE('',#11498,#11499);
#11498 = CARTESIAN_POINT('',(-30.956729,8.075001,1.585));
#11499 = VECTOR('',#11500,1.);
#11500 = DIRECTION('',(1.,0.,0.));
#11501 = ORIENTED_EDGE('',*,*,#11502,.T.);
#11502 = EDGE_CURVE('',#11495,#11503,#11505,.T.);
#11503 = VERTEX_POINT('',#11504);
#11504 = CARTESIAN_POINT('',(-30.458859,8.586061,1.585));
#11505 = LINE('',#11506,#11507);
#11506 = CARTESIAN_POINT('',(-30.4603,8.075001,1.585));
#11507 = VECTOR('',#11508,1.);
#11508 = DIRECTION('',(2.819618580664E-03,0.999996024868,0.));
#11509 = ORIENTED_EDGE('',*,*,#11510,.T.);
#11510 = EDGE_CURVE('',#11503,#11511,#11513,.T.);
#11511 = VERTEX_POINT('',#11512);
#11512 = CARTESIAN_POINT('',(-30.44766,8.613097,1.585));
#11513 = LINE('',#11514,#11515);
#11514 = CARTESIAN_POINT('',(-30.458859,8.586061,1.585));
#11515 = VECTOR('',#11516,1.);
#11516 = DIRECTION('',(0.38269282806,0.923875640631,0.));
#11517 = ORIENTED_EDGE('',*,*,#11518,.T.);
#11518 = EDGE_CURVE('',#11511,#11409,#11519,.T.);
#11519 = LINE('',#11520,#11521);
#11520 = CARTESIAN_POINT('',(-30.44766,8.613097,1.585));
#11521 = VECTOR('',#11522,1.);
#11522 = DIRECTION('',(0.707106781187,0.707106781187,0.));
#11523 = PLANE('',#11524);
#11524 = AXIS2_PLACEMENT_3D('',#11525,#11526,#11527);
#11525 = CARTESIAN_POINT('',(0.,0.,1.585));
#11526 = DIRECTION('',(0.,0.,1.));
#11527 = DIRECTION('',(1.,0.,-0.));
#11528 = SHELL_BASED_SURFACE_MODEL('',(#11529));
#11529 = OPEN_SHELL('',(#11530));
#11530 = ADVANCED_FACE('',(#11531),#11649,.T.);
#11531 = FACE_BOUND('',#11532,.F.);
#11532 = EDGE_LOOP('',(#11533,#11544,#11552,#11560,#11569,#11577,#11585,
    #11594,#11602,#11610,#11619,#11627,#11635,#11643));
#11533 = ORIENTED_EDGE('',*,*,#11534,.T.);
#11534 = EDGE_CURVE('',#11535,#11537,#11539,.T.);
#11535 = VERTEX_POINT('',#11536);
#11536 = CARTESIAN_POINT('',(30.323032,8.633789,1.585));
#11537 = VERTEX_POINT('',#11538);
#11538 = CARTESIAN_POINT('',(30.4397,8.571429,1.585));
#11539 = CIRCLE('',#11540,7.500000000003E-02);
#11540 = AXIS2_PLACEMENT_3D('',#11541,#11542,#11543);
#11541 = CARTESIAN_POINT('',(30.3647,8.571428934445,1.585));
#11542 = DIRECTION('',(0.,0.,-1.));
#11543 = DIRECTION('',(-0.555573333333,0.831467540731,0.));
#11544 = ORIENTED_EDGE('',*,*,#11545,.T.);
#11545 = EDGE_CURVE('',#11537,#11546,#11548,.T.);
#11546 = VERTEX_POINT('',#11547);
#11547 = CARTESIAN_POINT('',(30.4397,8.075001,1.585));
#11548 = LINE('',#11549,#11550);
#11549 = CARTESIAN_POINT('',(30.4397,8.571429,1.585));
#11550 = VECTOR('',#11551,1.);
#11551 = DIRECTION('',(0.,-1.,0.));
#11552 = ORIENTED_EDGE('',*,*,#11553,.T.);
#11553 = EDGE_CURVE('',#11546,#11554,#11556,.T.);
#11554 = VERTEX_POINT('',#11555);
#11555 = CARTESIAN_POINT('',(30.95076,8.07356,1.585));
#11556 = LINE('',#11557,#11558);
#11557 = CARTESIAN_POINT('',(30.4397,8.075001,1.585));
#11558 = VECTOR('',#11559,1.);
#11559 = DIRECTION('',(0.999996024868,-2.819618580664E-03,0.));
#11560 = ORIENTED_EDGE('',*,*,#11561,.T.);
#11561 = EDGE_CURVE('',#11554,#11562,#11564,.T.);
#11562 = VERTEX_POINT('',#11563);
#11563 = CARTESIAN_POINT('',(30.936128,7.925001,1.585));
#11564 = CIRCLE('',#11565,7.500006711464E-02);
#11565 = AXIS2_PLACEMENT_3D('',#11566,#11567,#11568);
#11566 = CARTESIAN_POINT('',(30.936128067115,8.000001067115,1.585));
#11567 = DIRECTION('',(0.,0.,-1.));
#11568 = DIRECTION('',(0.195092263891,0.980784894138,0.));
#11569 = ORIENTED_EDGE('',*,*,#11570,.T.);
#11570 = EDGE_CURVE('',#11562,#11571,#11573,.T.);
#11571 = VERTEX_POINT('',#11572);
#11572 = CARTESIAN_POINT('',(30.4397,7.925001,1.585));
#11573 = LINE('',#11574,#11575);
#11574 = CARTESIAN_POINT('',(30.936128,7.925001,1.585));
#11575 = VECTOR('',#11576,1.);
#11576 = DIRECTION('',(-1.,0.,0.));
#11577 = ORIENTED_EDGE('',*,*,#11578,.T.);
#11578 = EDGE_CURVE('',#11571,#11579,#11581,.T.);
#11579 = VERTEX_POINT('',#11580);
#11580 = CARTESIAN_POINT('',(30.438259,7.41394,1.585));
#11581 = LINE('',#11582,#11583);
#11582 = CARTESIAN_POINT('',(30.4397,7.925001,1.585));
#11583 = VECTOR('',#11584,1.);
#11584 = DIRECTION('',(-2.819613063522E-03,-0.999996024883,0.));
#11585 = ORIENTED_EDGE('',*,*,#11586,.T.);
#11586 = EDGE_CURVE('',#11579,#11587,#11589,.T.);
#11587 = VERTEX_POINT('',#11588);
#11588 = CARTESIAN_POINT('',(30.2897,7.428572,1.585));
#11589 = CIRCLE('',#11590,7.500006711464E-02);
#11590 = AXIS2_PLACEMENT_3D('',#11591,#11592,#11593);
#11591 = CARTESIAN_POINT('',(30.364700067115,7.428571932885,1.585));
#11592 = DIRECTION('',(-0.,0.,-1.));
#11593 = DIRECTION('',(0.980784894138,-0.195092263891,-0.));
#11594 = ORIENTED_EDGE('',*,*,#11595,.T.);
#11595 = EDGE_CURVE('',#11587,#11596,#11598,.T.);
#11596 = VERTEX_POINT('',#11597);
#11597 = CARTESIAN_POINT('',(30.2897,7.925001,1.585));
#11598 = LINE('',#11599,#11600);
#11599 = CARTESIAN_POINT('',(30.2897,7.428572,1.585));
#11600 = VECTOR('',#11601,1.);
#11601 = DIRECTION('',(0.,1.,0.));
#11602 = ORIENTED_EDGE('',*,*,#11603,.T.);
#11603 = EDGE_CURVE('',#11596,#11604,#11606,.T.);
#11604 = VERTEX_POINT('',#11605);
#11605 = CARTESIAN_POINT('',(29.778639,7.926442,1.585));
#11606 = LINE('',#11607,#11608);
#11607 = CARTESIAN_POINT('',(30.2897,7.925001,1.585));
#11608 = VECTOR('',#11609,1.);
#11609 = DIRECTION('',(-0.999996024883,2.819613063522E-03,0.));
#11610 = ORIENTED_EDGE('',*,*,#11611,.T.);
#11611 = EDGE_CURVE('',#11604,#11612,#11614,.T.);
#11612 = VERTEX_POINT('',#11613);
#11613 = CARTESIAN_POINT('',(29.793271,8.075001,1.585));
#11614 = CIRCLE('',#11615,7.500006711464E-02);
#11615 = AXIS2_PLACEMENT_3D('',#11616,#11617,#11618);
#11616 = CARTESIAN_POINT('',(29.793270932885,8.000000932885,1.585));
#11617 = DIRECTION('',(0.,0.,-1.));
#11618 = DIRECTION('',(-0.195092263891,-0.980784894138,-0.));
#11619 = ORIENTED_EDGE('',*,*,#11620,.T.);
#11620 = EDGE_CURVE('',#11612,#11621,#11623,.T.);
#11621 = VERTEX_POINT('',#11622);
#11622 = CARTESIAN_POINT('',(30.2897,8.075001,1.585));
#11623 = LINE('',#11624,#11625);
#11624 = CARTESIAN_POINT('',(29.793271,8.075001,1.585));
#11625 = VECTOR('',#11626,1.);
#11626 = DIRECTION('',(1.,0.,0.));
#11627 = ORIENTED_EDGE('',*,*,#11628,.T.);
#11628 = EDGE_CURVE('',#11621,#11629,#11631,.T.);
#11629 = VERTEX_POINT('',#11630);
#11630 = CARTESIAN_POINT('',(30.291141,8.586061,1.585));
#11631 = LINE('',#11632,#11633);
#11632 = CARTESIAN_POINT('',(30.2897,8.075001,1.585));
#11633 = VECTOR('',#11634,1.);
#11634 = DIRECTION('',(2.819618580664E-03,0.999996024868,0.));
#11635 = ORIENTED_EDGE('',*,*,#11636,.T.);
#11636 = EDGE_CURVE('',#11629,#11637,#11639,.T.);
#11637 = VERTEX_POINT('',#11638);
#11638 = CARTESIAN_POINT('',(30.30234,8.613097,1.585));
#11639 = LINE('',#11640,#11641);
#11640 = CARTESIAN_POINT('',(30.291141,8.586061,1.585));
#11641 = VECTOR('',#11642,1.);
#11642 = DIRECTION('',(0.38269282806,0.923875640631,0.));
#11643 = ORIENTED_EDGE('',*,*,#11644,.T.);
#11644 = EDGE_CURVE('',#11637,#11535,#11645,.T.);
#11645 = LINE('',#11646,#11647);
#11646 = CARTESIAN_POINT('',(30.30234,8.613097,1.585));
#11647 = VECTOR('',#11648,1.);
#11648 = DIRECTION('',(0.707106781187,0.707106781187,0.));
#11649 = PLANE('',#11650);
#11650 = AXIS2_PLACEMENT_3D('',#11651,#11652,#11653);
#11651 = CARTESIAN_POINT('',(0.,0.,1.585));
#11652 = DIRECTION('',(0.,0.,1.));
#11653 = DIRECTION('',(1.,0.,-0.));
#11654 = ( GEOMETRIC_REPRESENTATION_CONTEXT(3) 
GLOBAL_UNCERTAINTY_ASSIGNED_CONTEXT((#11658)) 
GLOBAL_UNIT_ASSIGNED_CONTEXT((#11655,#11656,#11657)) 
REPRESENTATION_CONTEXT('Context #1',
  '3D Context with UNIT and UNCERTAINTY') );
#11655 = ( LENGTH_UNIT() NAMED_UNIT(*) SI_UNIT(.MILLI.,.METRE.) );
#11656 = ( NAMED_UNIT(*) PLANE_ANGLE_UNIT() SI_UNIT($,.RADIAN.) );
#11657 = ( NAMED_UNIT(*) SI_UNIT($,.STERADIAN.) SOLID_ANGLE_UNIT() );
#11658 = UNCERTAINTY_MEASURE_WITH_UNIT(LENGTH_MEASURE(1.E-07),#11655,
  'distance_accuracy_value','confusion accuracy');
#11659 = CONTEXT_DEPENDENT_SHAPE_REPRESENTATION(#11660,#11662);
#11660 = ( REPRESENTATION_RELATIONSHIP('','',#3123,#10) 
REPRESENTATION_RELATIONSHIP_WITH_TRANSFORMATION(#11661) 
SHAPE_REPRESENTATION_RELATIONSHIP() );
#11661 = ITEM_DEFINED_TRANSFORMATION('','',#11,#31);
#11662 = PRODUCT_DEFINITION_SHAPE('Placement','Placement of an item',
  #11663);
#11663 = NEXT_ASSEMBLY_USAGE_OCCURRENCE('7','=>[0:1:1:8]','',#5,#3118,$
  );
#11664 = PRODUCT_RELATED_PRODUCT_CATEGORY('part',$,(#3120));
#11665 = SHAPE_DEFINITION_REPRESENTATION(#11666,#11672);
#11666 = PRODUCT_DEFINITION_SHAPE('','',#11667);
#11667 = PRODUCT_DEFINITION('design','',#11668,#11671);
#11668 = PRODUCT_DEFINITION_FORMATION('','',#11669);
#11669 = PRODUCT('xt60-power-hub_soldermask','xt60-power-hub_soldermask'
  ,'',(#11670));
#11670 = PRODUCT_CONTEXT('',#2,'mechanical');
#11671 = PRODUCT_DEFINITION_CONTEXT('part definition',#2,'design');
#11672 = MANIFOLD_SURFACE_SHAPE_REPRESENTATION('',(#11,#11673),#12487);
#11673 = SHELL_BASED_SURFACE_MODEL('',(#11674));
#11674 = OPEN_SHELL('',(#11675));
#11675 = ADVANCED_FACE('',(#11676,#11842,#11895,#11948,#11959,#11970,
    #11981,#11992,#12003,#12014,#12025,#12036,#12047,#12058,#12111,
    #12164,#12217,#12270,#12323,#12376,#12429),#12482,.T.);
#11676 = FACE_BOUND('',#11677,.F.);
#11677 = EDGE_LOOP('',(#11678,#11688,#11696,#11704,#11713,#11721,#11729,
    #11737,#11746,#11754,#11762,#11770,#11778,#11786,#11795,#11803,
    #11811,#11819,#11828,#11836));
#11678 = ORIENTED_EDGE('',*,*,#11679,.T.);
#11679 = EDGE_CURVE('',#11680,#11682,#11684,.T.);
#11680 = VERTEX_POINT('',#11681);
#11681 = CARTESIAN_POINT('',(-42.5,-12.5,1.56));
#11682 = VERTEX_POINT('',#11683);
#11683 = CARTESIAN_POINT('',(-42.5,12.5,1.56));
#11684 = LINE('',#11685,#11686);
#11685 = CARTESIAN_POINT('',(-42.5,-12.5,1.56));
#11686 = VECTOR('',#11687,1.);
#11687 = DIRECTION('',(0.,1.,0.));
#11688 = ORIENTED_EDGE('',*,*,#11689,.T.);
#11689 = EDGE_CURVE('',#11682,#11690,#11692,.T.);
#11690 = VERTEX_POINT('',#11691);
#11691 = CARTESIAN_POINT('',(-37.082568,12.5,1.56));
#11692 = LINE('',#11693,#11694);
#11693 = CARTESIAN_POINT('',(-42.5,12.5,1.56));
#11694 = VECTOR('',#11695,1.);
#11695 = DIRECTION('',(1.,0.,0.));
#11696 = ORIENTED_EDGE('',*,*,#11697,.T.);
#11697 = EDGE_CURVE('',#11690,#11698,#11700,.T.);
#11698 = VERTEX_POINT('',#11699);
#11699 = CARTESIAN_POINT('',(-37.082568,12.375448,1.56));
#11700 = LINE('',#11701,#11702);
#11701 = CARTESIAN_POINT('',(-37.082568,12.5,1.56));
#11702 = VECTOR('',#11703,1.);
#11703 = DIRECTION('',(0.,-1.,0.));
#11704 = ORIENTED_EDGE('',*,*,#11705,.T.);
#11705 = EDGE_CURVE('',#11698,#11706,#11708,.T.);
#11706 = VERTEX_POINT('',#11707);
#11707 = CARTESIAN_POINT('',(-33.917432,12.375448,1.56));
#11708 = CIRCLE('',#11709,1.587459299871);
#11709 = AXIS2_PLACEMENT_3D('',#11710,#11711,#11712);
#11710 = CARTESIAN_POINT('',(-35.5,12.499969299871,1.56));
#11711 = DIRECTION('',(0.,0.,1.));
#11712 = DIRECTION('',(-0.996918787228,-7.844062514276E-02,0.));
#11713 = ORIENTED_EDGE('',*,*,#11714,.T.);
#11714 = EDGE_CURVE('',#11706,#11715,#11717,.T.);
#11715 = VERTEX_POINT('',#11716);
#11716 = CARTESIAN_POINT('',(-33.917432,12.5,1.56));
#11717 = LINE('',#11718,#11719);
#11718 = CARTESIAN_POINT('',(-33.917432,12.375448,1.56));
#11719 = VECTOR('',#11720,1.);
#11720 = DIRECTION('',(0.,1.,0.));
#11721 = ORIENTED_EDGE('',*,*,#11722,.T.);
#11722 = EDGE_CURVE('',#11715,#11723,#11725,.T.);
#11723 = VERTEX_POINT('',#11724);
#11724 = CARTESIAN_POINT('',(33.917432,12.5,1.56));
#11725 = LINE('',#11726,#11727);
#11726 = CARTESIAN_POINT('',(-33.917432,12.5,1.56));
#11727 = VECTOR('',#11728,1.);
#11728 = DIRECTION('',(1.,0.,0.));
#11729 = ORIENTED_EDGE('',*,*,#11730,.T.);
#11730 = EDGE_CURVE('',#11723,#11731,#11733,.T.);
#11731 = VERTEX_POINT('',#11732);
#11732 = CARTESIAN_POINT('',(33.917432,12.375448,1.56));
#11733 = LINE('',#11734,#11735);
#11734 = CARTESIAN_POINT('',(33.917432,12.5,1.56));
#11735 = VECTOR('',#11736,1.);
#11736 = DIRECTION('',(0.,-1.,0.));
#11737 = ORIENTED_EDGE('',*,*,#11738,.T.);
#11738 = EDGE_CURVE('',#11731,#11739,#11741,.T.);
#11739 = VERTEX_POINT('',#11740);
#11740 = CARTESIAN_POINT('',(37.082568,12.375448,1.56));
#11741 = CIRCLE('',#11742,1.587459299871);
#11742 = AXIS2_PLACEMENT_3D('',#11743,#11744,#11745);
#11743 = CARTESIAN_POINT('',(35.5,12.499969299871,1.56));
#11744 = DIRECTION('',(0.,0.,1.));
#11745 = DIRECTION('',(-0.996918787228,-7.844062514276E-02,0.));
#11746 = ORIENTED_EDGE('',*,*,#11747,.T.);
#11747 = EDGE_CURVE('',#11739,#11748,#11750,.T.);
#11748 = VERTEX_POINT('',#11749);
#11749 = CARTESIAN_POINT('',(37.082568,12.5,1.56));
#11750 = LINE('',#11751,#11752);
#11751 = CARTESIAN_POINT('',(37.082568,12.375448,1.56));
#11752 = VECTOR('',#11753,1.);
#11753 = DIRECTION('',(0.,1.,0.));
#11754 = ORIENTED_EDGE('',*,*,#11755,.T.);
#11755 = EDGE_CURVE('',#11748,#11756,#11758,.T.);
#11756 = VERTEX_POINT('',#11757);
#11757 = CARTESIAN_POINT('',(42.5,12.5,1.56));
#11758 = LINE('',#11759,#11760);
#11759 = CARTESIAN_POINT('',(37.082568,12.5,1.56));
#11760 = VECTOR('',#11761,1.);
#11761 = DIRECTION('',(1.,0.,0.));
#11762 = ORIENTED_EDGE('',*,*,#11763,.T.);
#11763 = EDGE_CURVE('',#11756,#11764,#11766,.T.);
#11764 = VERTEX_POINT('',#11765);
#11765 = CARTESIAN_POINT('',(42.5,-12.5,1.56));
#11766 = LINE('',#11767,#11768);
#11767 = CARTESIAN_POINT('',(42.5,12.5,1.56));
#11768 = VECTOR('',#11769,1.);
#11769 = DIRECTION('',(0.,-1.,0.));
#11770 = ORIENTED_EDGE('',*,*,#11771,.T.);
#11771 = EDGE_CURVE('',#11764,#11772,#11774,.T.);
#11772 = VERTEX_POINT('',#11773);
#11773 = CARTESIAN_POINT('',(37.082568,-12.5,1.56));
#11774 = LINE('',#11775,#11776);
#11775 = CARTESIAN_POINT('',(42.5,-12.5,1.56));
#11776 = VECTOR('',#11777,1.);
#11777 = DIRECTION('',(-1.,0.,0.));
#11778 = ORIENTED_EDGE('',*,*,#11779,.T.);
#11779 = EDGE_CURVE('',#11772,#11780,#11782,.T.);
#11780 = VERTEX_POINT('',#11781);
#11781 = CARTESIAN_POINT('',(37.082568,-12.375447,1.56));
#11782 = LINE('',#11783,#11784);
#11783 = CARTESIAN_POINT('',(37.082568,-12.5,1.56));
#11784 = VECTOR('',#11785,1.);
#11785 = DIRECTION('',(0.,1.,0.));
#11786 = ORIENTED_EDGE('',*,*,#11787,.T.);
#11787 = EDGE_CURVE('',#11780,#11788,#11790,.T.);
#11788 = VERTEX_POINT('',#11789);
#11789 = CARTESIAN_POINT('',(33.917432,-12.375447,1.56));
#11790 = CIRCLE('',#11791,1.587459299871);
#11791 = AXIS2_PLACEMENT_3D('',#11792,#11793,#11794);
#11792 = CARTESIAN_POINT('',(35.5,-12.49996829987,1.56));
#11793 = DIRECTION('',(0.,0.,1.));
#11794 = DIRECTION('',(0.996918787228,7.844062514277E-02,-0.));
#11795 = ORIENTED_EDGE('',*,*,#11796,.T.);
#11796 = EDGE_CURVE('',#11788,#11797,#11799,.T.);
#11797 = VERTEX_POINT('',#11798);
#11798 = CARTESIAN_POINT('',(33.917432,-12.5,1.56));
#11799 = LINE('',#11800,#11801);
#11800 = CARTESIAN_POINT('',(33.917432,-12.375447,1.56));
#11801 = VECTOR('',#11802,1.);
#11802 = DIRECTION('',(0.,-1.,0.));
#11803 = ORIENTED_EDGE('',*,*,#11804,.T.);
#11804 = EDGE_CURVE('',#11797,#11805,#11807,.T.);
#11805 = VERTEX_POINT('',#11806);
#11806 = CARTESIAN_POINT('',(-33.917432,-12.5,1.56));
#11807 = LINE('',#11808,#11809);
#11808 = CARTESIAN_POINT('',(33.917432,-12.5,1.56));
#11809 = VECTOR('',#11810,1.);
#11810 = DIRECTION('',(-1.,0.,0.));
#11811 = ORIENTED_EDGE('',*,*,#11812,.T.);
#11812 = EDGE_CURVE('',#11805,#11813,#11815,.T.);
#11813 = VERTEX_POINT('',#11814);
#11814 = CARTESIAN_POINT('',(-33.917432,-12.375447,1.56));
#11815 = LINE('',#11816,#11817);
#11816 = CARTESIAN_POINT('',(-33.917432,-12.5,1.56));
#11817 = VECTOR('',#11818,1.);
#11818 = DIRECTION('',(0.,1.,0.));
#11819 = ORIENTED_EDGE('',*,*,#11820,.T.);
#11820 = EDGE_CURVE('',#11813,#11821,#11823,.T.);
#11821 = VERTEX_POINT('',#11822);
#11822 = CARTESIAN_POINT('',(-37.082568,-12.375447,1.56));
#11823 = CIRCLE('',#11824,1.587459299871);
#11824 = AXIS2_PLACEMENT_3D('',#11825,#11826,#11827);
#11825 = CARTESIAN_POINT('',(-35.5,-12.49996829987,1.56));
#11826 = DIRECTION('',(0.,0.,1.));
#11827 = DIRECTION('',(0.996918787228,7.844062514277E-02,-0.));
#11828 = ORIENTED_EDGE('',*,*,#11829,.T.);
#11829 = EDGE_CURVE('',#11821,#11830,#11832,.T.);
#11830 = VERTEX_POINT('',#11831);
#11831 = CARTESIAN_POINT('',(-37.082568,-12.5,1.56));
#11832 = LINE('',#11833,#11834);
#11833 = CARTESIAN_POINT('',(-37.082568,-12.375447,1.56));
#11834 = VECTOR('',#11835,1.);
#11835 = DIRECTION('',(0.,-1.,0.));
#11836 = ORIENTED_EDGE('',*,*,#11837,.T.);
#11837 = EDGE_CURVE('',#11830,#11680,#11838,.T.);
#11838 = LINE('',#11839,#11840);
#11839 = CARTESIAN_POINT('',(-37.082568,-12.5,1.56));
#11840 = VECTOR('',#11841,1.);
#11841 = DIRECTION('',(-1.,0.,0.));
#11842 = FACE_BOUND('',#11843,.F.);
#11843 = EDGE_LOOP('',(#11844,#11855,#11863,#11872,#11880,#11889));
#11844 = ORIENTED_EDGE('',*,*,#11845,.T.);
#11845 = EDGE_CURVE('',#11846,#11848,#11850,.T.);
#11846 = VERTEX_POINT('',#11847);
#11847 = CARTESIAN_POINT('',(-37.899594,-6.4625,1.56));
#11848 = VERTEX_POINT('',#11849);
#11849 = CARTESIAN_POINT('',(-38.184933,-6.787512,1.56));
#11850 = CIRCLE('',#11851,0.287584041769);
#11851 = AXIS2_PLACEMENT_3D('',#11852,#11853,#11854);
#11852 = CARTESIAN_POINT('',(-37.89979492157,-6.750083971582,1.56));
#11853 = DIRECTION('',(0.,0.,1.));
#11854 = DIRECTION('',(6.986534164398E-04,0.999999755942,-0.));
#11855 = ORIENTED_EDGE('',*,*,#11856,.T.);
#11856 = EDGE_CURVE('',#11848,#11857,#11859,.T.);
#11857 = VERTEX_POINT('',#11858);
#11858 = CARTESIAN_POINT('',(-38.165516,-6.85998,1.56));
#11859 = LINE('',#11860,#11861);
#11860 = CARTESIAN_POINT('',(-38.184933,-6.787512,1.56));
#11861 = VECTOR('',#11862,1.);
#11862 = DIRECTION('',(0.258809816504,-0.965928299037,0.));
#11863 = ORIENTED_EDGE('',*,*,#11864,.T.);
#11864 = EDGE_CURVE('',#11857,#11865,#11867,.T.);
#11865 = VERTEX_POINT('',#11866);
#11866 = CARTESIAN_POINT('',(-37.899594,-7.0375,1.56));
#11867 = CIRCLE('',#11868,0.287686427939);
#11868 = AXIS2_PLACEMENT_3D('',#11869,#11870,#11871);
#11869 = CARTESIAN_POINT('',(-37.89975887519,-6.749813619307,1.56));
#11870 = DIRECTION('',(0.,0.,1.));
#11871 = DIRECTION('',(-0.92377359165,-0.382939096163,0.));
#11872 = ORIENTED_EDGE('',*,*,#11873,.T.);
#11873 = EDGE_CURVE('',#11865,#11874,#11876,.T.);
#11874 = VERTEX_POINT('',#11875);
#11875 = CARTESIAN_POINT('',(-36.800406,-7.0375,1.56));
#11876 = LINE('',#11877,#11878);
#11877 = CARTESIAN_POINT('',(-37.899594,-7.0375,1.56));
#11878 = VECTOR('',#11879,1.);
#11879 = DIRECTION('',(1.,0.,0.));
#11880 = ORIENTED_EDGE('',*,*,#11881,.T.);
#11881 = EDGE_CURVE('',#11874,#11882,#11884,.T.);
#11882 = VERTEX_POINT('',#11883);
#11883 = CARTESIAN_POINT('',(-36.800406,-6.4625,1.56));
#11884 = CIRCLE('',#11885,0.287500089704);
#11885 = AXIS2_PLACEMENT_3D('',#11886,#11887,#11888);
#11886 = CARTESIAN_POINT('',(-36.80017888769,-6.75,1.56));
#11887 = DIRECTION('',(0.,0.,1.));
#11888 = DIRECTION('',(-7.899555976604E-04,-0.999999687985,0.));
#11889 = ORIENTED_EDGE('',*,*,#11890,.T.);
#11890 = EDGE_CURVE('',#11882,#11846,#11891,.T.);
#11891 = LINE('',#11892,#11893);
#11892 = CARTESIAN_POINT('',(-36.800406,-6.4625,1.56));
#11893 = VECTOR('',#11894,1.);
#11894 = DIRECTION('',(-1.,0.,0.));
#11895 = FACE_BOUND('',#11896,.F.);
#11896 = EDGE_LOOP('',(#11897,#11908,#11916,#11925,#11933,#11942));
#11897 = ORIENTED_EDGE('',*,*,#11898,.T.);
#11898 = EDGE_CURVE('',#11899,#11901,#11903,.T.);
#11899 = VERTEX_POINT('',#11900);
#11900 = CARTESIAN_POINT('',(36.800406,-6.4625,1.56));
#11901 = VERTEX_POINT('',#11902);
#11902 = CARTESIAN_POINT('',(36.515067,-6.787512,1.56));
#11903 = CIRCLE('',#11904,0.287584041769);
#11904 = AXIS2_PLACEMENT_3D('',#11905,#11906,#11907);
#11905 = CARTESIAN_POINT('',(36.800205078427,-6.750083971582,1.56));
#11906 = DIRECTION('',(0.,0.,1.));
#11907 = DIRECTION('',(6.986534164398E-04,0.999999755942,-0.));
#11908 = ORIENTED_EDGE('',*,*,#11909,.T.);
#11909 = EDGE_CURVE('',#11901,#11910,#11912,.T.);
#11910 = VERTEX_POINT('',#11911);
#11911 = CARTESIAN_POINT('',(36.534484,-6.85998,1.56));
#11912 = LINE('',#11913,#11914);
#11913 = CARTESIAN_POINT('',(36.515067,-6.787512,1.56));
#11914 = VECTOR('',#11915,1.);
#11915 = DIRECTION('',(0.258809816504,-0.965928299037,0.));
#11916 = ORIENTED_EDGE('',*,*,#11917,.T.);
#11917 = EDGE_CURVE('',#11910,#11918,#11920,.T.);
#11918 = VERTEX_POINT('',#11919);
#11919 = CARTESIAN_POINT('',(36.800406,-7.0375,1.56));
#11920 = CIRCLE('',#11921,0.287686427939);
#11921 = AXIS2_PLACEMENT_3D('',#11922,#11923,#11924);
#11922 = CARTESIAN_POINT('',(36.800241124806,-6.749813619307,1.56));
#11923 = DIRECTION('',(0.,0.,1.));
#11924 = DIRECTION('',(-0.92377359165,-0.382939096163,0.));
#11925 = ORIENTED_EDGE('',*,*,#11926,.T.);
#11926 = EDGE_CURVE('',#11918,#11927,#11929,.T.);
#11927 = VERTEX_POINT('',#11928);
#11928 = CARTESIAN_POINT('',(37.899594,-7.0375,1.56));
#11929 = LINE('',#11930,#11931);
#11930 = CARTESIAN_POINT('',(36.800406,-7.0375,1.56));
#11931 = VECTOR('',#11932,1.);
#11932 = DIRECTION('',(1.,0.,0.));
#11933 = ORIENTED_EDGE('',*,*,#11934,.T.);
#11934 = EDGE_CURVE('',#11927,#11935,#11937,.T.);
#11935 = VERTEX_POINT('',#11936);
#11936 = CARTESIAN_POINT('',(37.899594,-6.4625,1.56));
#11937 = CIRCLE('',#11938,0.287500089704);
#11938 = AXIS2_PLACEMENT_3D('',#11939,#11940,#11941);
#11939 = CARTESIAN_POINT('',(37.899821112305,-6.75,1.56));
#11940 = DIRECTION('',(0.,0.,1.));
#11941 = DIRECTION('',(-7.899555976356E-04,-0.999999687985,0.));
#11942 = ORIENTED_EDGE('',*,*,#11943,.T.);
#11943 = EDGE_CURVE('',#11935,#11899,#11944,.T.);
#11944 = LINE('',#11945,#11946);
#11945 = CARTESIAN_POINT('',(37.899594,-6.4625,1.56));
#11946 = VECTOR('',#11947,1.);
#11947 = DIRECTION('',(-1.,0.,0.));
#11948 = FACE_BOUND('',#11949,.F.);
#11949 = EDGE_LOOP('',(#11950));
#11950 = ORIENTED_EDGE('',*,*,#11951,.T.);
#11951 = EDGE_CURVE('',#11952,#11952,#11954,.T.);
#11952 = VERTEX_POINT('',#11953);
#11953 = CARTESIAN_POINT('',(-30.012539,-3.6,1.56));
#11954 = CIRCLE('',#11955,1.337461);
#11955 = AXIS2_PLACEMENT_3D('',#11956,#11957,#11958);
#11956 = CARTESIAN_POINT('',(-31.35,-3.6,1.56));
#11957 = DIRECTION('',(0.,0.,1.));
#11958 = DIRECTION('',(1.,0.,-0.));
#11959 = FACE_BOUND('',#11960,.F.);
#11960 = EDGE_LOOP('',(#11961));
#11961 = ORIENTED_EDGE('',*,*,#11962,.T.);
#11962 = EDGE_CURVE('',#11963,#11963,#11965,.T.);
#11963 = VERTEX_POINT('',#11964);
#11964 = CARTESIAN_POINT('',(32.687461,-3.6,1.56));
#11965 = CIRCLE('',#11966,1.337461);
#11966 = AXIS2_PLACEMENT_3D('',#11967,#11968,#11969);
#11967 = CARTESIAN_POINT('',(31.35,-3.6,1.56));
#11968 = DIRECTION('',(0.,0.,1.));
#11969 = DIRECTION('',(1.,0.,-0.));
#11970 = FACE_BOUND('',#11971,.F.);
#11971 = EDGE_LOOP('',(#11972));
#11972 = ORIENTED_EDGE('',*,*,#11973,.T.);
#11973 = EDGE_CURVE('',#11974,#11974,#11976,.T.);
#11974 = VERTEX_POINT('',#11975);
#11975 = CARTESIAN_POINT('',(-30.012539,3.6,1.56));
#11976 = CIRCLE('',#11977,1.337461);
#11977 = AXIS2_PLACEMENT_3D('',#11978,#11979,#11980);
#11978 = CARTESIAN_POINT('',(-31.35,3.6,1.56));
#11979 = DIRECTION('',(0.,0.,1.));
#11980 = DIRECTION('',(1.,0.,-0.));
#11981 = FACE_BOUND('',#11982,.F.);
#11982 = EDGE_LOOP('',(#11983));
#11983 = ORIENTED_EDGE('',*,*,#11984,.T.);
#11984 = EDGE_CURVE('',#11985,#11985,#11987,.T.);
#11985 = VERTEX_POINT('',#11986);
#11986 = CARTESIAN_POINT('',(32.687461,3.6,1.56));
#11987 = CIRCLE('',#11988,1.337461);
#11988 = AXIS2_PLACEMENT_3D('',#11989,#11990,#11991);
#11989 = CARTESIAN_POINT('',(31.35,3.6,1.56));
#11990 = DIRECTION('',(0.,0.,1.));
#11991 = DIRECTION('',(1.,0.,-0.));
#11992 = FACE_BOUND('',#11993,.F.);
#11993 = EDGE_LOOP('',(#11994));
#11994 = ORIENTED_EDGE('',*,*,#11995,.T.);
#11995 = EDGE_CURVE('',#11996,#11996,#11998,.T.);
#11996 = VERTEX_POINT('',#11997);
#11997 = CARTESIAN_POINT('',(-20.762539,4.85,1.56));
#11998 = CIRCLE('',#11999,1.337461);
#11999 = AXIS2_PLACEMENT_3D('',#12000,#12001,#12002);
#12000 = CARTESIAN_POINT('',(-22.1,4.85,1.56));
#12001 = DIRECTION('',(0.,0.,1.));
#12002 = DIRECTION('',(1.,0.,-0.));
#12003 = FACE_BOUND('',#12004,.F.);
#12004 = EDGE_LOOP('',(#12005));
#12005 = ORIENTED_EDGE('',*,*,#12006,.T.);
#12006 = EDGE_CURVE('',#12007,#12007,#12009,.T.);
#12007 = VERTEX_POINT('',#12008);
#12008 = CARTESIAN_POINT('',(-13.562539,4.85,1.56));
#12009 = CIRCLE('',#12010,1.337461);
#12010 = AXIS2_PLACEMENT_3D('',#12011,#12012,#12013);
#12011 = CARTESIAN_POINT('',(-14.9,4.85,1.56));
#12012 = DIRECTION('',(0.,0.,1.));
#12013 = DIRECTION('',(1.,0.,-0.));
#12014 = FACE_BOUND('',#12015,.F.);
#12015 = EDGE_LOOP('',(#12016));
#12016 = ORIENTED_EDGE('',*,*,#12017,.T.);
#12017 = EDGE_CURVE('',#12018,#12018,#12020,.T.);
#12018 = VERTEX_POINT('',#12019);
#12019 = CARTESIAN_POINT('',(-1.762539,4.85,1.56));
#12020 = CIRCLE('',#12021,1.337461);
#12021 = AXIS2_PLACEMENT_3D('',#12022,#12023,#12024);
#12022 = CARTESIAN_POINT('',(-3.1,4.85,1.56));
#12023 = DIRECTION('',(0.,0.,1.));
#12024 = DIRECTION('',(1.,0.,-0.));
#12025 = FACE_BOUND('',#12026,.F.);
#12026 = EDGE_LOOP('',(#12027));
#12027 = ORIENTED_EDGE('',*,*,#12028,.T.);
#12028 = EDGE_CURVE('',#12029,#12029,#12031,.T.);
#12029 = VERTEX_POINT('',#12030);
#12030 = CARTESIAN_POINT('',(5.437461,4.85,1.56));
#12031 = CIRCLE('',#12032,1.337461);
#12032 = AXIS2_PLACEMENT_3D('',#12033,#12034,#12035);
#12033 = CARTESIAN_POINT('',(4.1,4.85,1.56));
#12034 = DIRECTION('',(0.,0.,1.));
#12035 = DIRECTION('',(1.,0.,-0.));
#12036 = FACE_BOUND('',#12037,.F.);
#12037 = EDGE_LOOP('',(#12038));
#12038 = ORIENTED_EDGE('',*,*,#12039,.T.);
#12039 = EDGE_CURVE('',#12040,#12040,#12042,.T.);
#12040 = VERTEX_POINT('',#12041);
#12041 = CARTESIAN_POINT('',(16.237461,4.85,1.56));
#12042 = CIRCLE('',#12043,1.337461);
#12043 = AXIS2_PLACEMENT_3D('',#12044,#12045,#12046);
#12044 = CARTESIAN_POINT('',(14.9,4.85,1.56));
#12045 = DIRECTION('',(0.,0.,1.));
#12046 = DIRECTION('',(1.,0.,-0.));
#12047 = FACE_BOUND('',#12048,.F.);
#12048 = EDGE_LOOP('',(#12049));
#12049 = ORIENTED_EDGE('',*,*,#12050,.T.);
#12050 = EDGE_CURVE('',#12051,#12051,#12053,.T.);
#12051 = VERTEX_POINT('',#12052);
#12052 = CARTESIAN_POINT('',(23.437461,4.85,1.56));
#12053 = CIRCLE('',#12054,1.337461);
#12054 = AXIS2_PLACEMENT_3D('',#12055,#12056,#12057);
#12055 = CARTESIAN_POINT('',(22.1,4.85,1.56));
#12056 = DIRECTION('',(0.,0.,1.));
#12057 = DIRECTION('',(1.,0.,-0.));
#12058 = FACE_BOUND('',#12059,.F.);
#12059 = EDGE_LOOP('',(#12060,#12071,#12079,#12088,#12096,#12105));
#12060 = ORIENTED_EDGE('',*,*,#12061,.T.);
#12061 = EDGE_CURVE('',#12062,#12064,#12066,.T.);
#12062 = VERTEX_POINT('',#12063);
#12063 = CARTESIAN_POINT('',(-37.899594,7.0375,1.56));
#12064 = VERTEX_POINT('',#12065);
#12065 = CARTESIAN_POINT('',(-38.184933,6.712488,1.56));
#12066 = CIRCLE('',#12067,0.287584041769);
#12067 = AXIS2_PLACEMENT_3D('',#12068,#12069,#12070);
#12068 = CARTESIAN_POINT('',(-37.89979492157,6.749916028418,1.56));
#12069 = DIRECTION('',(0.,0.,1.));
#12070 = DIRECTION('',(6.986534164398E-04,0.999999755942,-0.));
#12071 = ORIENTED_EDGE('',*,*,#12072,.T.);
#12072 = EDGE_CURVE('',#12064,#12073,#12075,.T.);
#12073 = VERTEX_POINT('',#12074);
#12074 = CARTESIAN_POINT('',(-38.165516,6.64002,1.56));
#12075 = LINE('',#12076,#12077);
#12076 = CARTESIAN_POINT('',(-38.184933,6.712488,1.56));
#12077 = VECTOR('',#12078,1.);
#12078 = DIRECTION('',(0.258809816504,-0.965928299037,0.));
#12079 = ORIENTED_EDGE('',*,*,#12080,.T.);
#12080 = EDGE_CURVE('',#12073,#12081,#12083,.T.);
#12081 = VERTEX_POINT('',#12082);
#12082 = CARTESIAN_POINT('',(-37.899594,6.4625,1.56));
#12083 = CIRCLE('',#12084,0.287686427939);
#12084 = AXIS2_PLACEMENT_3D('',#12085,#12086,#12087);
#12085 = CARTESIAN_POINT('',(-37.89975887519,6.750186380693,1.56));
#12086 = DIRECTION('',(0.,0.,1.));
#12087 = DIRECTION('',(-0.92377359165,-0.382939096163,0.));
#12088 = ORIENTED_EDGE('',*,*,#12089,.T.);
#12089 = EDGE_CURVE('',#12081,#12090,#12092,.T.);
#12090 = VERTEX_POINT('',#12091);
#12091 = CARTESIAN_POINT('',(-36.800406,6.4625,1.56));
#12092 = LINE('',#12093,#12094);
#12093 = CARTESIAN_POINT('',(-37.899594,6.4625,1.56));
#12094 = VECTOR('',#12095,1.);
#12095 = DIRECTION('',(1.,0.,0.));
#12096 = ORIENTED_EDGE('',*,*,#12097,.T.);
#12097 = EDGE_CURVE('',#12090,#12098,#12100,.T.);
#12098 = VERTEX_POINT('',#12099);
#12099 = CARTESIAN_POINT('',(-36.800406,7.0375,1.56));
#12100 = CIRCLE('',#12101,0.287500089704);
#12101 = AXIS2_PLACEMENT_3D('',#12102,#12103,#12104);
#12102 = CARTESIAN_POINT('',(-36.80017888769,6.75,1.56));
#12103 = DIRECTION('',(0.,0.,1.));
#12104 = DIRECTION('',(-7.899555976604E-04,-0.999999687985,0.));
#12105 = ORIENTED_EDGE('',*,*,#12106,.T.);
#12106 = EDGE_CURVE('',#12098,#12062,#12107,.T.);
#12107 = LINE('',#12108,#12109);
#12108 = CARTESIAN_POINT('',(-36.800406,7.0375,1.56));
#12109 = VECTOR('',#12110,1.);
#12110 = DIRECTION('',(-1.,0.,0.));
#12111 = FACE_BOUND('',#12112,.F.);
#12112 = EDGE_LOOP('',(#12113,#12124,#12132,#12141,#12149,#12158));
#12113 = ORIENTED_EDGE('',*,*,#12114,.T.);
#12114 = EDGE_CURVE('',#12115,#12117,#12119,.T.);
#12115 = VERTEX_POINT('',#12116);
#12116 = CARTESIAN_POINT('',(36.800406,7.0375,1.56));
#12117 = VERTEX_POINT('',#12118);
#12118 = CARTESIAN_POINT('',(36.515067,6.712488,1.56));
#12119 = CIRCLE('',#12120,0.287584041769);
#12120 = AXIS2_PLACEMENT_3D('',#12121,#12122,#12123);
#12121 = CARTESIAN_POINT('',(36.800205078427,6.749916028418,1.56));
#12122 = DIRECTION('',(0.,0.,1.));
#12123 = DIRECTION('',(6.986534164398E-04,0.999999755942,-0.));
#12124 = ORIENTED_EDGE('',*,*,#12125,.T.);
#12125 = EDGE_CURVE('',#12117,#12126,#12128,.T.);
#12126 = VERTEX_POINT('',#12127);
#12127 = CARTESIAN_POINT('',(36.534484,6.64002,1.56));
#12128 = LINE('',#12129,#12130);
#12129 = CARTESIAN_POINT('',(36.515067,6.712488,1.56));
#12130 = VECTOR('',#12131,1.);
#12131 = DIRECTION('',(0.258809816504,-0.965928299037,0.));
#12132 = ORIENTED_EDGE('',*,*,#12133,.T.);
#12133 = EDGE_CURVE('',#12126,#12134,#12136,.T.);
#12134 = VERTEX_POINT('',#12135);
#12135 = CARTESIAN_POINT('',(36.800406,6.4625,1.56));
#12136 = CIRCLE('',#12137,0.287686427939);
#12137 = AXIS2_PLACEMENT_3D('',#12138,#12139,#12140);
#12138 = CARTESIAN_POINT('',(36.800241124806,6.750186380693,1.56));
#12139 = DIRECTION('',(0.,0.,1.));
#12140 = DIRECTION('',(-0.92377359165,-0.382939096163,0.));
#12141 = ORIENTED_EDGE('',*,*,#12142,.T.);
#12142 = EDGE_CURVE('',#12134,#12143,#12145,.T.);
#12143 = VERTEX_POINT('',#12144);
#12144 = CARTESIAN_POINT('',(37.899594,6.4625,1.56));
#12145 = LINE('',#12146,#12147);
#12146 = CARTESIAN_POINT('',(36.800406,6.4625,1.56));
#12147 = VECTOR('',#12148,1.);
#12148 = DIRECTION('',(1.,0.,0.));
#12149 = ORIENTED_EDGE('',*,*,#12150,.T.);
#12150 = EDGE_CURVE('',#12143,#12151,#12153,.T.);
#12151 = VERTEX_POINT('',#12152);
#12152 = CARTESIAN_POINT('',(37.899594,7.0375,1.56));
#12153 = CIRCLE('',#12154,0.287500089704);
#12154 = AXIS2_PLACEMENT_3D('',#12155,#12156,#12157);
#12155 = CARTESIAN_POINT('',(37.899821112305,6.75,1.56));
#12156 = DIRECTION('',(0.,0.,1.));
#12157 = DIRECTION('',(-7.899555976356E-04,-0.999999687985,0.));
#12158 = ORIENTED_EDGE('',*,*,#12159,.T.);
#12159 = EDGE_CURVE('',#12151,#12115,#12160,.T.);
#12160 = LINE('',#12161,#12162);
#12161 = CARTESIAN_POINT('',(37.899594,7.0375,1.56));
#12162 = VECTOR('',#12163,1.);
#12163 = DIRECTION('',(-1.,0.,0.));
#12164 = FACE_BOUND('',#12165,.F.);
#12165 = EDGE_LOOP('',(#12166,#12177,#12185,#12194,#12202,#12211));
#12166 = ORIENTED_EDGE('',*,*,#12167,.T.);
#12167 = EDGE_CURVE('',#12168,#12170,#12172,.T.);
#12168 = VERTEX_POINT('',#12169);
#12169 = CARTESIAN_POINT('',(-25.5375,10.300407,1.56));
#12170 = VERTEX_POINT('',#12171);
#12171 = CARTESIAN_POINT('',(-25.212487,10.015067,1.56));
#12172 = CIRCLE('',#12173,0.28758545494);
#12173 = AXIS2_PLACEMENT_3D('',#12174,#12175,#12176);
#12174 = CARTESIAN_POINT('',(-25.24991461491,10.300206557997,1.56));
#12175 = DIRECTION('',(0.,0.,1.));
#12176 = DIRECTION('',(-0.999999757108,6.96982407565E-04,0.));
#12177 = ORIENTED_EDGE('',*,*,#12178,.T.);
#12178 = EDGE_CURVE('',#12170,#12179,#12181,.T.);
#12179 = VERTEX_POINT('',#12180);
#12180 = CARTESIAN_POINT('',(-25.14002,10.034485,1.56));
#12181 = LINE('',#12182,#12183);
#12182 = CARTESIAN_POINT('',(-25.212487,10.015067,1.56));
#12183 = VECTOR('',#12184,1.);
#12184 = DIRECTION('',(0.965924073909,0.258825584986,0.));
#12185 = ORIENTED_EDGE('',*,*,#12186,.T.);
#12186 = EDGE_CURVE('',#12179,#12187,#12189,.T.);
#12187 = VERTEX_POINT('',#12188);
#12188 = CARTESIAN_POINT('',(-24.9625,10.300407,1.56));
#12189 = CIRCLE('',#12190,0.287686427939);
#12190 = AXIS2_PLACEMENT_3D('',#12191,#12192,#12193);
#12191 = CARTESIAN_POINT('',(-25.25018638069,10.300242124806,1.56));
#12192 = DIRECTION('',(0.,0.,1.));
#12193 = DIRECTION('',(0.382939096163,-0.92377359165,0.));
#12194 = ORIENTED_EDGE('',*,*,#12195,.T.);
#12195 = EDGE_CURVE('',#12187,#12196,#12198,.T.);
#12196 = VERTEX_POINT('',#12197);
#12197 = CARTESIAN_POINT('',(-24.9625,11.399594,1.56));
#12198 = LINE('',#12199,#12200);
#12199 = CARTESIAN_POINT('',(-24.9625,10.300407,1.56));
#12200 = VECTOR('',#12201,1.);
#12201 = DIRECTION('',(0.,1.,0.));
#12202 = ORIENTED_EDGE('',*,*,#12203,.T.);
#12203 = EDGE_CURVE('',#12196,#12204,#12206,.T.);
#12204 = VERTEX_POINT('',#12205);
#12205 = CARTESIAN_POINT('',(-25.5375,11.399594,1.56));
#12206 = CIRCLE('',#12207,0.287500026505);
#12207 = AXIS2_PLACEMENT_3D('',#12208,#12209,#12210);
#12208 = CARTESIAN_POINT('',(-25.25,11.39971745201,1.56));
#12209 = DIRECTION('',(0.,0.,1.));
#12210 = DIRECTION('',(0.999999907809,-4.293982551801E-04,0.));
#12211 = ORIENTED_EDGE('',*,*,#12212,.T.);
#12212 = EDGE_CURVE('',#12204,#12168,#12213,.T.);
#12213 = LINE('',#12214,#12215);
#12214 = CARTESIAN_POINT('',(-25.5375,11.399594,1.56));
#12215 = VECTOR('',#12216,1.);
#12216 = DIRECTION('',(0.,-1.,0.));
#12217 = FACE_BOUND('',#12218,.F.);
#12218 = EDGE_LOOP('',(#12219,#12230,#12238,#12247,#12255,#12264));
#12219 = ORIENTED_EDGE('',*,*,#12220,.T.);
#12220 = EDGE_CURVE('',#12221,#12223,#12225,.T.);
#12221 = VERTEX_POINT('',#12222);
#12222 = CARTESIAN_POINT('',(-12.0375,10.300407,1.56));
#12223 = VERTEX_POINT('',#12224);
#12224 = CARTESIAN_POINT('',(-11.712487,10.015067,1.56));
#12225 = CIRCLE('',#12226,0.28758545494);
#12226 = AXIS2_PLACEMENT_3D('',#12227,#12228,#12229);
#12227 = CARTESIAN_POINT('',(-11.74991461491,10.300206557997,1.56));
#12228 = DIRECTION('',(0.,0.,1.));
#12229 = DIRECTION('',(-0.999999757108,6.969824075836E-04,0.));
#12230 = ORIENTED_EDGE('',*,*,#12231,.T.);
#12231 = EDGE_CURVE('',#12223,#12232,#12234,.T.);
#12232 = VERTEX_POINT('',#12233);
#12233 = CARTESIAN_POINT('',(-11.64002,10.034485,1.56));
#12234 = LINE('',#12235,#12236);
#12235 = CARTESIAN_POINT('',(-11.712487,10.015067,1.56));
#12236 = VECTOR('',#12237,1.);
#12237 = DIRECTION('',(0.965924073909,0.258825584986,0.));
#12238 = ORIENTED_EDGE('',*,*,#12239,.T.);
#12239 = EDGE_CURVE('',#12232,#12240,#12242,.T.);
#12240 = VERTEX_POINT('',#12241);
#12241 = CARTESIAN_POINT('',(-11.4625,10.300407,1.56));
#12242 = CIRCLE('',#12243,0.287686427939);
#12243 = AXIS2_PLACEMENT_3D('',#12244,#12245,#12246);
#12244 = CARTESIAN_POINT('',(-11.75018638069,10.300242124806,1.56));
#12245 = DIRECTION('',(0.,0.,1.));
#12246 = DIRECTION('',(0.382939096163,-0.92377359165,0.));
#12247 = ORIENTED_EDGE('',*,*,#12248,.T.);
#12248 = EDGE_CURVE('',#12240,#12249,#12251,.T.);
#12249 = VERTEX_POINT('',#12250);
#12250 = CARTESIAN_POINT('',(-11.4625,11.399594,1.56));
#12251 = LINE('',#12252,#12253);
#12252 = CARTESIAN_POINT('',(-11.4625,10.300407,1.56));
#12253 = VECTOR('',#12254,1.);
#12254 = DIRECTION('',(0.,1.,0.));
#12255 = ORIENTED_EDGE('',*,*,#12256,.T.);
#12256 = EDGE_CURVE('',#12249,#12257,#12259,.T.);
#12257 = VERTEX_POINT('',#12258);
#12258 = CARTESIAN_POINT('',(-12.0375,11.399594,1.56));
#12259 = CIRCLE('',#12260,0.287500026505);
#12260 = AXIS2_PLACEMENT_3D('',#12261,#12262,#12263);
#12261 = CARTESIAN_POINT('',(-11.75,11.39971745201,1.56));
#12262 = DIRECTION('',(0.,0.,1.));
#12263 = DIRECTION('',(0.999999907809,-4.293982551925E-04,0.));
#12264 = ORIENTED_EDGE('',*,*,#12265,.T.);
#12265 = EDGE_CURVE('',#12257,#12221,#12266,.T.);
#12266 = LINE('',#12267,#12268);
#12267 = CARTESIAN_POINT('',(-12.0375,11.399594,1.56));
#12268 = VECTOR('',#12269,1.);
#12269 = DIRECTION('',(0.,-1.,0.));
#12270 = FACE_BOUND('',#12271,.F.);
#12271 = EDGE_LOOP('',(#12272,#12283,#12291,#12300,#12308,#12317));
#12272 = ORIENTED_EDGE('',*,*,#12273,.T.);
#12273 = EDGE_CURVE('',#12274,#12276,#12278,.T.);
#12274 = VERTEX_POINT('',#12275);
#12275 = CARTESIAN_POINT('',(-6.5375,10.300407,1.56));
#12276 = VERTEX_POINT('',#12277);
#12277 = CARTESIAN_POINT('',(-6.212487,10.015067,1.56));
#12278 = CIRCLE('',#12279,0.28758545494);
#12279 = AXIS2_PLACEMENT_3D('',#12280,#12281,#12282);
#12280 = CARTESIAN_POINT('',(-6.249914614913,10.300206557997,1.56));
#12281 = DIRECTION('',(0.,0.,1.));
#12282 = DIRECTION('',(-0.999999757108,6.969824075774E-04,0.));
#12283 = ORIENTED_EDGE('',*,*,#12284,.T.);
#12284 = EDGE_CURVE('',#12276,#12285,#12287,.T.);
#12285 = VERTEX_POINT('',#12286);
#12286 = CARTESIAN_POINT('',(-6.14002,10.034485,1.56));
#12287 = LINE('',#12288,#12289);
#12288 = CARTESIAN_POINT('',(-6.212487,10.015067,1.56));
#12289 = VECTOR('',#12290,1.);
#12290 = DIRECTION('',(0.965924073909,0.258825584986,0.));
#12291 = ORIENTED_EDGE('',*,*,#12292,.T.);
#12292 = EDGE_CURVE('',#12285,#12293,#12295,.T.);
#12293 = VERTEX_POINT('',#12294);
#12294 = CARTESIAN_POINT('',(-5.9625,10.300407,1.56));
#12295 = CIRCLE('',#12296,0.287686427939);
#12296 = AXIS2_PLACEMENT_3D('',#12297,#12298,#12299);
#12297 = CARTESIAN_POINT('',(-6.250186380693,10.300242124806,1.56));
#12298 = DIRECTION('',(0.,0.,1.));
#12299 = DIRECTION('',(0.382939096163,-0.92377359165,0.));
#12300 = ORIENTED_EDGE('',*,*,#12301,.T.);
#12301 = EDGE_CURVE('',#12293,#12302,#12304,.T.);
#12302 = VERTEX_POINT('',#12303);
#12303 = CARTESIAN_POINT('',(-5.9625,11.399594,1.56));
#12304 = LINE('',#12305,#12306);
#12305 = CARTESIAN_POINT('',(-5.9625,10.300407,1.56));
#12306 = VECTOR('',#12307,1.);
#12307 = DIRECTION('',(0.,1.,0.));
#12308 = ORIENTED_EDGE('',*,*,#12309,.T.);
#12309 = EDGE_CURVE('',#12302,#12310,#12312,.T.);
#12310 = VERTEX_POINT('',#12311);
#12311 = CARTESIAN_POINT('',(-6.5375,11.399594,1.56));
#12312 = CIRCLE('',#12313,0.287500026505);
#12313 = AXIS2_PLACEMENT_3D('',#12314,#12315,#12316);
#12314 = CARTESIAN_POINT('',(-6.25,11.39971745201,1.56));
#12315 = DIRECTION('',(0.,0.,1.));
#12316 = DIRECTION('',(0.999999907809,-4.293982551863E-04,0.));
#12317 = ORIENTED_EDGE('',*,*,#12318,.T.);
#12318 = EDGE_CURVE('',#12310,#12274,#12319,.T.);
#12319 = LINE('',#12320,#12321);
#12320 = CARTESIAN_POINT('',(-6.5375,11.399594,1.56));
#12321 = VECTOR('',#12322,1.);
#12322 = DIRECTION('',(0.,-1.,0.));
#12323 = FACE_BOUND('',#12324,.F.);
#12324 = EDGE_LOOP('',(#12325,#12336,#12344,#12353,#12361,#12370));
#12325 = ORIENTED_EDGE('',*,*,#12326,.T.);
#12326 = EDGE_CURVE('',#12327,#12329,#12331,.T.);
#12327 = VERTEX_POINT('',#12328);
#12328 = CARTESIAN_POINT('',(6.9625,10.300407,1.56));
#12329 = VERTEX_POINT('',#12330);
#12330 = CARTESIAN_POINT('',(7.287513,10.015067,1.56));
#12331 = CIRCLE('',#12332,0.28758545494);
#12332 = AXIS2_PLACEMENT_3D('',#12333,#12334,#12335);
#12333 = CARTESIAN_POINT('',(7.250085385087,10.300206557997,1.56));
#12334 = DIRECTION('',(0.,0.,1.));
#12335 = DIRECTION('',(-0.999999757108,6.969824075774E-04,0.));
#12336 = ORIENTED_EDGE('',*,*,#12337,.T.);
#12337 = EDGE_CURVE('',#12329,#12338,#12340,.T.);
#12338 = VERTEX_POINT('',#12339);
#12339 = CARTESIAN_POINT('',(7.35998,10.034485,1.56));
#12340 = LINE('',#12341,#12342);
#12341 = CARTESIAN_POINT('',(7.287513,10.015067,1.56));
#12342 = VECTOR('',#12343,1.);
#12343 = DIRECTION('',(0.965924073909,0.258825584986,0.));
#12344 = ORIENTED_EDGE('',*,*,#12345,.T.);
#12345 = EDGE_CURVE('',#12338,#12346,#12348,.T.);
#12346 = VERTEX_POINT('',#12347);
#12347 = CARTESIAN_POINT('',(7.5375,10.300407,1.56));
#12348 = CIRCLE('',#12349,0.287686427939);
#12349 = AXIS2_PLACEMENT_3D('',#12350,#12351,#12352);
#12350 = CARTESIAN_POINT('',(7.249813619307,10.300242124806,1.56));
#12351 = DIRECTION('',(0.,0.,1.));
#12352 = DIRECTION('',(0.382939096163,-0.92377359165,0.));
#12353 = ORIENTED_EDGE('',*,*,#12354,.T.);
#12354 = EDGE_CURVE('',#12346,#12355,#12357,.T.);
#12355 = VERTEX_POINT('',#12356);
#12356 = CARTESIAN_POINT('',(7.5375,11.399594,1.56));
#12357 = LINE('',#12358,#12359);
#12358 = CARTESIAN_POINT('',(7.5375,10.300407,1.56));
#12359 = VECTOR('',#12360,1.);
#12360 = DIRECTION('',(0.,1.,0.));
#12361 = ORIENTED_EDGE('',*,*,#12362,.T.);
#12362 = EDGE_CURVE('',#12355,#12363,#12365,.T.);
#12363 = VERTEX_POINT('',#12364);
#12364 = CARTESIAN_POINT('',(6.9625,11.399594,1.56));
#12365 = CIRCLE('',#12366,0.287500026505);
#12366 = AXIS2_PLACEMENT_3D('',#12367,#12368,#12369);
#12367 = CARTESIAN_POINT('',(7.25,11.39971745201,1.56));
#12368 = DIRECTION('',(0.,0.,1.));
#12369 = DIRECTION('',(0.999999907809,-4.293982551863E-04,0.));
#12370 = ORIENTED_EDGE('',*,*,#12371,.T.);
#12371 = EDGE_CURVE('',#12363,#12327,#12372,.T.);
#12372 = LINE('',#12373,#12374);
#12373 = CARTESIAN_POINT('',(6.9625,11.399594,1.56));
#12374 = VECTOR('',#12375,1.);
#12375 = DIRECTION('',(0.,-1.,0.));
#12376 = FACE_BOUND('',#12377,.F.);
#12377 = EDGE_LOOP('',(#12378,#12389,#12397,#12406,#12414,#12423));
#12378 = ORIENTED_EDGE('',*,*,#12379,.T.);
#12379 = EDGE_CURVE('',#12380,#12382,#12384,.T.);
#12380 = VERTEX_POINT('',#12381);
#12381 = CARTESIAN_POINT('',(11.4625,10.300407,1.56));
#12382 = VERTEX_POINT('',#12383);
#12383 = CARTESIAN_POINT('',(11.787513,10.015067,1.56));
#12384 = CIRCLE('',#12385,0.28758545494);
#12385 = AXIS2_PLACEMENT_3D('',#12386,#12387,#12388);
#12386 = CARTESIAN_POINT('',(11.750085385087,10.300206557997,1.56));
#12387 = DIRECTION('',(0.,0.,1.));
#12388 = DIRECTION('',(-0.999999757108,6.969824075836E-04,0.));
#12389 = ORIENTED_EDGE('',*,*,#12390,.T.);
#12390 = EDGE_CURVE('',#12382,#12391,#12393,.T.);
#12391 = VERTEX_POINT('',#12392);
#12392 = CARTESIAN_POINT('',(11.85998,10.034485,1.56));
#12393 = LINE('',#12394,#12395);
#12394 = CARTESIAN_POINT('',(11.787513,10.015067,1.56));
#12395 = VECTOR('',#12396,1.);
#12396 = DIRECTION('',(0.965924073909,0.258825584986,0.));
#12397 = ORIENTED_EDGE('',*,*,#12398,.T.);
#12398 = EDGE_CURVE('',#12391,#12399,#12401,.T.);
#12399 = VERTEX_POINT('',#12400);
#12400 = CARTESIAN_POINT('',(12.0375,10.300407,1.56));
#12401 = CIRCLE('',#12402,0.287686427939);
#12402 = AXIS2_PLACEMENT_3D('',#12403,#12404,#12405);
#12403 = CARTESIAN_POINT('',(11.749813619307,10.300242124806,1.56));
#12404 = DIRECTION('',(0.,0.,1.));
#12405 = DIRECTION('',(0.382939096163,-0.92377359165,0.));
#12406 = ORIENTED_EDGE('',*,*,#12407,.T.);
#12407 = EDGE_CURVE('',#12399,#12408,#12410,.T.);
#12408 = VERTEX_POINT('',#12409);
#12409 = CARTESIAN_POINT('',(12.0375,11.399594,1.56));
#12410 = LINE('',#12411,#12412);
#12411 = CARTESIAN_POINT('',(12.0375,10.300407,1.56));
#12412 = VECTOR('',#12413,1.);
#12413 = DIRECTION('',(0.,1.,0.));
#12414 = ORIENTED_EDGE('',*,*,#12415,.T.);
#12415 = EDGE_CURVE('',#12408,#12416,#12418,.T.);
#12416 = VERTEX_POINT('',#12417);
#12417 = CARTESIAN_POINT('',(11.4625,11.399594,1.56));
#12418 = CIRCLE('',#12419,0.287500026505);
#12419 = AXIS2_PLACEMENT_3D('',#12420,#12421,#12422);
#12420 = CARTESIAN_POINT('',(11.75,11.39971745201,1.56));
#12421 = DIRECTION('',(0.,0.,1.));
#12422 = DIRECTION('',(0.999999907809,-4.293982551925E-04,0.));
#12423 = ORIENTED_EDGE('',*,*,#12424,.T.);
#12424 = EDGE_CURVE('',#12416,#12380,#12425,.T.);
#12425 = LINE('',#12426,#12427);
#12426 = CARTESIAN_POINT('',(11.4625,11.399594,1.56));
#12427 = VECTOR('',#12428,1.);
#12428 = DIRECTION('',(0.,-1.,0.));
#12429 = FACE_BOUND('',#12430,.F.);
#12430 = EDGE_LOOP('',(#12431,#12442,#12450,#12459,#12467,#12476));
#12431 = ORIENTED_EDGE('',*,*,#12432,.T.);
#12432 = EDGE_CURVE('',#12433,#12435,#12437,.T.);
#12433 = VERTEX_POINT('',#12434);
#12434 = CARTESIAN_POINT('',(24.9625,10.300407,1.56));
#12435 = VERTEX_POINT('',#12436);
#12436 = CARTESIAN_POINT('',(25.287513,10.015067,1.56));
#12437 = CIRCLE('',#12438,0.28758545494);
#12438 = AXIS2_PLACEMENT_3D('',#12439,#12440,#12441);
#12439 = CARTESIAN_POINT('',(25.250085385087,10.300206557997,1.56));
#12440 = DIRECTION('',(0.,0.,1.));
#12441 = DIRECTION('',(-0.999999757108,6.96982407565E-04,0.));
#12442 = ORIENTED_EDGE('',*,*,#12443,.T.);
#12443 = EDGE_CURVE('',#12435,#12444,#12446,.T.);
#12444 = VERTEX_POINT('',#12445);
#12445 = CARTESIAN_POINT('',(25.35998,10.034485,1.56));
#12446 = LINE('',#12447,#12448);
#12447 = CARTESIAN_POINT('',(25.287513,10.015067,1.56));
#12448 = VECTOR('',#12449,1.);
#12449 = DIRECTION('',(0.965924073909,0.258825584986,0.));
#12450 = ORIENTED_EDGE('',*,*,#12451,.T.);
#12451 = EDGE_CURVE('',#12444,#12452,#12454,.T.);
#12452 = VERTEX_POINT('',#12453);
#12453 = CARTESIAN_POINT('',(25.5375,10.300407,1.56));
#12454 = CIRCLE('',#12455,0.287686427939);
#12455 = AXIS2_PLACEMENT_3D('',#12456,#12457,#12458);
#12456 = CARTESIAN_POINT('',(25.249813619307,10.300242124806,1.56));
#12457 = DIRECTION('',(0.,0.,1.));
#12458 = DIRECTION('',(0.382939096163,-0.92377359165,0.));
#12459 = ORIENTED_EDGE('',*,*,#12460,.T.);
#12460 = EDGE_CURVE('',#12452,#12461,#12463,.T.);
#12461 = VERTEX_POINT('',#12462);
#12462 = CARTESIAN_POINT('',(25.5375,11.399594,1.56));
#12463 = LINE('',#12464,#12465);
#12464 = CARTESIAN_POINT('',(25.5375,10.300407,1.56));
#12465 = VECTOR('',#12466,1.);
#12466 = DIRECTION('',(0.,1.,0.));
#12467 = ORIENTED_EDGE('',*,*,#12468,.T.);
#12468 = EDGE_CURVE('',#12461,#12469,#12471,.T.);
#12469 = VERTEX_POINT('',#12470);
#12470 = CARTESIAN_POINT('',(24.9625,11.399594,1.56));
#12471 = CIRCLE('',#12472,0.287500026505);
#12472 = AXIS2_PLACEMENT_3D('',#12473,#12474,#12475);
#12473 = CARTESIAN_POINT('',(25.25,11.39971745201,1.56));
#12474 = DIRECTION('',(0.,0.,1.));
#12475 = DIRECTION('',(0.999999907809,-4.293982551801E-04,0.));
#12476 = ORIENTED_EDGE('',*,*,#12477,.T.);
#12477 = EDGE_CURVE('',#12469,#12433,#12478,.T.);
#12478 = LINE('',#12479,#12480);
#12479 = CARTESIAN_POINT('',(24.9625,11.399594,1.56));
#12480 = VECTOR('',#12481,1.);
#12481 = DIRECTION('',(0.,-1.,0.));
#12482 = PLANE('',#12483);
#12483 = AXIS2_PLACEMENT_3D('',#12484,#12485,#12486);
#12484 = CARTESIAN_POINT('',(0.,0.,1.56));
#12485 = DIRECTION('',(0.,0.,1.));
#12486 = DIRECTION('',(1.,0.,-0.));
#12487 = ( GEOMETRIC_REPRESENTATION_CONTEXT(3) 
GLOBAL_UNCERTAINTY_ASSIGNED_CONTEXT((#12491)) 
GLOBAL_UNIT_ASSIGNED_CONTEXT((#12488,#12489,#12490)) 
REPRESENTATION_CONTEXT('Context #1',
  '3D Context with UNIT and UNCERTAINTY') );
#12488 = ( LENGTH_UNIT() NAMED_UNIT(*) SI_UNIT(.MILLI.,.METRE.) );
#12489 = ( NAMED_UNIT(*) PLANE_ANGLE_UNIT() SI_UNIT($,.RADIAN.) );
#12490 = ( NAMED_UNIT(*) SI_UNIT($,.STERADIAN.) SOLID_ANGLE_UNIT() );
#12491 = UNCERTAINTY_MEASURE_WITH_UNIT(LENGTH_MEASURE(1.E-07),#12488,
  'distance_accuracy_value','confusion accuracy');
#12492 = CONTEXT_DEPENDENT_SHAPE_REPRESENTATION(#12493,#12495);
#12493 = ( REPRESENTATION_RELATIONSHIP('','',#11672,#10) 
REPRESENTATION_RELATIONSHIP_WITH_TRANSFORMATION(#12494) 
SHAPE_REPRESENTATION_RELATIONSHIP() );
#12494 = ITEM_DEFINED_TRANSFORMATION('','',#11,#35);
#12495 = PRODUCT_DEFINITION_SHAPE('Placement','Placement of an item',
  #12496);
#12496 = NEXT_ASSEMBLY_USAGE_OCCURRENCE('8','=>[0:1:1:9]','',#5,#11667,$
  );
#12497 = PRODUCT_RELATED_PRODUCT_CATEGORY('part',$,(#11669));
#12498 = SHAPE_DEFINITION_REPRESENTATION(#12499,#12505);
#12499 = PRODUCT_DEFINITION_SHAPE('','',#12500);
#12500 = PRODUCT_DEFINITION('design','',#12501,#12504);
#12501 = PRODUCT_DEFINITION_FORMATION('','',#12502);
#12502 = PRODUCT('xt60-power-hub_soldermask','xt60-power-hub_soldermask'
  ,'',(#12503));
#12503 = PRODUCT_CONTEXT('',#2,'mechanical');
#12504 = PRODUCT_DEFINITION_CONTEXT('part definition',#2,'design');
#12505 = MANIFOLD_SURFACE_SHAPE_REPRESENTATION('',(#11,#12506),#13320);
#12506 = SHELL_BASED_SURFACE_MODEL('',(#12507));
#12507 = OPEN_SHELL('',(#12508));
#12508 = ADVANCED_FACE('',(#12509,#12675,#12728,#12781,#12792,#12803,
    #12814,#12825,#12836,#12847,#12858,#12869,#12880,#12891,#12944,
    #12997,#13050,#13103,#13156,#13209,#13262),#13315,.T.);
#12509 = FACE_BOUND('',#12510,.T.);
#12510 = EDGE_LOOP('',(#12511,#12521,#12529,#12537,#12546,#12554,#12562,
    #12570,#12579,#12587,#12595,#12603,#12611,#12619,#12628,#12636,
    #12644,#12652,#12661,#12669));
#12511 = ORIENTED_EDGE('',*,*,#12512,.T.);
#12512 = EDGE_CURVE('',#12513,#12515,#12517,.T.);
#12513 = VERTEX_POINT('',#12514);
#12514 = CARTESIAN_POINT('',(-42.5,-12.5,-5.E-02));
#12515 = VERTEX_POINT('',#12516);
#12516 = CARTESIAN_POINT('',(-42.5,12.5,-5.E-02));
#12517 = LINE('',#12518,#12519);
#12518 = CARTESIAN_POINT('',(-42.5,-12.5,-5.E-02));
#12519 = VECTOR('',#12520,1.);
#12520 = DIRECTION('',(0.,1.,0.));
#12521 = ORIENTED_EDGE('',*,*,#12522,.T.);
#12522 = EDGE_CURVE('',#12515,#12523,#12525,.T.);
#12523 = VERTEX_POINT('',#12524);
#12524 = CARTESIAN_POINT('',(-37.082568,12.5,-5.E-02));
#12525 = LINE('',#12526,#12527);
#12526 = CARTESIAN_POINT('',(-42.5,12.5,-5.E-02));
#12527 = VECTOR('',#12528,1.);
#12528 = DIRECTION('',(1.,0.,0.));
#12529 = ORIENTED_EDGE('',*,*,#12530,.T.);
#12530 = EDGE_CURVE('',#12523,#12531,#12533,.T.);
#12531 = VERTEX_POINT('',#12532);
#12532 = CARTESIAN_POINT('',(-37.082568,12.375448,-5.E-02));
#12533 = LINE('',#12534,#12535);
#12534 = CARTESIAN_POINT('',(-37.082568,12.5,-5.E-02));
#12535 = VECTOR('',#12536,1.);
#12536 = DIRECTION('',(0.,-1.,0.));
#12537 = ORIENTED_EDGE('',*,*,#12538,.T.);
#12538 = EDGE_CURVE('',#12531,#12539,#12541,.T.);
#12539 = VERTEX_POINT('',#12540);
#12540 = CARTESIAN_POINT('',(-33.917432,12.375448,-5.E-02));
#12541 = CIRCLE('',#12542,1.587459299871);
#12542 = AXIS2_PLACEMENT_3D('',#12543,#12544,#12545);
#12543 = CARTESIAN_POINT('',(-35.5,12.499969299871,-5.E-02));
#12544 = DIRECTION('',(0.,0.,1.));
#12545 = DIRECTION('',(-0.996918787228,-7.844062514276E-02,0.));
#12546 = ORIENTED_EDGE('',*,*,#12547,.T.);
#12547 = EDGE_CURVE('',#12539,#12548,#12550,.T.);
#12548 = VERTEX_POINT('',#12549);
#12549 = CARTESIAN_POINT('',(-33.917432,12.5,-5.E-02));
#12550 = LINE('',#12551,#12552);
#12551 = CARTESIAN_POINT('',(-33.917432,12.375448,-5.E-02));
#12552 = VECTOR('',#12553,1.);
#12553 = DIRECTION('',(0.,1.,0.));
#12554 = ORIENTED_EDGE('',*,*,#12555,.T.);
#12555 = EDGE_CURVE('',#12548,#12556,#12558,.T.);
#12556 = VERTEX_POINT('',#12557);
#12557 = CARTESIAN_POINT('',(33.917432,12.5,-5.E-02));
#12558 = LINE('',#12559,#12560);
#12559 = CARTESIAN_POINT('',(-33.917432,12.5,-5.E-02));
#12560 = VECTOR('',#12561,1.);
#12561 = DIRECTION('',(1.,0.,0.));
#12562 = ORIENTED_EDGE('',*,*,#12563,.T.);
#12563 = EDGE_CURVE('',#12556,#12564,#12566,.T.);
#12564 = VERTEX_POINT('',#12565);
#12565 = CARTESIAN_POINT('',(33.917432,12.375448,-5.E-02));
#12566 = LINE('',#12567,#12568);
#12567 = CARTESIAN_POINT('',(33.917432,12.5,-5.E-02));
#12568 = VECTOR('',#12569,1.);
#12569 = DIRECTION('',(0.,-1.,0.));
#12570 = ORIENTED_EDGE('',*,*,#12571,.T.);
#12571 = EDGE_CURVE('',#12564,#12572,#12574,.T.);
#12572 = VERTEX_POINT('',#12573);
#12573 = CARTESIAN_POINT('',(37.082568,12.375448,-5.E-02));
#12574 = CIRCLE('',#12575,1.587459299871);
#12575 = AXIS2_PLACEMENT_3D('',#12576,#12577,#12578);
#12576 = CARTESIAN_POINT('',(35.5,12.499969299871,-5.E-02));
#12577 = DIRECTION('',(0.,0.,1.));
#12578 = DIRECTION('',(-0.996918787228,-7.844062514276E-02,0.));
#12579 = ORIENTED_EDGE('',*,*,#12580,.T.);
#12580 = EDGE_CURVE('',#12572,#12581,#12583,.T.);
#12581 = VERTEX_POINT('',#12582);
#12582 = CARTESIAN_POINT('',(37.082568,12.5,-5.E-02));
#12583 = LINE('',#12584,#12585);
#12584 = CARTESIAN_POINT('',(37.082568,12.375448,-5.E-02));
#12585 = VECTOR('',#12586,1.);
#12586 = DIRECTION('',(0.,1.,0.));
#12587 = ORIENTED_EDGE('',*,*,#12588,.T.);
#12588 = EDGE_CURVE('',#12581,#12589,#12591,.T.);
#12589 = VERTEX_POINT('',#12590);
#12590 = CARTESIAN_POINT('',(42.5,12.5,-5.E-02));
#12591 = LINE('',#12592,#12593);
#12592 = CARTESIAN_POINT('',(37.082568,12.5,-5.E-02));
#12593 = VECTOR('',#12594,1.);
#12594 = DIRECTION('',(1.,0.,0.));
#12595 = ORIENTED_EDGE('',*,*,#12596,.T.);
#12596 = EDGE_CURVE('',#12589,#12597,#12599,.T.);
#12597 = VERTEX_POINT('',#12598);
#12598 = CARTESIAN_POINT('',(42.5,-12.5,-5.E-02));
#12599 = LINE('',#12600,#12601);
#12600 = CARTESIAN_POINT('',(42.5,12.5,-5.E-02));
#12601 = VECTOR('',#12602,1.);
#12602 = DIRECTION('',(0.,-1.,0.));
#12603 = ORIENTED_EDGE('',*,*,#12604,.T.);
#12604 = EDGE_CURVE('',#12597,#12605,#12607,.T.);
#12605 = VERTEX_POINT('',#12606);
#12606 = CARTESIAN_POINT('',(37.082568,-12.5,-5.E-02));
#12607 = LINE('',#12608,#12609);
#12608 = CARTESIAN_POINT('',(42.5,-12.5,-5.E-02));
#12609 = VECTOR('',#12610,1.);
#12610 = DIRECTION('',(-1.,0.,0.));
#12611 = ORIENTED_EDGE('',*,*,#12612,.T.);
#12612 = EDGE_CURVE('',#12605,#12613,#12615,.T.);
#12613 = VERTEX_POINT('',#12614);
#12614 = CARTESIAN_POINT('',(37.082568,-12.375447,-5.E-02));
#12615 = LINE('',#12616,#12617);
#12616 = CARTESIAN_POINT('',(37.082568,-12.5,-5.E-02));
#12617 = VECTOR('',#12618,1.);
#12618 = DIRECTION('',(0.,1.,0.));
#12619 = ORIENTED_EDGE('',*,*,#12620,.T.);
#12620 = EDGE_CURVE('',#12613,#12621,#12623,.T.);
#12621 = VERTEX_POINT('',#12622);
#12622 = CARTESIAN_POINT('',(33.917432,-12.375447,-5.E-02));
#12623 = CIRCLE('',#12624,1.587459299871);
#12624 = AXIS2_PLACEMENT_3D('',#12625,#12626,#12627);
#12625 = CARTESIAN_POINT('',(35.5,-12.49996829987,-5.E-02));
#12626 = DIRECTION('',(0.,0.,1.));
#12627 = DIRECTION('',(0.996918787228,7.844062514277E-02,-0.));
#12628 = ORIENTED_EDGE('',*,*,#12629,.T.);
#12629 = EDGE_CURVE('',#12621,#12630,#12632,.T.);
#12630 = VERTEX_POINT('',#12631);
#12631 = CARTESIAN_POINT('',(33.917432,-12.5,-5.E-02));
#12632 = LINE('',#12633,#12634);
#12633 = CARTESIAN_POINT('',(33.917432,-12.375447,-5.E-02));
#12634 = VECTOR('',#12635,1.);
#12635 = DIRECTION('',(0.,-1.,0.));
#12636 = ORIENTED_EDGE('',*,*,#12637,.T.);
#12637 = EDGE_CURVE('',#12630,#12638,#12640,.T.);
#12638 = VERTEX_POINT('',#12639);
#12639 = CARTESIAN_POINT('',(-33.917432,-12.5,-5.E-02));
#12640 = LINE('',#12641,#12642);
#12641 = CARTESIAN_POINT('',(33.917432,-12.5,-5.E-02));
#12642 = VECTOR('',#12643,1.);
#12643 = DIRECTION('',(-1.,0.,0.));
#12644 = ORIENTED_EDGE('',*,*,#12645,.T.);
#12645 = EDGE_CURVE('',#12638,#12646,#12648,.T.);
#12646 = VERTEX_POINT('',#12647);
#12647 = CARTESIAN_POINT('',(-33.917432,-12.375447,-5.E-02));
#12648 = LINE('',#12649,#12650);
#12649 = CARTESIAN_POINT('',(-33.917432,-12.5,-5.E-02));
#12650 = VECTOR('',#12651,1.);
#12651 = DIRECTION('',(0.,1.,0.));
#12652 = ORIENTED_EDGE('',*,*,#12653,.T.);
#12653 = EDGE_CURVE('',#12646,#12654,#12656,.T.);
#12654 = VERTEX_POINT('',#12655);
#12655 = CARTESIAN_POINT('',(-37.082568,-12.375447,-5.E-02));
#12656 = CIRCLE('',#12657,1.587459299871);
#12657 = AXIS2_PLACEMENT_3D('',#12658,#12659,#12660);
#12658 = CARTESIAN_POINT('',(-35.5,-12.49996829987,-5.E-02));
#12659 = DIRECTION('',(0.,0.,1.));
#12660 = DIRECTION('',(0.996918787228,7.844062514277E-02,-0.));
#12661 = ORIENTED_EDGE('',*,*,#12662,.T.);
#12662 = EDGE_CURVE('',#12654,#12663,#12665,.T.);
#12663 = VERTEX_POINT('',#12664);
#12664 = CARTESIAN_POINT('',(-37.082568,-12.5,-5.E-02));
#12665 = LINE('',#12666,#12667);
#12666 = CARTESIAN_POINT('',(-37.082568,-12.375447,-5.E-02));
#12667 = VECTOR('',#12668,1.);
#12668 = DIRECTION('',(0.,-1.,0.));
#12669 = ORIENTED_EDGE('',*,*,#12670,.T.);
#12670 = EDGE_CURVE('',#12663,#12513,#12671,.T.);
#12671 = LINE('',#12672,#12673);
#12672 = CARTESIAN_POINT('',(-37.082568,-12.5,-5.E-02));
#12673 = VECTOR('',#12674,1.);
#12674 = DIRECTION('',(-1.,0.,0.));
#12675 = FACE_BOUND('',#12676,.T.);
#12676 = EDGE_LOOP('',(#12677,#12688,#12696,#12705,#12713,#12722));
#12677 = ORIENTED_EDGE('',*,*,#12678,.T.);
#12678 = EDGE_CURVE('',#12679,#12681,#12683,.T.);
#12679 = VERTEX_POINT('',#12680);
#12680 = CARTESIAN_POINT('',(-37.899594,-6.4625,-5.E-02));
#12681 = VERTEX_POINT('',#12682);
#12682 = CARTESIAN_POINT('',(-38.184933,-6.787512,-5.E-02));
#12683 = CIRCLE('',#12684,0.287584041769);
#12684 = AXIS2_PLACEMENT_3D('',#12685,#12686,#12687);
#12685 = CARTESIAN_POINT('',(-37.89979492157,-6.750083971582,-5.E-02));
#12686 = DIRECTION('',(0.,0.,1.));
#12687 = DIRECTION('',(6.986534164398E-04,0.999999755942,-0.));
#12688 = ORIENTED_EDGE('',*,*,#12689,.T.);
#12689 = EDGE_CURVE('',#12681,#12690,#12692,.T.);
#12690 = VERTEX_POINT('',#12691);
#12691 = CARTESIAN_POINT('',(-38.165516,-6.85998,-5.E-02));
#12692 = LINE('',#12693,#12694);
#12693 = CARTESIAN_POINT('',(-38.184933,-6.787512,-5.E-02));
#12694 = VECTOR('',#12695,1.);
#12695 = DIRECTION('',(0.258809816504,-0.965928299037,0.));
#12696 = ORIENTED_EDGE('',*,*,#12697,.T.);
#12697 = EDGE_CURVE('',#12690,#12698,#12700,.T.);
#12698 = VERTEX_POINT('',#12699);
#12699 = CARTESIAN_POINT('',(-37.899594,-7.0375,-5.E-02));
#12700 = CIRCLE('',#12701,0.287686427939);
#12701 = AXIS2_PLACEMENT_3D('',#12702,#12703,#12704);
#12702 = CARTESIAN_POINT('',(-37.89975887519,-6.749813619307,-5.E-02));
#12703 = DIRECTION('',(0.,0.,1.));
#12704 = DIRECTION('',(-0.92377359165,-0.382939096163,0.));
#12705 = ORIENTED_EDGE('',*,*,#12706,.T.);
#12706 = EDGE_CURVE('',#12698,#12707,#12709,.T.);
#12707 = VERTEX_POINT('',#12708);
#12708 = CARTESIAN_POINT('',(-36.800406,-7.0375,-5.E-02));
#12709 = LINE('',#12710,#12711);
#12710 = CARTESIAN_POINT('',(-37.899594,-7.0375,-5.E-02));
#12711 = VECTOR('',#12712,1.);
#12712 = DIRECTION('',(1.,0.,0.));
#12713 = ORIENTED_EDGE('',*,*,#12714,.T.);
#12714 = EDGE_CURVE('',#12707,#12715,#12717,.T.);
#12715 = VERTEX_POINT('',#12716);
#12716 = CARTESIAN_POINT('',(-36.800406,-6.4625,-5.E-02));
#12717 = CIRCLE('',#12718,0.287500089704);
#12718 = AXIS2_PLACEMENT_3D('',#12719,#12720,#12721);
#12719 = CARTESIAN_POINT('',(-36.80017888769,-6.75,-5.E-02));
#12720 = DIRECTION('',(0.,0.,1.));
#12721 = DIRECTION('',(-7.899555976604E-04,-0.999999687985,0.));
#12722 = ORIENTED_EDGE('',*,*,#12723,.T.);
#12723 = EDGE_CURVE('',#12715,#12679,#12724,.T.);
#12724 = LINE('',#12725,#12726);
#12725 = CARTESIAN_POINT('',(-36.800406,-6.4625,-5.E-02));
#12726 = VECTOR('',#12727,1.);
#12727 = DIRECTION('',(-1.,0.,0.));
#12728 = FACE_BOUND('',#12729,.T.);
#12729 = EDGE_LOOP('',(#12730,#12741,#12749,#12758,#12766,#12775));
#12730 = ORIENTED_EDGE('',*,*,#12731,.T.);
#12731 = EDGE_CURVE('',#12732,#12734,#12736,.T.);
#12732 = VERTEX_POINT('',#12733);
#12733 = CARTESIAN_POINT('',(36.800406,-6.4625,-5.E-02));
#12734 = VERTEX_POINT('',#12735);
#12735 = CARTESIAN_POINT('',(36.515067,-6.787512,-5.E-02));
#12736 = CIRCLE('',#12737,0.287584041769);
#12737 = AXIS2_PLACEMENT_3D('',#12738,#12739,#12740);
#12738 = CARTESIAN_POINT('',(36.800205078427,-6.750083971582,-5.E-02));
#12739 = DIRECTION('',(0.,0.,1.));
#12740 = DIRECTION('',(6.986534164398E-04,0.999999755942,-0.));
#12741 = ORIENTED_EDGE('',*,*,#12742,.T.);
#12742 = EDGE_CURVE('',#12734,#12743,#12745,.T.);
#12743 = VERTEX_POINT('',#12744);
#12744 = CARTESIAN_POINT('',(36.534484,-6.85998,-5.E-02));
#12745 = LINE('',#12746,#12747);
#12746 = CARTESIAN_POINT('',(36.515067,-6.787512,-5.E-02));
#12747 = VECTOR('',#12748,1.);
#12748 = DIRECTION('',(0.258809816504,-0.965928299037,0.));
#12749 = ORIENTED_EDGE('',*,*,#12750,.T.);
#12750 = EDGE_CURVE('',#12743,#12751,#12753,.T.);
#12751 = VERTEX_POINT('',#12752);
#12752 = CARTESIAN_POINT('',(36.800406,-7.0375,-5.E-02));
#12753 = CIRCLE('',#12754,0.287686427939);
#12754 = AXIS2_PLACEMENT_3D('',#12755,#12756,#12757);
#12755 = CARTESIAN_POINT('',(36.800241124806,-6.749813619307,-5.E-02));
#12756 = DIRECTION('',(0.,0.,1.));
#12757 = DIRECTION('',(-0.92377359165,-0.382939096163,0.));
#12758 = ORIENTED_EDGE('',*,*,#12759,.T.);
#12759 = EDGE_CURVE('',#12751,#12760,#12762,.T.);
#12760 = VERTEX_POINT('',#12761);
#12761 = CARTESIAN_POINT('',(37.899594,-7.0375,-5.E-02));
#12762 = LINE('',#12763,#12764);
#12763 = CARTESIAN_POINT('',(36.800406,-7.0375,-5.E-02));
#12764 = VECTOR('',#12765,1.);
#12765 = DIRECTION('',(1.,0.,0.));
#12766 = ORIENTED_EDGE('',*,*,#12767,.T.);
#12767 = EDGE_CURVE('',#12760,#12768,#12770,.T.);
#12768 = VERTEX_POINT('',#12769);
#12769 = CARTESIAN_POINT('',(37.899594,-6.4625,-5.E-02));
#12770 = CIRCLE('',#12771,0.287500089704);
#12771 = AXIS2_PLACEMENT_3D('',#12772,#12773,#12774);
#12772 = CARTESIAN_POINT('',(37.899821112305,-6.75,-5.E-02));
#12773 = DIRECTION('',(0.,0.,1.));
#12774 = DIRECTION('',(-7.899555976356E-04,-0.999999687985,0.));
#12775 = ORIENTED_EDGE('',*,*,#12776,.T.);
#12776 = EDGE_CURVE('',#12768,#12732,#12777,.T.);
#12777 = LINE('',#12778,#12779);
#12778 = CARTESIAN_POINT('',(37.899594,-6.4625,-5.E-02));
#12779 = VECTOR('',#12780,1.);
#12780 = DIRECTION('',(-1.,0.,0.));
#12781 = FACE_BOUND('',#12782,.T.);
#12782 = EDGE_LOOP('',(#12783));
#12783 = ORIENTED_EDGE('',*,*,#12784,.T.);
#12784 = EDGE_CURVE('',#12785,#12785,#12787,.T.);
#12785 = VERTEX_POINT('',#12786);
#12786 = CARTESIAN_POINT('',(-30.012539,-3.6,-5.E-02));
#12787 = CIRCLE('',#12788,1.337461);
#12788 = AXIS2_PLACEMENT_3D('',#12789,#12790,#12791);
#12789 = CARTESIAN_POINT('',(-31.35,-3.6,-5.E-02));
#12790 = DIRECTION('',(0.,0.,1.));
#12791 = DIRECTION('',(1.,0.,-0.));
#12792 = FACE_BOUND('',#12793,.T.);
#12793 = EDGE_LOOP('',(#12794));
#12794 = ORIENTED_EDGE('',*,*,#12795,.T.);
#12795 = EDGE_CURVE('',#12796,#12796,#12798,.T.);
#12796 = VERTEX_POINT('',#12797);
#12797 = CARTESIAN_POINT('',(32.687461,-3.6,-5.E-02));
#12798 = CIRCLE('',#12799,1.337461);
#12799 = AXIS2_PLACEMENT_3D('',#12800,#12801,#12802);
#12800 = CARTESIAN_POINT('',(31.35,-3.6,-5.E-02));
#12801 = DIRECTION('',(0.,0.,1.));
#12802 = DIRECTION('',(1.,0.,-0.));
#12803 = FACE_BOUND('',#12804,.T.);
#12804 = EDGE_LOOP('',(#12805));
#12805 = ORIENTED_EDGE('',*,*,#12806,.T.);
#12806 = EDGE_CURVE('',#12807,#12807,#12809,.T.);
#12807 = VERTEX_POINT('',#12808);
#12808 = CARTESIAN_POINT('',(-30.012539,3.6,-5.E-02));
#12809 = CIRCLE('',#12810,1.337461);
#12810 = AXIS2_PLACEMENT_3D('',#12811,#12812,#12813);
#12811 = CARTESIAN_POINT('',(-31.35,3.6,-5.E-02));
#12812 = DIRECTION('',(0.,0.,1.));
#12813 = DIRECTION('',(1.,0.,-0.));
#12814 = FACE_BOUND('',#12815,.T.);
#12815 = EDGE_LOOP('',(#12816));
#12816 = ORIENTED_EDGE('',*,*,#12817,.T.);
#12817 = EDGE_CURVE('',#12818,#12818,#12820,.T.);
#12818 = VERTEX_POINT('',#12819);
#12819 = CARTESIAN_POINT('',(32.687461,3.6,-5.E-02));
#12820 = CIRCLE('',#12821,1.337461);
#12821 = AXIS2_PLACEMENT_3D('',#12822,#12823,#12824);
#12822 = CARTESIAN_POINT('',(31.35,3.6,-5.E-02));
#12823 = DIRECTION('',(0.,0.,1.));
#12824 = DIRECTION('',(1.,0.,-0.));
#12825 = FACE_BOUND('',#12826,.T.);
#12826 = EDGE_LOOP('',(#12827));
#12827 = ORIENTED_EDGE('',*,*,#12828,.T.);
#12828 = EDGE_CURVE('',#12829,#12829,#12831,.T.);
#12829 = VERTEX_POINT('',#12830);
#12830 = CARTESIAN_POINT('',(-20.762539,4.85,-5.E-02));
#12831 = CIRCLE('',#12832,1.337461);
#12832 = AXIS2_PLACEMENT_3D('',#12833,#12834,#12835);
#12833 = CARTESIAN_POINT('',(-22.1,4.85,-5.E-02));
#12834 = DIRECTION('',(0.,0.,1.));
#12835 = DIRECTION('',(1.,0.,-0.));
#12836 = FACE_BOUND('',#12837,.T.);
#12837 = EDGE_LOOP('',(#12838));
#12838 = ORIENTED_EDGE('',*,*,#12839,.T.);
#12839 = EDGE_CURVE('',#12840,#12840,#12842,.T.);
#12840 = VERTEX_POINT('',#12841);
#12841 = CARTESIAN_POINT('',(-13.562539,4.85,-5.E-02));
#12842 = CIRCLE('',#12843,1.337461);
#12843 = AXIS2_PLACEMENT_3D('',#12844,#12845,#12846);
#12844 = CARTESIAN_POINT('',(-14.9,4.85,-5.E-02));
#12845 = DIRECTION('',(0.,0.,1.));
#12846 = DIRECTION('',(1.,0.,-0.));
#12847 = FACE_BOUND('',#12848,.T.);
#12848 = EDGE_LOOP('',(#12849));
#12849 = ORIENTED_EDGE('',*,*,#12850,.T.);
#12850 = EDGE_CURVE('',#12851,#12851,#12853,.T.);
#12851 = VERTEX_POINT('',#12852);
#12852 = CARTESIAN_POINT('',(-1.762539,4.85,-5.E-02));
#12853 = CIRCLE('',#12854,1.337461);
#12854 = AXIS2_PLACEMENT_3D('',#12855,#12856,#12857);
#12855 = CARTESIAN_POINT('',(-3.1,4.85,-5.E-02));
#12856 = DIRECTION('',(0.,0.,1.));
#12857 = DIRECTION('',(1.,0.,-0.));
#12858 = FACE_BOUND('',#12859,.T.);
#12859 = EDGE_LOOP('',(#12860));
#12860 = ORIENTED_EDGE('',*,*,#12861,.T.);
#12861 = EDGE_CURVE('',#12862,#12862,#12864,.T.);
#12862 = VERTEX_POINT('',#12863);
#12863 = CARTESIAN_POINT('',(5.437461,4.85,-5.E-02));
#12864 = CIRCLE('',#12865,1.337461);
#12865 = AXIS2_PLACEMENT_3D('',#12866,#12867,#12868);
#12866 = CARTESIAN_POINT('',(4.1,4.85,-5.E-02));
#12867 = DIRECTION('',(0.,0.,1.));
#12868 = DIRECTION('',(1.,0.,-0.));
#12869 = FACE_BOUND('',#12870,.T.);
#12870 = EDGE_LOOP('',(#12871));
#12871 = ORIENTED_EDGE('',*,*,#12872,.T.);
#12872 = EDGE_CURVE('',#12873,#12873,#12875,.T.);
#12873 = VERTEX_POINT('',#12874);
#12874 = CARTESIAN_POINT('',(16.237461,4.85,-5.E-02));
#12875 = CIRCLE('',#12876,1.337461);
#12876 = AXIS2_PLACEMENT_3D('',#12877,#12878,#12879);
#12877 = CARTESIAN_POINT('',(14.9,4.85,-5.E-02));
#12878 = DIRECTION('',(0.,0.,1.));
#12879 = DIRECTION('',(1.,0.,-0.));
#12880 = FACE_BOUND('',#12881,.T.);
#12881 = EDGE_LOOP('',(#12882));
#12882 = ORIENTED_EDGE('',*,*,#12883,.T.);
#12883 = EDGE_CURVE('',#12884,#12884,#12886,.T.);
#12884 = VERTEX_POINT('',#12885);
#12885 = CARTESIAN_POINT('',(23.437461,4.85,-5.E-02));
#12886 = CIRCLE('',#12887,1.337461);
#12887 = AXIS2_PLACEMENT_3D('',#12888,#12889,#12890);
#12888 = CARTESIAN_POINT('',(22.1,4.85,-5.E-02));
#12889 = DIRECTION('',(0.,0.,1.));
#12890 = DIRECTION('',(1.,0.,-0.));
#12891 = FACE_BOUND('',#12892,.T.);
#12892 = EDGE_LOOP('',(#12893,#12904,#12912,#12921,#12929,#12938));
#12893 = ORIENTED_EDGE('',*,*,#12894,.T.);
#12894 = EDGE_CURVE('',#12895,#12897,#12899,.T.);
#12895 = VERTEX_POINT('',#12896);
#12896 = CARTESIAN_POINT('',(-37.899594,7.0375,-5.E-02));
#12897 = VERTEX_POINT('',#12898);
#12898 = CARTESIAN_POINT('',(-38.184933,6.712488,-5.E-02));
#12899 = CIRCLE('',#12900,0.287584041769);
#12900 = AXIS2_PLACEMENT_3D('',#12901,#12902,#12903);
#12901 = CARTESIAN_POINT('',(-37.89979492157,6.749916028418,-5.E-02));
#12902 = DIRECTION('',(0.,0.,1.));
#12903 = DIRECTION('',(6.986534164398E-04,0.999999755942,-0.));
#12904 = ORIENTED_EDGE('',*,*,#12905,.T.);
#12905 = EDGE_CURVE('',#12897,#12906,#12908,.T.);
#12906 = VERTEX_POINT('',#12907);
#12907 = CARTESIAN_POINT('',(-38.165516,6.64002,-5.E-02));
#12908 = LINE('',#12909,#12910);
#12909 = CARTESIAN_POINT('',(-38.184933,6.712488,-5.E-02));
#12910 = VECTOR('',#12911,1.);
#12911 = DIRECTION('',(0.258809816504,-0.965928299037,0.));
#12912 = ORIENTED_EDGE('',*,*,#12913,.T.);
#12913 = EDGE_CURVE('',#12906,#12914,#12916,.T.);
#12914 = VERTEX_POINT('',#12915);
#12915 = CARTESIAN_POINT('',(-37.899594,6.4625,-5.E-02));
#12916 = CIRCLE('',#12917,0.287686427939);
#12917 = AXIS2_PLACEMENT_3D('',#12918,#12919,#12920);
#12918 = CARTESIAN_POINT('',(-37.89975887519,6.750186380693,-5.E-02));
#12919 = DIRECTION('',(0.,0.,1.));
#12920 = DIRECTION('',(-0.92377359165,-0.382939096163,0.));
#12921 = ORIENTED_EDGE('',*,*,#12922,.T.);
#12922 = EDGE_CURVE('',#12914,#12923,#12925,.T.);
#12923 = VERTEX_POINT('',#12924);
#12924 = CARTESIAN_POINT('',(-36.800406,6.4625,-5.E-02));
#12925 = LINE('',#12926,#12927);
#12926 = CARTESIAN_POINT('',(-37.899594,6.4625,-5.E-02));
#12927 = VECTOR('',#12928,1.);
#12928 = DIRECTION('',(1.,0.,0.));
#12929 = ORIENTED_EDGE('',*,*,#12930,.T.);
#12930 = EDGE_CURVE('',#12923,#12931,#12933,.T.);
#12931 = VERTEX_POINT('',#12932);
#12932 = CARTESIAN_POINT('',(-36.800406,7.0375,-5.E-02));
#12933 = CIRCLE('',#12934,0.287500089704);
#12934 = AXIS2_PLACEMENT_3D('',#12935,#12936,#12937);
#12935 = CARTESIAN_POINT('',(-36.80017888769,6.75,-5.E-02));
#12936 = DIRECTION('',(0.,0.,1.));
#12937 = DIRECTION('',(-7.899555976604E-04,-0.999999687985,0.));
#12938 = ORIENTED_EDGE('',*,*,#12939,.T.);
#12939 = EDGE_CURVE('',#12931,#12895,#12940,.T.);
#12940 = LINE('',#12941,#12942);
#12941 = CARTESIAN_POINT('',(-36.800406,7.0375,-5.E-02));
#12942 = VECTOR('',#12943,1.);
#12943 = DIRECTION('',(-1.,0.,0.));
#12944 = FACE_BOUND('',#12945,.T.);
#12945 = EDGE_LOOP('',(#12946,#12957,#12965,#12974,#12982,#12991));
#12946 = ORIENTED_EDGE('',*,*,#12947,.T.);
#12947 = EDGE_CURVE('',#12948,#12950,#12952,.T.);
#12948 = VERTEX_POINT('',#12949);
#12949 = CARTESIAN_POINT('',(36.800406,7.0375,-5.E-02));
#12950 = VERTEX_POINT('',#12951);
#12951 = CARTESIAN_POINT('',(36.515067,6.712488,-5.E-02));
#12952 = CIRCLE('',#12953,0.287584041769);
#12953 = AXIS2_PLACEMENT_3D('',#12954,#12955,#12956);
#12954 = CARTESIAN_POINT('',(36.800205078427,6.749916028418,-5.E-02));
#12955 = DIRECTION('',(0.,0.,1.));
#12956 = DIRECTION('',(6.986534164398E-04,0.999999755942,-0.));
#12957 = ORIENTED_EDGE('',*,*,#12958,.T.);
#12958 = EDGE_CURVE('',#12950,#12959,#12961,.T.);
#12959 = VERTEX_POINT('',#12960);
#12960 = CARTESIAN_POINT('',(36.534484,6.64002,-5.E-02));
#12961 = LINE('',#12962,#12963);
#12962 = CARTESIAN_POINT('',(36.515067,6.712488,-5.E-02));
#12963 = VECTOR('',#12964,1.);
#12964 = DIRECTION('',(0.258809816504,-0.965928299037,0.));
#12965 = ORIENTED_EDGE('',*,*,#12966,.T.);
#12966 = EDGE_CURVE('',#12959,#12967,#12969,.T.);
#12967 = VERTEX_POINT('',#12968);
#12968 = CARTESIAN_POINT('',(36.800406,6.4625,-5.E-02));
#12969 = CIRCLE('',#12970,0.287686427939);
#12970 = AXIS2_PLACEMENT_3D('',#12971,#12972,#12973);
#12971 = CARTESIAN_POINT('',(36.800241124806,6.750186380693,-5.E-02));
#12972 = DIRECTION('',(0.,0.,1.));
#12973 = DIRECTION('',(-0.92377359165,-0.382939096163,0.));
#12974 = ORIENTED_EDGE('',*,*,#12975,.T.);
#12975 = EDGE_CURVE('',#12967,#12976,#12978,.T.);
#12976 = VERTEX_POINT('',#12977);
#12977 = CARTESIAN_POINT('',(37.899594,6.4625,-5.E-02));
#12978 = LINE('',#12979,#12980);
#12979 = CARTESIAN_POINT('',(36.800406,6.4625,-5.E-02));
#12980 = VECTOR('',#12981,1.);
#12981 = DIRECTION('',(1.,0.,0.));
#12982 = ORIENTED_EDGE('',*,*,#12983,.T.);
#12983 = EDGE_CURVE('',#12976,#12984,#12986,.T.);
#12984 = VERTEX_POINT('',#12985);
#12985 = CARTESIAN_POINT('',(37.899594,7.0375,-5.E-02));
#12986 = CIRCLE('',#12987,0.287500089704);
#12987 = AXIS2_PLACEMENT_3D('',#12988,#12989,#12990);
#12988 = CARTESIAN_POINT('',(37.899821112305,6.75,-5.E-02));
#12989 = DIRECTION('',(0.,0.,1.));
#12990 = DIRECTION('',(-7.899555976356E-04,-0.999999687985,0.));
#12991 = ORIENTED_EDGE('',*,*,#12992,.T.);
#12992 = EDGE_CURVE('',#12984,#12948,#12993,.T.);
#12993 = LINE('',#12994,#12995);
#12994 = CARTESIAN_POINT('',(37.899594,7.0375,-5.E-02));
#12995 = VECTOR('',#12996,1.);
#12996 = DIRECTION('',(-1.,0.,0.));
#12997 = FACE_BOUND('',#12998,.T.);
#12998 = EDGE_LOOP('',(#12999,#13010,#13018,#13027,#13035,#13044));
#12999 = ORIENTED_EDGE('',*,*,#13000,.T.);
#13000 = EDGE_CURVE('',#13001,#13003,#13005,.T.);
#13001 = VERTEX_POINT('',#13002);
#13002 = CARTESIAN_POINT('',(-25.5375,10.300407,-5.E-02));
#13003 = VERTEX_POINT('',#13004);
#13004 = CARTESIAN_POINT('',(-25.212487,10.015067,-5.E-02));
#13005 = CIRCLE('',#13006,0.28758545494);
#13006 = AXIS2_PLACEMENT_3D('',#13007,#13008,#13009);
#13007 = CARTESIAN_POINT('',(-25.24991461491,10.300206557997,-5.E-02));
#13008 = DIRECTION('',(0.,0.,1.));
#13009 = DIRECTION('',(-0.999999757108,6.96982407565E-04,0.));
#13010 = ORIENTED_EDGE('',*,*,#13011,.T.);
#13011 = EDGE_CURVE('',#13003,#13012,#13014,.T.);
#13012 = VERTEX_POINT('',#13013);
#13013 = CARTESIAN_POINT('',(-25.14002,10.034485,-5.E-02));
#13014 = LINE('',#13015,#13016);
#13015 = CARTESIAN_POINT('',(-25.212487,10.015067,-5.E-02));
#13016 = VECTOR('',#13017,1.);
#13017 = DIRECTION('',(0.965924073909,0.258825584986,0.));
#13018 = ORIENTED_EDGE('',*,*,#13019,.T.);
#13019 = EDGE_CURVE('',#13012,#13020,#13022,.T.);
#13020 = VERTEX_POINT('',#13021);
#13021 = CARTESIAN_POINT('',(-24.9625,10.300407,-5.E-02));
#13022 = CIRCLE('',#13023,0.287686427939);
#13023 = AXIS2_PLACEMENT_3D('',#13024,#13025,#13026);
#13024 = CARTESIAN_POINT('',(-25.25018638069,10.300242124806,-5.E-02));
#13025 = DIRECTION('',(0.,0.,1.));
#13026 = DIRECTION('',(0.382939096163,-0.92377359165,0.));
#13027 = ORIENTED_EDGE('',*,*,#13028,.T.);
#13028 = EDGE_CURVE('',#13020,#13029,#13031,.T.);
#13029 = VERTEX_POINT('',#13030);
#13030 = CARTESIAN_POINT('',(-24.9625,11.399594,-5.E-02));
#13031 = LINE('',#13032,#13033);
#13032 = CARTESIAN_POINT('',(-24.9625,10.300407,-5.E-02));
#13033 = VECTOR('',#13034,1.);
#13034 = DIRECTION('',(0.,1.,0.));
#13035 = ORIENTED_EDGE('',*,*,#13036,.T.);
#13036 = EDGE_CURVE('',#13029,#13037,#13039,.T.);
#13037 = VERTEX_POINT('',#13038);
#13038 = CARTESIAN_POINT('',(-25.5375,11.399594,-5.E-02));
#13039 = CIRCLE('',#13040,0.287500026505);
#13040 = AXIS2_PLACEMENT_3D('',#13041,#13042,#13043);
#13041 = CARTESIAN_POINT('',(-25.25,11.39971745201,-5.E-02));
#13042 = DIRECTION('',(0.,0.,1.));
#13043 = DIRECTION('',(0.999999907809,-4.293982551801E-04,0.));
#13044 = ORIENTED_EDGE('',*,*,#13045,.T.);
#13045 = EDGE_CURVE('',#13037,#13001,#13046,.T.);
#13046 = LINE('',#13047,#13048);
#13047 = CARTESIAN_POINT('',(-25.5375,11.399594,-5.E-02));
#13048 = VECTOR('',#13049,1.);
#13049 = DIRECTION('',(0.,-1.,0.));
#13050 = FACE_BOUND('',#13051,.T.);
#13051 = EDGE_LOOP('',(#13052,#13063,#13071,#13080,#13088,#13097));
#13052 = ORIENTED_EDGE('',*,*,#13053,.T.);
#13053 = EDGE_CURVE('',#13054,#13056,#13058,.T.);
#13054 = VERTEX_POINT('',#13055);
#13055 = CARTESIAN_POINT('',(-12.0375,10.300407,-5.E-02));
#13056 = VERTEX_POINT('',#13057);
#13057 = CARTESIAN_POINT('',(-11.712487,10.015067,-5.E-02));
#13058 = CIRCLE('',#13059,0.28758545494);
#13059 = AXIS2_PLACEMENT_3D('',#13060,#13061,#13062);
#13060 = CARTESIAN_POINT('',(-11.74991461491,10.300206557997,-5.E-02));
#13061 = DIRECTION('',(0.,0.,1.));
#13062 = DIRECTION('',(-0.999999757108,6.969824075836E-04,0.));
#13063 = ORIENTED_EDGE('',*,*,#13064,.T.);
#13064 = EDGE_CURVE('',#13056,#13065,#13067,.T.);
#13065 = VERTEX_POINT('',#13066);
#13066 = CARTESIAN_POINT('',(-11.64002,10.034485,-5.E-02));
#13067 = LINE('',#13068,#13069);
#13068 = CARTESIAN_POINT('',(-11.712487,10.015067,-5.E-02));
#13069 = VECTOR('',#13070,1.);
#13070 = DIRECTION('',(0.965924073909,0.258825584986,0.));
#13071 = ORIENTED_EDGE('',*,*,#13072,.T.);
#13072 = EDGE_CURVE('',#13065,#13073,#13075,.T.);
#13073 = VERTEX_POINT('',#13074);
#13074 = CARTESIAN_POINT('',(-11.4625,10.300407,-5.E-02));
#13075 = CIRCLE('',#13076,0.287686427939);
#13076 = AXIS2_PLACEMENT_3D('',#13077,#13078,#13079);
#13077 = CARTESIAN_POINT('',(-11.75018638069,10.300242124806,-5.E-02));
#13078 = DIRECTION('',(0.,0.,1.));
#13079 = DIRECTION('',(0.382939096163,-0.92377359165,0.));
#13080 = ORIENTED_EDGE('',*,*,#13081,.T.);
#13081 = EDGE_CURVE('',#13073,#13082,#13084,.T.);
#13082 = VERTEX_POINT('',#13083);
#13083 = CARTESIAN_POINT('',(-11.4625,11.399594,-5.E-02));
#13084 = LINE('',#13085,#13086);
#13085 = CARTESIAN_POINT('',(-11.4625,10.300407,-5.E-02));
#13086 = VECTOR('',#13087,1.);
#13087 = DIRECTION('',(0.,1.,0.));
#13088 = ORIENTED_EDGE('',*,*,#13089,.T.);
#13089 = EDGE_CURVE('',#13082,#13090,#13092,.T.);
#13090 = VERTEX_POINT('',#13091);
#13091 = CARTESIAN_POINT('',(-12.0375,11.399594,-5.E-02));
#13092 = CIRCLE('',#13093,0.287500026505);
#13093 = AXIS2_PLACEMENT_3D('',#13094,#13095,#13096);
#13094 = CARTESIAN_POINT('',(-11.75,11.39971745201,-5.E-02));
#13095 = DIRECTION('',(0.,0.,1.));
#13096 = DIRECTION('',(0.999999907809,-4.293982551925E-04,0.));
#13097 = ORIENTED_EDGE('',*,*,#13098,.T.);
#13098 = EDGE_CURVE('',#13090,#13054,#13099,.T.);
#13099 = LINE('',#13100,#13101);
#13100 = CARTESIAN_POINT('',(-12.0375,11.399594,-5.E-02));
#13101 = VECTOR('',#13102,1.);
#13102 = DIRECTION('',(0.,-1.,0.));
#13103 = FACE_BOUND('',#13104,.T.);
#13104 = EDGE_LOOP('',(#13105,#13116,#13124,#13133,#13141,#13150));
#13105 = ORIENTED_EDGE('',*,*,#13106,.T.);
#13106 = EDGE_CURVE('',#13107,#13109,#13111,.T.);
#13107 = VERTEX_POINT('',#13108);
#13108 = CARTESIAN_POINT('',(-6.5375,10.300407,-5.E-02));
#13109 = VERTEX_POINT('',#13110);
#13110 = CARTESIAN_POINT('',(-6.212487,10.015067,-5.E-02));
#13111 = CIRCLE('',#13112,0.28758545494);
#13112 = AXIS2_PLACEMENT_3D('',#13113,#13114,#13115);
#13113 = CARTESIAN_POINT('',(-6.249914614913,10.300206557997,-5.E-02));
#13114 = DIRECTION('',(0.,0.,1.));
#13115 = DIRECTION('',(-0.999999757108,6.969824075774E-04,0.));
#13116 = ORIENTED_EDGE('',*,*,#13117,.T.);
#13117 = EDGE_CURVE('',#13109,#13118,#13120,.T.);
#13118 = VERTEX_POINT('',#13119);
#13119 = CARTESIAN_POINT('',(-6.14002,10.034485,-5.E-02));
#13120 = LINE('',#13121,#13122);
#13121 = CARTESIAN_POINT('',(-6.212487,10.015067,-5.E-02));
#13122 = VECTOR('',#13123,1.);
#13123 = DIRECTION('',(0.965924073909,0.258825584986,0.));
#13124 = ORIENTED_EDGE('',*,*,#13125,.T.);
#13125 = EDGE_CURVE('',#13118,#13126,#13128,.T.);
#13126 = VERTEX_POINT('',#13127);
#13127 = CARTESIAN_POINT('',(-5.9625,10.300407,-5.E-02));
#13128 = CIRCLE('',#13129,0.287686427939);
#13129 = AXIS2_PLACEMENT_3D('',#13130,#13131,#13132);
#13130 = CARTESIAN_POINT('',(-6.250186380693,10.300242124806,-5.E-02));
#13131 = DIRECTION('',(0.,0.,1.));
#13132 = DIRECTION('',(0.382939096163,-0.92377359165,0.));
#13133 = ORIENTED_EDGE('',*,*,#13134,.T.);
#13134 = EDGE_CURVE('',#13126,#13135,#13137,.T.);
#13135 = VERTEX_POINT('',#13136);
#13136 = CARTESIAN_POINT('',(-5.9625,11.399594,-5.E-02));
#13137 = LINE('',#13138,#13139);
#13138 = CARTESIAN_POINT('',(-5.9625,10.300407,-5.E-02));
#13139 = VECTOR('',#13140,1.);
#13140 = DIRECTION('',(0.,1.,0.));
#13141 = ORIENTED_EDGE('',*,*,#13142,.T.);
#13142 = EDGE_CURVE('',#13135,#13143,#13145,.T.);
#13143 = VERTEX_POINT('',#13144);
#13144 = CARTESIAN_POINT('',(-6.5375,11.399594,-5.E-02));
#13145 = CIRCLE('',#13146,0.287500026505);
#13146 = AXIS2_PLACEMENT_3D('',#13147,#13148,#13149);
#13147 = CARTESIAN_POINT('',(-6.25,11.39971745201,-5.E-02));
#13148 = DIRECTION('',(0.,0.,1.));
#13149 = DIRECTION('',(0.999999907809,-4.293982551863E-04,0.));
#13150 = ORIENTED_EDGE('',*,*,#13151,.T.);
#13151 = EDGE_CURVE('',#13143,#13107,#13152,.T.);
#13152 = LINE('',#13153,#13154);
#13153 = CARTESIAN_POINT('',(-6.5375,11.399594,-5.E-02));
#13154 = VECTOR('',#13155,1.);
#13155 = DIRECTION('',(0.,-1.,0.));
#13156 = FACE_BOUND('',#13157,.T.);
#13157 = EDGE_LOOP('',(#13158,#13169,#13177,#13186,#13194,#13203));
#13158 = ORIENTED_EDGE('',*,*,#13159,.T.);
#13159 = EDGE_CURVE('',#13160,#13162,#13164,.T.);
#13160 = VERTEX_POINT('',#13161);
#13161 = CARTESIAN_POINT('',(6.9625,10.300407,-5.E-02));
#13162 = VERTEX_POINT('',#13163);
#13163 = CARTESIAN_POINT('',(7.287513,10.015067,-5.E-02));
#13164 = CIRCLE('',#13165,0.28758545494);
#13165 = AXIS2_PLACEMENT_3D('',#13166,#13167,#13168);
#13166 = CARTESIAN_POINT('',(7.250085385087,10.300206557997,-5.E-02));
#13167 = DIRECTION('',(0.,0.,1.));
#13168 = DIRECTION('',(-0.999999757108,6.969824075774E-04,0.));
#13169 = ORIENTED_EDGE('',*,*,#13170,.T.);
#13170 = EDGE_CURVE('',#13162,#13171,#13173,.T.);
#13171 = VERTEX_POINT('',#13172);
#13172 = CARTESIAN_POINT('',(7.35998,10.034485,-5.E-02));
#13173 = LINE('',#13174,#13175);
#13174 = CARTESIAN_POINT('',(7.287513,10.015067,-5.E-02));
#13175 = VECTOR('',#13176,1.);
#13176 = DIRECTION('',(0.965924073909,0.258825584986,0.));
#13177 = ORIENTED_EDGE('',*,*,#13178,.T.);
#13178 = EDGE_CURVE('',#13171,#13179,#13181,.T.);
#13179 = VERTEX_POINT('',#13180);
#13180 = CARTESIAN_POINT('',(7.5375,10.300407,-5.E-02));
#13181 = CIRCLE('',#13182,0.287686427939);
#13182 = AXIS2_PLACEMENT_3D('',#13183,#13184,#13185);
#13183 = CARTESIAN_POINT('',(7.249813619307,10.300242124806,-5.E-02));
#13184 = DIRECTION('',(0.,0.,1.));
#13185 = DIRECTION('',(0.382939096163,-0.92377359165,0.));
#13186 = ORIENTED_EDGE('',*,*,#13187,.T.);
#13187 = EDGE_CURVE('',#13179,#13188,#13190,.T.);
#13188 = VERTEX_POINT('',#13189);
#13189 = CARTESIAN_POINT('',(7.5375,11.399594,-5.E-02));
#13190 = LINE('',#13191,#13192);
#13191 = CARTESIAN_POINT('',(7.5375,10.300407,-5.E-02));
#13192 = VECTOR('',#13193,1.);
#13193 = DIRECTION('',(0.,1.,0.));
#13194 = ORIENTED_EDGE('',*,*,#13195,.T.);
#13195 = EDGE_CURVE('',#13188,#13196,#13198,.T.);
#13196 = VERTEX_POINT('',#13197);
#13197 = CARTESIAN_POINT('',(6.9625,11.399594,-5.E-02));
#13198 = CIRCLE('',#13199,0.287500026505);
#13199 = AXIS2_PLACEMENT_3D('',#13200,#13201,#13202);
#13200 = CARTESIAN_POINT('',(7.25,11.39971745201,-5.E-02));
#13201 = DIRECTION('',(0.,0.,1.));
#13202 = DIRECTION('',(0.999999907809,-4.293982551863E-04,0.));
#13203 = ORIENTED_EDGE('',*,*,#13204,.T.);
#13204 = EDGE_CURVE('',#13196,#13160,#13205,.T.);
#13205 = LINE('',#13206,#13207);
#13206 = CARTESIAN_POINT('',(6.9625,11.399594,-5.E-02));
#13207 = VECTOR('',#13208,1.);
#13208 = DIRECTION('',(0.,-1.,0.));
#13209 = FACE_BOUND('',#13210,.T.);
#13210 = EDGE_LOOP('',(#13211,#13222,#13230,#13239,#13247,#13256));
#13211 = ORIENTED_EDGE('',*,*,#13212,.T.);
#13212 = EDGE_CURVE('',#13213,#13215,#13217,.T.);
#13213 = VERTEX_POINT('',#13214);
#13214 = CARTESIAN_POINT('',(11.4625,10.300407,-5.E-02));
#13215 = VERTEX_POINT('',#13216);
#13216 = CARTESIAN_POINT('',(11.787513,10.015067,-5.E-02));
#13217 = CIRCLE('',#13218,0.28758545494);
#13218 = AXIS2_PLACEMENT_3D('',#13219,#13220,#13221);
#13219 = CARTESIAN_POINT('',(11.750085385087,10.300206557997,-5.E-02));
#13220 = DIRECTION('',(0.,0.,1.));
#13221 = DIRECTION('',(-0.999999757108,6.969824075836E-04,0.));
#13222 = ORIENTED_EDGE('',*,*,#13223,.T.);
#13223 = EDGE_CURVE('',#13215,#13224,#13226,.T.);
#13224 = VERTEX_POINT('',#13225);
#13225 = CARTESIAN_POINT('',(11.85998,10.034485,-5.E-02));
#13226 = LINE('',#13227,#13228);
#13227 = CARTESIAN_POINT('',(11.787513,10.015067,-5.E-02));
#13228 = VECTOR('',#13229,1.);
#13229 = DIRECTION('',(0.965924073909,0.258825584986,0.));
#13230 = ORIENTED_EDGE('',*,*,#13231,.T.);
#13231 = EDGE_CURVE('',#13224,#13232,#13234,.T.);
#13232 = VERTEX_POINT('',#13233);
#13233 = CARTESIAN_POINT('',(12.0375,10.300407,-5.E-02));
#13234 = CIRCLE('',#13235,0.287686427939);
#13235 = AXIS2_PLACEMENT_3D('',#13236,#13237,#13238);
#13236 = CARTESIAN_POINT('',(11.749813619307,10.300242124806,-5.E-02));
#13237 = DIRECTION('',(0.,0.,1.));
#13238 = DIRECTION('',(0.382939096163,-0.92377359165,0.));
#13239 = ORIENTED_EDGE('',*,*,#13240,.T.);
#13240 = EDGE_CURVE('',#13232,#13241,#13243,.T.);
#13241 = VERTEX_POINT('',#13242);
#13242 = CARTESIAN_POINT('',(12.0375,11.399594,-5.E-02));
#13243 = LINE('',#13244,#13245);
#13244 = CARTESIAN_POINT('',(12.0375,10.300407,-5.E-02));
#13245 = VECTOR('',#13246,1.);
#13246 = DIRECTION('',(0.,1.,0.));
#13247 = ORIENTED_EDGE('',*,*,#13248,.T.);
#13248 = EDGE_CURVE('',#13241,#13249,#13251,.T.);
#13249 = VERTEX_POINT('',#13250);
#13250 = CARTESIAN_POINT('',(11.4625,11.399594,-5.E-02));
#13251 = CIRCLE('',#13252,0.287500026505);
#13252 = AXIS2_PLACEMENT_3D('',#13253,#13254,#13255);
#13253 = CARTESIAN_POINT('',(11.75,11.39971745201,-5.E-02));
#13254 = DIRECTION('',(0.,0.,1.));
#13255 = DIRECTION('',(0.999999907809,-4.293982551925E-04,0.));
#13256 = ORIENTED_EDGE('',*,*,#13257,.T.);
#13257 = EDGE_CURVE('',#13249,#13213,#13258,.T.);
#13258 = LINE('',#13259,#13260);
#13259 = CARTESIAN_POINT('',(11.4625,11.399594,-5.E-02));
#13260 = VECTOR('',#13261,1.);
#13261 = DIRECTION('',(0.,-1.,0.));
#13262 = FACE_BOUND('',#13263,.T.);
#13263 = EDGE_LOOP('',(#13264,#13275,#13283,#13292,#13300,#13309));
#13264 = ORIENTED_EDGE('',*,*,#13265,.T.);
#13265 = EDGE_CURVE('',#13266,#13268,#13270,.T.);
#13266 = VERTEX_POINT('',#13267);
#13267 = CARTESIAN_POINT('',(24.9625,10.300407,-5.E-02));
#13268 = VERTEX_POINT('',#13269);
#13269 = CARTESIAN_POINT('',(25.287513,10.015067,-5.E-02));
#13270 = CIRCLE('',#13271,0.28758545494);
#13271 = AXIS2_PLACEMENT_3D('',#13272,#13273,#13274);
#13272 = CARTESIAN_POINT('',(25.250085385087,10.300206557997,-5.E-02));
#13273 = DIRECTION('',(0.,0.,1.));
#13274 = DIRECTION('',(-0.999999757108,6.96982407565E-04,0.));
#13275 = ORIENTED_EDGE('',*,*,#13276,.T.);
#13276 = EDGE_CURVE('',#13268,#13277,#13279,.T.);
#13277 = VERTEX_POINT('',#13278);
#13278 = CARTESIAN_POINT('',(25.35998,10.034485,-5.E-02));
#13279 = LINE('',#13280,#13281);
#13280 = CARTESIAN_POINT('',(25.287513,10.015067,-5.E-02));
#13281 = VECTOR('',#13282,1.);
#13282 = DIRECTION('',(0.965924073909,0.258825584986,0.));
#13283 = ORIENTED_EDGE('',*,*,#13284,.T.);
#13284 = EDGE_CURVE('',#13277,#13285,#13287,.T.);
#13285 = VERTEX_POINT('',#13286);
#13286 = CARTESIAN_POINT('',(25.5375,10.300407,-5.E-02));
#13287 = CIRCLE('',#13288,0.287686427939);
#13288 = AXIS2_PLACEMENT_3D('',#13289,#13290,#13291);
#13289 = CARTESIAN_POINT('',(25.249813619307,10.300242124806,-5.E-02));
#13290 = DIRECTION('',(0.,0.,1.));
#13291 = DIRECTION('',(0.382939096163,-0.92377359165,0.));
#13292 = ORIENTED_EDGE('',*,*,#13293,.T.);
#13293 = EDGE_CURVE('',#13285,#13294,#13296,.T.);
#13294 = VERTEX_POINT('',#13295);
#13295 = CARTESIAN_POINT('',(25.5375,11.399594,-5.E-02));
#13296 = LINE('',#13297,#13298);
#13297 = CARTESIAN_POINT('',(25.5375,10.300407,-5.E-02));
#13298 = VECTOR('',#13299,1.);
#13299 = DIRECTION('',(0.,1.,0.));
#13300 = ORIENTED_EDGE('',*,*,#13301,.T.);
#13301 = EDGE_CURVE('',#13294,#13302,#13304,.T.);
#13302 = VERTEX_POINT('',#13303);
#13303 = CARTESIAN_POINT('',(24.9625,11.399594,-5.E-02));
#13304 = CIRCLE('',#13305,0.287500026505);
#13305 = AXIS2_PLACEMENT_3D('',#13306,#13307,#13308);
#13306 = CARTESIAN_POINT('',(25.25,11.39971745201,-5.E-02));
#13307 = DIRECTION('',(0.,0.,1.));
#13308 = DIRECTION('',(0.999999907809,-4.293982551801E-04,0.));
#13309 = ORIENTED_EDGE('',*,*,#13310,.T.);
#13310 = EDGE_CURVE('',#13302,#13266,#13311,.T.);
#13311 = LINE('',#13312,#13313);
#13312 = CARTESIAN_POINT('',(24.9625,11.399594,-5.E-02));
#13313 = VECTOR('',#13314,1.);
#13314 = DIRECTION('',(0.,-1.,0.));
#13315 = PLANE('',#13316);
#13316 = AXIS2_PLACEMENT_3D('',#13317,#13318,#13319);
#13317 = CARTESIAN_POINT('',(0.,0.,-5.E-02));
#13318 = DIRECTION('',(-0.,-0.,-1.));
#13319 = DIRECTION('',(-1.,0.,0.));
#13320 = ( GEOMETRIC_REPRESENTATION_CONTEXT(3) 
GLOBAL_UNCERTAINTY_ASSIGNED_CONTEXT((#13324)) 
GLOBAL_UNIT_ASSIGNED_CONTEXT((#13321,#13322,#13323)) 
REPRESENTATION_CONTEXT('Context #1',
  '3D Context with UNIT and UNCERTAINTY') );
#13321 = ( LENGTH_UNIT() NAMED_UNIT(*) SI_UNIT(.MILLI.,.METRE.) );
#13322 = ( NAMED_UNIT(*) PLANE_ANGLE_UNIT() SI_UNIT($,.RADIAN.) );
#13323 = ( NAMED_UNIT(*) SI_UNIT($,.STERADIAN.) SOLID_ANGLE_UNIT() );
#13324 = UNCERTAINTY_MEASURE_WITH_UNIT(LENGTH_MEASURE(1.E-07),#13321,
  'distance_accuracy_value','confusion accuracy');
#13325 = CONTEXT_DEPENDENT_SHAPE_REPRESENTATION(#13326,#13328);
#13326 = ( REPRESENTATION_RELATIONSHIP('','',#12505,#10) 
REPRESENTATION_RELATIONSHIP_WITH_TRANSFORMATION(#13327) 
SHAPE_REPRESENTATION_RELATIONSHIP() );
#13327 = ITEM_DEFINED_TRANSFORMATION('','',#11,#39);
#13328 = PRODUCT_DEFINITION_SHAPE('Placement','Placement of an item',
  #13329);
#13329 = NEXT_ASSEMBLY_USAGE_OCCURRENCE('9','=>[0:1:1:10]','',#5,#12500,
  $);
#13330 = PRODUCT_RELATED_PRODUCT_CATEGORY('part',$,(#12502));
#13331 = SHAPE_DEFINITION_REPRESENTATION(#13332,#13338);
#13332 = PRODUCT_DEFINITION_SHAPE('','',#13333);
#13333 = PRODUCT_DEFINITION('design','',#13334,#13337);
#13334 = PRODUCT_DEFINITION_FORMATION('','',#13335);
#13335 = PRODUCT('xt60-power-hub_PCB','xt60-power-hub_PCB','',(#13336));
#13336 = PRODUCT_CONTEXT('',#2,'mechanical');
#13337 = PRODUCT_DEFINITION_CONTEXT('part definition',#2,'design');
#13338 = ADVANCED_BREP_SHAPE_REPRESENTATION('',(#11,#13339),#15621);
#13339 = MANIFOLD_SOLID_BREP('',#13340);
#13340 = CLOSED_SHELL('',(#13341,#13381,#13968,#13993,#14572,#14589,
    #14606,#14623,#14640,#14657,#14674,#14691,#14708,#14725,#14742,
    #14759,#14771,#14793,#14810,#14827,#14839,#14856,#14878,#14895,
    #14912,#14924,#14941,#14958,#14980,#14997,#15014,#15026,#15043,
    #15060,#15077,#15099,#15116,#15133,#15145,#15167,#15184,#15201,
    #15213,#15235,#15252,#15269,#15281,#15298,#15315,#15332,#15349,
    #15371,#15388,#15405,#15417,#15439,#15456,#15473,#15485,#15507,
    #15524,#15541,#15553,#15575,#15592,#15609));
#13341 = ADVANCED_FACE('',(#13342),#13376,.T.);
#13342 = FACE_BOUND('',#13343,.T.);
#13343 = EDGE_LOOP('',(#13344,#13354,#13362,#13370));
#13344 = ORIENTED_EDGE('',*,*,#13345,.F.);
#13345 = EDGE_CURVE('',#13346,#13348,#13350,.T.);
#13346 = VERTEX_POINT('',#13347);
#13347 = CARTESIAN_POINT('',(42.5,-12.5,0.));
#13348 = VERTEX_POINT('',#13349);
#13349 = CARTESIAN_POINT('',(37.1,-12.5,0.));
#13350 = LINE('',#13351,#13352);
#13351 = CARTESIAN_POINT('',(42.5,-12.5,0.));
#13352 = VECTOR('',#13353,1.);
#13353 = DIRECTION('',(-1.,0.,0.));
#13354 = ORIENTED_EDGE('',*,*,#13355,.T.);
#13355 = EDGE_CURVE('',#13346,#13356,#13358,.T.);
#13356 = VERTEX_POINT('',#13357);
#13357 = CARTESIAN_POINT('',(42.5,-12.5,1.51));
#13358 = LINE('',#13359,#13360);
#13359 = CARTESIAN_POINT('',(42.5,-12.5,0.));
#13360 = VECTOR('',#13361,1.);
#13361 = DIRECTION('',(0.,0.,1.));
#13362 = ORIENTED_EDGE('',*,*,#13363,.T.);
#13363 = EDGE_CURVE('',#13356,#13364,#13366,.T.);
#13364 = VERTEX_POINT('',#13365);
#13365 = CARTESIAN_POINT('',(37.1,-12.5,1.51));
#13366 = LINE('',#13367,#13368);
#13367 = CARTESIAN_POINT('',(42.5,-12.5,1.51));
#13368 = VECTOR('',#13369,1.);
#13369 = DIRECTION('',(-1.,0.,0.));
#13370 = ORIENTED_EDGE('',*,*,#13371,.T.);
#13371 = EDGE_CURVE('',#13364,#13348,#13372,.T.);
#13372 = LINE('',#13373,#13374);
#13373 = CARTESIAN_POINT('',(37.1,-12.5,-4.6E-02));
#13374 = VECTOR('',#13375,1.);
#13375 = DIRECTION('',(-0.,-0.,-1.));
#13376 = PLANE('',#13377);
#13377 = AXIS2_PLACEMENT_3D('',#13378,#13379,#13380);
#13378 = CARTESIAN_POINT('',(42.5,-12.5,0.));
#13379 = DIRECTION('',(0.,-1.,0.));
#13380 = DIRECTION('',(-1.,0.,0.));
#13381 = ADVANCED_FACE('',(#13382,#13493,#13529,#13540,#13576,#13587,
    #13598,#13634,#13645,#13656,#13667,#13703,#13739,#13775,#13786,
    #13797,#13808,#13819,#13855,#13891,#13927),#13963,.F.);
#13382 = FACE_BOUND('',#13383,.F.);
#13383 = EDGE_LOOP('',(#13384,#13385,#13393,#13401,#13410,#13419,#13427,
    #13436,#13445,#13453,#13461,#13469,#13478,#13486));
#13384 = ORIENTED_EDGE('',*,*,#13345,.F.);
#13385 = ORIENTED_EDGE('',*,*,#13386,.F.);
#13386 = EDGE_CURVE('',#13387,#13346,#13389,.T.);
#13387 = VERTEX_POINT('',#13388);
#13388 = CARTESIAN_POINT('',(42.5,12.5,0.));
#13389 = LINE('',#13390,#13391);
#13390 = CARTESIAN_POINT('',(42.5,12.5,0.));
#13391 = VECTOR('',#13392,1.);
#13392 = DIRECTION('',(0.,-1.,0.));
#13393 = ORIENTED_EDGE('',*,*,#13394,.F.);
#13394 = EDGE_CURVE('',#13395,#13387,#13397,.T.);
#13395 = VERTEX_POINT('',#13396);
#13396 = CARTESIAN_POINT('',(37.1,12.5,0.));
#13397 = LINE('',#13398,#13399);
#13398 = CARTESIAN_POINT('',(-42.5,12.5,0.));
#13399 = VECTOR('',#13400,1.);
#13400 = DIRECTION('',(1.,0.,0.));
#13401 = ORIENTED_EDGE('',*,*,#13402,.T.);
#13402 = EDGE_CURVE('',#13395,#13403,#13405,.T.);
#13403 = VERTEX_POINT('',#13404);
#13404 = CARTESIAN_POINT('',(35.5,10.9,0.));
#13405 = CIRCLE('',#13406,1.6);
#13406 = AXIS2_PLACEMENT_3D('',#13407,#13408,#13409);
#13407 = CARTESIAN_POINT('',(35.5,12.5,0.));
#13408 = DIRECTION('',(-0.,0.,-1.));
#13409 = DIRECTION('',(-0.,-1.,0.));
#13410 = ORIENTED_EDGE('',*,*,#13411,.T.);
#13411 = EDGE_CURVE('',#13403,#13412,#13414,.T.);
#13412 = VERTEX_POINT('',#13413);
#13413 = CARTESIAN_POINT('',(33.9,12.5,0.));
#13414 = CIRCLE('',#13415,1.6);
#13415 = AXIS2_PLACEMENT_3D('',#13416,#13417,#13418);
#13416 = CARTESIAN_POINT('',(35.5,12.5,0.));
#13417 = DIRECTION('',(-0.,0.,-1.));
#13418 = DIRECTION('',(-0.,-1.,0.));
#13419 = ORIENTED_EDGE('',*,*,#13420,.F.);
#13420 = EDGE_CURVE('',#13421,#13412,#13423,.T.);
#13421 = VERTEX_POINT('',#13422);
#13422 = CARTESIAN_POINT('',(-33.9,12.5,0.));
#13423 = LINE('',#13424,#13425);
#13424 = CARTESIAN_POINT('',(-42.5,12.5,0.));
#13425 = VECTOR('',#13426,1.);
#13426 = DIRECTION('',(1.,0.,0.));
#13427 = ORIENTED_EDGE('',*,*,#13428,.T.);
#13428 = EDGE_CURVE('',#13421,#13429,#13431,.T.);
#13429 = VERTEX_POINT('',#13430);
#13430 = CARTESIAN_POINT('',(-35.5,10.9,0.));
#13431 = CIRCLE('',#13432,1.6);
#13432 = AXIS2_PLACEMENT_3D('',#13433,#13434,#13435);
#13433 = CARTESIAN_POINT('',(-35.5,12.5,0.));
#13434 = DIRECTION('',(-0.,0.,-1.));
#13435 = DIRECTION('',(-0.,-1.,0.));
#13436 = ORIENTED_EDGE('',*,*,#13437,.T.);
#13437 = EDGE_CURVE('',#13429,#13438,#13440,.T.);
#13438 = VERTEX_POINT('',#13439);
#13439 = CARTESIAN_POINT('',(-37.1,12.5,0.));
#13440 = CIRCLE('',#13441,1.6);
#13441 = AXIS2_PLACEMENT_3D('',#13442,#13443,#13444);
#13442 = CARTESIAN_POINT('',(-35.5,12.5,0.));
#13443 = DIRECTION('',(-0.,0.,-1.));
#13444 = DIRECTION('',(-0.,-1.,0.));
#13445 = ORIENTED_EDGE('',*,*,#13446,.F.);
#13446 = EDGE_CURVE('',#13447,#13438,#13449,.T.);
#13447 = VERTEX_POINT('',#13448);
#13448 = CARTESIAN_POINT('',(-42.5,12.5,0.));
#13449 = LINE('',#13450,#13451);
#13450 = CARTESIAN_POINT('',(-42.5,12.5,0.));
#13451 = VECTOR('',#13452,1.);
#13452 = DIRECTION('',(1.,0.,0.));
#13453 = ORIENTED_EDGE('',*,*,#13454,.F.);
#13454 = EDGE_CURVE('',#13455,#13447,#13457,.T.);
#13455 = VERTEX_POINT('',#13456);
#13456 = CARTESIAN_POINT('',(-42.5,-12.5,0.));
#13457 = LINE('',#13458,#13459);
#13458 = CARTESIAN_POINT('',(-42.5,-12.5,0.));
#13459 = VECTOR('',#13460,1.);
#13460 = DIRECTION('',(0.,1.,0.));
#13461 = ORIENTED_EDGE('',*,*,#13462,.F.);
#13462 = EDGE_CURVE('',#13463,#13455,#13465,.T.);
#13463 = VERTEX_POINT('',#13464);
#13464 = CARTESIAN_POINT('',(-37.1,-12.5,0.));
#13465 = LINE('',#13466,#13467);
#13466 = CARTESIAN_POINT('',(42.5,-12.5,0.));
#13467 = VECTOR('',#13468,1.);
#13468 = DIRECTION('',(-1.,0.,0.));
#13469 = ORIENTED_EDGE('',*,*,#13470,.T.);
#13470 = EDGE_CURVE('',#13463,#13471,#13473,.T.);
#13471 = VERTEX_POINT('',#13472);
#13472 = CARTESIAN_POINT('',(-33.9,-12.5,0.));
#13473 = CIRCLE('',#13474,1.6);
#13474 = AXIS2_PLACEMENT_3D('',#13475,#13476,#13477);
#13475 = CARTESIAN_POINT('',(-35.5,-12.5,0.));
#13476 = DIRECTION('',(-0.,0.,-1.));
#13477 = DIRECTION('',(-0.,-1.,0.));
#13478 = ORIENTED_EDGE('',*,*,#13479,.F.);
#13479 = EDGE_CURVE('',#13480,#13471,#13482,.T.);
#13480 = VERTEX_POINT('',#13481);
#13481 = CARTESIAN_POINT('',(33.9,-12.5,0.));
#13482 = LINE('',#13483,#13484);
#13483 = CARTESIAN_POINT('',(42.5,-12.5,0.));
#13484 = VECTOR('',#13485,1.);
#13485 = DIRECTION('',(-1.,0.,0.));
#13486 = ORIENTED_EDGE('',*,*,#13487,.T.);
#13487 = EDGE_CURVE('',#13480,#13348,#13488,.T.);
#13488 = CIRCLE('',#13489,1.6);
#13489 = AXIS2_PLACEMENT_3D('',#13490,#13491,#13492);
#13490 = CARTESIAN_POINT('',(35.5,-12.5,0.));
#13491 = DIRECTION('',(-0.,0.,-1.));
#13492 = DIRECTION('',(-0.,-1.,0.));
#13493 = FACE_BOUND('',#13494,.F.);
#13494 = EDGE_LOOP('',(#13495,#13506,#13514,#13523));
#13495 = ORIENTED_EDGE('',*,*,#13496,.T.);
#13496 = EDGE_CURVE('',#13497,#13499,#13501,.T.);
#13497 = VERTEX_POINT('',#13498);
#13498 = CARTESIAN_POINT('',(-36.8,-6.45,0.));
#13499 = VERTEX_POINT('',#13500);
#13500 = CARTESIAN_POINT('',(-36.8,-7.05,0.));
#13501 = CIRCLE('',#13502,0.3);
#13502 = AXIS2_PLACEMENT_3D('',#13503,#13504,#13505);
#13503 = CARTESIAN_POINT('',(-36.8,-6.75,0.));
#13504 = DIRECTION('',(-0.,0.,-1.));
#13505 = DIRECTION('',(-0.,-1.,0.));
#13506 = ORIENTED_EDGE('',*,*,#13507,.T.);
#13507 = EDGE_CURVE('',#13499,#13508,#13510,.T.);
#13508 = VERTEX_POINT('',#13509);
#13509 = CARTESIAN_POINT('',(-37.9,-7.05,0.));
#13510 = LINE('',#13511,#13512);
#13511 = CARTESIAN_POINT('',(-18.95,-7.05,0.));
#13512 = VECTOR('',#13513,1.);
#13513 = DIRECTION('',(-1.,0.,0.));
#13514 = ORIENTED_EDGE('',*,*,#13515,.T.);
#13515 = EDGE_CURVE('',#13508,#13516,#13518,.T.);
#13516 = VERTEX_POINT('',#13517);
#13517 = CARTESIAN_POINT('',(-37.9,-6.45,0.));
#13518 = CIRCLE('',#13519,0.3);
#13519 = AXIS2_PLACEMENT_3D('',#13520,#13521,#13522);
#13520 = CARTESIAN_POINT('',(-37.9,-6.75,0.));
#13521 = DIRECTION('',(-0.,0.,-1.));
#13522 = DIRECTION('',(0.,1.,0.));
#13523 = ORIENTED_EDGE('',*,*,#13524,.T.);
#13524 = EDGE_CURVE('',#13516,#13497,#13525,.T.);
#13525 = LINE('',#13526,#13527);
#13526 = CARTESIAN_POINT('',(-18.4,-6.45,0.));
#13527 = VECTOR('',#13528,1.);
#13528 = DIRECTION('',(1.,0.,-0.));
#13529 = FACE_BOUND('',#13530,.F.);
#13530 = EDGE_LOOP('',(#13531));
#13531 = ORIENTED_EDGE('',*,*,#13532,.T.);
#13532 = EDGE_CURVE('',#13533,#13533,#13535,.T.);
#13533 = VERTEX_POINT('',#13534);
#13534 = CARTESIAN_POINT('',(-31.35,-4.95,0.));
#13535 = CIRCLE('',#13536,1.35);
#13536 = AXIS2_PLACEMENT_3D('',#13537,#13538,#13539);
#13537 = CARTESIAN_POINT('',(-31.35,-3.6,0.));
#13538 = DIRECTION('',(-0.,0.,-1.));
#13539 = DIRECTION('',(-0.,-1.,0.));
#13540 = FACE_BOUND('',#13541,.F.);
#13541 = EDGE_LOOP('',(#13542,#13553,#13561,#13570));
#13542 = ORIENTED_EDGE('',*,*,#13543,.T.);
#13543 = EDGE_CURVE('',#13544,#13546,#13548,.T.);
#13544 = VERTEX_POINT('',#13545);
#13545 = CARTESIAN_POINT('',(36.8,-7.05,0.));
#13546 = VERTEX_POINT('',#13547);
#13547 = CARTESIAN_POINT('',(36.8,-6.45,0.));
#13548 = CIRCLE('',#13549,0.3);
#13549 = AXIS2_PLACEMENT_3D('',#13550,#13551,#13552);
#13550 = CARTESIAN_POINT('',(36.8,-6.75,0.));
#13551 = DIRECTION('',(-0.,0.,-1.));
#13552 = DIRECTION('',(0.,1.,0.));
#13553 = ORIENTED_EDGE('',*,*,#13554,.T.);
#13554 = EDGE_CURVE('',#13546,#13555,#13557,.T.);
#13555 = VERTEX_POINT('',#13556);
#13556 = CARTESIAN_POINT('',(37.9,-6.45,0.));
#13557 = LINE('',#13558,#13559);
#13558 = CARTESIAN_POINT('',(18.95,-6.45,0.));
#13559 = VECTOR('',#13560,1.);
#13560 = DIRECTION('',(1.,0.,-0.));
#13561 = ORIENTED_EDGE('',*,*,#13562,.T.);
#13562 = EDGE_CURVE('',#13555,#13563,#13565,.T.);
#13563 = VERTEX_POINT('',#13564);
#13564 = CARTESIAN_POINT('',(37.9,-7.05,0.));
#13565 = CIRCLE('',#13566,0.3);
#13566 = AXIS2_PLACEMENT_3D('',#13567,#13568,#13569);
#13567 = CARTESIAN_POINT('',(37.9,-6.75,0.));
#13568 = DIRECTION('',(-0.,0.,-1.));
#13569 = DIRECTION('',(-0.,-1.,0.));
#13570 = ORIENTED_EDGE('',*,*,#13571,.T.);
#13571 = EDGE_CURVE('',#13563,#13544,#13572,.T.);
#13572 = LINE('',#13573,#13574);
#13573 = CARTESIAN_POINT('',(18.4,-7.05,0.));
#13574 = VECTOR('',#13575,1.);
#13575 = DIRECTION('',(-1.,0.,0.));
#13576 = FACE_BOUND('',#13577,.F.);
#13577 = EDGE_LOOP('',(#13578));
#13578 = ORIENTED_EDGE('',*,*,#13579,.T.);
#13579 = EDGE_CURVE('',#13580,#13580,#13582,.T.);
#13580 = VERTEX_POINT('',#13581);
#13581 = CARTESIAN_POINT('',(31.35,-4.95,0.));
#13582 = CIRCLE('',#13583,1.35);
#13583 = AXIS2_PLACEMENT_3D('',#13584,#13585,#13586);
#13584 = CARTESIAN_POINT('',(31.35,-3.6,0.));
#13585 = DIRECTION('',(-0.,0.,-1.));
#13586 = DIRECTION('',(-0.,-1.,0.));
#13587 = FACE_BOUND('',#13588,.F.);
#13588 = EDGE_LOOP('',(#13589));
#13589 = ORIENTED_EDGE('',*,*,#13590,.T.);
#13590 = EDGE_CURVE('',#13591,#13591,#13593,.T.);
#13591 = VERTEX_POINT('',#13592);
#13592 = CARTESIAN_POINT('',(-31.35,2.25,0.));
#13593 = CIRCLE('',#13594,1.35);
#13594 = AXIS2_PLACEMENT_3D('',#13595,#13596,#13597);
#13595 = CARTESIAN_POINT('',(-31.35,3.6,0.));
#13596 = DIRECTION('',(-0.,0.,-1.));
#13597 = DIRECTION('',(-0.,-1.,0.));
#13598 = FACE_BOUND('',#13599,.F.);
#13599 = EDGE_LOOP('',(#13600,#13611,#13619,#13628));
#13600 = ORIENTED_EDGE('',*,*,#13601,.T.);
#13601 = EDGE_CURVE('',#13602,#13604,#13606,.T.);
#13602 = VERTEX_POINT('',#13603);
#13603 = CARTESIAN_POINT('',(-36.8,7.05,0.));
#13604 = VERTEX_POINT('',#13605);
#13605 = CARTESIAN_POINT('',(-36.8,6.45,0.));
#13606 = CIRCLE('',#13607,0.3);
#13607 = AXIS2_PLACEMENT_3D('',#13608,#13609,#13610);
#13608 = CARTESIAN_POINT('',(-36.8,6.75,0.));
#13609 = DIRECTION('',(-0.,0.,-1.));
#13610 = DIRECTION('',(-0.,-1.,0.));
#13611 = ORIENTED_EDGE('',*,*,#13612,.T.);
#13612 = EDGE_CURVE('',#13604,#13613,#13615,.T.);
#13613 = VERTEX_POINT('',#13614);
#13614 = CARTESIAN_POINT('',(-37.9,6.45,0.));
#13615 = LINE('',#13616,#13617);
#13616 = CARTESIAN_POINT('',(-18.95,6.45,0.));
#13617 = VECTOR('',#13618,1.);
#13618 = DIRECTION('',(-1.,0.,0.));
#13619 = ORIENTED_EDGE('',*,*,#13620,.T.);
#13620 = EDGE_CURVE('',#13613,#13621,#13623,.T.);
#13621 = VERTEX_POINT('',#13622);
#13622 = CARTESIAN_POINT('',(-37.9,7.05,0.));
#13623 = CIRCLE('',#13624,0.3);
#13624 = AXIS2_PLACEMENT_3D('',#13625,#13626,#13627);
#13625 = CARTESIAN_POINT('',(-37.9,6.75,0.));
#13626 = DIRECTION('',(-0.,0.,-1.));
#13627 = DIRECTION('',(0.,1.,0.));
#13628 = ORIENTED_EDGE('',*,*,#13629,.T.);
#13629 = EDGE_CURVE('',#13621,#13602,#13630,.T.);
#13630 = LINE('',#13631,#13632);
#13631 = CARTESIAN_POINT('',(-18.4,7.05,0.));
#13632 = VECTOR('',#13633,1.);
#13633 = DIRECTION('',(1.,0.,-0.));
#13634 = FACE_BOUND('',#13635,.F.);
#13635 = EDGE_LOOP('',(#13636));
#13636 = ORIENTED_EDGE('',*,*,#13637,.T.);
#13637 = EDGE_CURVE('',#13638,#13638,#13640,.T.);
#13638 = VERTEX_POINT('',#13639);
#13639 = CARTESIAN_POINT('',(-22.1,3.5,0.));
#13640 = CIRCLE('',#13641,1.35);
#13641 = AXIS2_PLACEMENT_3D('',#13642,#13643,#13644);
#13642 = CARTESIAN_POINT('',(-22.1,4.85,0.));
#13643 = DIRECTION('',(-0.,0.,-1.));
#13644 = DIRECTION('',(-0.,-1.,0.));
#13645 = FACE_BOUND('',#13646,.F.);
#13646 = EDGE_LOOP('',(#13647));
#13647 = ORIENTED_EDGE('',*,*,#13648,.T.);
#13648 = EDGE_CURVE('',#13649,#13649,#13651,.T.);
#13649 = VERTEX_POINT('',#13650);
#13650 = CARTESIAN_POINT('',(-14.9,3.5,0.));
#13651 = CIRCLE('',#13652,1.35);
#13652 = AXIS2_PLACEMENT_3D('',#13653,#13654,#13655);
#13653 = CARTESIAN_POINT('',(-14.9,4.85,0.));
#13654 = DIRECTION('',(-0.,0.,-1.));
#13655 = DIRECTION('',(-0.,-1.,0.));
#13656 = FACE_BOUND('',#13657,.F.);
#13657 = EDGE_LOOP('',(#13658));
#13658 = ORIENTED_EDGE('',*,*,#13659,.T.);
#13659 = EDGE_CURVE('',#13660,#13660,#13662,.T.);
#13660 = VERTEX_POINT('',#13661);
#13661 = CARTESIAN_POINT('',(-3.1,3.5,0.));
#13662 = CIRCLE('',#13663,1.35);
#13663 = AXIS2_PLACEMENT_3D('',#13664,#13665,#13666);
#13664 = CARTESIAN_POINT('',(-3.1,4.85,0.));
#13665 = DIRECTION('',(-0.,0.,-1.));
#13666 = DIRECTION('',(-0.,-1.,0.));
#13667 = FACE_BOUND('',#13668,.F.);
#13668 = EDGE_LOOP('',(#13669,#13680,#13688,#13697));
#13669 = ORIENTED_EDGE('',*,*,#13670,.T.);
#13670 = EDGE_CURVE('',#13671,#13673,#13675,.T.);
#13671 = VERTEX_POINT('',#13672);
#13672 = CARTESIAN_POINT('',(-24.95,10.3,0.));
#13673 = VERTEX_POINT('',#13674);
#13674 = CARTESIAN_POINT('',(-25.55,10.3,0.));
#13675 = CIRCLE('',#13676,0.3);
#13676 = AXIS2_PLACEMENT_3D('',#13677,#13678,#13679);
#13677 = CARTESIAN_POINT('',(-25.25,10.3,0.));
#13678 = DIRECTION('',(-0.,0.,-1.));
#13679 = DIRECTION('',(-1.,5.921189464667E-15,0.));
#13680 = ORIENTED_EDGE('',*,*,#13681,.T.);
#13681 = EDGE_CURVE('',#13673,#13682,#13684,.T.);
#13682 = VERTEX_POINT('',#13683);
#13683 = CARTESIAN_POINT('',(-25.55,11.4,0.));
#13684 = LINE('',#13685,#13686);
#13685 = CARTESIAN_POINT('',(-25.55,5.7,0.));
#13686 = VECTOR('',#13687,1.);
#13687 = DIRECTION('',(-0.,1.,0.));
#13688 = ORIENTED_EDGE('',*,*,#13689,.T.);
#13689 = EDGE_CURVE('',#13682,#13690,#13692,.T.);
#13690 = VERTEX_POINT('',#13691);
#13691 = CARTESIAN_POINT('',(-24.95,11.4,0.));
#13692 = CIRCLE('',#13693,0.3);
#13693 = AXIS2_PLACEMENT_3D('',#13694,#13695,#13696);
#13694 = CARTESIAN_POINT('',(-25.25,11.4,0.));
#13695 = DIRECTION('',(0.,-0.,-1.));
#13696 = DIRECTION('',(1.,-5.921189464667E-15,0.));
#13697 = ORIENTED_EDGE('',*,*,#13698,.T.);
#13698 = EDGE_CURVE('',#13690,#13671,#13699,.T.);
#13699 = LINE('',#13700,#13701);
#13700 = CARTESIAN_POINT('',(-24.95,5.15,0.));
#13701 = VECTOR('',#13702,1.);
#13702 = DIRECTION('',(0.,-1.,0.));
#13703 = FACE_BOUND('',#13704,.F.);
#13704 = EDGE_LOOP('',(#13705,#13716,#13724,#13733));
#13705 = ORIENTED_EDGE('',*,*,#13706,.T.);
#13706 = EDGE_CURVE('',#13707,#13709,#13711,.T.);
#13707 = VERTEX_POINT('',#13708);
#13708 = CARTESIAN_POINT('',(-11.45,10.3,0.));
#13709 = VERTEX_POINT('',#13710);
#13710 = CARTESIAN_POINT('',(-12.05,10.3,0.));
#13711 = CIRCLE('',#13712,0.3);
#13712 = AXIS2_PLACEMENT_3D('',#13713,#13714,#13715);
#13713 = CARTESIAN_POINT('',(-11.75,10.3,0.));
#13714 = DIRECTION('',(-0.,0.,-1.));
#13715 = DIRECTION('',(-1.,0.,0.));
#13716 = ORIENTED_EDGE('',*,*,#13717,.T.);
#13717 = EDGE_CURVE('',#13709,#13718,#13720,.T.);
#13718 = VERTEX_POINT('',#13719);
#13719 = CARTESIAN_POINT('',(-12.05,11.4,0.));
#13720 = LINE('',#13721,#13722);
#13721 = CARTESIAN_POINT('',(-12.05,5.7,0.));
#13722 = VECTOR('',#13723,1.);
#13723 = DIRECTION('',(-0.,1.,0.));
#13724 = ORIENTED_EDGE('',*,*,#13725,.T.);
#13725 = EDGE_CURVE('',#13718,#13726,#13728,.T.);
#13726 = VERTEX_POINT('',#13727);
#13727 = CARTESIAN_POINT('',(-11.45,11.4,0.));
#13728 = CIRCLE('',#13729,0.3);
#13729 = AXIS2_PLACEMENT_3D('',#13730,#13731,#13732);
#13730 = CARTESIAN_POINT('',(-11.75,11.4,0.));
#13731 = DIRECTION('',(0.,-0.,-1.));
#13732 = DIRECTION('',(1.,5.921189464667E-15,-0.));
#13733 = ORIENTED_EDGE('',*,*,#13734,.T.);
#13734 = EDGE_CURVE('',#13726,#13707,#13735,.T.);
#13735 = LINE('',#13736,#13737);
#13736 = CARTESIAN_POINT('',(-11.45,5.15,0.));
#13737 = VECTOR('',#13738,1.);
#13738 = DIRECTION('',(0.,-1.,0.));
#13739 = FACE_BOUND('',#13740,.F.);
#13740 = EDGE_LOOP('',(#13741,#13752,#13760,#13769));
#13741 = ORIENTED_EDGE('',*,*,#13742,.T.);
#13742 = EDGE_CURVE('',#13743,#13745,#13747,.T.);
#13743 = VERTEX_POINT('',#13744);
#13744 = CARTESIAN_POINT('',(-5.95,10.3,0.));
#13745 = VERTEX_POINT('',#13746);
#13746 = CARTESIAN_POINT('',(-6.55,10.3,0.));
#13747 = CIRCLE('',#13748,0.3);
#13748 = AXIS2_PLACEMENT_3D('',#13749,#13750,#13751);
#13749 = CARTESIAN_POINT('',(-6.25,10.3,0.));
#13750 = DIRECTION('',(-0.,0.,-1.));
#13751 = DIRECTION('',(-1.,0.,0.));
#13752 = ORIENTED_EDGE('',*,*,#13753,.T.);
#13753 = EDGE_CURVE('',#13745,#13754,#13756,.T.);
#13754 = VERTEX_POINT('',#13755);
#13755 = CARTESIAN_POINT('',(-6.55,11.4,0.));
#13756 = LINE('',#13757,#13758);
#13757 = CARTESIAN_POINT('',(-6.55,5.7,0.));
#13758 = VECTOR('',#13759,1.);
#13759 = DIRECTION('',(-0.,1.,0.));
#13760 = ORIENTED_EDGE('',*,*,#13761,.T.);
#13761 = EDGE_CURVE('',#13754,#13762,#13764,.T.);
#13762 = VERTEX_POINT('',#13763);
#13763 = CARTESIAN_POINT('',(-5.95,11.4,0.));
#13764 = CIRCLE('',#13765,0.3);
#13765 = AXIS2_PLACEMENT_3D('',#13766,#13767,#13768);
#13766 = CARTESIAN_POINT('',(-6.25,11.4,0.));
#13767 = DIRECTION('',(0.,-0.,-1.));
#13768 = DIRECTION('',(1.,0.,-0.));
#13769 = ORIENTED_EDGE('',*,*,#13770,.T.);
#13770 = EDGE_CURVE('',#13762,#13743,#13771,.T.);
#13771 = LINE('',#13772,#13773);
#13772 = CARTESIAN_POINT('',(-5.95,5.15,0.));
#13773 = VECTOR('',#13774,1.);
#13774 = DIRECTION('',(0.,-1.,0.));
#13775 = FACE_BOUND('',#13776,.F.);
#13776 = EDGE_LOOP('',(#13777));
#13777 = ORIENTED_EDGE('',*,*,#13778,.T.);
#13778 = EDGE_CURVE('',#13779,#13779,#13781,.T.);
#13779 = VERTEX_POINT('',#13780);
#13780 = CARTESIAN_POINT('',(4.1,3.5,0.));
#13781 = CIRCLE('',#13782,1.35);
#13782 = AXIS2_PLACEMENT_3D('',#13783,#13784,#13785);
#13783 = CARTESIAN_POINT('',(4.1,4.85,0.));
#13784 = DIRECTION('',(-0.,0.,-1.));
#13785 = DIRECTION('',(-0.,-1.,0.));
#13786 = FACE_BOUND('',#13787,.F.);
#13787 = EDGE_LOOP('',(#13788));
#13788 = ORIENTED_EDGE('',*,*,#13789,.T.);
#13789 = EDGE_CURVE('',#13790,#13790,#13792,.T.);
#13790 = VERTEX_POINT('',#13791);
#13791 = CARTESIAN_POINT('',(14.9,3.5,0.));
#13792 = CIRCLE('',#13793,1.35);
#13793 = AXIS2_PLACEMENT_3D('',#13794,#13795,#13796);
#13794 = CARTESIAN_POINT('',(14.9,4.85,0.));
#13795 = DIRECTION('',(-0.,0.,-1.));
#13796 = DIRECTION('',(-0.,-1.,0.));
#13797 = FACE_BOUND('',#13798,.F.);
#13798 = EDGE_LOOP('',(#13799));
#13799 = ORIENTED_EDGE('',*,*,#13800,.T.);
#13800 = EDGE_CURVE('',#13801,#13801,#13803,.T.);
#13801 = VERTEX_POINT('',#13802);
#13802 = CARTESIAN_POINT('',(31.35,2.25,0.));
#13803 = CIRCLE('',#13804,1.35);
#13804 = AXIS2_PLACEMENT_3D('',#13805,#13806,#13807);
#13805 = CARTESIAN_POINT('',(31.35,3.6,0.));
#13806 = DIRECTION('',(-0.,0.,-1.));
#13807 = DIRECTION('',(-0.,-1.,0.));
#13808 = FACE_BOUND('',#13809,.F.);
#13809 = EDGE_LOOP('',(#13810));
#13810 = ORIENTED_EDGE('',*,*,#13811,.T.);
#13811 = EDGE_CURVE('',#13812,#13812,#13814,.T.);
#13812 = VERTEX_POINT('',#13813);
#13813 = CARTESIAN_POINT('',(22.1,3.5,0.));
#13814 = CIRCLE('',#13815,1.35);
#13815 = AXIS2_PLACEMENT_3D('',#13816,#13817,#13818);
#13816 = CARTESIAN_POINT('',(22.1,4.85,0.));
#13817 = DIRECTION('',(-0.,0.,-1.));
#13818 = DIRECTION('',(-0.,-1.,0.));
#13819 = FACE_BOUND('',#13820,.F.);
#13820 = EDGE_LOOP('',(#13821,#13832,#13840,#13849));
#13821 = ORIENTED_EDGE('',*,*,#13822,.T.);
#13822 = EDGE_CURVE('',#13823,#13825,#13827,.T.);
#13823 = VERTEX_POINT('',#13824);
#13824 = CARTESIAN_POINT('',(36.8,6.45,0.));
#13825 = VERTEX_POINT('',#13826);
#13826 = CARTESIAN_POINT('',(36.8,7.05,0.));
#13827 = CIRCLE('',#13828,0.3);
#13828 = AXIS2_PLACEMENT_3D('',#13829,#13830,#13831);
#13829 = CARTESIAN_POINT('',(36.8,6.75,0.));
#13830 = DIRECTION('',(-0.,0.,-1.));
#13831 = DIRECTION('',(0.,1.,0.));
#13832 = ORIENTED_EDGE('',*,*,#13833,.T.);
#13833 = EDGE_CURVE('',#13825,#13834,#13836,.T.);
#13834 = VERTEX_POINT('',#13835);
#13835 = CARTESIAN_POINT('',(37.9,7.05,0.));
#13836 = LINE('',#13837,#13838);
#13837 = CARTESIAN_POINT('',(18.95,7.05,0.));
#13838 = VECTOR('',#13839,1.);
#13839 = DIRECTION('',(1.,0.,-0.));
#13840 = ORIENTED_EDGE('',*,*,#13841,.T.);
#13841 = EDGE_CURVE('',#13834,#13842,#13844,.T.);
#13842 = VERTEX_POINT('',#13843);
#13843 = CARTESIAN_POINT('',(37.9,6.45,0.));
#13844 = CIRCLE('',#13845,0.3);
#13845 = AXIS2_PLACEMENT_3D('',#13846,#13847,#13848);
#13846 = CARTESIAN_POINT('',(37.9,6.75,0.));
#13847 = DIRECTION('',(-0.,0.,-1.));
#13848 = DIRECTION('',(-0.,-1.,0.));
#13849 = ORIENTED_EDGE('',*,*,#13850,.T.);
#13850 = EDGE_CURVE('',#13842,#13823,#13851,.T.);
#13851 = LINE('',#13852,#13853);
#13852 = CARTESIAN_POINT('',(18.4,6.45,0.));
#13853 = VECTOR('',#13854,1.);
#13854 = DIRECTION('',(-1.,0.,0.));
#13855 = FACE_BOUND('',#13856,.F.);
#13856 = EDGE_LOOP('',(#13857,#13868,#13876,#13885));
#13857 = ORIENTED_EDGE('',*,*,#13858,.T.);
#13858 = EDGE_CURVE('',#13859,#13861,#13863,.T.);
#13859 = VERTEX_POINT('',#13860);
#13860 = CARTESIAN_POINT('',(7.55,10.3,0.));
#13861 = VERTEX_POINT('',#13862);
#13862 = CARTESIAN_POINT('',(6.95,10.3,0.));
#13863 = CIRCLE('',#13864,0.3);
#13864 = AXIS2_PLACEMENT_3D('',#13865,#13866,#13867);
#13865 = CARTESIAN_POINT('',(7.25,10.3,0.));
#13866 = DIRECTION('',(-0.,0.,-1.));
#13867 = DIRECTION('',(-1.,0.,0.));
#13868 = ORIENTED_EDGE('',*,*,#13869,.T.);
#13869 = EDGE_CURVE('',#13861,#13870,#13872,.T.);
#13870 = VERTEX_POINT('',#13871);
#13871 = CARTESIAN_POINT('',(6.95,11.4,0.));
#13872 = LINE('',#13873,#13874);
#13873 = CARTESIAN_POINT('',(6.95,5.7,0.));
#13874 = VECTOR('',#13875,1.);
#13875 = DIRECTION('',(-0.,1.,0.));
#13876 = ORIENTED_EDGE('',*,*,#13877,.T.);
#13877 = EDGE_CURVE('',#13870,#13878,#13880,.T.);
#13878 = VERTEX_POINT('',#13879);
#13879 = CARTESIAN_POINT('',(7.55,11.4,0.));
#13880 = CIRCLE('',#13881,0.3);
#13881 = AXIS2_PLACEMENT_3D('',#13882,#13883,#13884);
#13882 = CARTESIAN_POINT('',(7.25,11.4,0.));
#13883 = DIRECTION('',(0.,-0.,-1.));
#13884 = DIRECTION('',(1.,0.,-0.));
#13885 = ORIENTED_EDGE('',*,*,#13886,.T.);
#13886 = EDGE_CURVE('',#13878,#13859,#13887,.T.);
#13887 = LINE('',#13888,#13889);
#13888 = CARTESIAN_POINT('',(7.55,5.15,0.));
#13889 = VECTOR('',#13890,1.);
#13890 = DIRECTION('',(0.,-1.,0.));
#13891 = FACE_BOUND('',#13892,.F.);
#13892 = EDGE_LOOP('',(#13893,#13904,#13912,#13921));
#13893 = ORIENTED_EDGE('',*,*,#13894,.T.);
#13894 = EDGE_CURVE('',#13895,#13897,#13899,.T.);
#13895 = VERTEX_POINT('',#13896);
#13896 = CARTESIAN_POINT('',(12.05,10.3,0.));
#13897 = VERTEX_POINT('',#13898);
#13898 = CARTESIAN_POINT('',(11.45,10.3,0.));
#13899 = CIRCLE('',#13900,0.3);
#13900 = AXIS2_PLACEMENT_3D('',#13901,#13902,#13903);
#13901 = CARTESIAN_POINT('',(11.75,10.3,0.));
#13902 = DIRECTION('',(-0.,0.,-1.));
#13903 = DIRECTION('',(-1.,0.,0.));
#13904 = ORIENTED_EDGE('',*,*,#13905,.T.);
#13905 = EDGE_CURVE('',#13897,#13906,#13908,.T.);
#13906 = VERTEX_POINT('',#13907);
#13907 = CARTESIAN_POINT('',(11.45,11.4,0.));
#13908 = LINE('',#13909,#13910);
#13909 = CARTESIAN_POINT('',(11.45,5.7,0.));
#13910 = VECTOR('',#13911,1.);
#13911 = DIRECTION('',(-0.,1.,0.));
#13912 = ORIENTED_EDGE('',*,*,#13913,.T.);
#13913 = EDGE_CURVE('',#13906,#13914,#13916,.T.);
#13914 = VERTEX_POINT('',#13915);
#13915 = CARTESIAN_POINT('',(12.05,11.4,0.));
#13916 = CIRCLE('',#13917,0.3);
#13917 = AXIS2_PLACEMENT_3D('',#13918,#13919,#13920);
#13918 = CARTESIAN_POINT('',(11.75,11.4,0.));
#13919 = DIRECTION('',(0.,-0.,-1.));
#13920 = DIRECTION('',(1.,5.921189464667E-15,-0.));
#13921 = ORIENTED_EDGE('',*,*,#13922,.T.);
#13922 = EDGE_CURVE('',#13914,#13895,#13923,.T.);
#13923 = LINE('',#13924,#13925);
#13924 = CARTESIAN_POINT('',(12.05,5.15,0.));
#13925 = VECTOR('',#13926,1.);
#13926 = DIRECTION('',(0.,-1.,0.));
#13927 = FACE_BOUND('',#13928,.F.);
#13928 = EDGE_LOOP('',(#13929,#13940,#13948,#13957));
#13929 = ORIENTED_EDGE('',*,*,#13930,.T.);
#13930 = EDGE_CURVE('',#13931,#13933,#13935,.T.);
#13931 = VERTEX_POINT('',#13932);
#13932 = CARTESIAN_POINT('',(25.55,10.3,0.));
#13933 = VERTEX_POINT('',#13934);
#13934 = CARTESIAN_POINT('',(24.95,10.3,0.));
#13935 = CIRCLE('',#13936,0.3);
#13936 = AXIS2_PLACEMENT_3D('',#13937,#13938,#13939);
#13937 = CARTESIAN_POINT('',(25.25,10.3,0.));
#13938 = DIRECTION('',(-0.,0.,-1.));
#13939 = DIRECTION('',(-1.,5.921189464667E-15,0.));
#13940 = ORIENTED_EDGE('',*,*,#13941,.T.);
#13941 = EDGE_CURVE('',#13933,#13942,#13944,.T.);
#13942 = VERTEX_POINT('',#13943);
#13943 = CARTESIAN_POINT('',(24.95,11.4,0.));
#13944 = LINE('',#13945,#13946);
#13945 = CARTESIAN_POINT('',(24.95,5.7,0.));
#13946 = VECTOR('',#13947,1.);
#13947 = DIRECTION('',(-0.,1.,0.));
#13948 = ORIENTED_EDGE('',*,*,#13949,.T.);
#13949 = EDGE_CURVE('',#13942,#13950,#13952,.T.);
#13950 = VERTEX_POINT('',#13951);
#13951 = CARTESIAN_POINT('',(25.55,11.4,0.));
#13952 = CIRCLE('',#13953,0.3);
#13953 = AXIS2_PLACEMENT_3D('',#13954,#13955,#13956);
#13954 = CARTESIAN_POINT('',(25.25,11.4,0.));
#13955 = DIRECTION('',(0.,-0.,-1.));
#13956 = DIRECTION('',(1.,-5.921189464667E-15,0.));
#13957 = ORIENTED_EDGE('',*,*,#13958,.T.);
#13958 = EDGE_CURVE('',#13950,#13931,#13959,.T.);
#13959 = LINE('',#13960,#13961);
#13960 = CARTESIAN_POINT('',(25.55,5.15,0.));
#13961 = VECTOR('',#13962,1.);
#13962 = DIRECTION('',(0.,-1.,0.));
#13963 = PLANE('',#13964);
#13964 = AXIS2_PLACEMENT_3D('',#13965,#13966,#13967);
#13965 = CARTESIAN_POINT('',(0.,0.,0.));
#13966 = DIRECTION('',(0.,0.,1.));
#13967 = DIRECTION('',(1.,0.,-0.));
#13968 = ADVANCED_FACE('',(#13969),#13988,.F.);
#13969 = FACE_BOUND('',#13970,.T.);
#13970 = EDGE_LOOP('',(#13971,#13972,#13981,#13987));
#13971 = ORIENTED_EDGE('',*,*,#13371,.F.);
#13972 = ORIENTED_EDGE('',*,*,#13973,.F.);
#13973 = EDGE_CURVE('',#13974,#13364,#13976,.T.);
#13974 = VERTEX_POINT('',#13975);
#13975 = CARTESIAN_POINT('',(33.9,-12.5,1.51));
#13976 = CIRCLE('',#13977,1.6);
#13977 = AXIS2_PLACEMENT_3D('',#13978,#13979,#13980);
#13978 = CARTESIAN_POINT('',(35.5,-12.5,1.51));
#13979 = DIRECTION('',(-0.,0.,-1.));
#13980 = DIRECTION('',(-0.,-1.,0.));
#13981 = ORIENTED_EDGE('',*,*,#13982,.T.);
#13982 = EDGE_CURVE('',#13974,#13480,#13983,.T.);
#13983 = LINE('',#13984,#13985);
#13984 = CARTESIAN_POINT('',(33.9,-12.5,-4.6E-02));
#13985 = VECTOR('',#13986,1.);
#13986 = DIRECTION('',(-0.,-0.,-1.));
#13987 = ORIENTED_EDGE('',*,*,#13487,.T.);
#13988 = CYLINDRICAL_SURFACE('',#13989,1.6);
#13989 = AXIS2_PLACEMENT_3D('',#13990,#13991,#13992);
#13990 = CARTESIAN_POINT('',(35.5,-12.5,-4.6E-02));
#13991 = DIRECTION('',(-0.,-0.,-1.));
#13992 = DIRECTION('',(-0.,-1.,0.));
#13993 = ADVANCED_FACE('',(#13994,#14097,#14133,#14144,#14180,#14191,
    #14202,#14238,#14249,#14260,#14271,#14307,#14343,#14379,#14390,
    #14401,#14412,#14423,#14459,#14495,#14531),#14567,.T.);
#13994 = FACE_BOUND('',#13995,.T.);
#13995 = EDGE_LOOP('',(#13996,#13997,#14005,#14013,#14022,#14031,#14039,
    #14048,#14057,#14065,#14073,#14081,#14090,#14096));
#13996 = ORIENTED_EDGE('',*,*,#13363,.F.);
#13997 = ORIENTED_EDGE('',*,*,#13998,.F.);
#13998 = EDGE_CURVE('',#13999,#13356,#14001,.T.);
#13999 = VERTEX_POINT('',#14000);
#14000 = CARTESIAN_POINT('',(42.5,12.5,1.51));
#14001 = LINE('',#14002,#14003);
#14002 = CARTESIAN_POINT('',(42.5,12.5,1.51));
#14003 = VECTOR('',#14004,1.);
#14004 = DIRECTION('',(0.,-1.,0.));
#14005 = ORIENTED_EDGE('',*,*,#14006,.F.);
#14006 = EDGE_CURVE('',#14007,#13999,#14009,.T.);
#14007 = VERTEX_POINT('',#14008);
#14008 = CARTESIAN_POINT('',(37.1,12.5,1.51));
#14009 = LINE('',#14010,#14011);
#14010 = CARTESIAN_POINT('',(-42.5,12.5,1.51));
#14011 = VECTOR('',#14012,1.);
#14012 = DIRECTION('',(1.,0.,0.));
#14013 = ORIENTED_EDGE('',*,*,#14014,.T.);
#14014 = EDGE_CURVE('',#14007,#14015,#14017,.T.);
#14015 = VERTEX_POINT('',#14016);
#14016 = CARTESIAN_POINT('',(35.5,10.9,1.51));
#14017 = CIRCLE('',#14018,1.6);
#14018 = AXIS2_PLACEMENT_3D('',#14019,#14020,#14021);
#14019 = CARTESIAN_POINT('',(35.5,12.5,1.51));
#14020 = DIRECTION('',(-0.,0.,-1.));
#14021 = DIRECTION('',(-0.,-1.,0.));
#14022 = ORIENTED_EDGE('',*,*,#14023,.T.);
#14023 = EDGE_CURVE('',#14015,#14024,#14026,.T.);
#14024 = VERTEX_POINT('',#14025);
#14025 = CARTESIAN_POINT('',(33.9,12.5,1.51));
#14026 = CIRCLE('',#14027,1.6);
#14027 = AXIS2_PLACEMENT_3D('',#14028,#14029,#14030);
#14028 = CARTESIAN_POINT('',(35.5,12.5,1.51));
#14029 = DIRECTION('',(-0.,0.,-1.));
#14030 = DIRECTION('',(-0.,-1.,0.));
#14031 = ORIENTED_EDGE('',*,*,#14032,.F.);
#14032 = EDGE_CURVE('',#14033,#14024,#14035,.T.);
#14033 = VERTEX_POINT('',#14034);
#14034 = CARTESIAN_POINT('',(-33.9,12.5,1.51));
#14035 = LINE('',#14036,#14037);
#14036 = CARTESIAN_POINT('',(-42.5,12.5,1.51));
#14037 = VECTOR('',#14038,1.);
#14038 = DIRECTION('',(1.,0.,0.));
#14039 = ORIENTED_EDGE('',*,*,#14040,.T.);
#14040 = EDGE_CURVE('',#14033,#14041,#14043,.T.);
#14041 = VERTEX_POINT('',#14042);
#14042 = CARTESIAN_POINT('',(-35.5,10.9,1.51));
#14043 = CIRCLE('',#14044,1.6);
#14044 = AXIS2_PLACEMENT_3D('',#14045,#14046,#14047);
#14045 = CARTESIAN_POINT('',(-35.5,12.5,1.51));
#14046 = DIRECTION('',(-0.,0.,-1.));
#14047 = DIRECTION('',(-0.,-1.,0.));
#14048 = ORIENTED_EDGE('',*,*,#14049,.T.);
#14049 = EDGE_CURVE('',#14041,#14050,#14052,.T.);
#14050 = VERTEX_POINT('',#14051);
#14051 = CARTESIAN_POINT('',(-37.1,12.5,1.51));
#14052 = CIRCLE('',#14053,1.6);
#14053 = AXIS2_PLACEMENT_3D('',#14054,#14055,#14056);
#14054 = CARTESIAN_POINT('',(-35.5,12.5,1.51));
#14055 = DIRECTION('',(-0.,0.,-1.));
#14056 = DIRECTION('',(-0.,-1.,0.));
#14057 = ORIENTED_EDGE('',*,*,#14058,.F.);
#14058 = EDGE_CURVE('',#14059,#14050,#14061,.T.);
#14059 = VERTEX_POINT('',#14060);
#14060 = CARTESIAN_POINT('',(-42.5,12.5,1.51));
#14061 = LINE('',#14062,#14063);
#14062 = CARTESIAN_POINT('',(-42.5,12.5,1.51));
#14063 = VECTOR('',#14064,1.);
#14064 = DIRECTION('',(1.,0.,0.));
#14065 = ORIENTED_EDGE('',*,*,#14066,.F.);
#14066 = EDGE_CURVE('',#14067,#14059,#14069,.T.);
#14067 = VERTEX_POINT('',#14068);
#14068 = CARTESIAN_POINT('',(-42.5,-12.5,1.51));
#14069 = LINE('',#14070,#14071);
#14070 = CARTESIAN_POINT('',(-42.5,-12.5,1.51));
#14071 = VECTOR('',#14072,1.);
#14072 = DIRECTION('',(0.,1.,0.));
#14073 = ORIENTED_EDGE('',*,*,#14074,.F.);
#14074 = EDGE_CURVE('',#14075,#14067,#14077,.T.);
#14075 = VERTEX_POINT('',#14076);
#14076 = CARTESIAN_POINT('',(-37.1,-12.5,1.51));
#14077 = LINE('',#14078,#14079);
#14078 = CARTESIAN_POINT('',(42.5,-12.5,1.51));
#14079 = VECTOR('',#14080,1.);
#14080 = DIRECTION('',(-1.,0.,0.));
#14081 = ORIENTED_EDGE('',*,*,#14082,.T.);
#14082 = EDGE_CURVE('',#14075,#14083,#14085,.T.);
#14083 = VERTEX_POINT('',#14084);
#14084 = CARTESIAN_POINT('',(-33.9,-12.5,1.51));
#14085 = CIRCLE('',#14086,1.6);
#14086 = AXIS2_PLACEMENT_3D('',#14087,#14088,#14089);
#14087 = CARTESIAN_POINT('',(-35.5,-12.5,1.51));
#14088 = DIRECTION('',(-0.,0.,-1.));
#14089 = DIRECTION('',(-0.,-1.,0.));
#14090 = ORIENTED_EDGE('',*,*,#14091,.F.);
#14091 = EDGE_CURVE('',#13974,#14083,#14092,.T.);
#14092 = LINE('',#14093,#14094);
#14093 = CARTESIAN_POINT('',(42.5,-12.5,1.51));
#14094 = VECTOR('',#14095,1.);
#14095 = DIRECTION('',(-1.,0.,0.));
#14096 = ORIENTED_EDGE('',*,*,#13973,.T.);
#14097 = FACE_BOUND('',#14098,.T.);
#14098 = EDGE_LOOP('',(#14099,#14110,#14118,#14127));
#14099 = ORIENTED_EDGE('',*,*,#14100,.T.);
#14100 = EDGE_CURVE('',#14101,#14103,#14105,.T.);
#14101 = VERTEX_POINT('',#14102);
#14102 = CARTESIAN_POINT('',(-36.8,-6.45,1.51));
#14103 = VERTEX_POINT('',#14104);
#14104 = CARTESIAN_POINT('',(-36.8,-7.05,1.51));
#14105 = CIRCLE('',#14106,0.3);
#14106 = AXIS2_PLACEMENT_3D('',#14107,#14108,#14109);
#14107 = CARTESIAN_POINT('',(-36.8,-6.75,1.51));
#14108 = DIRECTION('',(-0.,0.,-1.));
#14109 = DIRECTION('',(-0.,-1.,0.));
#14110 = ORIENTED_EDGE('',*,*,#14111,.T.);
#14111 = EDGE_CURVE('',#14103,#14112,#14114,.T.);
#14112 = VERTEX_POINT('',#14113);
#14113 = CARTESIAN_POINT('',(-37.9,-7.05,1.51));
#14114 = LINE('',#14115,#14116);
#14115 = CARTESIAN_POINT('',(-18.95,-7.05,1.51));
#14116 = VECTOR('',#14117,1.);
#14117 = DIRECTION('',(-1.,0.,0.));
#14118 = ORIENTED_EDGE('',*,*,#14119,.T.);
#14119 = EDGE_CURVE('',#14112,#14120,#14122,.T.);
#14120 = VERTEX_POINT('',#14121);
#14121 = CARTESIAN_POINT('',(-37.9,-6.45,1.51));
#14122 = CIRCLE('',#14123,0.3);
#14123 = AXIS2_PLACEMENT_3D('',#14124,#14125,#14126);
#14124 = CARTESIAN_POINT('',(-37.9,-6.75,1.51));
#14125 = DIRECTION('',(-0.,0.,-1.));
#14126 = DIRECTION('',(0.,1.,0.));
#14127 = ORIENTED_EDGE('',*,*,#14128,.T.);
#14128 = EDGE_CURVE('',#14120,#14101,#14129,.T.);
#14129 = LINE('',#14130,#14131);
#14130 = CARTESIAN_POINT('',(-18.4,-6.45,1.51));
#14131 = VECTOR('',#14132,1.);
#14132 = DIRECTION('',(1.,0.,-0.));
#14133 = FACE_BOUND('',#14134,.T.);
#14134 = EDGE_LOOP('',(#14135));
#14135 = ORIENTED_EDGE('',*,*,#14136,.T.);
#14136 = EDGE_CURVE('',#14137,#14137,#14139,.T.);
#14137 = VERTEX_POINT('',#14138);
#14138 = CARTESIAN_POINT('',(-31.35,-4.95,1.51));
#14139 = CIRCLE('',#14140,1.35);
#14140 = AXIS2_PLACEMENT_3D('',#14141,#14142,#14143);
#14141 = CARTESIAN_POINT('',(-31.35,-3.6,1.51));
#14142 = DIRECTION('',(-0.,0.,-1.));
#14143 = DIRECTION('',(-0.,-1.,0.));
#14144 = FACE_BOUND('',#14145,.T.);
#14145 = EDGE_LOOP('',(#14146,#14157,#14165,#14174));
#14146 = ORIENTED_EDGE('',*,*,#14147,.T.);
#14147 = EDGE_CURVE('',#14148,#14150,#14152,.T.);
#14148 = VERTEX_POINT('',#14149);
#14149 = CARTESIAN_POINT('',(36.8,-7.05,1.51));
#14150 = VERTEX_POINT('',#14151);
#14151 = CARTESIAN_POINT('',(36.8,-6.45,1.51));
#14152 = CIRCLE('',#14153,0.3);
#14153 = AXIS2_PLACEMENT_3D('',#14154,#14155,#14156);
#14154 = CARTESIAN_POINT('',(36.8,-6.75,1.51));
#14155 = DIRECTION('',(-0.,0.,-1.));
#14156 = DIRECTION('',(0.,1.,0.));
#14157 = ORIENTED_EDGE('',*,*,#14158,.T.);
#14158 = EDGE_CURVE('',#14150,#14159,#14161,.T.);
#14159 = VERTEX_POINT('',#14160);
#14160 = CARTESIAN_POINT('',(37.9,-6.45,1.51));
#14161 = LINE('',#14162,#14163);
#14162 = CARTESIAN_POINT('',(18.95,-6.45,1.51));
#14163 = VECTOR('',#14164,1.);
#14164 = DIRECTION('',(1.,0.,-0.));
#14165 = ORIENTED_EDGE('',*,*,#14166,.T.);
#14166 = EDGE_CURVE('',#14159,#14167,#14169,.T.);
#14167 = VERTEX_POINT('',#14168);
#14168 = CARTESIAN_POINT('',(37.9,-7.05,1.51));
#14169 = CIRCLE('',#14170,0.3);
#14170 = AXIS2_PLACEMENT_3D('',#14171,#14172,#14173);
#14171 = CARTESIAN_POINT('',(37.9,-6.75,1.51));
#14172 = DIRECTION('',(-0.,0.,-1.));
#14173 = DIRECTION('',(-0.,-1.,0.));
#14174 = ORIENTED_EDGE('',*,*,#14175,.T.);
#14175 = EDGE_CURVE('',#14167,#14148,#14176,.T.);
#14176 = LINE('',#14177,#14178);
#14177 = CARTESIAN_POINT('',(18.4,-7.05,1.51));
#14178 = VECTOR('',#14179,1.);
#14179 = DIRECTION('',(-1.,0.,0.));
#14180 = FACE_BOUND('',#14181,.T.);
#14181 = EDGE_LOOP('',(#14182));
#14182 = ORIENTED_EDGE('',*,*,#14183,.T.);
#14183 = EDGE_CURVE('',#14184,#14184,#14186,.T.);
#14184 = VERTEX_POINT('',#14185);
#14185 = CARTESIAN_POINT('',(31.35,-4.95,1.51));
#14186 = CIRCLE('',#14187,1.35);
#14187 = AXIS2_PLACEMENT_3D('',#14188,#14189,#14190);
#14188 = CARTESIAN_POINT('',(31.35,-3.6,1.51));
#14189 = DIRECTION('',(-0.,0.,-1.));
#14190 = DIRECTION('',(-0.,-1.,0.));
#14191 = FACE_BOUND('',#14192,.T.);
#14192 = EDGE_LOOP('',(#14193));
#14193 = ORIENTED_EDGE('',*,*,#14194,.T.);
#14194 = EDGE_CURVE('',#14195,#14195,#14197,.T.);
#14195 = VERTEX_POINT('',#14196);
#14196 = CARTESIAN_POINT('',(-31.35,2.25,1.51));
#14197 = CIRCLE('',#14198,1.35);
#14198 = AXIS2_PLACEMENT_3D('',#14199,#14200,#14201);
#14199 = CARTESIAN_POINT('',(-31.35,3.6,1.51));
#14200 = DIRECTION('',(-0.,0.,-1.));
#14201 = DIRECTION('',(-0.,-1.,0.));
#14202 = FACE_BOUND('',#14203,.T.);
#14203 = EDGE_LOOP('',(#14204,#14215,#14223,#14232));
#14204 = ORIENTED_EDGE('',*,*,#14205,.T.);
#14205 = EDGE_CURVE('',#14206,#14208,#14210,.T.);
#14206 = VERTEX_POINT('',#14207);
#14207 = CARTESIAN_POINT('',(-36.8,7.05,1.51));
#14208 = VERTEX_POINT('',#14209);
#14209 = CARTESIAN_POINT('',(-36.8,6.45,1.51));
#14210 = CIRCLE('',#14211,0.3);
#14211 = AXIS2_PLACEMENT_3D('',#14212,#14213,#14214);
#14212 = CARTESIAN_POINT('',(-36.8,6.75,1.51));
#14213 = DIRECTION('',(-0.,0.,-1.));
#14214 = DIRECTION('',(-0.,-1.,0.));
#14215 = ORIENTED_EDGE('',*,*,#14216,.T.);
#14216 = EDGE_CURVE('',#14208,#14217,#14219,.T.);
#14217 = VERTEX_POINT('',#14218);
#14218 = CARTESIAN_POINT('',(-37.9,6.45,1.51));
#14219 = LINE('',#14220,#14221);
#14220 = CARTESIAN_POINT('',(-18.95,6.45,1.51));
#14221 = VECTOR('',#14222,1.);
#14222 = DIRECTION('',(-1.,0.,0.));
#14223 = ORIENTED_EDGE('',*,*,#14224,.T.);
#14224 = EDGE_CURVE('',#14217,#14225,#14227,.T.);
#14225 = VERTEX_POINT('',#14226);
#14226 = CARTESIAN_POINT('',(-37.9,7.05,1.51));
#14227 = CIRCLE('',#14228,0.3);
#14228 = AXIS2_PLACEMENT_3D('',#14229,#14230,#14231);
#14229 = CARTESIAN_POINT('',(-37.9,6.75,1.51));
#14230 = DIRECTION('',(-0.,0.,-1.));
#14231 = DIRECTION('',(0.,1.,0.));
#14232 = ORIENTED_EDGE('',*,*,#14233,.T.);
#14233 = EDGE_CURVE('',#14225,#14206,#14234,.T.);
#14234 = LINE('',#14235,#14236);
#14235 = CARTESIAN_POINT('',(-18.4,7.05,1.51));
#14236 = VECTOR('',#14237,1.);
#14237 = DIRECTION('',(1.,0.,-0.));
#14238 = FACE_BOUND('',#14239,.T.);
#14239 = EDGE_LOOP('',(#14240));
#14240 = ORIENTED_EDGE('',*,*,#14241,.T.);
#14241 = EDGE_CURVE('',#14242,#14242,#14244,.T.);
#14242 = VERTEX_POINT('',#14243);
#14243 = CARTESIAN_POINT('',(-22.1,3.5,1.51));
#14244 = CIRCLE('',#14245,1.35);
#14245 = AXIS2_PLACEMENT_3D('',#14246,#14247,#14248);
#14246 = CARTESIAN_POINT('',(-22.1,4.85,1.51));
#14247 = DIRECTION('',(-0.,0.,-1.));
#14248 = DIRECTION('',(-0.,-1.,0.));
#14249 = FACE_BOUND('',#14250,.T.);
#14250 = EDGE_LOOP('',(#14251));
#14251 = ORIENTED_EDGE('',*,*,#14252,.T.);
#14252 = EDGE_CURVE('',#14253,#14253,#14255,.T.);
#14253 = VERTEX_POINT('',#14254);
#14254 = CARTESIAN_POINT('',(-14.9,3.5,1.51));
#14255 = CIRCLE('',#14256,1.35);
#14256 = AXIS2_PLACEMENT_3D('',#14257,#14258,#14259);
#14257 = CARTESIAN_POINT('',(-14.9,4.85,1.51));
#14258 = DIRECTION('',(-0.,0.,-1.));
#14259 = DIRECTION('',(-0.,-1.,0.));
#14260 = FACE_BOUND('',#14261,.T.);
#14261 = EDGE_LOOP('',(#14262));
#14262 = ORIENTED_EDGE('',*,*,#14263,.T.);
#14263 = EDGE_CURVE('',#14264,#14264,#14266,.T.);
#14264 = VERTEX_POINT('',#14265);
#14265 = CARTESIAN_POINT('',(-3.1,3.5,1.51));
#14266 = CIRCLE('',#14267,1.35);
#14267 = AXIS2_PLACEMENT_3D('',#14268,#14269,#14270);
#14268 = CARTESIAN_POINT('',(-3.1,4.85,1.51));
#14269 = DIRECTION('',(-0.,0.,-1.));
#14270 = DIRECTION('',(-0.,-1.,0.));
#14271 = FACE_BOUND('',#14272,.T.);
#14272 = EDGE_LOOP('',(#14273,#14284,#14292,#14301));
#14273 = ORIENTED_EDGE('',*,*,#14274,.T.);
#14274 = EDGE_CURVE('',#14275,#14277,#14279,.T.);
#14275 = VERTEX_POINT('',#14276);
#14276 = CARTESIAN_POINT('',(-24.95,10.3,1.51));
#14277 = VERTEX_POINT('',#14278);
#14278 = CARTESIAN_POINT('',(-25.55,10.3,1.51));
#14279 = CIRCLE('',#14280,0.3);
#14280 = AXIS2_PLACEMENT_3D('',#14281,#14282,#14283);
#14281 = CARTESIAN_POINT('',(-25.25,10.3,1.51));
#14282 = DIRECTION('',(-0.,0.,-1.));
#14283 = DIRECTION('',(-1.,5.921189464667E-15,0.));
#14284 = ORIENTED_EDGE('',*,*,#14285,.T.);
#14285 = EDGE_CURVE('',#14277,#14286,#14288,.T.);
#14286 = VERTEX_POINT('',#14287);
#14287 = CARTESIAN_POINT('',(-25.55,11.4,1.51));
#14288 = LINE('',#14289,#14290);
#14289 = CARTESIAN_POINT('',(-25.55,5.7,1.51));
#14290 = VECTOR('',#14291,1.);
#14291 = DIRECTION('',(-0.,1.,0.));
#14292 = ORIENTED_EDGE('',*,*,#14293,.T.);
#14293 = EDGE_CURVE('',#14286,#14294,#14296,.T.);
#14294 = VERTEX_POINT('',#14295);
#14295 = CARTESIAN_POINT('',(-24.95,11.4,1.51));
#14296 = CIRCLE('',#14297,0.3);
#14297 = AXIS2_PLACEMENT_3D('',#14298,#14299,#14300);
#14298 = CARTESIAN_POINT('',(-25.25,11.4,1.51));
#14299 = DIRECTION('',(0.,-0.,-1.));
#14300 = DIRECTION('',(1.,-5.921189464667E-15,0.));
#14301 = ORIENTED_EDGE('',*,*,#14302,.T.);
#14302 = EDGE_CURVE('',#14294,#14275,#14303,.T.);
#14303 = LINE('',#14304,#14305);
#14304 = CARTESIAN_POINT('',(-24.95,5.15,1.51));
#14305 = VECTOR('',#14306,1.);
#14306 = DIRECTION('',(0.,-1.,0.));
#14307 = FACE_BOUND('',#14308,.T.);
#14308 = EDGE_LOOP('',(#14309,#14320,#14328,#14337));
#14309 = ORIENTED_EDGE('',*,*,#14310,.T.);
#14310 = EDGE_CURVE('',#14311,#14313,#14315,.T.);
#14311 = VERTEX_POINT('',#14312);
#14312 = CARTESIAN_POINT('',(-11.45,10.3,1.51));
#14313 = VERTEX_POINT('',#14314);
#14314 = CARTESIAN_POINT('',(-12.05,10.3,1.51));
#14315 = CIRCLE('',#14316,0.3);
#14316 = AXIS2_PLACEMENT_3D('',#14317,#14318,#14319);
#14317 = CARTESIAN_POINT('',(-11.75,10.3,1.51));
#14318 = DIRECTION('',(-0.,0.,-1.));
#14319 = DIRECTION('',(-1.,0.,0.));
#14320 = ORIENTED_EDGE('',*,*,#14321,.T.);
#14321 = EDGE_CURVE('',#14313,#14322,#14324,.T.);
#14322 = VERTEX_POINT('',#14323);
#14323 = CARTESIAN_POINT('',(-12.05,11.4,1.51));
#14324 = LINE('',#14325,#14326);
#14325 = CARTESIAN_POINT('',(-12.05,5.7,1.51));
#14326 = VECTOR('',#14327,1.);
#14327 = DIRECTION('',(-0.,1.,0.));
#14328 = ORIENTED_EDGE('',*,*,#14329,.T.);
#14329 = EDGE_CURVE('',#14322,#14330,#14332,.T.);
#14330 = VERTEX_POINT('',#14331);
#14331 = CARTESIAN_POINT('',(-11.45,11.4,1.51));
#14332 = CIRCLE('',#14333,0.3);
#14333 = AXIS2_PLACEMENT_3D('',#14334,#14335,#14336);
#14334 = CARTESIAN_POINT('',(-11.75,11.4,1.51));
#14335 = DIRECTION('',(0.,-0.,-1.));
#14336 = DIRECTION('',(1.,5.921189464667E-15,-0.));
#14337 = ORIENTED_EDGE('',*,*,#14338,.T.);
#14338 = EDGE_CURVE('',#14330,#14311,#14339,.T.);
#14339 = LINE('',#14340,#14341);
#14340 = CARTESIAN_POINT('',(-11.45,5.15,1.51));
#14341 = VECTOR('',#14342,1.);
#14342 = DIRECTION('',(0.,-1.,0.));
#14343 = FACE_BOUND('',#14344,.T.);
#14344 = EDGE_LOOP('',(#14345,#14356,#14364,#14373));
#14345 = ORIENTED_EDGE('',*,*,#14346,.T.);
#14346 = EDGE_CURVE('',#14347,#14349,#14351,.T.);
#14347 = VERTEX_POINT('',#14348);
#14348 = CARTESIAN_POINT('',(-5.95,10.3,1.51));
#14349 = VERTEX_POINT('',#14350);
#14350 = CARTESIAN_POINT('',(-6.55,10.3,1.51));
#14351 = CIRCLE('',#14352,0.3);
#14352 = AXIS2_PLACEMENT_3D('',#14353,#14354,#14355);
#14353 = CARTESIAN_POINT('',(-6.25,10.3,1.51));
#14354 = DIRECTION('',(-0.,0.,-1.));
#14355 = DIRECTION('',(-1.,0.,0.));
#14356 = ORIENTED_EDGE('',*,*,#14357,.T.);
#14357 = EDGE_CURVE('',#14349,#14358,#14360,.T.);
#14358 = VERTEX_POINT('',#14359);
#14359 = CARTESIAN_POINT('',(-6.55,11.4,1.51));
#14360 = LINE('',#14361,#14362);
#14361 = CARTESIAN_POINT('',(-6.55,5.7,1.51));
#14362 = VECTOR('',#14363,1.);
#14363 = DIRECTION('',(-0.,1.,0.));
#14364 = ORIENTED_EDGE('',*,*,#14365,.T.);
#14365 = EDGE_CURVE('',#14358,#14366,#14368,.T.);
#14366 = VERTEX_POINT('',#14367);
#14367 = CARTESIAN_POINT('',(-5.95,11.4,1.51));
#14368 = CIRCLE('',#14369,0.3);
#14369 = AXIS2_PLACEMENT_3D('',#14370,#14371,#14372);
#14370 = CARTESIAN_POINT('',(-6.25,11.4,1.51));
#14371 = DIRECTION('',(0.,-0.,-1.));
#14372 = DIRECTION('',(1.,0.,-0.));
#14373 = ORIENTED_EDGE('',*,*,#14374,.T.);
#14374 = EDGE_CURVE('',#14366,#14347,#14375,.T.);
#14375 = LINE('',#14376,#14377);
#14376 = CARTESIAN_POINT('',(-5.95,5.15,1.51));
#14377 = VECTOR('',#14378,1.);
#14378 = DIRECTION('',(0.,-1.,0.));
#14379 = FACE_BOUND('',#14380,.T.);
#14380 = EDGE_LOOP('',(#14381));
#14381 = ORIENTED_EDGE('',*,*,#14382,.T.);
#14382 = EDGE_CURVE('',#14383,#14383,#14385,.T.);
#14383 = VERTEX_POINT('',#14384);
#14384 = CARTESIAN_POINT('',(4.1,3.5,1.51));
#14385 = CIRCLE('',#14386,1.35);
#14386 = AXIS2_PLACEMENT_3D('',#14387,#14388,#14389);
#14387 = CARTESIAN_POINT('',(4.1,4.85,1.51));
#14388 = DIRECTION('',(-0.,0.,-1.));
#14389 = DIRECTION('',(-0.,-1.,0.));
#14390 = FACE_BOUND('',#14391,.T.);
#14391 = EDGE_LOOP('',(#14392));
#14392 = ORIENTED_EDGE('',*,*,#14393,.T.);
#14393 = EDGE_CURVE('',#14394,#14394,#14396,.T.);
#14394 = VERTEX_POINT('',#14395);
#14395 = CARTESIAN_POINT('',(14.9,3.5,1.51));
#14396 = CIRCLE('',#14397,1.35);
#14397 = AXIS2_PLACEMENT_3D('',#14398,#14399,#14400);
#14398 = CARTESIAN_POINT('',(14.9,4.85,1.51));
#14399 = DIRECTION('',(-0.,0.,-1.));
#14400 = DIRECTION('',(-0.,-1.,0.));
#14401 = FACE_BOUND('',#14402,.T.);
#14402 = EDGE_LOOP('',(#14403));
#14403 = ORIENTED_EDGE('',*,*,#14404,.T.);
#14404 = EDGE_CURVE('',#14405,#14405,#14407,.T.);
#14405 = VERTEX_POINT('',#14406);
#14406 = CARTESIAN_POINT('',(31.35,2.25,1.51));
#14407 = CIRCLE('',#14408,1.35);
#14408 = AXIS2_PLACEMENT_3D('',#14409,#14410,#14411);
#14409 = CARTESIAN_POINT('',(31.35,3.6,1.51));
#14410 = DIRECTION('',(-0.,0.,-1.));
#14411 = DIRECTION('',(-0.,-1.,0.));
#14412 = FACE_BOUND('',#14413,.T.);
#14413 = EDGE_LOOP('',(#14414));
#14414 = ORIENTED_EDGE('',*,*,#14415,.T.);
#14415 = EDGE_CURVE('',#14416,#14416,#14418,.T.);
#14416 = VERTEX_POINT('',#14417);
#14417 = CARTESIAN_POINT('',(22.1,3.5,1.51));
#14418 = CIRCLE('',#14419,1.35);
#14419 = AXIS2_PLACEMENT_3D('',#14420,#14421,#14422);
#14420 = CARTESIAN_POINT('',(22.1,4.85,1.51));
#14421 = DIRECTION('',(-0.,0.,-1.));
#14422 = DIRECTION('',(-0.,-1.,0.));
#14423 = FACE_BOUND('',#14424,.T.);
#14424 = EDGE_LOOP('',(#14425,#14436,#14444,#14453));
#14425 = ORIENTED_EDGE('',*,*,#14426,.T.);
#14426 = EDGE_CURVE('',#14427,#14429,#14431,.T.);
#14427 = VERTEX_POINT('',#14428);
#14428 = CARTESIAN_POINT('',(36.8,6.45,1.51));
#14429 = VERTEX_POINT('',#14430);
#14430 = CARTESIAN_POINT('',(36.8,7.05,1.51));
#14431 = CIRCLE('',#14432,0.3);
#14432 = AXIS2_PLACEMENT_3D('',#14433,#14434,#14435);
#14433 = CARTESIAN_POINT('',(36.8,6.75,1.51));
#14434 = DIRECTION('',(-0.,0.,-1.));
#14435 = DIRECTION('',(0.,1.,0.));
#14436 = ORIENTED_EDGE('',*,*,#14437,.T.);
#14437 = EDGE_CURVE('',#14429,#14438,#14440,.T.);
#14438 = VERTEX_POINT('',#14439);
#14439 = CARTESIAN_POINT('',(37.9,7.05,1.51));
#14440 = LINE('',#14441,#14442);
#14441 = CARTESIAN_POINT('',(18.95,7.05,1.51));
#14442 = VECTOR('',#14443,1.);
#14443 = DIRECTION('',(1.,0.,-0.));
#14444 = ORIENTED_EDGE('',*,*,#14445,.T.);
#14445 = EDGE_CURVE('',#14438,#14446,#14448,.T.);
#14446 = VERTEX_POINT('',#14447);
#14447 = CARTESIAN_POINT('',(37.9,6.45,1.51));
#14448 = CIRCLE('',#14449,0.3);
#14449 = AXIS2_PLACEMENT_3D('',#14450,#14451,#14452);
#14450 = CARTESIAN_POINT('',(37.9,6.75,1.51));
#14451 = DIRECTION('',(-0.,0.,-1.));
#14452 = DIRECTION('',(-0.,-1.,0.));
#14453 = ORIENTED_EDGE('',*,*,#14454,.T.);
#14454 = EDGE_CURVE('',#14446,#14427,#14455,.T.);
#14455 = LINE('',#14456,#14457);
#14456 = CARTESIAN_POINT('',(18.4,6.45,1.51));
#14457 = VECTOR('',#14458,1.);
#14458 = DIRECTION('',(-1.,0.,0.));
#14459 = FACE_BOUND('',#14460,.T.);
#14460 = EDGE_LOOP('',(#14461,#14472,#14480,#14489));
#14461 = ORIENTED_EDGE('',*,*,#14462,.T.);
#14462 = EDGE_CURVE('',#14463,#14465,#14467,.T.);
#14463 = VERTEX_POINT('',#14464);
#14464 = CARTESIAN_POINT('',(7.55,10.3,1.51));
#14465 = VERTEX_POINT('',#14466);
#14466 = CARTESIAN_POINT('',(6.95,10.3,1.51));
#14467 = CIRCLE('',#14468,0.3);
#14468 = AXIS2_PLACEMENT_3D('',#14469,#14470,#14471);
#14469 = CARTESIAN_POINT('',(7.25,10.3,1.51));
#14470 = DIRECTION('',(-0.,0.,-1.));
#14471 = DIRECTION('',(-1.,0.,0.));
#14472 = ORIENTED_EDGE('',*,*,#14473,.T.);
#14473 = EDGE_CURVE('',#14465,#14474,#14476,.T.);
#14474 = VERTEX_POINT('',#14475);
#14475 = CARTESIAN_POINT('',(6.95,11.4,1.51));
#14476 = LINE('',#14477,#14478);
#14477 = CARTESIAN_POINT('',(6.95,5.7,1.51));
#14478 = VECTOR('',#14479,1.);
#14479 = DIRECTION('',(-0.,1.,0.));
#14480 = ORIENTED_EDGE('',*,*,#14481,.T.);
#14481 = EDGE_CURVE('',#14474,#14482,#14484,.T.);
#14482 = VERTEX_POINT('',#14483);
#14483 = CARTESIAN_POINT('',(7.55,11.4,1.51));
#14484 = CIRCLE('',#14485,0.3);
#14485 = AXIS2_PLACEMENT_3D('',#14486,#14487,#14488);
#14486 = CARTESIAN_POINT('',(7.25,11.4,1.51));
#14487 = DIRECTION('',(0.,-0.,-1.));
#14488 = DIRECTION('',(1.,0.,-0.));
#14489 = ORIENTED_EDGE('',*,*,#14490,.T.);
#14490 = EDGE_CURVE('',#14482,#14463,#14491,.T.);
#14491 = LINE('',#14492,#14493);
#14492 = CARTESIAN_POINT('',(7.55,5.15,1.51));
#14493 = VECTOR('',#14494,1.);
#14494 = DIRECTION('',(0.,-1.,0.));
#14495 = FACE_BOUND('',#14496,.T.);
#14496 = EDGE_LOOP('',(#14497,#14508,#14516,#14525));
#14497 = ORIENTED_EDGE('',*,*,#14498,.T.);
#14498 = EDGE_CURVE('',#14499,#14501,#14503,.T.);
#14499 = VERTEX_POINT('',#14500);
#14500 = CARTESIAN_POINT('',(12.05,10.3,1.51));
#14501 = VERTEX_POINT('',#14502);
#14502 = CARTESIAN_POINT('',(11.45,10.3,1.51));
#14503 = CIRCLE('',#14504,0.3);
#14504 = AXIS2_PLACEMENT_3D('',#14505,#14506,#14507);
#14505 = CARTESIAN_POINT('',(11.75,10.3,1.51));
#14506 = DIRECTION('',(-0.,0.,-1.));
#14507 = DIRECTION('',(-1.,0.,0.));
#14508 = ORIENTED_EDGE('',*,*,#14509,.T.);
#14509 = EDGE_CURVE('',#14501,#14510,#14512,.T.);
#14510 = VERTEX_POINT('',#14511);
#14511 = CARTESIAN_POINT('',(11.45,11.4,1.51));
#14512 = LINE('',#14513,#14514);
#14513 = CARTESIAN_POINT('',(11.45,5.7,1.51));
#14514 = VECTOR('',#14515,1.);
#14515 = DIRECTION('',(-0.,1.,0.));
#14516 = ORIENTED_EDGE('',*,*,#14517,.T.);
#14517 = EDGE_CURVE('',#14510,#14518,#14520,.T.);
#14518 = VERTEX_POINT('',#14519);
#14519 = CARTESIAN_POINT('',(12.05,11.4,1.51));
#14520 = CIRCLE('',#14521,0.3);
#14521 = AXIS2_PLACEMENT_3D('',#14522,#14523,#14524);
#14522 = CARTESIAN_POINT('',(11.75,11.4,1.51));
#14523 = DIRECTION('',(0.,-0.,-1.));
#14524 = DIRECTION('',(1.,5.921189464667E-15,-0.));
#14525 = ORIENTED_EDGE('',*,*,#14526,.T.);
#14526 = EDGE_CURVE('',#14518,#14499,#14527,.T.);
#14527 = LINE('',#14528,#14529);
#14528 = CARTESIAN_POINT('',(12.05,5.15,1.51));
#14529 = VECTOR('',#14530,1.);
#14530 = DIRECTION('',(0.,-1.,0.));
#14531 = FACE_BOUND('',#14532,.T.);
#14532 = EDGE_LOOP('',(#14533,#14544,#14552,#14561));
#14533 = ORIENTED_EDGE('',*,*,#14534,.T.);
#14534 = EDGE_CURVE('',#14535,#14537,#14539,.T.);
#14535 = VERTEX_POINT('',#14536);
#14536 = CARTESIAN_POINT('',(25.55,10.3,1.51));
#14537 = VERTEX_POINT('',#14538);
#14538 = CARTESIAN_POINT('',(24.95,10.3,1.51));
#14539 = CIRCLE('',#14540,0.3);
#14540 = AXIS2_PLACEMENT_3D('',#14541,#14542,#14543);
#14541 = CARTESIAN_POINT('',(25.25,10.3,1.51));
#14542 = DIRECTION('',(-0.,0.,-1.));
#14543 = DIRECTION('',(-1.,5.921189464667E-15,0.));
#14544 = ORIENTED_EDGE('',*,*,#14545,.T.);
#14545 = EDGE_CURVE('',#14537,#14546,#14548,.T.);
#14546 = VERTEX_POINT('',#14547);
#14547 = CARTESIAN_POINT('',(24.95,11.4,1.51));
#14548 = LINE('',#14549,#14550);
#14549 = CARTESIAN_POINT('',(24.95,5.7,1.51));
#14550 = VECTOR('',#14551,1.);
#14551 = DIRECTION('',(-0.,1.,0.));
#14552 = ORIENTED_EDGE('',*,*,#14553,.T.);
#14553 = EDGE_CURVE('',#14546,#14554,#14556,.T.);
#14554 = VERTEX_POINT('',#14555);
#14555 = CARTESIAN_POINT('',(25.55,11.4,1.51));
#14556 = CIRCLE('',#14557,0.3);
#14557 = AXIS2_PLACEMENT_3D('',#14558,#14559,#14560);
#14558 = CARTESIAN_POINT('',(25.25,11.4,1.51));
#14559 = DIRECTION('',(0.,-0.,-1.));
#14560 = DIRECTION('',(1.,-5.921189464667E-15,0.));
#14561 = ORIENTED_EDGE('',*,*,#14562,.T.);
#14562 = EDGE_CURVE('',#14554,#14535,#14563,.T.);
#14563 = LINE('',#14564,#14565);
#14564 = CARTESIAN_POINT('',(25.55,5.15,1.51));
#14565 = VECTOR('',#14566,1.);
#14566 = DIRECTION('',(0.,-1.,0.));
#14567 = PLANE('',#14568);
#14568 = AXIS2_PLACEMENT_3D('',#14569,#14570,#14571);
#14569 = CARTESIAN_POINT('',(0.,0.,1.51));
#14570 = DIRECTION('',(0.,0.,1.));
#14571 = DIRECTION('',(1.,0.,-0.));
#14572 = ADVANCED_FACE('',(#14573),#14584,.T.);
#14573 = FACE_BOUND('',#14574,.T.);
#14574 = EDGE_LOOP('',(#14575,#14581,#14582,#14583));
#14575 = ORIENTED_EDGE('',*,*,#14576,.T.);
#14576 = EDGE_CURVE('',#13387,#13999,#14577,.T.);
#14577 = LINE('',#14578,#14579);
#14578 = CARTESIAN_POINT('',(42.5,12.5,0.));
#14579 = VECTOR('',#14580,1.);
#14580 = DIRECTION('',(0.,0.,1.));
#14581 = ORIENTED_EDGE('',*,*,#13998,.T.);
#14582 = ORIENTED_EDGE('',*,*,#13355,.F.);
#14583 = ORIENTED_EDGE('',*,*,#13386,.F.);
#14584 = PLANE('',#14585);
#14585 = AXIS2_PLACEMENT_3D('',#14586,#14587,#14588);
#14586 = CARTESIAN_POINT('',(42.5,12.5,0.));
#14587 = DIRECTION('',(1.,0.,-0.));
#14588 = DIRECTION('',(0.,-1.,0.));
#14589 = ADVANCED_FACE('',(#14590),#14601,.T.);
#14590 = FACE_BOUND('',#14591,.T.);
#14591 = EDGE_LOOP('',(#14592,#14593,#14594,#14595));
#14592 = ORIENTED_EDGE('',*,*,#13479,.F.);
#14593 = ORIENTED_EDGE('',*,*,#13982,.F.);
#14594 = ORIENTED_EDGE('',*,*,#14091,.T.);
#14595 = ORIENTED_EDGE('',*,*,#14596,.T.);
#14596 = EDGE_CURVE('',#14083,#13471,#14597,.T.);
#14597 = LINE('',#14598,#14599);
#14598 = CARTESIAN_POINT('',(-33.9,-12.5,-4.6E-02));
#14599 = VECTOR('',#14600,1.);
#14600 = DIRECTION('',(-0.,-0.,-1.));
#14601 = PLANE('',#14602);
#14602 = AXIS2_PLACEMENT_3D('',#14603,#14604,#14605);
#14603 = CARTESIAN_POINT('',(42.5,-12.5,0.));
#14604 = DIRECTION('',(0.,-1.,0.));
#14605 = DIRECTION('',(-1.,0.,0.));
#14606 = ADVANCED_FACE('',(#14607),#14618,.F.);
#14607 = FACE_BOUND('',#14608,.T.);
#14608 = EDGE_LOOP('',(#14609,#14610,#14611,#14617));
#14609 = ORIENTED_EDGE('',*,*,#14596,.F.);
#14610 = ORIENTED_EDGE('',*,*,#14082,.F.);
#14611 = ORIENTED_EDGE('',*,*,#14612,.T.);
#14612 = EDGE_CURVE('',#14075,#13463,#14613,.T.);
#14613 = LINE('',#14614,#14615);
#14614 = CARTESIAN_POINT('',(-37.1,-12.5,-4.6E-02));
#14615 = VECTOR('',#14616,1.);
#14616 = DIRECTION('',(-0.,-0.,-1.));
#14617 = ORIENTED_EDGE('',*,*,#13470,.T.);
#14618 = CYLINDRICAL_SURFACE('',#14619,1.6);
#14619 = AXIS2_PLACEMENT_3D('',#14620,#14621,#14622);
#14620 = CARTESIAN_POINT('',(-35.5,-12.5,-4.6E-02));
#14621 = DIRECTION('',(-0.,-0.,-1.));
#14622 = DIRECTION('',(-0.,-1.,0.));
#14623 = ADVANCED_FACE('',(#14624),#14635,.T.);
#14624 = FACE_BOUND('',#14625,.T.);
#14625 = EDGE_LOOP('',(#14626,#14627,#14628,#14629));
#14626 = ORIENTED_EDGE('',*,*,#13462,.F.);
#14627 = ORIENTED_EDGE('',*,*,#14612,.F.);
#14628 = ORIENTED_EDGE('',*,*,#14074,.T.);
#14629 = ORIENTED_EDGE('',*,*,#14630,.F.);
#14630 = EDGE_CURVE('',#13455,#14067,#14631,.T.);
#14631 = LINE('',#14632,#14633);
#14632 = CARTESIAN_POINT('',(-42.5,-12.5,0.));
#14633 = VECTOR('',#14634,1.);
#14634 = DIRECTION('',(0.,0.,1.));
#14635 = PLANE('',#14636);
#14636 = AXIS2_PLACEMENT_3D('',#14637,#14638,#14639);
#14637 = CARTESIAN_POINT('',(42.5,-12.5,0.));
#14638 = DIRECTION('',(0.,-1.,0.));
#14639 = DIRECTION('',(-1.,0.,0.));
#14640 = ADVANCED_FACE('',(#14641),#14652,.T.);
#14641 = FACE_BOUND('',#14642,.T.);
#14642 = EDGE_LOOP('',(#14643,#14644,#14645,#14651));
#14643 = ORIENTED_EDGE('',*,*,#14630,.T.);
#14644 = ORIENTED_EDGE('',*,*,#14066,.T.);
#14645 = ORIENTED_EDGE('',*,*,#14646,.F.);
#14646 = EDGE_CURVE('',#13447,#14059,#14647,.T.);
#14647 = LINE('',#14648,#14649);
#14648 = CARTESIAN_POINT('',(-42.5,12.5,0.));
#14649 = VECTOR('',#14650,1.);
#14650 = DIRECTION('',(0.,0.,1.));
#14651 = ORIENTED_EDGE('',*,*,#13454,.F.);
#14652 = PLANE('',#14653);
#14653 = AXIS2_PLACEMENT_3D('',#14654,#14655,#14656);
#14654 = CARTESIAN_POINT('',(-42.5,-12.5,0.));
#14655 = DIRECTION('',(-1.,0.,0.));
#14656 = DIRECTION('',(0.,1.,0.));
#14657 = ADVANCED_FACE('',(#14658),#14669,.T.);
#14658 = FACE_BOUND('',#14659,.T.);
#14659 = EDGE_LOOP('',(#14660,#14661,#14662,#14663));
#14660 = ORIENTED_EDGE('',*,*,#13446,.F.);
#14661 = ORIENTED_EDGE('',*,*,#14646,.T.);
#14662 = ORIENTED_EDGE('',*,*,#14058,.T.);
#14663 = ORIENTED_EDGE('',*,*,#14664,.T.);
#14664 = EDGE_CURVE('',#14050,#13438,#14665,.T.);
#14665 = LINE('',#14666,#14667);
#14666 = CARTESIAN_POINT('',(-37.1,12.5,-4.6E-02));
#14667 = VECTOR('',#14668,1.);
#14668 = DIRECTION('',(-0.,-0.,-1.));
#14669 = PLANE('',#14670);
#14670 = AXIS2_PLACEMENT_3D('',#14671,#14672,#14673);
#14671 = CARTESIAN_POINT('',(-42.5,12.5,0.));
#14672 = DIRECTION('',(0.,1.,0.));
#14673 = DIRECTION('',(1.,0.,0.));
#14674 = ADVANCED_FACE('',(#14675),#14686,.F.);
#14675 = FACE_BOUND('',#14676,.T.);
#14676 = EDGE_LOOP('',(#14677,#14683,#14684,#14685));
#14677 = ORIENTED_EDGE('',*,*,#14678,.F.);
#14678 = EDGE_CURVE('',#13429,#14041,#14679,.T.);
#14679 = LINE('',#14680,#14681);
#14680 = CARTESIAN_POINT('',(-35.5,10.9,-4.6E-02));
#14681 = VECTOR('',#14682,1.);
#14682 = DIRECTION('',(0.,0.,1.));
#14683 = ORIENTED_EDGE('',*,*,#13437,.T.);
#14684 = ORIENTED_EDGE('',*,*,#14664,.F.);
#14685 = ORIENTED_EDGE('',*,*,#14049,.F.);
#14686 = CYLINDRICAL_SURFACE('',#14687,1.6);
#14687 = AXIS2_PLACEMENT_3D('',#14688,#14689,#14690);
#14688 = CARTESIAN_POINT('',(-35.5,12.5,-4.6E-02));
#14689 = DIRECTION('',(-0.,-0.,-1.));
#14690 = DIRECTION('',(-0.,-1.,0.));
#14691 = ADVANCED_FACE('',(#14692),#14703,.F.);
#14692 = FACE_BOUND('',#14693,.T.);
#14693 = EDGE_LOOP('',(#14694,#14695,#14696,#14697));
#14694 = ORIENTED_EDGE('',*,*,#13428,.T.);
#14695 = ORIENTED_EDGE('',*,*,#14678,.T.);
#14696 = ORIENTED_EDGE('',*,*,#14040,.F.);
#14697 = ORIENTED_EDGE('',*,*,#14698,.T.);
#14698 = EDGE_CURVE('',#14033,#13421,#14699,.T.);
#14699 = LINE('',#14700,#14701);
#14700 = CARTESIAN_POINT('',(-33.9,12.5,-4.6E-02));
#14701 = VECTOR('',#14702,1.);
#14702 = DIRECTION('',(-0.,-0.,-1.));
#14703 = CYLINDRICAL_SURFACE('',#14704,1.6);
#14704 = AXIS2_PLACEMENT_3D('',#14705,#14706,#14707);
#14705 = CARTESIAN_POINT('',(-35.5,12.5,-4.6E-02));
#14706 = DIRECTION('',(-0.,-0.,-1.));
#14707 = DIRECTION('',(-0.,-1.,0.));
#14708 = ADVANCED_FACE('',(#14709),#14720,.T.);
#14709 = FACE_BOUND('',#14710,.T.);
#14710 = EDGE_LOOP('',(#14711,#14712,#14713,#14714));
#14711 = ORIENTED_EDGE('',*,*,#13420,.F.);
#14712 = ORIENTED_EDGE('',*,*,#14698,.F.);
#14713 = ORIENTED_EDGE('',*,*,#14032,.T.);
#14714 = ORIENTED_EDGE('',*,*,#14715,.T.);
#14715 = EDGE_CURVE('',#14024,#13412,#14716,.T.);
#14716 = LINE('',#14717,#14718);
#14717 = CARTESIAN_POINT('',(33.9,12.5,-4.6E-02));
#14718 = VECTOR('',#14719,1.);
#14719 = DIRECTION('',(-0.,-0.,-1.));
#14720 = PLANE('',#14721);
#14721 = AXIS2_PLACEMENT_3D('',#14722,#14723,#14724);
#14722 = CARTESIAN_POINT('',(-42.5,12.5,0.));
#14723 = DIRECTION('',(0.,1.,0.));
#14724 = DIRECTION('',(1.,0.,0.));
#14725 = ADVANCED_FACE('',(#14726),#14737,.F.);
#14726 = FACE_BOUND('',#14727,.T.);
#14727 = EDGE_LOOP('',(#14728,#14734,#14735,#14736));
#14728 = ORIENTED_EDGE('',*,*,#14729,.F.);
#14729 = EDGE_CURVE('',#13403,#14015,#14730,.T.);
#14730 = LINE('',#14731,#14732);
#14731 = CARTESIAN_POINT('',(35.5,10.9,-4.6E-02));
#14732 = VECTOR('',#14733,1.);
#14733 = DIRECTION('',(0.,0.,1.));
#14734 = ORIENTED_EDGE('',*,*,#13411,.T.);
#14735 = ORIENTED_EDGE('',*,*,#14715,.F.);
#14736 = ORIENTED_EDGE('',*,*,#14023,.F.);
#14737 = CYLINDRICAL_SURFACE('',#14738,1.6);
#14738 = AXIS2_PLACEMENT_3D('',#14739,#14740,#14741);
#14739 = CARTESIAN_POINT('',(35.5,12.5,-4.6E-02));
#14740 = DIRECTION('',(-0.,-0.,-1.));
#14741 = DIRECTION('',(-0.,-1.,0.));
#14742 = ADVANCED_FACE('',(#14743),#14754,.F.);
#14743 = FACE_BOUND('',#14744,.T.);
#14744 = EDGE_LOOP('',(#14745,#14746,#14747,#14748));
#14745 = ORIENTED_EDGE('',*,*,#13402,.T.);
#14746 = ORIENTED_EDGE('',*,*,#14729,.T.);
#14747 = ORIENTED_EDGE('',*,*,#14014,.F.);
#14748 = ORIENTED_EDGE('',*,*,#14749,.T.);
#14749 = EDGE_CURVE('',#14007,#13395,#14750,.T.);
#14750 = LINE('',#14751,#14752);
#14751 = CARTESIAN_POINT('',(37.1,12.5,-4.6E-02));
#14752 = VECTOR('',#14753,1.);
#14753 = DIRECTION('',(-0.,-0.,-1.));
#14754 = CYLINDRICAL_SURFACE('',#14755,1.6);
#14755 = AXIS2_PLACEMENT_3D('',#14756,#14757,#14758);
#14756 = CARTESIAN_POINT('',(35.5,12.5,-4.6E-02));
#14757 = DIRECTION('',(-0.,-0.,-1.));
#14758 = DIRECTION('',(-0.,-1.,0.));
#14759 = ADVANCED_FACE('',(#14760),#14766,.T.);
#14760 = FACE_BOUND('',#14761,.T.);
#14761 = EDGE_LOOP('',(#14762,#14763,#14764,#14765));
#14762 = ORIENTED_EDGE('',*,*,#13394,.F.);
#14763 = ORIENTED_EDGE('',*,*,#14749,.F.);
#14764 = ORIENTED_EDGE('',*,*,#14006,.T.);
#14765 = ORIENTED_EDGE('',*,*,#14576,.F.);
#14766 = PLANE('',#14767);
#14767 = AXIS2_PLACEMENT_3D('',#14768,#14769,#14770);
#14768 = CARTESIAN_POINT('',(-42.5,12.5,0.));
#14769 = DIRECTION('',(0.,1.,0.));
#14770 = DIRECTION('',(1.,0.,0.));
#14771 = ADVANCED_FACE('',(#14772),#14788,.F.);
#14772 = FACE_BOUND('',#14773,.T.);
#14773 = EDGE_LOOP('',(#14774,#14775,#14781,#14782));
#14774 = ORIENTED_EDGE('',*,*,#13496,.T.);
#14775 = ORIENTED_EDGE('',*,*,#14776,.T.);
#14776 = EDGE_CURVE('',#13499,#14103,#14777,.T.);
#14777 = LINE('',#14778,#14779);
#14778 = CARTESIAN_POINT('',(-36.8,-7.05,-4.6E-02));
#14779 = VECTOR('',#14780,1.);
#14780 = DIRECTION('',(0.,0.,1.));
#14781 = ORIENTED_EDGE('',*,*,#14100,.F.);
#14782 = ORIENTED_EDGE('',*,*,#14783,.F.);
#14783 = EDGE_CURVE('',#13497,#14101,#14784,.T.);
#14784 = LINE('',#14785,#14786);
#14785 = CARTESIAN_POINT('',(-36.8,-6.45,-4.6E-02));
#14786 = VECTOR('',#14787,1.);
#14787 = DIRECTION('',(0.,0.,1.));
#14788 = CYLINDRICAL_SURFACE('',#14789,0.3);
#14789 = AXIS2_PLACEMENT_3D('',#14790,#14791,#14792);
#14790 = CARTESIAN_POINT('',(-36.8,-6.75,-4.6E-02));
#14791 = DIRECTION('',(-0.,-0.,-1.));
#14792 = DIRECTION('',(-0.,-1.,0.));
#14793 = ADVANCED_FACE('',(#14794),#14805,.T.);
#14794 = FACE_BOUND('',#14795,.T.);
#14795 = EDGE_LOOP('',(#14796,#14797,#14798,#14799));
#14796 = ORIENTED_EDGE('',*,*,#13524,.T.);
#14797 = ORIENTED_EDGE('',*,*,#14783,.T.);
#14798 = ORIENTED_EDGE('',*,*,#14128,.F.);
#14799 = ORIENTED_EDGE('',*,*,#14800,.F.);
#14800 = EDGE_CURVE('',#13516,#14120,#14801,.T.);
#14801 = LINE('',#14802,#14803);
#14802 = CARTESIAN_POINT('',(-37.9,-6.45,-4.6E-02));
#14803 = VECTOR('',#14804,1.);
#14804 = DIRECTION('',(0.,0.,1.));
#14805 = PLANE('',#14806);
#14806 = AXIS2_PLACEMENT_3D('',#14807,#14808,#14809);
#14807 = CARTESIAN_POINT('',(-36.8,-6.45,-4.6E-02));
#14808 = DIRECTION('',(0.,-1.,0.));
#14809 = DIRECTION('',(-1.,0.,0.));
#14810 = ADVANCED_FACE('',(#14811),#14822,.F.);
#14811 = FACE_BOUND('',#14812,.T.);
#14812 = EDGE_LOOP('',(#14813,#14814,#14815,#14816));
#14813 = ORIENTED_EDGE('',*,*,#13515,.T.);
#14814 = ORIENTED_EDGE('',*,*,#14800,.T.);
#14815 = ORIENTED_EDGE('',*,*,#14119,.F.);
#14816 = ORIENTED_EDGE('',*,*,#14817,.F.);
#14817 = EDGE_CURVE('',#13508,#14112,#14818,.T.);
#14818 = LINE('',#14819,#14820);
#14819 = CARTESIAN_POINT('',(-37.9,-7.05,-4.6E-02));
#14820 = VECTOR('',#14821,1.);
#14821 = DIRECTION('',(0.,0.,1.));
#14822 = CYLINDRICAL_SURFACE('',#14823,0.3);
#14823 = AXIS2_PLACEMENT_3D('',#14824,#14825,#14826);
#14824 = CARTESIAN_POINT('',(-37.9,-6.75,-4.6E-02));
#14825 = DIRECTION('',(-0.,0.,-1.));
#14826 = DIRECTION('',(0.,1.,0.));
#14827 = ADVANCED_FACE('',(#14828),#14834,.T.);
#14828 = FACE_BOUND('',#14829,.T.);
#14829 = EDGE_LOOP('',(#14830,#14831,#14832,#14833));
#14830 = ORIENTED_EDGE('',*,*,#13507,.T.);
#14831 = ORIENTED_EDGE('',*,*,#14817,.T.);
#14832 = ORIENTED_EDGE('',*,*,#14111,.F.);
#14833 = ORIENTED_EDGE('',*,*,#14776,.F.);
#14834 = PLANE('',#14835);
#14835 = AXIS2_PLACEMENT_3D('',#14836,#14837,#14838);
#14836 = CARTESIAN_POINT('',(-37.9,-7.05,-4.6E-02));
#14837 = DIRECTION('',(0.,1.,0.));
#14838 = DIRECTION('',(1.,0.,0.));
#14839 = ADVANCED_FACE('',(#14840),#14851,.F.);
#14840 = FACE_BOUND('',#14841,.T.);
#14841 = EDGE_LOOP('',(#14842,#14843,#14849,#14850));
#14842 = ORIENTED_EDGE('',*,*,#13532,.T.);
#14843 = ORIENTED_EDGE('',*,*,#14844,.T.);
#14844 = EDGE_CURVE('',#13533,#14137,#14845,.T.);
#14845 = LINE('',#14846,#14847);
#14846 = CARTESIAN_POINT('',(-31.35,-4.95,-4.6E-02));
#14847 = VECTOR('',#14848,1.);
#14848 = DIRECTION('',(0.,0.,1.));
#14849 = ORIENTED_EDGE('',*,*,#14136,.F.);
#14850 = ORIENTED_EDGE('',*,*,#14844,.F.);
#14851 = CYLINDRICAL_SURFACE('',#14852,1.35);
#14852 = AXIS2_PLACEMENT_3D('',#14853,#14854,#14855);
#14853 = CARTESIAN_POINT('',(-31.35,-3.6,-4.6E-02));
#14854 = DIRECTION('',(-0.,-0.,-1.));
#14855 = DIRECTION('',(-0.,-1.,0.));
#14856 = ADVANCED_FACE('',(#14857),#14873,.F.);
#14857 = FACE_BOUND('',#14858,.T.);
#14858 = EDGE_LOOP('',(#14859,#14860,#14866,#14867));
#14859 = ORIENTED_EDGE('',*,*,#13543,.T.);
#14860 = ORIENTED_EDGE('',*,*,#14861,.T.);
#14861 = EDGE_CURVE('',#13546,#14150,#14862,.T.);
#14862 = LINE('',#14863,#14864);
#14863 = CARTESIAN_POINT('',(36.8,-6.45,-4.6E-02));
#14864 = VECTOR('',#14865,1.);
#14865 = DIRECTION('',(0.,0.,1.));
#14866 = ORIENTED_EDGE('',*,*,#14147,.F.);
#14867 = ORIENTED_EDGE('',*,*,#14868,.F.);
#14868 = EDGE_CURVE('',#13544,#14148,#14869,.T.);
#14869 = LINE('',#14870,#14871);
#14870 = CARTESIAN_POINT('',(36.8,-7.05,-4.6E-02));
#14871 = VECTOR('',#14872,1.);
#14872 = DIRECTION('',(0.,0.,1.));
#14873 = CYLINDRICAL_SURFACE('',#14874,0.3);
#14874 = AXIS2_PLACEMENT_3D('',#14875,#14876,#14877);
#14875 = CARTESIAN_POINT('',(36.8,-6.75,-4.6E-02));
#14876 = DIRECTION('',(-0.,0.,-1.));
#14877 = DIRECTION('',(0.,1.,0.));
#14878 = ADVANCED_FACE('',(#14879),#14890,.T.);
#14879 = FACE_BOUND('',#14880,.T.);
#14880 = EDGE_LOOP('',(#14881,#14882,#14883,#14884));
#14881 = ORIENTED_EDGE('',*,*,#13571,.T.);
#14882 = ORIENTED_EDGE('',*,*,#14868,.T.);
#14883 = ORIENTED_EDGE('',*,*,#14175,.F.);
#14884 = ORIENTED_EDGE('',*,*,#14885,.F.);
#14885 = EDGE_CURVE('',#13563,#14167,#14886,.T.);
#14886 = LINE('',#14887,#14888);
#14887 = CARTESIAN_POINT('',(37.9,-7.05,-4.6E-02));
#14888 = VECTOR('',#14889,1.);
#14889 = DIRECTION('',(0.,0.,1.));
#14890 = PLANE('',#14891);
#14891 = AXIS2_PLACEMENT_3D('',#14892,#14893,#14894);
#14892 = CARTESIAN_POINT('',(36.8,-7.05,-4.6E-02));
#14893 = DIRECTION('',(0.,1.,0.));
#14894 = DIRECTION('',(1.,0.,0.));
#14895 = ADVANCED_FACE('',(#14896),#14907,.F.);
#14896 = FACE_BOUND('',#14897,.T.);
#14897 = EDGE_LOOP('',(#14898,#14899,#14900,#14901));
#14898 = ORIENTED_EDGE('',*,*,#13562,.T.);
#14899 = ORIENTED_EDGE('',*,*,#14885,.T.);
#14900 = ORIENTED_EDGE('',*,*,#14166,.F.);
#14901 = ORIENTED_EDGE('',*,*,#14902,.F.);
#14902 = EDGE_CURVE('',#13555,#14159,#14903,.T.);
#14903 = LINE('',#14904,#14905);
#14904 = CARTESIAN_POINT('',(37.9,-6.45,-4.6E-02));
#14905 = VECTOR('',#14906,1.);
#14906 = DIRECTION('',(0.,0.,1.));
#14907 = CYLINDRICAL_SURFACE('',#14908,0.3);
#14908 = AXIS2_PLACEMENT_3D('',#14909,#14910,#14911);
#14909 = CARTESIAN_POINT('',(37.9,-6.75,-4.6E-02));
#14910 = DIRECTION('',(-0.,-0.,-1.));
#14911 = DIRECTION('',(-0.,-1.,0.));
#14912 = ADVANCED_FACE('',(#14913),#14919,.T.);
#14913 = FACE_BOUND('',#14914,.T.);
#14914 = EDGE_LOOP('',(#14915,#14916,#14917,#14918));
#14915 = ORIENTED_EDGE('',*,*,#13554,.T.);
#14916 = ORIENTED_EDGE('',*,*,#14902,.T.);
#14917 = ORIENTED_EDGE('',*,*,#14158,.F.);
#14918 = ORIENTED_EDGE('',*,*,#14861,.F.);
#14919 = PLANE('',#14920);
#14920 = AXIS2_PLACEMENT_3D('',#14921,#14922,#14923);
#14921 = CARTESIAN_POINT('',(37.9,-6.45,-4.6E-02));
#14922 = DIRECTION('',(0.,-1.,0.));
#14923 = DIRECTION('',(-1.,0.,0.));
#14924 = ADVANCED_FACE('',(#14925),#14936,.F.);
#14925 = FACE_BOUND('',#14926,.T.);
#14926 = EDGE_LOOP('',(#14927,#14928,#14934,#14935));
#14927 = ORIENTED_EDGE('',*,*,#13579,.T.);
#14928 = ORIENTED_EDGE('',*,*,#14929,.T.);
#14929 = EDGE_CURVE('',#13580,#14184,#14930,.T.);
#14930 = LINE('',#14931,#14932);
#14931 = CARTESIAN_POINT('',(31.35,-4.95,-4.6E-02));
#14932 = VECTOR('',#14933,1.);
#14933 = DIRECTION('',(0.,0.,1.));
#14934 = ORIENTED_EDGE('',*,*,#14183,.F.);
#14935 = ORIENTED_EDGE('',*,*,#14929,.F.);
#14936 = CYLINDRICAL_SURFACE('',#14937,1.35);
#14937 = AXIS2_PLACEMENT_3D('',#14938,#14939,#14940);
#14938 = CARTESIAN_POINT('',(31.35,-3.6,-4.6E-02));
#14939 = DIRECTION('',(-0.,-0.,-1.));
#14940 = DIRECTION('',(-0.,-1.,0.));
#14941 = ADVANCED_FACE('',(#14942),#14953,.F.);
#14942 = FACE_BOUND('',#14943,.T.);
#14943 = EDGE_LOOP('',(#14944,#14945,#14951,#14952));
#14944 = ORIENTED_EDGE('',*,*,#13590,.T.);
#14945 = ORIENTED_EDGE('',*,*,#14946,.T.);
#14946 = EDGE_CURVE('',#13591,#14195,#14947,.T.);
#14947 = LINE('',#14948,#14949);
#14948 = CARTESIAN_POINT('',(-31.35,2.25,-4.6E-02));
#14949 = VECTOR('',#14950,1.);
#14950 = DIRECTION('',(0.,0.,1.));
#14951 = ORIENTED_EDGE('',*,*,#14194,.F.);
#14952 = ORIENTED_EDGE('',*,*,#14946,.F.);
#14953 = CYLINDRICAL_SURFACE('',#14954,1.35);
#14954 = AXIS2_PLACEMENT_3D('',#14955,#14956,#14957);
#14955 = CARTESIAN_POINT('',(-31.35,3.6,-4.6E-02));
#14956 = DIRECTION('',(-0.,-0.,-1.));
#14957 = DIRECTION('',(-0.,-1.,0.));
#14958 = ADVANCED_FACE('',(#14959),#14975,.F.);
#14959 = FACE_BOUND('',#14960,.T.);
#14960 = EDGE_LOOP('',(#14961,#14962,#14968,#14969));
#14961 = ORIENTED_EDGE('',*,*,#13601,.T.);
#14962 = ORIENTED_EDGE('',*,*,#14963,.T.);
#14963 = EDGE_CURVE('',#13604,#14208,#14964,.T.);
#14964 = LINE('',#14965,#14966);
#14965 = CARTESIAN_POINT('',(-36.8,6.45,-4.6E-02));
#14966 = VECTOR('',#14967,1.);
#14967 = DIRECTION('',(0.,0.,1.));
#14968 = ORIENTED_EDGE('',*,*,#14205,.F.);
#14969 = ORIENTED_EDGE('',*,*,#14970,.F.);
#14970 = EDGE_CURVE('',#13602,#14206,#14971,.T.);
#14971 = LINE('',#14972,#14973);
#14972 = CARTESIAN_POINT('',(-36.8,7.05,-4.6E-02));
#14973 = VECTOR('',#14974,1.);
#14974 = DIRECTION('',(0.,0.,1.));
#14975 = CYLINDRICAL_SURFACE('',#14976,0.3);
#14976 = AXIS2_PLACEMENT_3D('',#14977,#14978,#14979);
#14977 = CARTESIAN_POINT('',(-36.8,6.75,-4.6E-02));
#14978 = DIRECTION('',(-0.,-0.,-1.));
#14979 = DIRECTION('',(-0.,-1.,0.));
#14980 = ADVANCED_FACE('',(#14981),#14992,.T.);
#14981 = FACE_BOUND('',#14982,.T.);
#14982 = EDGE_LOOP('',(#14983,#14984,#14985,#14986));
#14983 = ORIENTED_EDGE('',*,*,#13629,.T.);
#14984 = ORIENTED_EDGE('',*,*,#14970,.T.);
#14985 = ORIENTED_EDGE('',*,*,#14233,.F.);
#14986 = ORIENTED_EDGE('',*,*,#14987,.F.);
#14987 = EDGE_CURVE('',#13621,#14225,#14988,.T.);
#14988 = LINE('',#14989,#14990);
#14989 = CARTESIAN_POINT('',(-37.9,7.05,-4.6E-02));
#14990 = VECTOR('',#14991,1.);
#14991 = DIRECTION('',(0.,0.,1.));
#14992 = PLANE('',#14993);
#14993 = AXIS2_PLACEMENT_3D('',#14994,#14995,#14996);
#14994 = CARTESIAN_POINT('',(-36.8,7.05,-4.6E-02));
#14995 = DIRECTION('',(0.,-1.,0.));
#14996 = DIRECTION('',(-1.,0.,0.));
#14997 = ADVANCED_FACE('',(#14998),#15009,.F.);
#14998 = FACE_BOUND('',#14999,.T.);
#14999 = EDGE_LOOP('',(#15000,#15001,#15002,#15003));
#15000 = ORIENTED_EDGE('',*,*,#13620,.T.);
#15001 = ORIENTED_EDGE('',*,*,#14987,.T.);
#15002 = ORIENTED_EDGE('',*,*,#14224,.F.);
#15003 = ORIENTED_EDGE('',*,*,#15004,.F.);
#15004 = EDGE_CURVE('',#13613,#14217,#15005,.T.);
#15005 = LINE('',#15006,#15007);
#15006 = CARTESIAN_POINT('',(-37.9,6.45,-4.6E-02));
#15007 = VECTOR('',#15008,1.);
#15008 = DIRECTION('',(0.,0.,1.));
#15009 = CYLINDRICAL_SURFACE('',#15010,0.3);
#15010 = AXIS2_PLACEMENT_3D('',#15011,#15012,#15013);
#15011 = CARTESIAN_POINT('',(-37.9,6.75,-4.6E-02));
#15012 = DIRECTION('',(-0.,0.,-1.));
#15013 = DIRECTION('',(0.,1.,0.));
#15014 = ADVANCED_FACE('',(#15015),#15021,.T.);
#15015 = FACE_BOUND('',#15016,.T.);
#15016 = EDGE_LOOP('',(#15017,#15018,#15019,#15020));
#15017 = ORIENTED_EDGE('',*,*,#13612,.T.);
#15018 = ORIENTED_EDGE('',*,*,#15004,.T.);
#15019 = ORIENTED_EDGE('',*,*,#14216,.F.);
#15020 = ORIENTED_EDGE('',*,*,#14963,.F.);
#15021 = PLANE('',#15022);
#15022 = AXIS2_PLACEMENT_3D('',#15023,#15024,#15025);
#15023 = CARTESIAN_POINT('',(-37.9,6.45,-4.6E-02));
#15024 = DIRECTION('',(0.,1.,0.));
#15025 = DIRECTION('',(1.,0.,0.));
#15026 = ADVANCED_FACE('',(#15027),#15038,.F.);
#15027 = FACE_BOUND('',#15028,.T.);
#15028 = EDGE_LOOP('',(#15029,#15030,#15036,#15037));
#15029 = ORIENTED_EDGE('',*,*,#13637,.T.);
#15030 = ORIENTED_EDGE('',*,*,#15031,.T.);
#15031 = EDGE_CURVE('',#13638,#14242,#15032,.T.);
#15032 = LINE('',#15033,#15034);
#15033 = CARTESIAN_POINT('',(-22.1,3.5,-4.6E-02));
#15034 = VECTOR('',#15035,1.);
#15035 = DIRECTION('',(0.,0.,1.));
#15036 = ORIENTED_EDGE('',*,*,#14241,.F.);
#15037 = ORIENTED_EDGE('',*,*,#15031,.F.);
#15038 = CYLINDRICAL_SURFACE('',#15039,1.35);
#15039 = AXIS2_PLACEMENT_3D('',#15040,#15041,#15042);
#15040 = CARTESIAN_POINT('',(-22.1,4.85,-4.6E-02));
#15041 = DIRECTION('',(-0.,-0.,-1.));
#15042 = DIRECTION('',(-0.,-1.,0.));
#15043 = ADVANCED_FACE('',(#15044),#15055,.F.);
#15044 = FACE_BOUND('',#15045,.T.);
#15045 = EDGE_LOOP('',(#15046,#15047,#15053,#15054));
#15046 = ORIENTED_EDGE('',*,*,#13648,.T.);
#15047 = ORIENTED_EDGE('',*,*,#15048,.T.);
#15048 = EDGE_CURVE('',#13649,#14253,#15049,.T.);
#15049 = LINE('',#15050,#15051);
#15050 = CARTESIAN_POINT('',(-14.9,3.5,-4.6E-02));
#15051 = VECTOR('',#15052,1.);
#15052 = DIRECTION('',(0.,0.,1.));
#15053 = ORIENTED_EDGE('',*,*,#14252,.F.);
#15054 = ORIENTED_EDGE('',*,*,#15048,.F.);
#15055 = CYLINDRICAL_SURFACE('',#15056,1.35);
#15056 = AXIS2_PLACEMENT_3D('',#15057,#15058,#15059);
#15057 = CARTESIAN_POINT('',(-14.9,4.85,-4.6E-02));
#15058 = DIRECTION('',(-0.,-0.,-1.));
#15059 = DIRECTION('',(-0.,-1.,0.));
#15060 = ADVANCED_FACE('',(#15061),#15072,.F.);
#15061 = FACE_BOUND('',#15062,.T.);
#15062 = EDGE_LOOP('',(#15063,#15064,#15070,#15071));
#15063 = ORIENTED_EDGE('',*,*,#13659,.T.);
#15064 = ORIENTED_EDGE('',*,*,#15065,.T.);
#15065 = EDGE_CURVE('',#13660,#14264,#15066,.T.);
#15066 = LINE('',#15067,#15068);
#15067 = CARTESIAN_POINT('',(-3.1,3.5,-4.6E-02));
#15068 = VECTOR('',#15069,1.);
#15069 = DIRECTION('',(0.,0.,1.));
#15070 = ORIENTED_EDGE('',*,*,#14263,.F.);
#15071 = ORIENTED_EDGE('',*,*,#15065,.F.);
#15072 = CYLINDRICAL_SURFACE('',#15073,1.35);
#15073 = AXIS2_PLACEMENT_3D('',#15074,#15075,#15076);
#15074 = CARTESIAN_POINT('',(-3.1,4.85,-4.6E-02));
#15075 = DIRECTION('',(-0.,-0.,-1.));
#15076 = DIRECTION('',(-0.,-1.,0.));
#15077 = ADVANCED_FACE('',(#15078),#15094,.F.);
#15078 = FACE_BOUND('',#15079,.T.);
#15079 = EDGE_LOOP('',(#15080,#15081,#15087,#15088));
#15080 = ORIENTED_EDGE('',*,*,#13670,.T.);
#15081 = ORIENTED_EDGE('',*,*,#15082,.T.);
#15082 = EDGE_CURVE('',#13673,#14277,#15083,.T.);
#15083 = LINE('',#15084,#15085);
#15084 = CARTESIAN_POINT('',(-25.55,10.3,-4.6E-02));
#15085 = VECTOR('',#15086,1.);
#15086 = DIRECTION('',(0.,0.,1.));
#15087 = ORIENTED_EDGE('',*,*,#14274,.F.);
#15088 = ORIENTED_EDGE('',*,*,#15089,.F.);
#15089 = EDGE_CURVE('',#13671,#14275,#15090,.T.);
#15090 = LINE('',#15091,#15092);
#15091 = CARTESIAN_POINT('',(-24.95,10.3,-4.6E-02));
#15092 = VECTOR('',#15093,1.);
#15093 = DIRECTION('',(0.,0.,1.));
#15094 = CYLINDRICAL_SURFACE('',#15095,0.3);
#15095 = AXIS2_PLACEMENT_3D('',#15096,#15097,#15098);
#15096 = CARTESIAN_POINT('',(-25.25,10.3,-4.6E-02));
#15097 = DIRECTION('',(-0.,-0.,-1.));
#15098 = DIRECTION('',(-1.,5.921189464667E-15,-0.));
#15099 = ADVANCED_FACE('',(#15100),#15111,.T.);
#15100 = FACE_BOUND('',#15101,.T.);
#15101 = EDGE_LOOP('',(#15102,#15103,#15104,#15105));
#15102 = ORIENTED_EDGE('',*,*,#13698,.T.);
#15103 = ORIENTED_EDGE('',*,*,#15089,.T.);
#15104 = ORIENTED_EDGE('',*,*,#14302,.F.);
#15105 = ORIENTED_EDGE('',*,*,#15106,.F.);
#15106 = EDGE_CURVE('',#13690,#14294,#15107,.T.);
#15107 = LINE('',#15108,#15109);
#15108 = CARTESIAN_POINT('',(-24.95,11.4,-4.6E-02));
#15109 = VECTOR('',#15110,1.);
#15110 = DIRECTION('',(0.,0.,1.));
#15111 = PLANE('',#15112);
#15112 = AXIS2_PLACEMENT_3D('',#15113,#15114,#15115);
#15113 = CARTESIAN_POINT('',(-24.95,10.3,-4.6E-02));
#15114 = DIRECTION('',(-1.,0.,0.));
#15115 = DIRECTION('',(0.,1.,0.));
#15116 = ADVANCED_FACE('',(#15117),#15128,.F.);
#15117 = FACE_BOUND('',#15118,.T.);
#15118 = EDGE_LOOP('',(#15119,#15120,#15121,#15122));
#15119 = ORIENTED_EDGE('',*,*,#13689,.T.);
#15120 = ORIENTED_EDGE('',*,*,#15106,.T.);
#15121 = ORIENTED_EDGE('',*,*,#14293,.F.);
#15122 = ORIENTED_EDGE('',*,*,#15123,.F.);
#15123 = EDGE_CURVE('',#13682,#14286,#15124,.T.);
#15124 = LINE('',#15125,#15126);
#15125 = CARTESIAN_POINT('',(-25.55,11.4,-4.6E-02));
#15126 = VECTOR('',#15127,1.);
#15127 = DIRECTION('',(0.,0.,1.));
#15128 = CYLINDRICAL_SURFACE('',#15129,0.3);
#15129 = AXIS2_PLACEMENT_3D('',#15130,#15131,#15132);
#15130 = CARTESIAN_POINT('',(-25.25,11.4,-4.6E-02));
#15131 = DIRECTION('',(-0.,-0.,-1.));
#15132 = DIRECTION('',(1.,-5.921189464667E-15,0.));
#15133 = ADVANCED_FACE('',(#15134),#15140,.T.);
#15134 = FACE_BOUND('',#15135,.T.);
#15135 = EDGE_LOOP('',(#15136,#15137,#15138,#15139));
#15136 = ORIENTED_EDGE('',*,*,#13681,.T.);
#15137 = ORIENTED_EDGE('',*,*,#15123,.T.);
#15138 = ORIENTED_EDGE('',*,*,#14285,.F.);
#15139 = ORIENTED_EDGE('',*,*,#15082,.F.);
#15140 = PLANE('',#15141);
#15141 = AXIS2_PLACEMENT_3D('',#15142,#15143,#15144);
#15142 = CARTESIAN_POINT('',(-25.55,11.4,-4.6E-02));
#15143 = DIRECTION('',(1.,0.,-0.));
#15144 = DIRECTION('',(0.,-1.,0.));
#15145 = ADVANCED_FACE('',(#15146),#15162,.F.);
#15146 = FACE_BOUND('',#15147,.T.);
#15147 = EDGE_LOOP('',(#15148,#15149,#15155,#15156));
#15148 = ORIENTED_EDGE('',*,*,#13706,.T.);
#15149 = ORIENTED_EDGE('',*,*,#15150,.T.);
#15150 = EDGE_CURVE('',#13709,#14313,#15151,.T.);
#15151 = LINE('',#15152,#15153);
#15152 = CARTESIAN_POINT('',(-12.05,10.3,-4.6E-02));
#15153 = VECTOR('',#15154,1.);
#15154 = DIRECTION('',(0.,0.,1.));
#15155 = ORIENTED_EDGE('',*,*,#14310,.F.);
#15156 = ORIENTED_EDGE('',*,*,#15157,.F.);
#15157 = EDGE_CURVE('',#13707,#14311,#15158,.T.);
#15158 = LINE('',#15159,#15160);
#15159 = CARTESIAN_POINT('',(-11.45,10.3,-4.6E-02));
#15160 = VECTOR('',#15161,1.);
#15161 = DIRECTION('',(0.,0.,1.));
#15162 = CYLINDRICAL_SURFACE('',#15163,0.3);
#15163 = AXIS2_PLACEMENT_3D('',#15164,#15165,#15166);
#15164 = CARTESIAN_POINT('',(-11.75,10.3,-4.6E-02));
#15165 = DIRECTION('',(-0.,-0.,-1.));
#15166 = DIRECTION('',(-1.,0.,-0.));
#15167 = ADVANCED_FACE('',(#15168),#15179,.T.);
#15168 = FACE_BOUND('',#15169,.T.);
#15169 = EDGE_LOOP('',(#15170,#15171,#15172,#15173));
#15170 = ORIENTED_EDGE('',*,*,#13734,.T.);
#15171 = ORIENTED_EDGE('',*,*,#15157,.T.);
#15172 = ORIENTED_EDGE('',*,*,#14338,.F.);
#15173 = ORIENTED_EDGE('',*,*,#15174,.F.);
#15174 = EDGE_CURVE('',#13726,#14330,#15175,.T.);
#15175 = LINE('',#15176,#15177);
#15176 = CARTESIAN_POINT('',(-11.45,11.4,-4.6E-02));
#15177 = VECTOR('',#15178,1.);
#15178 = DIRECTION('',(0.,0.,1.));
#15179 = PLANE('',#15180);
#15180 = AXIS2_PLACEMENT_3D('',#15181,#15182,#15183);
#15181 = CARTESIAN_POINT('',(-11.45,10.3,-4.6E-02));
#15182 = DIRECTION('',(-1.,0.,0.));
#15183 = DIRECTION('',(0.,1.,0.));
#15184 = ADVANCED_FACE('',(#15185),#15196,.F.);
#15185 = FACE_BOUND('',#15186,.T.);
#15186 = EDGE_LOOP('',(#15187,#15188,#15189,#15190));
#15187 = ORIENTED_EDGE('',*,*,#13725,.T.);
#15188 = ORIENTED_EDGE('',*,*,#15174,.T.);
#15189 = ORIENTED_EDGE('',*,*,#14329,.F.);
#15190 = ORIENTED_EDGE('',*,*,#15191,.F.);
#15191 = EDGE_CURVE('',#13718,#14322,#15192,.T.);
#15192 = LINE('',#15193,#15194);
#15193 = CARTESIAN_POINT('',(-12.05,11.4,-4.6E-02));
#15194 = VECTOR('',#15195,1.);
#15195 = DIRECTION('',(0.,0.,1.));
#15196 = CYLINDRICAL_SURFACE('',#15197,0.3);
#15197 = AXIS2_PLACEMENT_3D('',#15198,#15199,#15200);
#15198 = CARTESIAN_POINT('',(-11.75,11.4,-4.6E-02));
#15199 = DIRECTION('',(-0.,-0.,-1.));
#15200 = DIRECTION('',(1.,5.921189464667E-15,-0.));
#15201 = ADVANCED_FACE('',(#15202),#15208,.T.);
#15202 = FACE_BOUND('',#15203,.T.);
#15203 = EDGE_LOOP('',(#15204,#15205,#15206,#15207));
#15204 = ORIENTED_EDGE('',*,*,#13717,.T.);
#15205 = ORIENTED_EDGE('',*,*,#15191,.T.);
#15206 = ORIENTED_EDGE('',*,*,#14321,.F.);
#15207 = ORIENTED_EDGE('',*,*,#15150,.F.);
#15208 = PLANE('',#15209);
#15209 = AXIS2_PLACEMENT_3D('',#15210,#15211,#15212);
#15210 = CARTESIAN_POINT('',(-12.05,11.4,-4.6E-02));
#15211 = DIRECTION('',(1.,0.,-0.));
#15212 = DIRECTION('',(0.,-1.,0.));
#15213 = ADVANCED_FACE('',(#15214),#15230,.F.);
#15214 = FACE_BOUND('',#15215,.T.);
#15215 = EDGE_LOOP('',(#15216,#15217,#15223,#15224));
#15216 = ORIENTED_EDGE('',*,*,#13742,.T.);
#15217 = ORIENTED_EDGE('',*,*,#15218,.T.);
#15218 = EDGE_CURVE('',#13745,#14349,#15219,.T.);
#15219 = LINE('',#15220,#15221);
#15220 = CARTESIAN_POINT('',(-6.55,10.3,-4.6E-02));
#15221 = VECTOR('',#15222,1.);
#15222 = DIRECTION('',(0.,0.,1.));
#15223 = ORIENTED_EDGE('',*,*,#14346,.F.);
#15224 = ORIENTED_EDGE('',*,*,#15225,.F.);
#15225 = EDGE_CURVE('',#13743,#14347,#15226,.T.);
#15226 = LINE('',#15227,#15228);
#15227 = CARTESIAN_POINT('',(-5.95,10.3,-4.6E-02));
#15228 = VECTOR('',#15229,1.);
#15229 = DIRECTION('',(0.,0.,1.));
#15230 = CYLINDRICAL_SURFACE('',#15231,0.3);
#15231 = AXIS2_PLACEMENT_3D('',#15232,#15233,#15234);
#15232 = CARTESIAN_POINT('',(-6.25,10.3,-4.6E-02));
#15233 = DIRECTION('',(-0.,-0.,-1.));
#15234 = DIRECTION('',(-1.,0.,-0.));
#15235 = ADVANCED_FACE('',(#15236),#15247,.T.);
#15236 = FACE_BOUND('',#15237,.T.);
#15237 = EDGE_LOOP('',(#15238,#15239,#15240,#15241));
#15238 = ORIENTED_EDGE('',*,*,#13770,.T.);
#15239 = ORIENTED_EDGE('',*,*,#15225,.T.);
#15240 = ORIENTED_EDGE('',*,*,#14374,.F.);
#15241 = ORIENTED_EDGE('',*,*,#15242,.F.);
#15242 = EDGE_CURVE('',#13762,#14366,#15243,.T.);
#15243 = LINE('',#15244,#15245);
#15244 = CARTESIAN_POINT('',(-5.95,11.4,-4.6E-02));
#15245 = VECTOR('',#15246,1.);
#15246 = DIRECTION('',(0.,0.,1.));
#15247 = PLANE('',#15248);
#15248 = AXIS2_PLACEMENT_3D('',#15249,#15250,#15251);
#15249 = CARTESIAN_POINT('',(-5.95,10.3,-4.6E-02));
#15250 = DIRECTION('',(-1.,0.,0.));
#15251 = DIRECTION('',(0.,1.,0.));
#15252 = ADVANCED_FACE('',(#15253),#15264,.F.);
#15253 = FACE_BOUND('',#15254,.T.);
#15254 = EDGE_LOOP('',(#15255,#15256,#15257,#15258));
#15255 = ORIENTED_EDGE('',*,*,#13761,.T.);
#15256 = ORIENTED_EDGE('',*,*,#15242,.T.);
#15257 = ORIENTED_EDGE('',*,*,#14365,.F.);
#15258 = ORIENTED_EDGE('',*,*,#15259,.F.);
#15259 = EDGE_CURVE('',#13754,#14358,#15260,.T.);
#15260 = LINE('',#15261,#15262);
#15261 = CARTESIAN_POINT('',(-6.55,11.4,-4.6E-02));
#15262 = VECTOR('',#15263,1.);
#15263 = DIRECTION('',(0.,0.,1.));
#15264 = CYLINDRICAL_SURFACE('',#15265,0.3);
#15265 = AXIS2_PLACEMENT_3D('',#15266,#15267,#15268);
#15266 = CARTESIAN_POINT('',(-6.25,11.4,-4.6E-02));
#15267 = DIRECTION('',(-0.,-0.,-1.));
#15268 = DIRECTION('',(1.,0.,-0.));
#15269 = ADVANCED_FACE('',(#15270),#15276,.T.);
#15270 = FACE_BOUND('',#15271,.T.);
#15271 = EDGE_LOOP('',(#15272,#15273,#15274,#15275));
#15272 = ORIENTED_EDGE('',*,*,#13753,.T.);
#15273 = ORIENTED_EDGE('',*,*,#15259,.T.);
#15274 = ORIENTED_EDGE('',*,*,#14357,.F.);
#15275 = ORIENTED_EDGE('',*,*,#15218,.F.);
#15276 = PLANE('',#15277);
#15277 = AXIS2_PLACEMENT_3D('',#15278,#15279,#15280);
#15278 = CARTESIAN_POINT('',(-6.55,11.4,-4.6E-02));
#15279 = DIRECTION('',(1.,0.,-0.));
#15280 = DIRECTION('',(0.,-1.,0.));
#15281 = ADVANCED_FACE('',(#15282),#15293,.F.);
#15282 = FACE_BOUND('',#15283,.T.);
#15283 = EDGE_LOOP('',(#15284,#15285,#15291,#15292));
#15284 = ORIENTED_EDGE('',*,*,#13778,.T.);
#15285 = ORIENTED_EDGE('',*,*,#15286,.T.);
#15286 = EDGE_CURVE('',#13779,#14383,#15287,.T.);
#15287 = LINE('',#15288,#15289);
#15288 = CARTESIAN_POINT('',(4.1,3.5,-4.6E-02));
#15289 = VECTOR('',#15290,1.);
#15290 = DIRECTION('',(0.,0.,1.));
#15291 = ORIENTED_EDGE('',*,*,#14382,.F.);
#15292 = ORIENTED_EDGE('',*,*,#15286,.F.);
#15293 = CYLINDRICAL_SURFACE('',#15294,1.35);
#15294 = AXIS2_PLACEMENT_3D('',#15295,#15296,#15297);
#15295 = CARTESIAN_POINT('',(4.1,4.85,-4.6E-02));
#15296 = DIRECTION('',(-0.,-0.,-1.));
#15297 = DIRECTION('',(-0.,-1.,0.));
#15298 = ADVANCED_FACE('',(#15299),#15310,.F.);
#15299 = FACE_BOUND('',#15300,.T.);
#15300 = EDGE_LOOP('',(#15301,#15302,#15308,#15309));
#15301 = ORIENTED_EDGE('',*,*,#13789,.T.);
#15302 = ORIENTED_EDGE('',*,*,#15303,.T.);
#15303 = EDGE_CURVE('',#13790,#14394,#15304,.T.);
#15304 = LINE('',#15305,#15306);
#15305 = CARTESIAN_POINT('',(14.9,3.5,-4.6E-02));
#15306 = VECTOR('',#15307,1.);
#15307 = DIRECTION('',(0.,0.,1.));
#15308 = ORIENTED_EDGE('',*,*,#14393,.F.);
#15309 = ORIENTED_EDGE('',*,*,#15303,.F.);
#15310 = CYLINDRICAL_SURFACE('',#15311,1.35);
#15311 = AXIS2_PLACEMENT_3D('',#15312,#15313,#15314);
#15312 = CARTESIAN_POINT('',(14.9,4.85,-4.6E-02));
#15313 = DIRECTION('',(-0.,-0.,-1.));
#15314 = DIRECTION('',(-0.,-1.,0.));
#15315 = ADVANCED_FACE('',(#15316),#15327,.F.);
#15316 = FACE_BOUND('',#15317,.T.);
#15317 = EDGE_LOOP('',(#15318,#15319,#15325,#15326));
#15318 = ORIENTED_EDGE('',*,*,#13800,.T.);
#15319 = ORIENTED_EDGE('',*,*,#15320,.T.);
#15320 = EDGE_CURVE('',#13801,#14405,#15321,.T.);
#15321 = LINE('',#15322,#15323);
#15322 = CARTESIAN_POINT('',(31.35,2.25,-4.6E-02));
#15323 = VECTOR('',#15324,1.);
#15324 = DIRECTION('',(0.,0.,1.));
#15325 = ORIENTED_EDGE('',*,*,#14404,.F.);
#15326 = ORIENTED_EDGE('',*,*,#15320,.F.);
#15327 = CYLINDRICAL_SURFACE('',#15328,1.35);
#15328 = AXIS2_PLACEMENT_3D('',#15329,#15330,#15331);
#15329 = CARTESIAN_POINT('',(31.35,3.6,-4.6E-02));
#15330 = DIRECTION('',(-0.,-0.,-1.));
#15331 = DIRECTION('',(-0.,-1.,0.));
#15332 = ADVANCED_FACE('',(#15333),#15344,.F.);
#15333 = FACE_BOUND('',#15334,.T.);
#15334 = EDGE_LOOP('',(#15335,#15336,#15342,#15343));
#15335 = ORIENTED_EDGE('',*,*,#13811,.T.);
#15336 = ORIENTED_EDGE('',*,*,#15337,.T.);
#15337 = EDGE_CURVE('',#13812,#14416,#15338,.T.);
#15338 = LINE('',#15339,#15340);
#15339 = CARTESIAN_POINT('',(22.1,3.5,-4.6E-02));
#15340 = VECTOR('',#15341,1.);
#15341 = DIRECTION('',(0.,0.,1.));
#15342 = ORIENTED_EDGE('',*,*,#14415,.F.);
#15343 = ORIENTED_EDGE('',*,*,#15337,.F.);
#15344 = CYLINDRICAL_SURFACE('',#15345,1.35);
#15345 = AXIS2_PLACEMENT_3D('',#15346,#15347,#15348);
#15346 = CARTESIAN_POINT('',(22.1,4.85,-4.6E-02));
#15347 = DIRECTION('',(-0.,-0.,-1.));
#15348 = DIRECTION('',(-0.,-1.,0.));
#15349 = ADVANCED_FACE('',(#15350),#15366,.F.);
#15350 = FACE_BOUND('',#15351,.T.);
#15351 = EDGE_LOOP('',(#15352,#15353,#15359,#15360));
#15352 = ORIENTED_EDGE('',*,*,#13822,.T.);
#15353 = ORIENTED_EDGE('',*,*,#15354,.T.);
#15354 = EDGE_CURVE('',#13825,#14429,#15355,.T.);
#15355 = LINE('',#15356,#15357);
#15356 = CARTESIAN_POINT('',(36.8,7.05,-4.6E-02));
#15357 = VECTOR('',#15358,1.);
#15358 = DIRECTION('',(0.,0.,1.));
#15359 = ORIENTED_EDGE('',*,*,#14426,.F.);
#15360 = ORIENTED_EDGE('',*,*,#15361,.F.);
#15361 = EDGE_CURVE('',#13823,#14427,#15362,.T.);
#15362 = LINE('',#15363,#15364);
#15363 = CARTESIAN_POINT('',(36.8,6.45,-4.6E-02));
#15364 = VECTOR('',#15365,1.);
#15365 = DIRECTION('',(0.,0.,1.));
#15366 = CYLINDRICAL_SURFACE('',#15367,0.3);
#15367 = AXIS2_PLACEMENT_3D('',#15368,#15369,#15370);
#15368 = CARTESIAN_POINT('',(36.8,6.75,-4.6E-02));
#15369 = DIRECTION('',(-0.,0.,-1.));
#15370 = DIRECTION('',(0.,1.,0.));
#15371 = ADVANCED_FACE('',(#15372),#15383,.T.);
#15372 = FACE_BOUND('',#15373,.T.);
#15373 = EDGE_LOOP('',(#15374,#15375,#15376,#15377));
#15374 = ORIENTED_EDGE('',*,*,#13850,.T.);
#15375 = ORIENTED_EDGE('',*,*,#15361,.T.);
#15376 = ORIENTED_EDGE('',*,*,#14454,.F.);
#15377 = ORIENTED_EDGE('',*,*,#15378,.F.);
#15378 = EDGE_CURVE('',#13842,#14446,#15379,.T.);
#15379 = LINE('',#15380,#15381);
#15380 = CARTESIAN_POINT('',(37.9,6.45,-4.6E-02));
#15381 = VECTOR('',#15382,1.);
#15382 = DIRECTION('',(0.,0.,1.));
#15383 = PLANE('',#15384);
#15384 = AXIS2_PLACEMENT_3D('',#15385,#15386,#15387);
#15385 = CARTESIAN_POINT('',(36.8,6.45,-4.6E-02));
#15386 = DIRECTION('',(0.,1.,0.));
#15387 = DIRECTION('',(1.,0.,0.));
#15388 = ADVANCED_FACE('',(#15389),#15400,.F.);
#15389 = FACE_BOUND('',#15390,.T.);
#15390 = EDGE_LOOP('',(#15391,#15392,#15393,#15394));
#15391 = ORIENTED_EDGE('',*,*,#13841,.T.);
#15392 = ORIENTED_EDGE('',*,*,#15378,.T.);
#15393 = ORIENTED_EDGE('',*,*,#14445,.F.);
#15394 = ORIENTED_EDGE('',*,*,#15395,.F.);
#15395 = EDGE_CURVE('',#13834,#14438,#15396,.T.);
#15396 = LINE('',#15397,#15398);
#15397 = CARTESIAN_POINT('',(37.9,7.05,-4.6E-02));
#15398 = VECTOR('',#15399,1.);
#15399 = DIRECTION('',(0.,0.,1.));
#15400 = CYLINDRICAL_SURFACE('',#15401,0.3);
#15401 = AXIS2_PLACEMENT_3D('',#15402,#15403,#15404);
#15402 = CARTESIAN_POINT('',(37.9,6.75,-4.6E-02));
#15403 = DIRECTION('',(-0.,-0.,-1.));
#15404 = DIRECTION('',(-0.,-1.,0.));
#15405 = ADVANCED_FACE('',(#15406),#15412,.T.);
#15406 = FACE_BOUND('',#15407,.T.);
#15407 = EDGE_LOOP('',(#15408,#15409,#15410,#15411));
#15408 = ORIENTED_EDGE('',*,*,#13833,.T.);
#15409 = ORIENTED_EDGE('',*,*,#15395,.T.);
#15410 = ORIENTED_EDGE('',*,*,#14437,.F.);
#15411 = ORIENTED_EDGE('',*,*,#15354,.F.);
#15412 = PLANE('',#15413);
#15413 = AXIS2_PLACEMENT_3D('',#15414,#15415,#15416);
#15414 = CARTESIAN_POINT('',(37.9,7.05,-4.6E-02));
#15415 = DIRECTION('',(0.,-1.,0.));
#15416 = DIRECTION('',(-1.,0.,0.));
#15417 = ADVANCED_FACE('',(#15418),#15434,.F.);
#15418 = FACE_BOUND('',#15419,.T.);
#15419 = EDGE_LOOP('',(#15420,#15421,#15427,#15428));
#15420 = ORIENTED_EDGE('',*,*,#13858,.T.);
#15421 = ORIENTED_EDGE('',*,*,#15422,.T.);
#15422 = EDGE_CURVE('',#13861,#14465,#15423,.T.);
#15423 = LINE('',#15424,#15425);
#15424 = CARTESIAN_POINT('',(6.95,10.3,-4.6E-02));
#15425 = VECTOR('',#15426,1.);
#15426 = DIRECTION('',(0.,0.,1.));
#15427 = ORIENTED_EDGE('',*,*,#14462,.F.);
#15428 = ORIENTED_EDGE('',*,*,#15429,.F.);
#15429 = EDGE_CURVE('',#13859,#14463,#15430,.T.);
#15430 = LINE('',#15431,#15432);
#15431 = CARTESIAN_POINT('',(7.55,10.3,-4.6E-02));
#15432 = VECTOR('',#15433,1.);
#15433 = DIRECTION('',(0.,0.,1.));
#15434 = CYLINDRICAL_SURFACE('',#15435,0.3);
#15435 = AXIS2_PLACEMENT_3D('',#15436,#15437,#15438);
#15436 = CARTESIAN_POINT('',(7.25,10.3,-4.6E-02));
#15437 = DIRECTION('',(-0.,-0.,-1.));
#15438 = DIRECTION('',(-1.,0.,-0.));
#15439 = ADVANCED_FACE('',(#15440),#15451,.T.);
#15440 = FACE_BOUND('',#15441,.T.);
#15441 = EDGE_LOOP('',(#15442,#15443,#15444,#15445));
#15442 = ORIENTED_EDGE('',*,*,#13886,.T.);
#15443 = ORIENTED_EDGE('',*,*,#15429,.T.);
#15444 = ORIENTED_EDGE('',*,*,#14490,.F.);
#15445 = ORIENTED_EDGE('',*,*,#15446,.F.);
#15446 = EDGE_CURVE('',#13878,#14482,#15447,.T.);
#15447 = LINE('',#15448,#15449);
#15448 = CARTESIAN_POINT('',(7.55,11.4,-4.6E-02));
#15449 = VECTOR('',#15450,1.);
#15450 = DIRECTION('',(0.,0.,1.));
#15451 = PLANE('',#15452);
#15452 = AXIS2_PLACEMENT_3D('',#15453,#15454,#15455);
#15453 = CARTESIAN_POINT('',(7.55,10.3,-4.6E-02));
#15454 = DIRECTION('',(-1.,0.,0.));
#15455 = DIRECTION('',(0.,1.,0.));
#15456 = ADVANCED_FACE('',(#15457),#15468,.F.);
#15457 = FACE_BOUND('',#15458,.T.);
#15458 = EDGE_LOOP('',(#15459,#15460,#15461,#15462));
#15459 = ORIENTED_EDGE('',*,*,#13877,.T.);
#15460 = ORIENTED_EDGE('',*,*,#15446,.T.);
#15461 = ORIENTED_EDGE('',*,*,#14481,.F.);
#15462 = ORIENTED_EDGE('',*,*,#15463,.F.);
#15463 = EDGE_CURVE('',#13870,#14474,#15464,.T.);
#15464 = LINE('',#15465,#15466);
#15465 = CARTESIAN_POINT('',(6.95,11.4,-4.6E-02));
#15466 = VECTOR('',#15467,1.);
#15467 = DIRECTION('',(0.,0.,1.));
#15468 = CYLINDRICAL_SURFACE('',#15469,0.3);
#15469 = AXIS2_PLACEMENT_3D('',#15470,#15471,#15472);
#15470 = CARTESIAN_POINT('',(7.25,11.4,-4.6E-02));
#15471 = DIRECTION('',(-0.,-0.,-1.));
#15472 = DIRECTION('',(1.,0.,-0.));
#15473 = ADVANCED_FACE('',(#15474),#15480,.T.);
#15474 = FACE_BOUND('',#15475,.T.);
#15475 = EDGE_LOOP('',(#15476,#15477,#15478,#15479));
#15476 = ORIENTED_EDGE('',*,*,#13869,.T.);
#15477 = ORIENTED_EDGE('',*,*,#15463,.T.);
#15478 = ORIENTED_EDGE('',*,*,#14473,.F.);
#15479 = ORIENTED_EDGE('',*,*,#15422,.F.);
#15480 = PLANE('',#15481);
#15481 = AXIS2_PLACEMENT_3D('',#15482,#15483,#15484);
#15482 = CARTESIAN_POINT('',(6.95,11.4,-4.6E-02));
#15483 = DIRECTION('',(1.,0.,-0.));
#15484 = DIRECTION('',(0.,-1.,0.));
#15485 = ADVANCED_FACE('',(#15486),#15502,.F.);
#15486 = FACE_BOUND('',#15487,.T.);
#15487 = EDGE_LOOP('',(#15488,#15489,#15495,#15496));
#15488 = ORIENTED_EDGE('',*,*,#13894,.T.);
#15489 = ORIENTED_EDGE('',*,*,#15490,.T.);
#15490 = EDGE_CURVE('',#13897,#14501,#15491,.T.);
#15491 = LINE('',#15492,#15493);
#15492 = CARTESIAN_POINT('',(11.45,10.3,-4.6E-02));
#15493 = VECTOR('',#15494,1.);
#15494 = DIRECTION('',(0.,0.,1.));
#15495 = ORIENTED_EDGE('',*,*,#14498,.F.);
#15496 = ORIENTED_EDGE('',*,*,#15497,.F.);
#15497 = EDGE_CURVE('',#13895,#14499,#15498,.T.);
#15498 = LINE('',#15499,#15500);
#15499 = CARTESIAN_POINT('',(12.05,10.3,-4.6E-02));
#15500 = VECTOR('',#15501,1.);
#15501 = DIRECTION('',(0.,0.,1.));
#15502 = CYLINDRICAL_SURFACE('',#15503,0.3);
#15503 = AXIS2_PLACEMENT_3D('',#15504,#15505,#15506);
#15504 = CARTESIAN_POINT('',(11.75,10.3,-4.6E-02));
#15505 = DIRECTION('',(-0.,-0.,-1.));
#15506 = DIRECTION('',(-1.,0.,-0.));
#15507 = ADVANCED_FACE('',(#15508),#15519,.T.);
#15508 = FACE_BOUND('',#15509,.T.);
#15509 = EDGE_LOOP('',(#15510,#15511,#15512,#15513));
#15510 = ORIENTED_EDGE('',*,*,#13922,.T.);
#15511 = ORIENTED_EDGE('',*,*,#15497,.T.);
#15512 = ORIENTED_EDGE('',*,*,#14526,.F.);
#15513 = ORIENTED_EDGE('',*,*,#15514,.F.);
#15514 = EDGE_CURVE('',#13914,#14518,#15515,.T.);
#15515 = LINE('',#15516,#15517);
#15516 = CARTESIAN_POINT('',(12.05,11.4,-4.6E-02));
#15517 = VECTOR('',#15518,1.);
#15518 = DIRECTION('',(0.,0.,1.));
#15519 = PLANE('',#15520);
#15520 = AXIS2_PLACEMENT_3D('',#15521,#15522,#15523);
#15521 = CARTESIAN_POINT('',(12.05,10.3,-4.6E-02));
#15522 = DIRECTION('',(-1.,0.,0.));
#15523 = DIRECTION('',(0.,1.,0.));
#15524 = ADVANCED_FACE('',(#15525),#15536,.F.);
#15525 = FACE_BOUND('',#15526,.T.);
#15526 = EDGE_LOOP('',(#15527,#15528,#15529,#15530));
#15527 = ORIENTED_EDGE('',*,*,#13913,.T.);
#15528 = ORIENTED_EDGE('',*,*,#15514,.T.);
#15529 = ORIENTED_EDGE('',*,*,#14517,.F.);
#15530 = ORIENTED_EDGE('',*,*,#15531,.F.);
#15531 = EDGE_CURVE('',#13906,#14510,#15532,.T.);
#15532 = LINE('',#15533,#15534);
#15533 = CARTESIAN_POINT('',(11.45,11.4,-4.6E-02));
#15534 = VECTOR('',#15535,1.);
#15535 = DIRECTION('',(0.,0.,1.));
#15536 = CYLINDRICAL_SURFACE('',#15537,0.3);
#15537 = AXIS2_PLACEMENT_3D('',#15538,#15539,#15540);
#15538 = CARTESIAN_POINT('',(11.75,11.4,-4.6E-02));
#15539 = DIRECTION('',(-0.,-0.,-1.));
#15540 = DIRECTION('',(1.,5.921189464667E-15,-0.));
#15541 = ADVANCED_FACE('',(#15542),#15548,.T.);
#15542 = FACE_BOUND('',#15543,.T.);
#15543 = EDGE_LOOP('',(#15544,#15545,#15546,#15547));
#15544 = ORIENTED_EDGE('',*,*,#13905,.T.);
#15545 = ORIENTED_EDGE('',*,*,#15531,.T.);
#15546 = ORIENTED_EDGE('',*,*,#14509,.F.);
#15547 = ORIENTED_EDGE('',*,*,#15490,.F.);
#15548 = PLANE('',#15549);
#15549 = AXIS2_PLACEMENT_3D('',#15550,#15551,#15552);
#15550 = CARTESIAN_POINT('',(11.45,11.4,-4.6E-02));
#15551 = DIRECTION('',(1.,0.,-0.));
#15552 = DIRECTION('',(0.,-1.,0.));
#15553 = ADVANCED_FACE('',(#15554),#15570,.F.);
#15554 = FACE_BOUND('',#15555,.T.);
#15555 = EDGE_LOOP('',(#15556,#15557,#15563,#15564));
#15556 = ORIENTED_EDGE('',*,*,#13930,.T.);
#15557 = ORIENTED_EDGE('',*,*,#15558,.T.);
#15558 = EDGE_CURVE('',#13933,#14537,#15559,.T.);
#15559 = LINE('',#15560,#15561);
#15560 = CARTESIAN_POINT('',(24.95,10.3,-4.6E-02));
#15561 = VECTOR('',#15562,1.);
#15562 = DIRECTION('',(0.,0.,1.));
#15563 = ORIENTED_EDGE('',*,*,#14534,.F.);
#15564 = ORIENTED_EDGE('',*,*,#15565,.F.);
#15565 = EDGE_CURVE('',#13931,#14535,#15566,.T.);
#15566 = LINE('',#15567,#15568);
#15567 = CARTESIAN_POINT('',(25.55,10.3,-4.6E-02));
#15568 = VECTOR('',#15569,1.);
#15569 = DIRECTION('',(0.,0.,1.));
#15570 = CYLINDRICAL_SURFACE('',#15571,0.3);
#15571 = AXIS2_PLACEMENT_3D('',#15572,#15573,#15574);
#15572 = CARTESIAN_POINT('',(25.25,10.3,-4.6E-02));
#15573 = DIRECTION('',(-0.,-0.,-1.));
#15574 = DIRECTION('',(-1.,5.921189464667E-15,-0.));
#15575 = ADVANCED_FACE('',(#15576),#15587,.T.);
#15576 = FACE_BOUND('',#15577,.T.);
#15577 = EDGE_LOOP('',(#15578,#15579,#15580,#15581));
#15578 = ORIENTED_EDGE('',*,*,#13958,.T.);
#15579 = ORIENTED_EDGE('',*,*,#15565,.T.);
#15580 = ORIENTED_EDGE('',*,*,#14562,.F.);
#15581 = ORIENTED_EDGE('',*,*,#15582,.F.);
#15582 = EDGE_CURVE('',#13950,#14554,#15583,.T.);
#15583 = LINE('',#15584,#15585);
#15584 = CARTESIAN_POINT('',(25.55,11.4,-4.6E-02));
#15585 = VECTOR('',#15586,1.);
#15586 = DIRECTION('',(0.,0.,1.));
#15587 = PLANE('',#15588);
#15588 = AXIS2_PLACEMENT_3D('',#15589,#15590,#15591);
#15589 = CARTESIAN_POINT('',(25.55,10.3,-4.6E-02));
#15590 = DIRECTION('',(-1.,0.,0.));
#15591 = DIRECTION('',(0.,1.,0.));
#15592 = ADVANCED_FACE('',(#15593),#15604,.F.);
#15593 = FACE_BOUND('',#15594,.T.);
#15594 = EDGE_LOOP('',(#15595,#15596,#15597,#15598));
#15595 = ORIENTED_EDGE('',*,*,#13949,.T.);
#15596 = ORIENTED_EDGE('',*,*,#15582,.T.);
#15597 = ORIENTED_EDGE('',*,*,#14553,.F.);
#15598 = ORIENTED_EDGE('',*,*,#15599,.F.);
#15599 = EDGE_CURVE('',#13942,#14546,#15600,.T.);
#15600 = LINE('',#15601,#15602);
#15601 = CARTESIAN_POINT('',(24.95,11.4,-4.6E-02));
#15602 = VECTOR('',#15603,1.);
#15603 = DIRECTION('',(0.,0.,1.));
#15604 = CYLINDRICAL_SURFACE('',#15605,0.3);
#15605 = AXIS2_PLACEMENT_3D('',#15606,#15607,#15608);
#15606 = CARTESIAN_POINT('',(25.25,11.4,-4.6E-02));
#15607 = DIRECTION('',(-0.,-0.,-1.));
#15608 = DIRECTION('',(1.,-5.921189464667E-15,0.));
#15609 = ADVANCED_FACE('',(#15610),#15616,.T.);
#15610 = FACE_BOUND('',#15611,.T.);
#15611 = EDGE_LOOP('',(#15612,#15613,#15614,#15615));
#15612 = ORIENTED_EDGE('',*,*,#13941,.T.);
#15613 = ORIENTED_EDGE('',*,*,#15599,.T.);
#15614 = ORIENTED_EDGE('',*,*,#14545,.F.);
#15615 = ORIENTED_EDGE('',*,*,#15558,.F.);
#15616 = PLANE('',#15617);
#15617 = AXIS2_PLACEMENT_3D('',#15618,#15619,#15620);
#15618 = CARTESIAN_POINT('',(24.95,11.4,-4.6E-02));
#15619 = DIRECTION('',(1.,0.,-0.));
#15620 = DIRECTION('',(0.,-1.,0.));
#15621 = ( GEOMETRIC_REPRESENTATION_CONTEXT(3) 
GLOBAL_UNCERTAINTY_ASSIGNED_CONTEXT((#15625)) 
GLOBAL_UNIT_ASSIGNED_CONTEXT((#15622,#15623,#15624)) 
REPRESENTATION_CONTEXT('Context #1',
  '3D Context with UNIT and UNCERTAINTY') );
#15622 = ( LENGTH_UNIT() NAMED_UNIT(*) SI_UNIT(.MILLI.,.METRE.) );
#15623 = ( NAMED_UNIT(*) PLANE_ANGLE_UNIT() SI_UNIT($,.RADIAN.) );
#15624 = ( NAMED_UNIT(*) SI_UNIT($,.STERADIAN.) SOLID_ANGLE_UNIT() );
#15625 = UNCERTAINTY_MEASURE_WITH_UNIT(LENGTH_MEASURE(1.E-07),#15622,
  'distance_accuracy_value','confusion accuracy');
#15626 = CONTEXT_DEPENDENT_SHAPE_REPRESENTATION(#15627,#15629);
#15627 = ( REPRESENTATION_RELATIONSHIP('','',#13338,#10) 
REPRESENTATION_RELATIONSHIP_WITH_TRANSFORMATION(#15628) 
SHAPE_REPRESENTATION_RELATIONSHIP() );
#15628 = ITEM_DEFINED_TRANSFORMATION('','',#11,#43);
#15629 = PRODUCT_DEFINITION_SHAPE('Placement','Placement of an item',
  #15630);
#15630 = NEXT_ASSEMBLY_USAGE_OCCURRENCE('10','=>[0:1:1:11]','',#5,#13333
  ,$);
#15631 = PRODUCT_RELATED_PRODUCT_CATEGORY('part',$,(#13335));
#15632 = MECHANICAL_DESIGN_GEOMETRIC_PRESENTATION_REPRESENTATION('',(
    #15633),#15621);
#15633 = STYLED_ITEM('color',(#15634),#13339);
#15634 = PRESENTATION_STYLE_ASSIGNMENT((#15635));
#15635 = SURFACE_STYLE_USAGE(.BOTH.,#15636);
#15636 = SURFACE_SIDE_STYLE('',(#15637,#15641));
#15637 = SURFACE_STYLE_FILL_AREA(#15638);
#15638 = FILL_AREA_STYLE('',(#15639));
#15639 = FILL_AREA_STYLE_COLOUR('',#15640);
#15640 = COLOUR_RGB('',0.679975718802,0.701410709185,0.574871009914);
#15641 = SURFACE_STYLE_RENDERING_WITH_PROPERTIES(.NORMAL_SHADING.,#15640
  ,(#15642));
#15642 = SURFACE_STYLE_TRANSPARENT(1.999998092651E-02);
#15643 = MECHANICAL_DESIGN_GEOMETRIC_PRESENTATION_REPRESENTATION('',(
    #15644),#12487);
#15644 = STYLED_ITEM('color',(#15645),#11675);
#15645 = PRESENTATION_STYLE_ASSIGNMENT((#15646));
#15646 = SURFACE_STYLE_USAGE(.BOTH.,#15647);
#15647 = SURFACE_SIDE_STYLE('',(#15648,#15652));
#15648 = SURFACE_STYLE_FILL_AREA(#15649);
#15649 = FILL_AREA_STYLE('',(#15650));
#15650 = FILL_AREA_STYLE_COLOUR('',#15651);
#15651 = COLOUR_RGB('',0.313304153717,0.484529207832,0.410020903123);
#15652 = SURFACE_STYLE_RENDERING_WITH_PROPERTIES(.NORMAL_SHADING.,#15651
  ,(#15653));
#15653 = SURFACE_STYLE_TRANSPARENT(0.170000016689);
#15654 = MECHANICAL_DESIGN_GEOMETRIC_PRESENTATION_REPRESENTATION('',(
    #15655),#3105);
#15655 = STYLED_ITEM('color',(#15656),#3013);
#15656 = PRESENTATION_STYLE_ASSIGNMENT((#15657));
#15657 = SURFACE_STYLE_USAGE(.BOTH.,#15658);
#15658 = SURFACE_SIDE_STYLE('',(#15659));
#15659 = SURFACE_STYLE_FILL_AREA(#15660);
#15660 = FILL_AREA_STYLE('',(#15661));
#15661 = FILL_AREA_STYLE_COLOUR('',#15662);
#15662 = COLOUR_RGB('',0.854305825093,0.803630995277,0.);
#15663 = MECHANICAL_DESIGN_GEOMETRIC_PRESENTATION_REPRESENTATION('',(
    #15664,#15672,#15679,#15686,#15693,#15700,#15707,#15714,#15722,
    #15729,#15736,#15743,#15750,#15757,#15765,#15772,#15779,#15786,
    #15793,#15800,#15807,#15814,#15821,#15828,#15835,#15842),#874);
#15664 = STYLED_ITEM('color',(#15665),#86);
#15665 = PRESENTATION_STYLE_ASSIGNMENT((#15666));
#15666 = SURFACE_STYLE_USAGE(.BOTH.,#15667);
#15667 = SURFACE_SIDE_STYLE('',(#15668));
#15668 = SURFACE_STYLE_FILL_AREA(#15669);
#15669 = FILL_AREA_STYLE('',(#15670));
#15670 = FILL_AREA_STYLE_COLOUR('',#15671);
#15671 = COLOUR_RGB('',0.823999987314,0.819999987296,0.781000009244);
#15672 = STYLED_ITEM('color',(#15673),#126);
#15673 = PRESENTATION_STYLE_ASSIGNMENT((#15674));
#15674 = SURFACE_STYLE_USAGE(.BOTH.,#15675);
#15675 = SURFACE_SIDE_STYLE('',(#15676));
#15676 = SURFACE_STYLE_FILL_AREA(#15677);
#15677 = FILL_AREA_STYLE('',(#15678));
#15678 = FILL_AREA_STYLE_COLOUR('',#15671);
#15679 = STYLED_ITEM('color',(#15680),#209);
#15680 = PRESENTATION_STYLE_ASSIGNMENT((#15681));
#15681 = SURFACE_STYLE_USAGE(.BOTH.,#15682);
#15682 = SURFACE_SIDE_STYLE('',(#15683));
#15683 = SURFACE_STYLE_FILL_AREA(#15684);
#15684 = FILL_AREA_STYLE('',(#15685));
#15685 = FILL_AREA_STYLE_COLOUR('',#15671);
#15686 = STYLED_ITEM('color',(#15687),#234);
#15687 = PRESENTATION_STYLE_ASSIGNMENT((#15688));
#15688 = SURFACE_STYLE_USAGE(.BOTH.,#15689);
#15689 = SURFACE_SIDE_STYLE('',(#15690));
#15690 = SURFACE_STYLE_FILL_AREA(#15691);
#15691 = FILL_AREA_STYLE('',(#15692));
#15692 = FILL_AREA_STYLE_COLOUR('',#15671);
#15693 = STYLED_ITEM('color',(#15694),#259);
#15694 = PRESENTATION_STYLE_ASSIGNMENT((#15695));
#15695 = SURFACE_STYLE_USAGE(.BOTH.,#15696);
#15696 = SURFACE_SIDE_STYLE('',(#15697));
#15697 = SURFACE_STYLE_FILL_AREA(#15698);
#15698 = FILL_AREA_STYLE('',(#15699));
#15699 = FILL_AREA_STYLE_COLOUR('',#15671);
#15700 = STYLED_ITEM('color',(#15701),#326);
#15701 = PRESENTATION_STYLE_ASSIGNMENT((#15702));
#15702 = SURFACE_STYLE_USAGE(.BOTH.,#15703);
#15703 = SURFACE_SIDE_STYLE('',(#15704));
#15704 = SURFACE_STYLE_FILL_AREA(#15705);
#15705 = FILL_AREA_STYLE('',(#15706));
#15706 = FILL_AREA_STYLE_COLOUR('',#15671);
#15707 = STYLED_ITEM('color',(#15708),#343);
#15708 = PRESENTATION_STYLE_ASSIGNMENT((#15709));
#15709 = SURFACE_STYLE_USAGE(.BOTH.,#15710);
#15710 = SURFACE_SIDE_STYLE('',(#15711));
#15711 = SURFACE_STYLE_FILL_AREA(#15712);
#15712 = FILL_AREA_STYLE('',(#15713));
#15713 = FILL_AREA_STYLE_COLOUR('',#15671);
#15714 = STYLED_ITEM('color',(#15715),#360);
#15715 = PRESENTATION_STYLE_ASSIGNMENT((#15716));
#15716 = SURFACE_STYLE_USAGE(.BOTH.,#15717);
#15717 = SURFACE_SIDE_STYLE('',(#15718));
#15718 = SURFACE_STYLE_FILL_AREA(#15719);
#15719 = FILL_AREA_STYLE('',(#15720));
#15720 = FILL_AREA_STYLE_COLOUR('',#15721);
#15721 = COLOUR_RGB('',0.894999966383,0.890999961016,0.813000030345);
#15722 = STYLED_ITEM('color',(#15723),#409);
#15723 = PRESENTATION_STYLE_ASSIGNMENT((#15724));
#15724 = SURFACE_STYLE_USAGE(.BOTH.,#15725);
#15725 = SURFACE_SIDE_STYLE('',(#15726));
#15726 = SURFACE_STYLE_FILL_AREA(#15727);
#15727 = FILL_AREA_STYLE('',(#15728));
#15728 = FILL_AREA_STYLE_COLOUR('',#15671);
#15729 = STYLED_ITEM('color',(#15730),#426);
#15730 = PRESENTATION_STYLE_ASSIGNMENT((#15731));
#15731 = SURFACE_STYLE_USAGE(.BOTH.,#15732);
#15732 = SURFACE_SIDE_STYLE('',(#15733));
#15733 = SURFACE_STYLE_FILL_AREA(#15734);
#15734 = FILL_AREA_STYLE('',(#15735));
#15735 = FILL_AREA_STYLE_COLOUR('',#15671);
#15736 = STYLED_ITEM('color',(#15737),#443);
#15737 = PRESENTATION_STYLE_ASSIGNMENT((#15738));
#15738 = SURFACE_STYLE_USAGE(.BOTH.,#15739);
#15739 = SURFACE_SIDE_STYLE('',(#15740));
#15740 = SURFACE_STYLE_FILL_AREA(#15741);
#15741 = FILL_AREA_STYLE('',(#15742));
#15742 = FILL_AREA_STYLE_COLOUR('',#15721);
#15743 = STYLED_ITEM('color',(#15744),#492);
#15744 = PRESENTATION_STYLE_ASSIGNMENT((#15745));
#15745 = SURFACE_STYLE_USAGE(.BOTH.,#15746);
#15746 = SURFACE_SIDE_STYLE('',(#15747));
#15747 = SURFACE_STYLE_FILL_AREA(#15748);
#15748 = FILL_AREA_STYLE('',(#15749));
#15749 = FILL_AREA_STYLE_COLOUR('',#15721);
#15750 = STYLED_ITEM('color',(#15751),#509);
#15751 = PRESENTATION_STYLE_ASSIGNMENT((#15752));
#15752 = SURFACE_STYLE_USAGE(.BOTH.,#15753);
#15753 = SURFACE_SIDE_STYLE('',(#15754));
#15754 = SURFACE_STYLE_FILL_AREA(#15755);
#15755 = FILL_AREA_STYLE('',(#15756));
#15756 = FILL_AREA_STYLE_COLOUR('',#15671);
#15757 = STYLED_ITEM('color',(#15758),#578);
#15758 = PRESENTATION_STYLE_ASSIGNMENT((#15759));
#15759 = SURFACE_STYLE_USAGE(.BOTH.,#15760);
#15760 = SURFACE_SIDE_STYLE('',(#15761));
#15761 = SURFACE_STYLE_FILL_AREA(#15762);
#15762 = FILL_AREA_STYLE('',(#15763));
#15763 = FILL_AREA_STYLE_COLOUR('',#15764);
#15764 = COLOUR_RGB('',8.200000279077E-02,8.600000121357E-02,
  9.399999706163E-02);
#15765 = STYLED_ITEM('color',(#15766),#609);
#15766 = PRESENTATION_STYLE_ASSIGNMENT((#15767));
#15767 = SURFACE_STYLE_USAGE(.BOTH.,#15768);
#15768 = SURFACE_SIDE_STYLE('',(#15769));
#15769 = SURFACE_STYLE_FILL_AREA(#15770);
#15770 = FILL_AREA_STYLE('',(#15771));
#15771 = FILL_AREA_STYLE_COLOUR('',#15764);
#15772 = STYLED_ITEM('color',(#15773),#633);
#15773 = PRESENTATION_STYLE_ASSIGNMENT((#15774));
#15774 = SURFACE_STYLE_USAGE(.BOTH.,#15775);
#15775 = SURFACE_SIDE_STYLE('',(#15776));
#15776 = SURFACE_STYLE_FILL_AREA(#15777);
#15777 = FILL_AREA_STYLE('',(#15778));
#15778 = FILL_AREA_STYLE_COLOUR('',#15671);
#15779 = STYLED_ITEM('color',(#15780),#702);
#15780 = PRESENTATION_STYLE_ASSIGNMENT((#15781));
#15781 = SURFACE_STYLE_USAGE(.BOTH.,#15782);
#15782 = SURFACE_SIDE_STYLE('',(#15783));
#15783 = SURFACE_STYLE_FILL_AREA(#15784);
#15784 = FILL_AREA_STYLE('',(#15785));
#15785 = FILL_AREA_STYLE_COLOUR('',#15764);
#15786 = STYLED_ITEM('color',(#15787),#726);
#15787 = PRESENTATION_STYLE_ASSIGNMENT((#15788));
#15788 = SURFACE_STYLE_USAGE(.BOTH.,#15789);
#15789 = SURFACE_SIDE_STYLE('',(#15790));
#15790 = SURFACE_STYLE_FILL_AREA(#15791);
#15791 = FILL_AREA_STYLE('',(#15792));
#15792 = FILL_AREA_STYLE_COLOUR('',#15671);
#15793 = STYLED_ITEM('color',(#15794),#743);
#15794 = PRESENTATION_STYLE_ASSIGNMENT((#15795));
#15795 = SURFACE_STYLE_USAGE(.BOTH.,#15796);
#15796 = SURFACE_SIDE_STYLE('',(#15797));
#15797 = SURFACE_STYLE_FILL_AREA(#15798);
#15798 = FILL_AREA_STYLE('',(#15799));
#15799 = FILL_AREA_STYLE_COLOUR('',#15671);
#15800 = STYLED_ITEM('color',(#15801),#760);
#15801 = PRESENTATION_STYLE_ASSIGNMENT((#15802));
#15802 = SURFACE_STYLE_USAGE(.BOTH.,#15803);
#15803 = SURFACE_SIDE_STYLE('',(#15804));
#15804 = SURFACE_STYLE_FILL_AREA(#15805);
#15805 = FILL_AREA_STYLE('',(#15806));
#15806 = FILL_AREA_STYLE_COLOUR('',#15671);
#15807 = STYLED_ITEM('color',(#15808),#777);
#15808 = PRESENTATION_STYLE_ASSIGNMENT((#15809));
#15809 = SURFACE_STYLE_USAGE(.BOTH.,#15810);
#15810 = SURFACE_SIDE_STYLE('',(#15811));
#15811 = SURFACE_STYLE_FILL_AREA(#15812);
#15812 = FILL_AREA_STYLE('',(#15813));
#15813 = FILL_AREA_STYLE_COLOUR('',#15671);
#15814 = STYLED_ITEM('color',(#15815),#794);
#15815 = PRESENTATION_STYLE_ASSIGNMENT((#15816));
#15816 = SURFACE_STYLE_USAGE(.BOTH.,#15817);
#15817 = SURFACE_SIDE_STYLE('',(#15818));
#15818 = SURFACE_STYLE_FILL_AREA(#15819);
#15819 = FILL_AREA_STYLE('',(#15820));
#15820 = FILL_AREA_STYLE_COLOUR('',#15671);
#15821 = STYLED_ITEM('color',(#15822),#811);
#15822 = PRESENTATION_STYLE_ASSIGNMENT((#15823));
#15823 = SURFACE_STYLE_USAGE(.BOTH.,#15824);
#15824 = SURFACE_SIDE_STYLE('',(#15825));
#15825 = SURFACE_STYLE_FILL_AREA(#15826);
#15826 = FILL_AREA_STYLE('',(#15827));
#15827 = FILL_AREA_STYLE_COLOUR('',#15671);
#15828 = STYLED_ITEM('color',(#15829),#828);
#15829 = PRESENTATION_STYLE_ASSIGNMENT((#15830));
#15830 = SURFACE_STYLE_USAGE(.BOTH.,#15831);
#15831 = SURFACE_SIDE_STYLE('',(#15832));
#15832 = SURFACE_STYLE_FILL_AREA(#15833);
#15833 = FILL_AREA_STYLE('',(#15834));
#15834 = FILL_AREA_STYLE_COLOUR('',#15671);
#15835 = STYLED_ITEM('color',(#15836),#845);
#15836 = PRESENTATION_STYLE_ASSIGNMENT((#15837));
#15837 = SURFACE_STYLE_USAGE(.BOTH.,#15838);
#15838 = SURFACE_SIDE_STYLE('',(#15839));
#15839 = SURFACE_STYLE_FILL_AREA(#15840);
#15840 = FILL_AREA_STYLE('',(#15841));
#15841 = FILL_AREA_STYLE_COLOUR('',#15764);
#15842 = STYLED_ITEM('color',(#15843),#862);
#15843 = PRESENTATION_STYLE_ASSIGNMENT((#15844));
#15844 = SURFACE_STYLE_USAGE(.BOTH.,#15845);
#15845 = SURFACE_SIDE_STYLE('',(#15846));
#15846 = SURFACE_STYLE_FILL_AREA(#15847);
#15847 = FILL_AREA_STYLE('',(#15848));
#15848 = FILL_AREA_STYLE_COLOUR('',#15764);
#15849 = MECHANICAL_DESIGN_GEOMETRIC_PRESENTATION_REPRESENTATION('',(
    #15850,#15860,#15869,#15878,#15887,#15896,#15905,#15914,#15923,
    #15932,#15941,#15950,#15959,#15968,#15977,#15986,#15995,#16004,
    #16013,#16022,#16031,#16040,#16049,#16058,#16067,#16076,#16085,
    #16094,#16103,#16112,#16121,#16130,#16139,#16148,#16157,#16166,
    #16175,#16184,#16193,#16202,#16211,#16220,#16229,#16238,#16247,
    #16256,#16265,#16274,#16283,#16292,#16301,#16310,#16319,#16328,
    #16337,#16346,#16355,#16364,#16373,#16382,#16391,#16400,#16409,
    #16418,#16427,#16436,#16445,#16454,#16463,#16472,#16481,#16490,
    #16499,#16508,#16517,#16526,#16535,#16544,#16553,#16562,#16571,
    #16580,#16589,#16598,#16607,#16616,#16625,#16634,#16643,#16652,
    #16661,#16670,#16679,#16688,#16697,#16706,#16715,#16724,#16733,
    #16742,#16751,#16760,#16769,#16778,#16787,#16796,#16805,#16814,
    #16823,#16832,#16841,#16850,#16859,#16868,#16877,#16886,#16895,
    #16904,#16913,#16922,#16931,#16940,#16949,#16958,#16967,#16976),
  #11654);
#15850 = STYLED_ITEM('color',(#15851),#3126);
#15851 = PRESENTATION_STYLE_ASSIGNMENT((#15852));
#15852 = SURFACE_STYLE_USAGE(.BOTH.,#15853);
#15853 = SURFACE_SIDE_STYLE('',(#15854,#15858));
#15854 = SURFACE_STYLE_FILL_AREA(#15855);
#15855 = FILL_AREA_STYLE('',(#15856));
#15856 = FILL_AREA_STYLE_COLOUR('',#15857);
#15857 = DRAUGHTING_PRE_DEFINED_COLOUR('white');
#15858 = SURFACE_STYLE_RENDERING_WITH_PROPERTIES(.NORMAL_SHADING.,#15857
  ,(#15859));
#15859 = SURFACE_STYLE_TRANSPARENT(0.100000023842);
#15860 = STYLED_ITEM('color',(#15861),#3228);
#15861 = PRESENTATION_STYLE_ASSIGNMENT((#15862));
#15862 = SURFACE_STYLE_USAGE(.BOTH.,#15863);
#15863 = SURFACE_SIDE_STYLE('',(#15864,#15867));
#15864 = SURFACE_STYLE_FILL_AREA(#15865);
#15865 = FILL_AREA_STYLE('',(#15866));
#15866 = FILL_AREA_STYLE_COLOUR('',#15857);
#15867 = SURFACE_STYLE_RENDERING_WITH_PROPERTIES(.NORMAL_SHADING.,#15857
  ,(#15868));
#15868 = SURFACE_STYLE_TRANSPARENT(0.100000023842);
#15869 = STYLED_ITEM('color',(#15870),#3305);
#15870 = PRESENTATION_STYLE_ASSIGNMENT((#15871));
#15871 = SURFACE_STYLE_USAGE(.BOTH.,#15872);
#15872 = SURFACE_SIDE_STYLE('',(#15873,#15876));
#15873 = SURFACE_STYLE_FILL_AREA(#15874);
#15874 = FILL_AREA_STYLE('',(#15875));
#15875 = FILL_AREA_STYLE_COLOUR('',#15857);
#15876 = SURFACE_STYLE_RENDERING_WITH_PROPERTIES(.NORMAL_SHADING.,#15857
  ,(#15877));
#15877 = SURFACE_STYLE_TRANSPARENT(0.100000023842);
#15878 = STYLED_ITEM('color',(#15879),#3349);
#15879 = PRESENTATION_STYLE_ASSIGNMENT((#15880));
#15880 = SURFACE_STYLE_USAGE(.BOTH.,#15881);
#15881 = SURFACE_SIDE_STYLE('',(#15882,#15885));
#15882 = SURFACE_STYLE_FILL_AREA(#15883);
#15883 = FILL_AREA_STYLE('',(#15884));
#15884 = FILL_AREA_STYLE_COLOUR('',#15857);
#15885 = SURFACE_STYLE_RENDERING_WITH_PROPERTIES(.NORMAL_SHADING.,#15857
  ,(#15886));
#15886 = SURFACE_STYLE_TRANSPARENT(0.100000023842);
#15887 = STYLED_ITEM('color',(#15888),#3393);
#15888 = PRESENTATION_STYLE_ASSIGNMENT((#15889));
#15889 = SURFACE_STYLE_USAGE(.BOTH.,#15890);
#15890 = SURFACE_SIDE_STYLE('',(#15891,#15894));
#15891 = SURFACE_STYLE_FILL_AREA(#15892);
#15892 = FILL_AREA_STYLE('',(#15893));
#15893 = FILL_AREA_STYLE_COLOUR('',#15857);
#15894 = SURFACE_STYLE_RENDERING_WITH_PROPERTIES(.NORMAL_SHADING.,#15857
  ,(#15895));
#15895 = SURFACE_STYLE_TRANSPARENT(0.100000023842);
#15896 = STYLED_ITEM('color',(#15897),#3437);
#15897 = PRESENTATION_STYLE_ASSIGNMENT((#15898));
#15898 = SURFACE_STYLE_USAGE(.BOTH.,#15899);
#15899 = SURFACE_SIDE_STYLE('',(#15900,#15903));
#15900 = SURFACE_STYLE_FILL_AREA(#15901);
#15901 = FILL_AREA_STYLE('',(#15902));
#15902 = FILL_AREA_STYLE_COLOUR('',#15857);
#15903 = SURFACE_STYLE_RENDERING_WITH_PROPERTIES(.NORMAL_SHADING.,#15857
  ,(#15904));
#15904 = SURFACE_STYLE_TRANSPARENT(0.100000023842);
#15905 = STYLED_ITEM('color',(#15906),#3481);
#15906 = PRESENTATION_STYLE_ASSIGNMENT((#15907));
#15907 = SURFACE_STYLE_USAGE(.BOTH.,#15908);
#15908 = SURFACE_SIDE_STYLE('',(#15909,#15912));
#15909 = SURFACE_STYLE_FILL_AREA(#15910);
#15910 = FILL_AREA_STYLE('',(#15911));
#15911 = FILL_AREA_STYLE_COLOUR('',#15857);
#15912 = SURFACE_STYLE_RENDERING_WITH_PROPERTIES(.NORMAL_SHADING.,#15857
  ,(#15913));
#15913 = SURFACE_STYLE_TRANSPARENT(0.100000023842);
#15914 = STYLED_ITEM('color',(#15915),#3525);
#15915 = PRESENTATION_STYLE_ASSIGNMENT((#15916));
#15916 = SURFACE_STYLE_USAGE(.BOTH.,#15917);
#15917 = SURFACE_SIDE_STYLE('',(#15918,#15921));
#15918 = SURFACE_STYLE_FILL_AREA(#15919);
#15919 = FILL_AREA_STYLE('',(#15920));
#15920 = FILL_AREA_STYLE_COLOUR('',#15857);
#15921 = SURFACE_STYLE_RENDERING_WITH_PROPERTIES(.NORMAL_SHADING.,#15857
  ,(#15922));
#15922 = SURFACE_STYLE_TRANSPARENT(0.100000023842);
#15923 = STYLED_ITEM('color',(#15924),#3602);
#15924 = PRESENTATION_STYLE_ASSIGNMENT((#15925));
#15925 = SURFACE_STYLE_USAGE(.BOTH.,#15926);
#15926 = SURFACE_SIDE_STYLE('',(#15927,#15930));
#15927 = SURFACE_STYLE_FILL_AREA(#15928);
#15928 = FILL_AREA_STYLE('',(#15929));
#15929 = FILL_AREA_STYLE_COLOUR('',#15857);
#15930 = SURFACE_STYLE_RENDERING_WITH_PROPERTIES(.NORMAL_SHADING.,#15857
  ,(#15931));
#15931 = SURFACE_STYLE_TRANSPARENT(0.100000023842);
#15932 = STYLED_ITEM('color',(#15933),#3679);
#15933 = PRESENTATION_STYLE_ASSIGNMENT((#15934));
#15934 = SURFACE_STYLE_USAGE(.BOTH.,#15935);
#15935 = SURFACE_SIDE_STYLE('',(#15936,#15939));
#15936 = SURFACE_STYLE_FILL_AREA(#15937);
#15937 = FILL_AREA_STYLE('',(#15938));
#15938 = FILL_AREA_STYLE_COLOUR('',#15857);
#15939 = SURFACE_STYLE_RENDERING_WITH_PROPERTIES(.NORMAL_SHADING.,#15857
  ,(#15940));
#15940 = SURFACE_STYLE_TRANSPARENT(0.100000023842);
#15941 = STYLED_ITEM('color',(#15942),#3723);
#15942 = PRESENTATION_STYLE_ASSIGNMENT((#15943));
#15943 = SURFACE_STYLE_USAGE(.BOTH.,#15944);
#15944 = SURFACE_SIDE_STYLE('',(#15945,#15948));
#15945 = SURFACE_STYLE_FILL_AREA(#15946);
#15946 = FILL_AREA_STYLE('',(#15947));
#15947 = FILL_AREA_STYLE_COLOUR('',#15857);
#15948 = SURFACE_STYLE_RENDERING_WITH_PROPERTIES(.NORMAL_SHADING.,#15857
  ,(#15949));
#15949 = SURFACE_STYLE_TRANSPARENT(0.100000023842);
#15950 = STYLED_ITEM('color',(#15951),#3767);
#15951 = PRESENTATION_STYLE_ASSIGNMENT((#15952));
#15952 = SURFACE_STYLE_USAGE(.BOTH.,#15953);
#15953 = SURFACE_SIDE_STYLE('',(#15954,#15957));
#15954 = SURFACE_STYLE_FILL_AREA(#15955);
#15955 = FILL_AREA_STYLE('',(#15956));
#15956 = FILL_AREA_STYLE_COLOUR('',#15857);
#15957 = SURFACE_STYLE_RENDERING_WITH_PROPERTIES(.NORMAL_SHADING.,#15857
  ,(#15958));
#15958 = SURFACE_STYLE_TRANSPARENT(0.100000023842);
#15959 = STYLED_ITEM('color',(#15960),#3811);
#15960 = PRESENTATION_STYLE_ASSIGNMENT((#15961));
#15961 = SURFACE_STYLE_USAGE(.BOTH.,#15962);
#15962 = SURFACE_SIDE_STYLE('',(#15963,#15966));
#15963 = SURFACE_STYLE_FILL_AREA(#15964);
#15964 = FILL_AREA_STYLE('',(#15965));
#15965 = FILL_AREA_STYLE_COLOUR('',#15857);
#15966 = SURFACE_STYLE_RENDERING_WITH_PROPERTIES(.NORMAL_SHADING.,#15857
  ,(#15967));
#15967 = SURFACE_STYLE_TRANSPARENT(0.100000023842);
#15968 = STYLED_ITEM('color',(#15969),#3855);
#15969 = PRESENTATION_STYLE_ASSIGNMENT((#15970));
#15970 = SURFACE_STYLE_USAGE(.BOTH.,#15971);
#15971 = SURFACE_SIDE_STYLE('',(#15972,#15975));
#15972 = SURFACE_STYLE_FILL_AREA(#15973);
#15973 = FILL_AREA_STYLE('',(#15974));
#15974 = FILL_AREA_STYLE_COLOUR('',#15857);
#15975 = SURFACE_STYLE_RENDERING_WITH_PROPERTIES(.NORMAL_SHADING.,#15857
  ,(#15976));
#15976 = SURFACE_STYLE_TRANSPARENT(0.100000023842);
#15977 = STYLED_ITEM('color',(#15978),#3899);
#15978 = PRESENTATION_STYLE_ASSIGNMENT((#15979));
#15979 = SURFACE_STYLE_USAGE(.BOTH.,#15980);
#15980 = SURFACE_SIDE_STYLE('',(#15981,#15984));
#15981 = SURFACE_STYLE_FILL_AREA(#15982);
#15982 = FILL_AREA_STYLE('',(#15983));
#15983 = FILL_AREA_STYLE_COLOUR('',#15857);
#15984 = SURFACE_STYLE_RENDERING_WITH_PROPERTIES(.NORMAL_SHADING.,#15857
  ,(#15985));
#15985 = SURFACE_STYLE_TRANSPARENT(0.100000023842);
#15986 = STYLED_ITEM('color',(#15987),#3976);
#15987 = PRESENTATION_STYLE_ASSIGNMENT((#15988));
#15988 = SURFACE_STYLE_USAGE(.BOTH.,#15989);
#15989 = SURFACE_SIDE_STYLE('',(#15990,#15993));
#15990 = SURFACE_STYLE_FILL_AREA(#15991);
#15991 = FILL_AREA_STYLE('',(#15992));
#15992 = FILL_AREA_STYLE_COLOUR('',#15857);
#15993 = SURFACE_STYLE_RENDERING_WITH_PROPERTIES(.NORMAL_SHADING.,#15857
  ,(#15994));
#15994 = SURFACE_STYLE_TRANSPARENT(0.100000023842);
#15995 = STYLED_ITEM('color',(#15996),#4053);
#15996 = PRESENTATION_STYLE_ASSIGNMENT((#15997));
#15997 = SURFACE_STYLE_USAGE(.BOTH.,#15998);
#15998 = SURFACE_SIDE_STYLE('',(#15999,#16002));
#15999 = SURFACE_STYLE_FILL_AREA(#16000);
#16000 = FILL_AREA_STYLE('',(#16001));
#16001 = FILL_AREA_STYLE_COLOUR('',#15857);
#16002 = SURFACE_STYLE_RENDERING_WITH_PROPERTIES(.NORMAL_SHADING.,#15857
  ,(#16003));
#16003 = SURFACE_STYLE_TRANSPARENT(0.100000023842);
#16004 = STYLED_ITEM('color',(#16005),#4097);
#16005 = PRESENTATION_STYLE_ASSIGNMENT((#16006));
#16006 = SURFACE_STYLE_USAGE(.BOTH.,#16007);
#16007 = SURFACE_SIDE_STYLE('',(#16008,#16011));
#16008 = SURFACE_STYLE_FILL_AREA(#16009);
#16009 = FILL_AREA_STYLE('',(#16010));
#16010 = FILL_AREA_STYLE_COLOUR('',#15857);
#16011 = SURFACE_STYLE_RENDERING_WITH_PROPERTIES(.NORMAL_SHADING.,#15857
  ,(#16012));
#16012 = SURFACE_STYLE_TRANSPARENT(0.100000023842);
#16013 = STYLED_ITEM('color',(#16014),#4141);
#16014 = PRESENTATION_STYLE_ASSIGNMENT((#16015));
#16015 = SURFACE_STYLE_USAGE(.BOTH.,#16016);
#16016 = SURFACE_SIDE_STYLE('',(#16017,#16020));
#16017 = SURFACE_STYLE_FILL_AREA(#16018);
#16018 = FILL_AREA_STYLE('',(#16019));
#16019 = FILL_AREA_STYLE_COLOUR('',#15857);
#16020 = SURFACE_STYLE_RENDERING_WITH_PROPERTIES(.NORMAL_SHADING.,#15857
  ,(#16021));
#16021 = SURFACE_STYLE_TRANSPARENT(0.100000023842);
#16022 = STYLED_ITEM('color',(#16023),#4185);
#16023 = PRESENTATION_STYLE_ASSIGNMENT((#16024));
#16024 = SURFACE_STYLE_USAGE(.BOTH.,#16025);
#16025 = SURFACE_SIDE_STYLE('',(#16026,#16029));
#16026 = SURFACE_STYLE_FILL_AREA(#16027);
#16027 = FILL_AREA_STYLE('',(#16028));
#16028 = FILL_AREA_STYLE_COLOUR('',#15857);
#16029 = SURFACE_STYLE_RENDERING_WITH_PROPERTIES(.NORMAL_SHADING.,#15857
  ,(#16030));
#16030 = SURFACE_STYLE_TRANSPARENT(0.100000023842);
#16031 = STYLED_ITEM('color',(#16032),#4229);
#16032 = PRESENTATION_STYLE_ASSIGNMENT((#16033));
#16033 = SURFACE_STYLE_USAGE(.BOTH.,#16034);
#16034 = SURFACE_SIDE_STYLE('',(#16035,#16038));
#16035 = SURFACE_STYLE_FILL_AREA(#16036);
#16036 = FILL_AREA_STYLE('',(#16037));
#16037 = FILL_AREA_STYLE_COLOUR('',#15857);
#16038 = SURFACE_STYLE_RENDERING_WITH_PROPERTIES(.NORMAL_SHADING.,#15857
  ,(#16039));
#16039 = SURFACE_STYLE_TRANSPARENT(0.100000023842);
#16040 = STYLED_ITEM('color',(#16041),#4273);
#16041 = PRESENTATION_STYLE_ASSIGNMENT((#16042));
#16042 = SURFACE_STYLE_USAGE(.BOTH.,#16043);
#16043 = SURFACE_SIDE_STYLE('',(#16044,#16047));
#16044 = SURFACE_STYLE_FILL_AREA(#16045);
#16045 = FILL_AREA_STYLE('',(#16046));
#16046 = FILL_AREA_STYLE_COLOUR('',#15857);
#16047 = SURFACE_STYLE_RENDERING_WITH_PROPERTIES(.NORMAL_SHADING.,#15857
  ,(#16048));
#16048 = SURFACE_STYLE_TRANSPARENT(0.100000023842);
#16049 = STYLED_ITEM('color',(#16050),#4350);
#16050 = PRESENTATION_STYLE_ASSIGNMENT((#16051));
#16051 = SURFACE_STYLE_USAGE(.BOTH.,#16052);
#16052 = SURFACE_SIDE_STYLE('',(#16053,#16056));
#16053 = SURFACE_STYLE_FILL_AREA(#16054);
#16054 = FILL_AREA_STYLE('',(#16055));
#16055 = FILL_AREA_STYLE_COLOUR('',#15857);
#16056 = SURFACE_STYLE_RENDERING_WITH_PROPERTIES(.NORMAL_SHADING.,#15857
  ,(#16057));
#16057 = SURFACE_STYLE_TRANSPARENT(0.100000023842);
#16058 = STYLED_ITEM('color',(#16059),#4528);
#16059 = PRESENTATION_STYLE_ASSIGNMENT((#16060));
#16060 = SURFACE_STYLE_USAGE(.BOTH.,#16061);
#16061 = SURFACE_SIDE_STYLE('',(#16062,#16065));
#16062 = SURFACE_STYLE_FILL_AREA(#16063);
#16063 = FILL_AREA_STYLE('',(#16064));
#16064 = FILL_AREA_STYLE_COLOUR('',#15857);
#16065 = SURFACE_STYLE_RENDERING_WITH_PROPERTIES(.NORMAL_SHADING.,#15857
  ,(#16066));
#16066 = SURFACE_STYLE_TRANSPARENT(0.100000023842);
#16067 = STYLED_ITEM('color',(#16068),#4580);
#16068 = PRESENTATION_STYLE_ASSIGNMENT((#16069));
#16069 = SURFACE_STYLE_USAGE(.BOTH.,#16070);
#16070 = SURFACE_SIDE_STYLE('',(#16071,#16074));
#16071 = SURFACE_STYLE_FILL_AREA(#16072);
#16072 = FILL_AREA_STYLE('',(#16073));
#16073 = FILL_AREA_STYLE_COLOUR('',#15857);
#16074 = SURFACE_STYLE_RENDERING_WITH_PROPERTIES(.NORMAL_SHADING.,#15857
  ,(#16075));
#16075 = SURFACE_STYLE_TRANSPARENT(0.100000023842);
#16076 = STYLED_ITEM('color',(#16077),#4632);
#16077 = PRESENTATION_STYLE_ASSIGNMENT((#16078));
#16078 = SURFACE_STYLE_USAGE(.BOTH.,#16079);
#16079 = SURFACE_SIDE_STYLE('',(#16080,#16083));
#16080 = SURFACE_STYLE_FILL_AREA(#16081);
#16081 = FILL_AREA_STYLE('',(#16082));
#16082 = FILL_AREA_STYLE_COLOUR('',#15857);
#16083 = SURFACE_STYLE_RENDERING_WITH_PROPERTIES(.NORMAL_SHADING.,#15857
  ,(#16084));
#16084 = SURFACE_STYLE_TRANSPARENT(0.100000023842);
#16085 = STYLED_ITEM('color',(#16086),#4774);
#16086 = PRESENTATION_STYLE_ASSIGNMENT((#16087));
#16087 = SURFACE_STYLE_USAGE(.BOTH.,#16088);
#16088 = SURFACE_SIDE_STYLE('',(#16089,#16092));
#16089 = SURFACE_STYLE_FILL_AREA(#16090);
#16090 = FILL_AREA_STYLE('',(#16091));
#16091 = FILL_AREA_STYLE_COLOUR('',#15857);
#16092 = SURFACE_STYLE_RENDERING_WITH_PROPERTIES(.NORMAL_SHADING.,#15857
  ,(#16093));
#16093 = SURFACE_STYLE_TRANSPARENT(0.100000023842);
#16094 = STYLED_ITEM('color',(#16095),#4826);
#16095 = PRESENTATION_STYLE_ASSIGNMENT((#16096));
#16096 = SURFACE_STYLE_USAGE(.BOTH.,#16097);
#16097 = SURFACE_SIDE_STYLE('',(#16098,#16101));
#16098 = SURFACE_STYLE_FILL_AREA(#16099);
#16099 = FILL_AREA_STYLE('',(#16100));
#16100 = FILL_AREA_STYLE_COLOUR('',#15857);
#16101 = SURFACE_STYLE_RENDERING_WITH_PROPERTIES(.NORMAL_SHADING.,#15857
  ,(#16102));
#16102 = SURFACE_STYLE_TRANSPARENT(0.100000023842);
#16103 = STYLED_ITEM('color',(#16104),#4878);
#16104 = PRESENTATION_STYLE_ASSIGNMENT((#16105));
#16105 = SURFACE_STYLE_USAGE(.BOTH.,#16106);
#16106 = SURFACE_SIDE_STYLE('',(#16107,#16110));
#16107 = SURFACE_STYLE_FILL_AREA(#16108);
#16108 = FILL_AREA_STYLE('',(#16109));
#16109 = FILL_AREA_STYLE_COLOUR('',#15857);
#16110 = SURFACE_STYLE_RENDERING_WITH_PROPERTIES(.NORMAL_SHADING.,#15857
  ,(#16111));
#16111 = SURFACE_STYLE_TRANSPARENT(0.100000023842);
#16112 = STYLED_ITEM('color',(#16113),#4930);
#16113 = PRESENTATION_STYLE_ASSIGNMENT((#16114));
#16114 = SURFACE_STYLE_USAGE(.BOTH.,#16115);
#16115 = SURFACE_SIDE_STYLE('',(#16116,#16119));
#16116 = SURFACE_STYLE_FILL_AREA(#16117);
#16117 = FILL_AREA_STYLE('',(#16118));
#16118 = FILL_AREA_STYLE_COLOUR('',#15857);
#16119 = SURFACE_STYLE_RENDERING_WITH_PROPERTIES(.NORMAL_SHADING.,#15857
  ,(#16120));
#16120 = SURFACE_STYLE_TRANSPARENT(0.100000023842);
#16121 = STYLED_ITEM('color',(#16122),#4982);
#16122 = PRESENTATION_STYLE_ASSIGNMENT((#16123));
#16123 = SURFACE_STYLE_USAGE(.BOTH.,#16124);
#16124 = SURFACE_SIDE_STYLE('',(#16125,#16128));
#16125 = SURFACE_STYLE_FILL_AREA(#16126);
#16126 = FILL_AREA_STYLE('',(#16127));
#16127 = FILL_AREA_STYLE_COLOUR('',#15857);
#16128 = SURFACE_STYLE_RENDERING_WITH_PROPERTIES(.NORMAL_SHADING.,#15857
  ,(#16129));
#16129 = SURFACE_STYLE_TRANSPARENT(0.100000023842);
#16130 = STYLED_ITEM('color',(#16131),#5034);
#16131 = PRESENTATION_STYLE_ASSIGNMENT((#16132));
#16132 = SURFACE_STYLE_USAGE(.BOTH.,#16133);
#16133 = SURFACE_SIDE_STYLE('',(#16134,#16137));
#16134 = SURFACE_STYLE_FILL_AREA(#16135);
#16135 = FILL_AREA_STYLE('',(#16136));
#16136 = FILL_AREA_STYLE_COLOUR('',#15857);
#16137 = SURFACE_STYLE_RENDERING_WITH_PROPERTIES(.NORMAL_SHADING.,#15857
  ,(#16138));
#16138 = SURFACE_STYLE_TRANSPARENT(0.100000023842);
#16139 = STYLED_ITEM('color',(#16140),#5086);
#16140 = PRESENTATION_STYLE_ASSIGNMENT((#16141));
#16141 = SURFACE_STYLE_USAGE(.BOTH.,#16142);
#16142 = SURFACE_SIDE_STYLE('',(#16143,#16146));
#16143 = SURFACE_STYLE_FILL_AREA(#16144);
#16144 = FILL_AREA_STYLE('',(#16145));
#16145 = FILL_AREA_STYLE_COLOUR('',#15857);
#16146 = SURFACE_STYLE_RENDERING_WITH_PROPERTIES(.NORMAL_SHADING.,#15857
  ,(#16147));
#16147 = SURFACE_STYLE_TRANSPARENT(0.100000023842);
#16148 = STYLED_ITEM('color',(#16149),#5228);
#16149 = PRESENTATION_STYLE_ASSIGNMENT((#16150));
#16150 = SURFACE_STYLE_USAGE(.BOTH.,#16151);
#16151 = SURFACE_SIDE_STYLE('',(#16152,#16155));
#16152 = SURFACE_STYLE_FILL_AREA(#16153);
#16153 = FILL_AREA_STYLE('',(#16154));
#16154 = FILL_AREA_STYLE_COLOUR('',#15857);
#16155 = SURFACE_STYLE_RENDERING_WITH_PROPERTIES(.NORMAL_SHADING.,#15857
  ,(#16156));
#16156 = SURFACE_STYLE_TRANSPARENT(0.100000023842);
#16157 = STYLED_ITEM('color',(#16158),#5435);
#16158 = PRESENTATION_STYLE_ASSIGNMENT((#16159));
#16159 = SURFACE_STYLE_USAGE(.BOTH.,#16160);
#16160 = SURFACE_SIDE_STYLE('',(#16161,#16164));
#16161 = SURFACE_STYLE_FILL_AREA(#16162);
#16162 = FILL_AREA_STYLE('',(#16163));
#16163 = FILL_AREA_STYLE_COLOUR('',#15857);
#16164 = SURFACE_STYLE_RENDERING_WITH_PROPERTIES(.NORMAL_SHADING.,#15857
  ,(#16165));
#16165 = SURFACE_STYLE_TRANSPARENT(0.100000023842);
#16166 = STYLED_ITEM('color',(#16167),#5513);
#16167 = PRESENTATION_STYLE_ASSIGNMENT((#16168));
#16168 = SURFACE_STYLE_USAGE(.BOTH.,#16169);
#16169 = SURFACE_SIDE_STYLE('',(#16170,#16173));
#16170 = SURFACE_STYLE_FILL_AREA(#16171);
#16171 = FILL_AREA_STYLE('',(#16172));
#16172 = FILL_AREA_STYLE_COLOUR('',#15857);
#16173 = SURFACE_STYLE_RENDERING_WITH_PROPERTIES(.NORMAL_SHADING.,#15857
  ,(#16174));
#16174 = SURFACE_STYLE_TRANSPARENT(0.100000023842);
#16175 = STYLED_ITEM('color',(#16176),#5591);
#16176 = PRESENTATION_STYLE_ASSIGNMENT((#16177));
#16177 = SURFACE_STYLE_USAGE(.BOTH.,#16178);
#16178 = SURFACE_SIDE_STYLE('',(#16179,#16182));
#16179 = SURFACE_STYLE_FILL_AREA(#16180);
#16180 = FILL_AREA_STYLE('',(#16181));
#16181 = FILL_AREA_STYLE_COLOUR('',#15857);
#16182 = SURFACE_STYLE_RENDERING_WITH_PROPERTIES(.NORMAL_SHADING.,#15857
  ,(#16183));
#16183 = SURFACE_STYLE_TRANSPARENT(0.100000023842);
#16184 = STYLED_ITEM('color',(#16185),#5643);
#16185 = PRESENTATION_STYLE_ASSIGNMENT((#16186));
#16186 = SURFACE_STYLE_USAGE(.BOTH.,#16187);
#16187 = SURFACE_SIDE_STYLE('',(#16188,#16191));
#16188 = SURFACE_STYLE_FILL_AREA(#16189);
#16189 = FILL_AREA_STYLE('',(#16190));
#16190 = FILL_AREA_STYLE_COLOUR('',#15857);
#16191 = SURFACE_STYLE_RENDERING_WITH_PROPERTIES(.NORMAL_SHADING.,#15857
  ,(#16192));
#16192 = SURFACE_STYLE_TRANSPARENT(0.100000023842);
#16193 = STYLED_ITEM('color',(#16194),#5695);
#16194 = PRESENTATION_STYLE_ASSIGNMENT((#16195));
#16195 = SURFACE_STYLE_USAGE(.BOTH.,#16196);
#16196 = SURFACE_SIDE_STYLE('',(#16197,#16200));
#16197 = SURFACE_STYLE_FILL_AREA(#16198);
#16198 = FILL_AREA_STYLE('',(#16199));
#16199 = FILL_AREA_STYLE_COLOUR('',#15857);
#16200 = SURFACE_STYLE_RENDERING_WITH_PROPERTIES(.NORMAL_SHADING.,#15857
  ,(#16201));
#16201 = SURFACE_STYLE_TRANSPARENT(0.100000023842);
#16202 = STYLED_ITEM('color',(#16203),#5747);
#16203 = PRESENTATION_STYLE_ASSIGNMENT((#16204));
#16204 = SURFACE_STYLE_USAGE(.BOTH.,#16205);
#16205 = SURFACE_SIDE_STYLE('',(#16206,#16209));
#16206 = SURFACE_STYLE_FILL_AREA(#16207);
#16207 = FILL_AREA_STYLE('',(#16208));
#16208 = FILL_AREA_STYLE_COLOUR('',#15857);
#16209 = SURFACE_STYLE_RENDERING_WITH_PROPERTIES(.NORMAL_SHADING.,#15857
  ,(#16210));
#16210 = SURFACE_STYLE_TRANSPARENT(0.100000023842);
#16211 = STYLED_ITEM('color',(#16212),#5807);
#16212 = PRESENTATION_STYLE_ASSIGNMENT((#16213));
#16213 = SURFACE_STYLE_USAGE(.BOTH.,#16214);
#16214 = SURFACE_SIDE_STYLE('',(#16215,#16218));
#16215 = SURFACE_STYLE_FILL_AREA(#16216);
#16216 = FILL_AREA_STYLE('',(#16217));
#16217 = FILL_AREA_STYLE_COLOUR('',#15857);
#16218 = SURFACE_STYLE_RENDERING_WITH_PROPERTIES(.NORMAL_SHADING.,#15857
  ,(#16219));
#16219 = SURFACE_STYLE_TRANSPARENT(0.100000023842);
#16220 = STYLED_ITEM('color',(#16221),#5867);
#16221 = PRESENTATION_STYLE_ASSIGNMENT((#16222));
#16222 = SURFACE_STYLE_USAGE(.BOTH.,#16223);
#16223 = SURFACE_SIDE_STYLE('',(#16224,#16227));
#16224 = SURFACE_STYLE_FILL_AREA(#16225);
#16225 = FILL_AREA_STYLE('',(#16226));
#16226 = FILL_AREA_STYLE_COLOUR('',#15857);
#16227 = SURFACE_STYLE_RENDERING_WITH_PROPERTIES(.NORMAL_SHADING.,#15857
  ,(#16228));
#16228 = SURFACE_STYLE_TRANSPARENT(0.100000023842);
#16229 = STYLED_ITEM('color',(#16230),#5919);
#16230 = PRESENTATION_STYLE_ASSIGNMENT((#16231));
#16231 = SURFACE_STYLE_USAGE(.BOTH.,#16232);
#16232 = SURFACE_SIDE_STYLE('',(#16233,#16236));
#16233 = SURFACE_STYLE_FILL_AREA(#16234);
#16234 = FILL_AREA_STYLE('',(#16235));
#16235 = FILL_AREA_STYLE_COLOUR('',#15857);
#16236 = SURFACE_STYLE_RENDERING_WITH_PROPERTIES(.NORMAL_SHADING.,#15857
  ,(#16237));
#16237 = SURFACE_STYLE_TRANSPARENT(0.100000023842);
#16238 = STYLED_ITEM('color',(#16239),#5971);
#16239 = PRESENTATION_STYLE_ASSIGNMENT((#16240));
#16240 = SURFACE_STYLE_USAGE(.BOTH.,#16241);
#16241 = SURFACE_SIDE_STYLE('',(#16242,#16245));
#16242 = SURFACE_STYLE_FILL_AREA(#16243);
#16243 = FILL_AREA_STYLE('',(#16244));
#16244 = FILL_AREA_STYLE_COLOUR('',#15857);
#16245 = SURFACE_STYLE_RENDERING_WITH_PROPERTIES(.NORMAL_SHADING.,#15857
  ,(#16246));
#16246 = SURFACE_STYLE_TRANSPARENT(0.100000023842);
#16247 = STYLED_ITEM('color',(#16248),#6023);
#16248 = PRESENTATION_STYLE_ASSIGNMENT((#16249));
#16249 = SURFACE_STYLE_USAGE(.BOTH.,#16250);
#16250 = SURFACE_SIDE_STYLE('',(#16251,#16254));
#16251 = SURFACE_STYLE_FILL_AREA(#16252);
#16252 = FILL_AREA_STYLE('',(#16253));
#16253 = FILL_AREA_STYLE_COLOUR('',#15857);
#16254 = SURFACE_STYLE_RENDERING_WITH_PROPERTIES(.NORMAL_SHADING.,#15857
  ,(#16255));
#16255 = SURFACE_STYLE_TRANSPARENT(0.100000023842);
#16256 = STYLED_ITEM('color',(#16257),#6226);
#16257 = PRESENTATION_STYLE_ASSIGNMENT((#16258));
#16258 = SURFACE_STYLE_USAGE(.BOTH.,#16259);
#16259 = SURFACE_SIDE_STYLE('',(#16260,#16263));
#16260 = SURFACE_STYLE_FILL_AREA(#16261);
#16261 = FILL_AREA_STYLE('',(#16262));
#16262 = FILL_AREA_STYLE_COLOUR('',#15857);
#16263 = SURFACE_STYLE_RENDERING_WITH_PROPERTIES(.NORMAL_SHADING.,#15857
  ,(#16264));
#16264 = SURFACE_STYLE_TRANSPARENT(0.100000023842);
#16265 = STYLED_ITEM('color',(#16266),#6368);
#16266 = PRESENTATION_STYLE_ASSIGNMENT((#16267));
#16267 = SURFACE_STYLE_USAGE(.BOTH.,#16268);
#16268 = SURFACE_SIDE_STYLE('',(#16269,#16272));
#16269 = SURFACE_STYLE_FILL_AREA(#16270);
#16270 = FILL_AREA_STYLE('',(#16271));
#16271 = FILL_AREA_STYLE_COLOUR('',#15857);
#16272 = SURFACE_STYLE_RENDERING_WITH_PROPERTIES(.NORMAL_SHADING.,#15857
  ,(#16273));
#16273 = SURFACE_STYLE_TRANSPARENT(0.100000023842);
#16274 = STYLED_ITEM('color',(#16275),#6445);
#16275 = PRESENTATION_STYLE_ASSIGNMENT((#16276));
#16276 = SURFACE_STYLE_USAGE(.BOTH.,#16277);
#16277 = SURFACE_SIDE_STYLE('',(#16278,#16281));
#16278 = SURFACE_STYLE_FILL_AREA(#16279);
#16279 = FILL_AREA_STYLE('',(#16280));
#16280 = FILL_AREA_STYLE_COLOUR('',#15857);
#16281 = SURFACE_STYLE_RENDERING_WITH_PROPERTIES(.NORMAL_SHADING.,#15857
  ,(#16282));
#16282 = SURFACE_STYLE_TRANSPARENT(0.100000023842);
#16283 = STYLED_ITEM('color',(#16284),#6572);
#16284 = PRESENTATION_STYLE_ASSIGNMENT((#16285));
#16285 = SURFACE_STYLE_USAGE(.BOTH.,#16286);
#16286 = SURFACE_SIDE_STYLE('',(#16287,#16290));
#16287 = SURFACE_STYLE_FILL_AREA(#16288);
#16288 = FILL_AREA_STYLE('',(#16289));
#16289 = FILL_AREA_STYLE_COLOUR('',#15857);
#16290 = SURFACE_STYLE_RENDERING_WITH_PROPERTIES(.NORMAL_SHADING.,#15857
  ,(#16291));
#16291 = SURFACE_STYLE_TRANSPARENT(0.100000023842);
#16292 = STYLED_ITEM('color',(#16293),#6624);
#16293 = PRESENTATION_STYLE_ASSIGNMENT((#16294));
#16294 = SURFACE_STYLE_USAGE(.BOTH.,#16295);
#16295 = SURFACE_SIDE_STYLE('',(#16296,#16299));
#16296 = SURFACE_STYLE_FILL_AREA(#16297);
#16297 = FILL_AREA_STYLE('',(#16298));
#16298 = FILL_AREA_STYLE_COLOUR('',#15857);
#16299 = SURFACE_STYLE_RENDERING_WITH_PROPERTIES(.NORMAL_SHADING.,#15857
  ,(#16300));
#16300 = SURFACE_STYLE_TRANSPARENT(0.100000023842);
#16301 = STYLED_ITEM('color',(#16302),#6676);
#16302 = PRESENTATION_STYLE_ASSIGNMENT((#16303));
#16303 = SURFACE_STYLE_USAGE(.BOTH.,#16304);
#16304 = SURFACE_SIDE_STYLE('',(#16305,#16308));
#16305 = SURFACE_STYLE_FILL_AREA(#16306);
#16306 = FILL_AREA_STYLE('',(#16307));
#16307 = FILL_AREA_STYLE_COLOUR('',#15857);
#16308 = SURFACE_STYLE_RENDERING_WITH_PROPERTIES(.NORMAL_SHADING.,#15857
  ,(#16309));
#16309 = SURFACE_STYLE_TRANSPARENT(0.100000023842);
#16310 = STYLED_ITEM('color',(#16311),#6728);
#16311 = PRESENTATION_STYLE_ASSIGNMENT((#16312));
#16312 = SURFACE_STYLE_USAGE(.BOTH.,#16313);
#16313 = SURFACE_SIDE_STYLE('',(#16314,#16317));
#16314 = SURFACE_STYLE_FILL_AREA(#16315);
#16315 = FILL_AREA_STYLE('',(#16316));
#16316 = FILL_AREA_STYLE_COLOUR('',#15857);
#16317 = SURFACE_STYLE_RENDERING_WITH_PROPERTIES(.NORMAL_SHADING.,#15857
  ,(#16318));
#16318 = SURFACE_STYLE_TRANSPARENT(0.100000023842);
#16319 = STYLED_ITEM('color',(#16320),#6780);
#16320 = PRESENTATION_STYLE_ASSIGNMENT((#16321));
#16321 = SURFACE_STYLE_USAGE(.BOTH.,#16322);
#16322 = SURFACE_SIDE_STYLE('',(#16323,#16326));
#16323 = SURFACE_STYLE_FILL_AREA(#16324);
#16324 = FILL_AREA_STYLE('',(#16325));
#16325 = FILL_AREA_STYLE_COLOUR('',#15857);
#16326 = SURFACE_STYLE_RENDERING_WITH_PROPERTIES(.NORMAL_SHADING.,#15857
  ,(#16327));
#16327 = SURFACE_STYLE_TRANSPARENT(0.100000023842);
#16328 = STYLED_ITEM('color',(#16329),#6832);
#16329 = PRESENTATION_STYLE_ASSIGNMENT((#16330));
#16330 = SURFACE_STYLE_USAGE(.BOTH.,#16331);
#16331 = SURFACE_SIDE_STYLE('',(#16332,#16335));
#16332 = SURFACE_STYLE_FILL_AREA(#16333);
#16333 = FILL_AREA_STYLE('',(#16334));
#16334 = FILL_AREA_STYLE_COLOUR('',#15857);
#16335 = SURFACE_STYLE_RENDERING_WITH_PROPERTIES(.NORMAL_SHADING.,#15857
  ,(#16336));
#16336 = SURFACE_STYLE_TRANSPARENT(0.100000023842);
#16337 = STYLED_ITEM('color',(#16338),#6884);
#16338 = PRESENTATION_STYLE_ASSIGNMENT((#16339));
#16339 = SURFACE_STYLE_USAGE(.BOTH.,#16340);
#16340 = SURFACE_SIDE_STYLE('',(#16341,#16344));
#16341 = SURFACE_STYLE_FILL_AREA(#16342);
#16342 = FILL_AREA_STYLE('',(#16343));
#16343 = FILL_AREA_STYLE_COLOUR('',#15857);
#16344 = SURFACE_STYLE_RENDERING_WITH_PROPERTIES(.NORMAL_SHADING.,#15857
  ,(#16345));
#16345 = SURFACE_STYLE_TRANSPARENT(0.100000023842);
#16346 = STYLED_ITEM('color',(#16347),#6936);
#16347 = PRESENTATION_STYLE_ASSIGNMENT((#16348));
#16348 = SURFACE_STYLE_USAGE(.BOTH.,#16349);
#16349 = SURFACE_SIDE_STYLE('',(#16350,#16353));
#16350 = SURFACE_STYLE_FILL_AREA(#16351);
#16351 = FILL_AREA_STYLE('',(#16352));
#16352 = FILL_AREA_STYLE_COLOUR('',#15857);
#16353 = SURFACE_STYLE_RENDERING_WITH_PROPERTIES(.NORMAL_SHADING.,#15857
  ,(#16354));
#16354 = SURFACE_STYLE_TRANSPARENT(0.100000023842);
#16355 = STYLED_ITEM('color',(#16356),#6988);
#16356 = PRESENTATION_STYLE_ASSIGNMENT((#16357));
#16357 = SURFACE_STYLE_USAGE(.BOTH.,#16358);
#16358 = SURFACE_SIDE_STYLE('',(#16359,#16362));
#16359 = SURFACE_STYLE_FILL_AREA(#16360);
#16360 = FILL_AREA_STYLE('',(#16361));
#16361 = FILL_AREA_STYLE_COLOUR('',#15857);
#16362 = SURFACE_STYLE_RENDERING_WITH_PROPERTIES(.NORMAL_SHADING.,#15857
  ,(#16363));
#16363 = SURFACE_STYLE_TRANSPARENT(0.100000023842);
#16364 = STYLED_ITEM('color',(#16365),#7040);
#16365 = PRESENTATION_STYLE_ASSIGNMENT((#16366));
#16366 = SURFACE_STYLE_USAGE(.BOTH.,#16367);
#16367 = SURFACE_SIDE_STYLE('',(#16368,#16371));
#16368 = SURFACE_STYLE_FILL_AREA(#16369);
#16369 = FILL_AREA_STYLE('',(#16370));
#16370 = FILL_AREA_STYLE_COLOUR('',#15857);
#16371 = SURFACE_STYLE_RENDERING_WITH_PROPERTIES(.NORMAL_SHADING.,#15857
  ,(#16372));
#16372 = SURFACE_STYLE_TRANSPARENT(0.100000023842);
#16373 = STYLED_ITEM('color',(#16374),#7092);
#16374 = PRESENTATION_STYLE_ASSIGNMENT((#16375));
#16375 = SURFACE_STYLE_USAGE(.BOTH.,#16376);
#16376 = SURFACE_SIDE_STYLE('',(#16377,#16380));
#16377 = SURFACE_STYLE_FILL_AREA(#16378);
#16378 = FILL_AREA_STYLE('',(#16379));
#16379 = FILL_AREA_STYLE_COLOUR('',#15857);
#16380 = SURFACE_STYLE_RENDERING_WITH_PROPERTIES(.NORMAL_SHADING.,#15857
  ,(#16381));
#16381 = SURFACE_STYLE_TRANSPARENT(0.100000023842);
#16382 = STYLED_ITEM('color',(#16383),#7144);
#16383 = PRESENTATION_STYLE_ASSIGNMENT((#16384));
#16384 = SURFACE_STYLE_USAGE(.BOTH.,#16385);
#16385 = SURFACE_SIDE_STYLE('',(#16386,#16389));
#16386 = SURFACE_STYLE_FILL_AREA(#16387);
#16387 = FILL_AREA_STYLE('',(#16388));
#16388 = FILL_AREA_STYLE_COLOUR('',#15857);
#16389 = SURFACE_STYLE_RENDERING_WITH_PROPERTIES(.NORMAL_SHADING.,#15857
  ,(#16390));
#16390 = SURFACE_STYLE_TRANSPARENT(0.100000023842);
#16391 = STYLED_ITEM('color',(#16392),#7196);
#16392 = PRESENTATION_STYLE_ASSIGNMENT((#16393));
#16393 = SURFACE_STYLE_USAGE(.BOTH.,#16394);
#16394 = SURFACE_SIDE_STYLE('',(#16395,#16398));
#16395 = SURFACE_STYLE_FILL_AREA(#16396);
#16396 = FILL_AREA_STYLE('',(#16397));
#16397 = FILL_AREA_STYLE_COLOUR('',#15857);
#16398 = SURFACE_STYLE_RENDERING_WITH_PROPERTIES(.NORMAL_SHADING.,#15857
  ,(#16399));
#16399 = SURFACE_STYLE_TRANSPARENT(0.100000023842);
#16400 = STYLED_ITEM('color',(#16401),#7248);
#16401 = PRESENTATION_STYLE_ASSIGNMENT((#16402));
#16402 = SURFACE_STYLE_USAGE(.BOTH.,#16403);
#16403 = SURFACE_SIDE_STYLE('',(#16404,#16407));
#16404 = SURFACE_STYLE_FILL_AREA(#16405);
#16405 = FILL_AREA_STYLE('',(#16406));
#16406 = FILL_AREA_STYLE_COLOUR('',#15857);
#16407 = SURFACE_STYLE_RENDERING_WITH_PROPERTIES(.NORMAL_SHADING.,#15857
  ,(#16408));
#16408 = SURFACE_STYLE_TRANSPARENT(0.100000023842);
#16409 = STYLED_ITEM('color',(#16410),#7300);
#16410 = PRESENTATION_STYLE_ASSIGNMENT((#16411));
#16411 = SURFACE_STYLE_USAGE(.BOTH.,#16412);
#16412 = SURFACE_SIDE_STYLE('',(#16413,#16416));
#16413 = SURFACE_STYLE_FILL_AREA(#16414);
#16414 = FILL_AREA_STYLE('',(#16415));
#16415 = FILL_AREA_STYLE_COLOUR('',#15857);
#16416 = SURFACE_STYLE_RENDERING_WITH_PROPERTIES(.NORMAL_SHADING.,#15857
  ,(#16417));
#16417 = SURFACE_STYLE_TRANSPARENT(0.100000023842);
#16418 = STYLED_ITEM('color',(#16419),#7352);
#16419 = PRESENTATION_STYLE_ASSIGNMENT((#16420));
#16420 = SURFACE_STYLE_USAGE(.BOTH.,#16421);
#16421 = SURFACE_SIDE_STYLE('',(#16422,#16425));
#16422 = SURFACE_STYLE_FILL_AREA(#16423);
#16423 = FILL_AREA_STYLE('',(#16424));
#16424 = FILL_AREA_STYLE_COLOUR('',#15857);
#16425 = SURFACE_STYLE_RENDERING_WITH_PROPERTIES(.NORMAL_SHADING.,#15857
  ,(#16426));
#16426 = SURFACE_STYLE_TRANSPARENT(0.100000023842);
#16427 = STYLED_ITEM('color',(#16428),#7404);
#16428 = PRESENTATION_STYLE_ASSIGNMENT((#16429));
#16429 = SURFACE_STYLE_USAGE(.BOTH.,#16430);
#16430 = SURFACE_SIDE_STYLE('',(#16431,#16434));
#16431 = SURFACE_STYLE_FILL_AREA(#16432);
#16432 = FILL_AREA_STYLE('',(#16433));
#16433 = FILL_AREA_STYLE_COLOUR('',#15857);
#16434 = SURFACE_STYLE_RENDERING_WITH_PROPERTIES(.NORMAL_SHADING.,#15857
  ,(#16435));
#16435 = SURFACE_STYLE_TRANSPARENT(0.100000023842);
#16436 = STYLED_ITEM('color',(#16437),#7456);
#16437 = PRESENTATION_STYLE_ASSIGNMENT((#16438));
#16438 = SURFACE_STYLE_USAGE(.BOTH.,#16439);
#16439 = SURFACE_SIDE_STYLE('',(#16440,#16443));
#16440 = SURFACE_STYLE_FILL_AREA(#16441);
#16441 = FILL_AREA_STYLE('',(#16442));
#16442 = FILL_AREA_STYLE_COLOUR('',#15857);
#16443 = SURFACE_STYLE_RENDERING_WITH_PROPERTIES(.NORMAL_SHADING.,#15857
  ,(#16444));
#16444 = SURFACE_STYLE_TRANSPARENT(0.100000023842);
#16445 = STYLED_ITEM('color',(#16446),#7508);
#16446 = PRESENTATION_STYLE_ASSIGNMENT((#16447));
#16447 = SURFACE_STYLE_USAGE(.BOTH.,#16448);
#16448 = SURFACE_SIDE_STYLE('',(#16449,#16452));
#16449 = SURFACE_STYLE_FILL_AREA(#16450);
#16450 = FILL_AREA_STYLE('',(#16451));
#16451 = FILL_AREA_STYLE_COLOUR('',#15857);
#16452 = SURFACE_STYLE_RENDERING_WITH_PROPERTIES(.NORMAL_SHADING.,#15857
  ,(#16453));
#16453 = SURFACE_STYLE_TRANSPARENT(0.100000023842);
#16454 = STYLED_ITEM('color',(#16455),#7560);
#16455 = PRESENTATION_STYLE_ASSIGNMENT((#16456));
#16456 = SURFACE_STYLE_USAGE(.BOTH.,#16457);
#16457 = SURFACE_SIDE_STYLE('',(#16458,#16461));
#16458 = SURFACE_STYLE_FILL_AREA(#16459);
#16459 = FILL_AREA_STYLE('',(#16460));
#16460 = FILL_AREA_STYLE_COLOUR('',#15857);
#16461 = SURFACE_STYLE_RENDERING_WITH_PROPERTIES(.NORMAL_SHADING.,#15857
  ,(#16462));
#16462 = SURFACE_STYLE_TRANSPARENT(0.100000023842);
#16463 = STYLED_ITEM('color',(#16464),#7612);
#16464 = PRESENTATION_STYLE_ASSIGNMENT((#16465));
#16465 = SURFACE_STYLE_USAGE(.BOTH.,#16466);
#16466 = SURFACE_SIDE_STYLE('',(#16467,#16470));
#16467 = SURFACE_STYLE_FILL_AREA(#16468);
#16468 = FILL_AREA_STYLE('',(#16469));
#16469 = FILL_AREA_STYLE_COLOUR('',#15857);
#16470 = SURFACE_STYLE_RENDERING_WITH_PROPERTIES(.NORMAL_SHADING.,#15857
  ,(#16471));
#16471 = SURFACE_STYLE_TRANSPARENT(0.100000023842);
#16472 = STYLED_ITEM('color',(#16473),#7664);
#16473 = PRESENTATION_STYLE_ASSIGNMENT((#16474));
#16474 = SURFACE_STYLE_USAGE(.BOTH.,#16475);
#16475 = SURFACE_SIDE_STYLE('',(#16476,#16479));
#16476 = SURFACE_STYLE_FILL_AREA(#16477);
#16477 = FILL_AREA_STYLE('',(#16478));
#16478 = FILL_AREA_STYLE_COLOUR('',#15857);
#16479 = SURFACE_STYLE_RENDERING_WITH_PROPERTIES(.NORMAL_SHADING.,#15857
  ,(#16480));
#16480 = SURFACE_STYLE_TRANSPARENT(0.100000023842);
#16481 = STYLED_ITEM('color',(#16482),#7716);
#16482 = PRESENTATION_STYLE_ASSIGNMENT((#16483));
#16483 = SURFACE_STYLE_USAGE(.BOTH.,#16484);
#16484 = SURFACE_SIDE_STYLE('',(#16485,#16488));
#16485 = SURFACE_STYLE_FILL_AREA(#16486);
#16486 = FILL_AREA_STYLE('',(#16487));
#16487 = FILL_AREA_STYLE_COLOUR('',#15857);
#16488 = SURFACE_STYLE_RENDERING_WITH_PROPERTIES(.NORMAL_SHADING.,#15857
  ,(#16489));
#16489 = SURFACE_STYLE_TRANSPARENT(0.100000023842);
#16490 = STYLED_ITEM('color',(#16491),#7768);
#16491 = PRESENTATION_STYLE_ASSIGNMENT((#16492));
#16492 = SURFACE_STYLE_USAGE(.BOTH.,#16493);
#16493 = SURFACE_SIDE_STYLE('',(#16494,#16497));
#16494 = SURFACE_STYLE_FILL_AREA(#16495);
#16495 = FILL_AREA_STYLE('',(#16496));
#16496 = FILL_AREA_STYLE_COLOUR('',#15857);
#16497 = SURFACE_STYLE_RENDERING_WITH_PROPERTIES(.NORMAL_SHADING.,#15857
  ,(#16498));
#16498 = SURFACE_STYLE_TRANSPARENT(0.100000023842);
#16499 = STYLED_ITEM('color',(#16500),#7820);
#16500 = PRESENTATION_STYLE_ASSIGNMENT((#16501));
#16501 = SURFACE_STYLE_USAGE(.BOTH.,#16502);
#16502 = SURFACE_SIDE_STYLE('',(#16503,#16506));
#16503 = SURFACE_STYLE_FILL_AREA(#16504);
#16504 = FILL_AREA_STYLE('',(#16505));
#16505 = FILL_AREA_STYLE_COLOUR('',#15857);
#16506 = SURFACE_STYLE_RENDERING_WITH_PROPERTIES(.NORMAL_SHADING.,#15857
  ,(#16507));
#16507 = SURFACE_STYLE_TRANSPARENT(0.100000023842);
#16508 = STYLED_ITEM('color',(#16509),#7872);
#16509 = PRESENTATION_STYLE_ASSIGNMENT((#16510));
#16510 = SURFACE_STYLE_USAGE(.BOTH.,#16511);
#16511 = SURFACE_SIDE_STYLE('',(#16512,#16515));
#16512 = SURFACE_STYLE_FILL_AREA(#16513);
#16513 = FILL_AREA_STYLE('',(#16514));
#16514 = FILL_AREA_STYLE_COLOUR('',#15857);
#16515 = SURFACE_STYLE_RENDERING_WITH_PROPERTIES(.NORMAL_SHADING.,#15857
  ,(#16516));
#16516 = SURFACE_STYLE_TRANSPARENT(0.100000023842);
#16517 = STYLED_ITEM('color',(#16518),#7924);
#16518 = PRESENTATION_STYLE_ASSIGNMENT((#16519));
#16519 = SURFACE_STYLE_USAGE(.BOTH.,#16520);
#16520 = SURFACE_SIDE_STYLE('',(#16521,#16524));
#16521 = SURFACE_STYLE_FILL_AREA(#16522);
#16522 = FILL_AREA_STYLE('',(#16523));
#16523 = FILL_AREA_STYLE_COLOUR('',#15857);
#16524 = SURFACE_STYLE_RENDERING_WITH_PROPERTIES(.NORMAL_SHADING.,#15857
  ,(#16525));
#16525 = SURFACE_STYLE_TRANSPARENT(0.100000023842);
#16526 = STYLED_ITEM('color',(#16527),#7976);
#16527 = PRESENTATION_STYLE_ASSIGNMENT((#16528));
#16528 = SURFACE_STYLE_USAGE(.BOTH.,#16529);
#16529 = SURFACE_SIDE_STYLE('',(#16530,#16533));
#16530 = SURFACE_STYLE_FILL_AREA(#16531);
#16531 = FILL_AREA_STYLE('',(#16532));
#16532 = FILL_AREA_STYLE_COLOUR('',#15857);
#16533 = SURFACE_STYLE_RENDERING_WITH_PROPERTIES(.NORMAL_SHADING.,#15857
  ,(#16534));
#16534 = SURFACE_STYLE_TRANSPARENT(0.100000023842);
#16535 = STYLED_ITEM('color',(#16536),#8028);
#16536 = PRESENTATION_STYLE_ASSIGNMENT((#16537));
#16537 = SURFACE_STYLE_USAGE(.BOTH.,#16538);
#16538 = SURFACE_SIDE_STYLE('',(#16539,#16542));
#16539 = SURFACE_STYLE_FILL_AREA(#16540);
#16540 = FILL_AREA_STYLE('',(#16541));
#16541 = FILL_AREA_STYLE_COLOUR('',#15857);
#16542 = SURFACE_STYLE_RENDERING_WITH_PROPERTIES(.NORMAL_SHADING.,#15857
  ,(#16543));
#16543 = SURFACE_STYLE_TRANSPARENT(0.100000023842);
#16544 = STYLED_ITEM('color',(#16545),#8080);
#16545 = PRESENTATION_STYLE_ASSIGNMENT((#16546));
#16546 = SURFACE_STYLE_USAGE(.BOTH.,#16547);
#16547 = SURFACE_SIDE_STYLE('',(#16548,#16551));
#16548 = SURFACE_STYLE_FILL_AREA(#16549);
#16549 = FILL_AREA_STYLE('',(#16550));
#16550 = FILL_AREA_STYLE_COLOUR('',#15857);
#16551 = SURFACE_STYLE_RENDERING_WITH_PROPERTIES(.NORMAL_SHADING.,#15857
  ,(#16552));
#16552 = SURFACE_STYLE_TRANSPARENT(0.100000023842);
#16553 = STYLED_ITEM('color',(#16554),#8132);
#16554 = PRESENTATION_STYLE_ASSIGNMENT((#16555));
#16555 = SURFACE_STYLE_USAGE(.BOTH.,#16556);
#16556 = SURFACE_SIDE_STYLE('',(#16557,#16560));
#16557 = SURFACE_STYLE_FILL_AREA(#16558);
#16558 = FILL_AREA_STYLE('',(#16559));
#16559 = FILL_AREA_STYLE_COLOUR('',#15857);
#16560 = SURFACE_STYLE_RENDERING_WITH_PROPERTIES(.NORMAL_SHADING.,#15857
  ,(#16561));
#16561 = SURFACE_STYLE_TRANSPARENT(0.100000023842);
#16562 = STYLED_ITEM('color',(#16563),#8184);
#16563 = PRESENTATION_STYLE_ASSIGNMENT((#16564));
#16564 = SURFACE_STYLE_USAGE(.BOTH.,#16565);
#16565 = SURFACE_SIDE_STYLE('',(#16566,#16569));
#16566 = SURFACE_STYLE_FILL_AREA(#16567);
#16567 = FILL_AREA_STYLE('',(#16568));
#16568 = FILL_AREA_STYLE_COLOUR('',#15857);
#16569 = SURFACE_STYLE_RENDERING_WITH_PROPERTIES(.NORMAL_SHADING.,#15857
  ,(#16570));
#16570 = SURFACE_STYLE_TRANSPARENT(0.100000023842);
#16571 = STYLED_ITEM('color',(#16572),#8236);
#16572 = PRESENTATION_STYLE_ASSIGNMENT((#16573));
#16573 = SURFACE_STYLE_USAGE(.BOTH.,#16574);
#16574 = SURFACE_SIDE_STYLE('',(#16575,#16578));
#16575 = SURFACE_STYLE_FILL_AREA(#16576);
#16576 = FILL_AREA_STYLE('',(#16577));
#16577 = FILL_AREA_STYLE_COLOUR('',#15857);
#16578 = SURFACE_STYLE_RENDERING_WITH_PROPERTIES(.NORMAL_SHADING.,#15857
  ,(#16579));
#16579 = SURFACE_STYLE_TRANSPARENT(0.100000023842);
#16580 = STYLED_ITEM('color',(#16581),#8403);
#16581 = PRESENTATION_STYLE_ASSIGNMENT((#16582));
#16582 = SURFACE_STYLE_USAGE(.BOTH.,#16583);
#16583 = SURFACE_SIDE_STYLE('',(#16584,#16587));
#16584 = SURFACE_STYLE_FILL_AREA(#16585);
#16585 = FILL_AREA_STYLE('',(#16586));
#16586 = FILL_AREA_STYLE_COLOUR('',#15857);
#16587 = SURFACE_STYLE_RENDERING_WITH_PROPERTIES(.NORMAL_SHADING.,#15857
  ,(#16588));
#16588 = SURFACE_STYLE_TRANSPARENT(0.100000023842);
#16589 = STYLED_ITEM('color',(#16590),#8497);
#16590 = PRESENTATION_STYLE_ASSIGNMENT((#16591));
#16591 = SURFACE_STYLE_USAGE(.BOTH.,#16592);
#16592 = SURFACE_SIDE_STYLE('',(#16593,#16596));
#16593 = SURFACE_STYLE_FILL_AREA(#16594);
#16594 = FILL_AREA_STYLE('',(#16595));
#16595 = FILL_AREA_STYLE_COLOUR('',#15857);
#16596 = SURFACE_STYLE_RENDERING_WITH_PROPERTIES(.NORMAL_SHADING.,#15857
  ,(#16597));
#16597 = SURFACE_STYLE_TRANSPARENT(0.100000023842);
#16598 = STYLED_ITEM('color',(#16599),#8591);
#16599 = PRESENTATION_STYLE_ASSIGNMENT((#16600));
#16600 = SURFACE_STYLE_USAGE(.BOTH.,#16601);
#16601 = SURFACE_SIDE_STYLE('',(#16602,#16605));
#16602 = SURFACE_STYLE_FILL_AREA(#16603);
#16603 = FILL_AREA_STYLE('',(#16604));
#16604 = FILL_AREA_STYLE_COLOUR('',#15857);
#16605 = SURFACE_STYLE_RENDERING_WITH_PROPERTIES(.NORMAL_SHADING.,#15857
  ,(#16606));
#16606 = SURFACE_STYLE_TRANSPARENT(0.100000023842);
#16607 = STYLED_ITEM('color',(#16608),#8685);
#16608 = PRESENTATION_STYLE_ASSIGNMENT((#16609));
#16609 = SURFACE_STYLE_USAGE(.BOTH.,#16610);
#16610 = SURFACE_SIDE_STYLE('',(#16611,#16614));
#16611 = SURFACE_STYLE_FILL_AREA(#16612);
#16612 = FILL_AREA_STYLE('',(#16613));
#16613 = FILL_AREA_STYLE_COLOUR('',#15857);
#16614 = SURFACE_STYLE_RENDERING_WITH_PROPERTIES(.NORMAL_SHADING.,#15857
  ,(#16615));
#16615 = SURFACE_STYLE_TRANSPARENT(0.100000023842);
#16616 = STYLED_ITEM('color',(#16617),#8879);
#16617 = PRESENTATION_STYLE_ASSIGNMENT((#16618));
#16618 = SURFACE_STYLE_USAGE(.BOTH.,#16619);
#16619 = SURFACE_SIDE_STYLE('',(#16620,#16623));
#16620 = SURFACE_STYLE_FILL_AREA(#16621);
#16621 = FILL_AREA_STYLE('',(#16622));
#16622 = FILL_AREA_STYLE_COLOUR('',#15857);
#16623 = SURFACE_STYLE_RENDERING_WITH_PROPERTIES(.NORMAL_SHADING.,#15857
  ,(#16624));
#16624 = SURFACE_STYLE_TRANSPARENT(0.100000023842);
#16625 = STYLED_ITEM('color',(#16626),#9022);
#16626 = PRESENTATION_STYLE_ASSIGNMENT((#16627));
#16627 = SURFACE_STYLE_USAGE(.BOTH.,#16628);
#16628 = SURFACE_SIDE_STYLE('',(#16629,#16632));
#16629 = SURFACE_STYLE_FILL_AREA(#16630);
#16630 = FILL_AREA_STYLE('',(#16631));
#16631 = FILL_AREA_STYLE_COLOUR('',#15857);
#16632 = SURFACE_STYLE_RENDERING_WITH_PROPERTIES(.NORMAL_SHADING.,#15857
  ,(#16633));
#16633 = SURFACE_STYLE_TRANSPARENT(0.100000023842);
#16634 = STYLED_ITEM('color',(#16635),#9091);
#16635 = PRESENTATION_STYLE_ASSIGNMENT((#16636));
#16636 = SURFACE_STYLE_USAGE(.BOTH.,#16637);
#16637 = SURFACE_SIDE_STYLE('',(#16638,#16641));
#16638 = SURFACE_STYLE_FILL_AREA(#16639);
#16639 = FILL_AREA_STYLE('',(#16640));
#16640 = FILL_AREA_STYLE_COLOUR('',#15857);
#16641 = SURFACE_STYLE_RENDERING_WITH_PROPERTIES(.NORMAL_SHADING.,#15857
  ,(#16642));
#16642 = SURFACE_STYLE_TRANSPARENT(0.100000023842);
#16643 = STYLED_ITEM('color',(#16644),#9160);
#16644 = PRESENTATION_STYLE_ASSIGNMENT((#16645));
#16645 = SURFACE_STYLE_USAGE(.BOTH.,#16646);
#16646 = SURFACE_SIDE_STYLE('',(#16647,#16650));
#16647 = SURFACE_STYLE_FILL_AREA(#16648);
#16648 = FILL_AREA_STYLE('',(#16649));
#16649 = FILL_AREA_STYLE_COLOUR('',#15857);
#16650 = SURFACE_STYLE_RENDERING_WITH_PROPERTIES(.NORMAL_SHADING.,#15857
  ,(#16651));
#16651 = SURFACE_STYLE_TRANSPARENT(0.100000023842);
#16652 = STYLED_ITEM('color',(#16653),#9229);
#16653 = PRESENTATION_STYLE_ASSIGNMENT((#16654));
#16654 = SURFACE_STYLE_USAGE(.BOTH.,#16655);
#16655 = SURFACE_SIDE_STYLE('',(#16656,#16659));
#16656 = SURFACE_STYLE_FILL_AREA(#16657);
#16657 = FILL_AREA_STYLE('',(#16658));
#16658 = FILL_AREA_STYLE_COLOUR('',#15857);
#16659 = SURFACE_STYLE_RENDERING_WITH_PROPERTIES(.NORMAL_SHADING.,#15857
  ,(#16660));
#16660 = SURFACE_STYLE_TRANSPARENT(0.100000023842);
#16661 = STYLED_ITEM('color',(#16662),#9298);
#16662 = PRESENTATION_STYLE_ASSIGNMENT((#16663));
#16663 = SURFACE_STYLE_USAGE(.BOTH.,#16664);
#16664 = SURFACE_SIDE_STYLE('',(#16665,#16668));
#16665 = SURFACE_STYLE_FILL_AREA(#16666);
#16666 = FILL_AREA_STYLE('',(#16667));
#16667 = FILL_AREA_STYLE_COLOUR('',#15857);
#16668 = SURFACE_STYLE_RENDERING_WITH_PROPERTIES(.NORMAL_SHADING.,#15857
  ,(#16669));
#16669 = SURFACE_STYLE_TRANSPARENT(0.100000023842);
#16670 = STYLED_ITEM('color',(#16671),#9367);
#16671 = PRESENTATION_STYLE_ASSIGNMENT((#16672));
#16672 = SURFACE_STYLE_USAGE(.BOTH.,#16673);
#16673 = SURFACE_SIDE_STYLE('',(#16674,#16677));
#16674 = SURFACE_STYLE_FILL_AREA(#16675);
#16675 = FILL_AREA_STYLE('',(#16676));
#16676 = FILL_AREA_STYLE_COLOUR('',#15857);
#16677 = SURFACE_STYLE_RENDERING_WITH_PROPERTIES(.NORMAL_SHADING.,#15857
  ,(#16678));
#16678 = SURFACE_STYLE_TRANSPARENT(0.100000023842);
#16679 = STYLED_ITEM('color',(#16680),#9436);
#16680 = PRESENTATION_STYLE_ASSIGNMENT((#16681));
#16681 = SURFACE_STYLE_USAGE(.BOTH.,#16682);
#16682 = SURFACE_SIDE_STYLE('',(#16683,#16686));
#16683 = SURFACE_STYLE_FILL_AREA(#16684);
#16684 = FILL_AREA_STYLE('',(#16685));
#16685 = FILL_AREA_STYLE_COLOUR('',#15857);
#16686 = SURFACE_STYLE_RENDERING_WITH_PROPERTIES(.NORMAL_SHADING.,#15857
  ,(#16687));
#16687 = SURFACE_STYLE_TRANSPARENT(0.100000023842);
#16688 = STYLED_ITEM('color',(#16689),#9480);
#16689 = PRESENTATION_STYLE_ASSIGNMENT((#16690));
#16690 = SURFACE_STYLE_USAGE(.BOTH.,#16691);
#16691 = SURFACE_SIDE_STYLE('',(#16692,#16695));
#16692 = SURFACE_STYLE_FILL_AREA(#16693);
#16693 = FILL_AREA_STYLE('',(#16694));
#16694 = FILL_AREA_STYLE_COLOUR('',#15857);
#16695 = SURFACE_STYLE_RENDERING_WITH_PROPERTIES(.NORMAL_SHADING.,#15857
  ,(#16696));
#16696 = SURFACE_STYLE_TRANSPARENT(0.100000023842);
#16697 = STYLED_ITEM('color',(#16698),#9524);
#16698 = PRESENTATION_STYLE_ASSIGNMENT((#16699));
#16699 = SURFACE_STYLE_USAGE(.BOTH.,#16700);
#16700 = SURFACE_SIDE_STYLE('',(#16701,#16704));
#16701 = SURFACE_STYLE_FILL_AREA(#16702);
#16702 = FILL_AREA_STYLE('',(#16703));
#16703 = FILL_AREA_STYLE_COLOUR('',#15857);
#16704 = SURFACE_STYLE_RENDERING_WITH_PROPERTIES(.NORMAL_SHADING.,#15857
  ,(#16705));
#16705 = SURFACE_STYLE_TRANSPARENT(0.100000023842);
#16706 = STYLED_ITEM('color',(#16707),#9568);
#16707 = PRESENTATION_STYLE_ASSIGNMENT((#16708));
#16708 = SURFACE_STYLE_USAGE(.BOTH.,#16709);
#16709 = SURFACE_SIDE_STYLE('',(#16710,#16713));
#16710 = SURFACE_STYLE_FILL_AREA(#16711);
#16711 = FILL_AREA_STYLE('',(#16712));
#16712 = FILL_AREA_STYLE_COLOUR('',#15857);
#16713 = SURFACE_STYLE_RENDERING_WITH_PROPERTIES(.NORMAL_SHADING.,#15857
  ,(#16714));
#16714 = SURFACE_STYLE_TRANSPARENT(0.100000023842);
#16715 = STYLED_ITEM('color',(#16716),#9612);
#16716 = PRESENTATION_STYLE_ASSIGNMENT((#16717));
#16717 = SURFACE_STYLE_USAGE(.BOTH.,#16718);
#16718 = SURFACE_SIDE_STYLE('',(#16719,#16722));
#16719 = SURFACE_STYLE_FILL_AREA(#16720);
#16720 = FILL_AREA_STYLE('',(#16721));
#16721 = FILL_AREA_STYLE_COLOUR('',#15857);
#16722 = SURFACE_STYLE_RENDERING_WITH_PROPERTIES(.NORMAL_SHADING.,#15857
  ,(#16723));
#16723 = SURFACE_STYLE_TRANSPARENT(0.100000023842);
#16724 = STYLED_ITEM('color',(#16725),#9656);
#16725 = PRESENTATION_STYLE_ASSIGNMENT((#16726));
#16726 = SURFACE_STYLE_USAGE(.BOTH.,#16727);
#16727 = SURFACE_SIDE_STYLE('',(#16728,#16731));
#16728 = SURFACE_STYLE_FILL_AREA(#16729);
#16729 = FILL_AREA_STYLE('',(#16730));
#16730 = FILL_AREA_STYLE_COLOUR('',#15857);
#16731 = SURFACE_STYLE_RENDERING_WITH_PROPERTIES(.NORMAL_SHADING.,#15857
  ,(#16732));
#16732 = SURFACE_STYLE_TRANSPARENT(0.100000023842);
#16733 = STYLED_ITEM('color',(#16734),#9700);
#16734 = PRESENTATION_STYLE_ASSIGNMENT((#16735));
#16735 = SURFACE_STYLE_USAGE(.BOTH.,#16736);
#16736 = SURFACE_SIDE_STYLE('',(#16737,#16740));
#16737 = SURFACE_STYLE_FILL_AREA(#16738);
#16738 = FILL_AREA_STYLE('',(#16739));
#16739 = FILL_AREA_STYLE_COLOUR('',#15857);
#16740 = SURFACE_STYLE_RENDERING_WITH_PROPERTIES(.NORMAL_SHADING.,#15857
  ,(#16741));
#16741 = SURFACE_STYLE_TRANSPARENT(0.100000023842);
#16742 = STYLED_ITEM('color',(#16743),#9744);
#16743 = PRESENTATION_STYLE_ASSIGNMENT((#16744));
#16744 = SURFACE_STYLE_USAGE(.BOTH.,#16745);
#16745 = SURFACE_SIDE_STYLE('',(#16746,#16749));
#16746 = SURFACE_STYLE_FILL_AREA(#16747);
#16747 = FILL_AREA_STYLE('',(#16748));
#16748 = FILL_AREA_STYLE_COLOUR('',#15857);
#16749 = SURFACE_STYLE_RENDERING_WITH_PROPERTIES(.NORMAL_SHADING.,#15857
  ,(#16750));
#16750 = SURFACE_STYLE_TRANSPARENT(0.100000023842);
#16751 = STYLED_ITEM('color',(#16752),#9788);
#16752 = PRESENTATION_STYLE_ASSIGNMENT((#16753));
#16753 = SURFACE_STYLE_USAGE(.BOTH.,#16754);
#16754 = SURFACE_SIDE_STYLE('',(#16755,#16758));
#16755 = SURFACE_STYLE_FILL_AREA(#16756);
#16756 = FILL_AREA_STYLE('',(#16757));
#16757 = FILL_AREA_STYLE_COLOUR('',#15857);
#16758 = SURFACE_STYLE_RENDERING_WITH_PROPERTIES(.NORMAL_SHADING.,#15857
  ,(#16759));
#16759 = SURFACE_STYLE_TRANSPARENT(0.100000023842);
#16760 = STYLED_ITEM('color',(#16761),#9832);
#16761 = PRESENTATION_STYLE_ASSIGNMENT((#16762));
#16762 = SURFACE_STYLE_USAGE(.BOTH.,#16763);
#16763 = SURFACE_SIDE_STYLE('',(#16764,#16767));
#16764 = SURFACE_STYLE_FILL_AREA(#16765);
#16765 = FILL_AREA_STYLE('',(#16766));
#16766 = FILL_AREA_STYLE_COLOUR('',#15857);
#16767 = SURFACE_STYLE_RENDERING_WITH_PROPERTIES(.NORMAL_SHADING.,#15857
  ,(#16768));
#16768 = SURFACE_STYLE_TRANSPARENT(0.100000023842);
#16769 = STYLED_ITEM('color',(#16770),#9876);
#16770 = PRESENTATION_STYLE_ASSIGNMENT((#16771));
#16771 = SURFACE_STYLE_USAGE(.BOTH.,#16772);
#16772 = SURFACE_SIDE_STYLE('',(#16773,#16776));
#16773 = SURFACE_STYLE_FILL_AREA(#16774);
#16774 = FILL_AREA_STYLE('',(#16775));
#16775 = FILL_AREA_STYLE_COLOUR('',#15857);
#16776 = SURFACE_STYLE_RENDERING_WITH_PROPERTIES(.NORMAL_SHADING.,#15857
  ,(#16777));
#16777 = SURFACE_STYLE_TRANSPARENT(0.100000023842);
#16778 = STYLED_ITEM('color',(#16779),#9920);
#16779 = PRESENTATION_STYLE_ASSIGNMENT((#16780));
#16780 = SURFACE_STYLE_USAGE(.BOTH.,#16781);
#16781 = SURFACE_SIDE_STYLE('',(#16782,#16785));
#16782 = SURFACE_STYLE_FILL_AREA(#16783);
#16783 = FILL_AREA_STYLE('',(#16784));
#16784 = FILL_AREA_STYLE_COLOUR('',#15857);
#16785 = SURFACE_STYLE_RENDERING_WITH_PROPERTIES(.NORMAL_SHADING.,#15857
  ,(#16786));
#16786 = SURFACE_STYLE_TRANSPARENT(0.100000023842);
#16787 = STYLED_ITEM('color',(#16788),#9964);
#16788 = PRESENTATION_STYLE_ASSIGNMENT((#16789));
#16789 = SURFACE_STYLE_USAGE(.BOTH.,#16790);
#16790 = SURFACE_SIDE_STYLE('',(#16791,#16794));
#16791 = SURFACE_STYLE_FILL_AREA(#16792);
#16792 = FILL_AREA_STYLE('',(#16793));
#16793 = FILL_AREA_STYLE_COLOUR('',#15857);
#16794 = SURFACE_STYLE_RENDERING_WITH_PROPERTIES(.NORMAL_SHADING.,#15857
  ,(#16795));
#16795 = SURFACE_STYLE_TRANSPARENT(0.100000023842);
#16796 = STYLED_ITEM('color',(#16797),#10008);
#16797 = PRESENTATION_STYLE_ASSIGNMENT((#16798));
#16798 = SURFACE_STYLE_USAGE(.BOTH.,#16799);
#16799 = SURFACE_SIDE_STYLE('',(#16800,#16803));
#16800 = SURFACE_STYLE_FILL_AREA(#16801);
#16801 = FILL_AREA_STYLE('',(#16802));
#16802 = FILL_AREA_STYLE_COLOUR('',#15857);
#16803 = SURFACE_STYLE_RENDERING_WITH_PROPERTIES(.NORMAL_SHADING.,#15857
  ,(#16804));
#16804 = SURFACE_STYLE_TRANSPARENT(0.100000023842);
#16805 = STYLED_ITEM('color',(#16806),#10052);
#16806 = PRESENTATION_STYLE_ASSIGNMENT((#16807));
#16807 = SURFACE_STYLE_USAGE(.BOTH.,#16808);
#16808 = SURFACE_SIDE_STYLE('',(#16809,#16812));
#16809 = SURFACE_STYLE_FILL_AREA(#16810);
#16810 = FILL_AREA_STYLE('',(#16811));
#16811 = FILL_AREA_STYLE_COLOUR('',#15857);
#16812 = SURFACE_STYLE_RENDERING_WITH_PROPERTIES(.NORMAL_SHADING.,#15857
  ,(#16813));
#16813 = SURFACE_STYLE_TRANSPARENT(0.100000023842);
#16814 = STYLED_ITEM('color',(#16815),#10096);
#16815 = PRESENTATION_STYLE_ASSIGNMENT((#16816));
#16816 = SURFACE_STYLE_USAGE(.BOTH.,#16817);
#16817 = SURFACE_SIDE_STYLE('',(#16818,#16821));
#16818 = SURFACE_STYLE_FILL_AREA(#16819);
#16819 = FILL_AREA_STYLE('',(#16820));
#16820 = FILL_AREA_STYLE_COLOUR('',#15857);
#16821 = SURFACE_STYLE_RENDERING_WITH_PROPERTIES(.NORMAL_SHADING.,#15857
  ,(#16822));
#16822 = SURFACE_STYLE_TRANSPARENT(0.100000023842);
#16823 = STYLED_ITEM('color',(#16824),#10222);
#16824 = PRESENTATION_STYLE_ASSIGNMENT((#16825));
#16825 = SURFACE_STYLE_USAGE(.BOTH.,#16826);
#16826 = SURFACE_SIDE_STYLE('',(#16827,#16830));
#16827 = SURFACE_STYLE_FILL_AREA(#16828);
#16828 = FILL_AREA_STYLE('',(#16829));
#16829 = FILL_AREA_STYLE_COLOUR('',#15857);
#16830 = SURFACE_STYLE_RENDERING_WITH_PROPERTIES(.NORMAL_SHADING.,#15857
  ,(#16831));
#16831 = SURFACE_STYLE_TRANSPARENT(0.100000023842);
#16832 = STYLED_ITEM('color',(#16833),#10348);
#16833 = PRESENTATION_STYLE_ASSIGNMENT((#16834));
#16834 = SURFACE_STYLE_USAGE(.BOTH.,#16835);
#16835 = SURFACE_SIDE_STYLE('',(#16836,#16839));
#16836 = SURFACE_STYLE_FILL_AREA(#16837);
#16837 = FILL_AREA_STYLE('',(#16838));
#16838 = FILL_AREA_STYLE_COLOUR('',#15857);
#16839 = SURFACE_STYLE_RENDERING_WITH_PROPERTIES(.NORMAL_SHADING.,#15857
  ,(#16840));
#16840 = SURFACE_STYLE_TRANSPARENT(0.100000023842);
#16841 = STYLED_ITEM('color',(#16842),#10474);
#16842 = PRESENTATION_STYLE_ASSIGNMENT((#16843));
#16843 = SURFACE_STYLE_USAGE(.BOTH.,#16844);
#16844 = SURFACE_SIDE_STYLE('',(#16845,#16848));
#16845 = SURFACE_STYLE_FILL_AREA(#16846);
#16846 = FILL_AREA_STYLE('',(#16847));
#16847 = FILL_AREA_STYLE_COLOUR('',#15857);
#16848 = SURFACE_STYLE_RENDERING_WITH_PROPERTIES(.NORMAL_SHADING.,#15857
  ,(#16849));
#16849 = SURFACE_STYLE_TRANSPARENT(0.100000023842);
#16850 = STYLED_ITEM('color',(#16851),#10518);
#16851 = PRESENTATION_STYLE_ASSIGNMENT((#16852));
#16852 = SURFACE_STYLE_USAGE(.BOTH.,#16853);
#16853 = SURFACE_SIDE_STYLE('',(#16854,#16857));
#16854 = SURFACE_STYLE_FILL_AREA(#16855);
#16855 = FILL_AREA_STYLE('',(#16856));
#16856 = FILL_AREA_STYLE_COLOUR('',#15857);
#16857 = SURFACE_STYLE_RENDERING_WITH_PROPERTIES(.NORMAL_SHADING.,#15857
  ,(#16858));
#16858 = SURFACE_STYLE_TRANSPARENT(0.100000023842);
#16859 = STYLED_ITEM('color',(#16860),#10562);
#16860 = PRESENTATION_STYLE_ASSIGNMENT((#16861));
#16861 = SURFACE_STYLE_USAGE(.BOTH.,#16862);
#16862 = SURFACE_SIDE_STYLE('',(#16863,#16866));
#16863 = SURFACE_STYLE_FILL_AREA(#16864);
#16864 = FILL_AREA_STYLE('',(#16865));
#16865 = FILL_AREA_STYLE_COLOUR('',#15857);
#16866 = SURFACE_STYLE_RENDERING_WITH_PROPERTIES(.NORMAL_SHADING.,#15857
  ,(#16867));
#16867 = SURFACE_STYLE_TRANSPARENT(0.100000023842);
#16868 = STYLED_ITEM('color',(#16869),#10606);
#16869 = PRESENTATION_STYLE_ASSIGNMENT((#16870));
#16870 = SURFACE_STYLE_USAGE(.BOTH.,#16871);
#16871 = SURFACE_SIDE_STYLE('',(#16872,#16875));
#16872 = SURFACE_STYLE_FILL_AREA(#16873);
#16873 = FILL_AREA_STYLE('',(#16874));
#16874 = FILL_AREA_STYLE_COLOUR('',#15857);
#16875 = SURFACE_STYLE_RENDERING_WITH_PROPERTIES(.NORMAL_SHADING.,#15857
  ,(#16876));
#16876 = SURFACE_STYLE_TRANSPARENT(0.100000023842);
#16877 = STYLED_ITEM('color',(#16878),#10650);
#16878 = PRESENTATION_STYLE_ASSIGNMENT((#16879));
#16879 = SURFACE_STYLE_USAGE(.BOTH.,#16880);
#16880 = SURFACE_SIDE_STYLE('',(#16881,#16884));
#16881 = SURFACE_STYLE_FILL_AREA(#16882);
#16882 = FILL_AREA_STYLE('',(#16883));
#16883 = FILL_AREA_STYLE_COLOUR('',#15857);
#16884 = SURFACE_STYLE_RENDERING_WITH_PROPERTIES(.NORMAL_SHADING.,#15857
  ,(#16885));
#16885 = SURFACE_STYLE_TRANSPARENT(0.100000023842);
#16886 = STYLED_ITEM('color',(#16887),#10694);
#16887 = PRESENTATION_STYLE_ASSIGNMENT((#16888));
#16888 = SURFACE_STYLE_USAGE(.BOTH.,#16889);
#16889 = SURFACE_SIDE_STYLE('',(#16890,#16893));
#16890 = SURFACE_STYLE_FILL_AREA(#16891);
#16891 = FILL_AREA_STYLE('',(#16892));
#16892 = FILL_AREA_STYLE_COLOUR('',#15857);
#16893 = SURFACE_STYLE_RENDERING_WITH_PROPERTIES(.NORMAL_SHADING.,#15857
  ,(#16894));
#16894 = SURFACE_STYLE_TRANSPARENT(0.100000023842);
#16895 = STYLED_ITEM('color',(#16896),#10738);
#16896 = PRESENTATION_STYLE_ASSIGNMENT((#16897));
#16897 = SURFACE_STYLE_USAGE(.BOTH.,#16898);
#16898 = SURFACE_SIDE_STYLE('',(#16899,#16902));
#16899 = SURFACE_STYLE_FILL_AREA(#16900);
#16900 = FILL_AREA_STYLE('',(#16901));
#16901 = FILL_AREA_STYLE_COLOUR('',#15857);
#16902 = SURFACE_STYLE_RENDERING_WITH_PROPERTIES(.NORMAL_SHADING.,#15857
  ,(#16903));
#16903 = SURFACE_STYLE_TRANSPARENT(0.100000023842);
#16904 = STYLED_ITEM('color',(#16905),#10815);
#16905 = PRESENTATION_STYLE_ASSIGNMENT((#16906));
#16906 = SURFACE_STYLE_USAGE(.BOTH.,#16907);
#16907 = SURFACE_SIDE_STYLE('',(#16908,#16911));
#16908 = SURFACE_STYLE_FILL_AREA(#16909);
#16909 = FILL_AREA_STYLE('',(#16910));
#16910 = FILL_AREA_STYLE_COLOUR('',#15857);
#16911 = SURFACE_STYLE_RENDERING_WITH_PROPERTIES(.NORMAL_SHADING.,#15857
  ,(#16912));
#16912 = SURFACE_STYLE_TRANSPARENT(0.100000023842);
#16913 = STYLED_ITEM('color',(#16914),#10892);
#16914 = PRESENTATION_STYLE_ASSIGNMENT((#16915));
#16915 = SURFACE_STYLE_USAGE(.BOTH.,#16916);
#16916 = SURFACE_SIDE_STYLE('',(#16917,#16920));
#16917 = SURFACE_STYLE_FILL_AREA(#16918);
#16918 = FILL_AREA_STYLE('',(#16919));
#16919 = FILL_AREA_STYLE_COLOUR('',#15857);
#16920 = SURFACE_STYLE_RENDERING_WITH_PROPERTIES(.NORMAL_SHADING.,#15857
  ,(#16921));
#16921 = SURFACE_STYLE_TRANSPARENT(0.100000023842);
#16922 = STYLED_ITEM('color',(#16923),#10969);
#16923 = PRESENTATION_STYLE_ASSIGNMENT((#16924));
#16924 = SURFACE_STYLE_USAGE(.BOTH.,#16925);
#16925 = SURFACE_SIDE_STYLE('',(#16926,#16929));
#16926 = SURFACE_STYLE_FILL_AREA(#16927);
#16927 = FILL_AREA_STYLE('',(#16928));
#16928 = FILL_AREA_STYLE_COLOUR('',#15857);
#16929 = SURFACE_STYLE_RENDERING_WITH_PROPERTIES(.NORMAL_SHADING.,#15857
  ,(#16930));
#16930 = SURFACE_STYLE_TRANSPARENT(0.100000023842);
#16931 = STYLED_ITEM('color',(#16932),#11046);
#16932 = PRESENTATION_STYLE_ASSIGNMENT((#16933));
#16933 = SURFACE_STYLE_USAGE(.BOTH.,#16934);
#16934 = SURFACE_SIDE_STYLE('',(#16935,#16938));
#16935 = SURFACE_STYLE_FILL_AREA(#16936);
#16936 = FILL_AREA_STYLE('',(#16937));
#16937 = FILL_AREA_STYLE_COLOUR('',#15857);
#16938 = SURFACE_STYLE_RENDERING_WITH_PROPERTIES(.NORMAL_SHADING.,#15857
  ,(#16939));
#16939 = SURFACE_STYLE_TRANSPARENT(0.100000023842);
#16940 = STYLED_ITEM('color',(#16941),#11123);
#16941 = PRESENTATION_STYLE_ASSIGNMENT((#16942));
#16942 = SURFACE_STYLE_USAGE(.BOTH.,#16943);
#16943 = SURFACE_SIDE_STYLE('',(#16944,#16947));
#16944 = SURFACE_STYLE_FILL_AREA(#16945);
#16945 = FILL_AREA_STYLE('',(#16946));
#16946 = FILL_AREA_STYLE_COLOUR('',#15857);
#16947 = SURFACE_STYLE_RENDERING_WITH_PROPERTIES(.NORMAL_SHADING.,#15857
  ,(#16948));
#16948 = SURFACE_STYLE_TRANSPARENT(0.100000023842);
#16949 = STYLED_ITEM('color',(#16950),#11200);
#16950 = PRESENTATION_STYLE_ASSIGNMENT((#16951));
#16951 = SURFACE_STYLE_USAGE(.BOTH.,#16952);
#16952 = SURFACE_SIDE_STYLE('',(#16953,#16956));
#16953 = SURFACE_STYLE_FILL_AREA(#16954);
#16954 = FILL_AREA_STYLE('',(#16955));
#16955 = FILL_AREA_STYLE_COLOUR('',#15857);
#16956 = SURFACE_STYLE_RENDERING_WITH_PROPERTIES(.NORMAL_SHADING.,#15857
  ,(#16957));
#16957 = SURFACE_STYLE_TRANSPARENT(0.100000023842);
#16958 = STYLED_ITEM('color',(#16959),#11277);
#16959 = PRESENTATION_STYLE_ASSIGNMENT((#16960));
#16960 = SURFACE_STYLE_USAGE(.BOTH.,#16961);
#16961 = SURFACE_SIDE_STYLE('',(#16962,#16965));
#16962 = SURFACE_STYLE_FILL_AREA(#16963);
#16963 = FILL_AREA_STYLE('',(#16964));
#16964 = FILL_AREA_STYLE_COLOUR('',#15857);
#16965 = SURFACE_STYLE_RENDERING_WITH_PROPERTIES(.NORMAL_SHADING.,#15857
  ,(#16966));
#16966 = SURFACE_STYLE_TRANSPARENT(0.100000023842);
#16967 = STYLED_ITEM('color',(#16968),#11404);
#16968 = PRESENTATION_STYLE_ASSIGNMENT((#16969));
#16969 = SURFACE_STYLE_USAGE(.BOTH.,#16970);
#16970 = SURFACE_SIDE_STYLE('',(#16971,#16974));
#16971 = SURFACE_STYLE_FILL_AREA(#16972);
#16972 = FILL_AREA_STYLE('',(#16973));
#16973 = FILL_AREA_STYLE_COLOUR('',#15857);
#16974 = SURFACE_STYLE_RENDERING_WITH_PROPERTIES(.NORMAL_SHADING.,#15857
  ,(#16975));
#16975 = SURFACE_STYLE_TRANSPARENT(0.100000023842);
#16976 = STYLED_ITEM('color',(#16977),#11530);
#16977 = PRESENTATION_STYLE_ASSIGNMENT((#16978));
#16978 = SURFACE_STYLE_USAGE(.BOTH.,#16979);
#16979 = SURFACE_SIDE_STYLE('',(#16980,#16983));
#16980 = SURFACE_STYLE_FILL_AREA(#16981);
#16981 = FILL_AREA_STYLE('',(#16982));
#16982 = FILL_AREA_STYLE_COLOUR('',#15857);
#16983 = SURFACE_STYLE_RENDERING_WITH_PROPERTIES(.NORMAL_SHADING.,#15857
  ,(#16984));
#16984 = SURFACE_STYLE_TRANSPARENT(0.100000023842);
#16985 = MECHANICAL_DESIGN_GEOMETRIC_PRESENTATION_REPRESENTATION('',(
    #16986,#16993,#17000,#17007,#17014,#17021,#17028,#17035,#17043,
    #17050,#17057,#17064,#17071,#17078,#17085,#17092,#17099,#17106,
    #17113,#17120,#17127,#17134,#17141,#17148,#17155,#17162,#17169,
    #17176,#17183,#17190,#17197,#17204,#17211,#17218,#17225,#17232,
    #17240,#17247,#17254,#17261,#17268,#17275,#17282,#17289,#17296,
    #17303,#17310,#17317,#17324,#17331),#2439);
#16986 = STYLED_ITEM('color',(#16987),#918);
#16987 = PRESENTATION_STYLE_ASSIGNMENT((#16988));
#16988 = SURFACE_STYLE_USAGE(.BOTH.,#16989);
#16989 = SURFACE_SIDE_STYLE('',(#16990));
#16990 = SURFACE_STYLE_FILL_AREA(#16991);
#16991 = FILL_AREA_STYLE('',(#16992));
#16992 = FILL_AREA_STYLE_COLOUR('',#15721);
#16993 = STYLED_ITEM('color',(#16994),#958);
#16994 = PRESENTATION_STYLE_ASSIGNMENT((#16995));
#16995 = SURFACE_STYLE_USAGE(.BOTH.,#16996);
#16996 = SURFACE_SIDE_STYLE('',(#16997));
#16997 = SURFACE_STYLE_FILL_AREA(#16998);
#16998 = FILL_AREA_STYLE('',(#16999));
#16999 = FILL_AREA_STYLE_COLOUR('',#15721);
#17000 = STYLED_ITEM('color',(#17001),#1005);
#17001 = PRESENTATION_STYLE_ASSIGNMENT((#17002));
#17002 = SURFACE_STYLE_USAGE(.BOTH.,#17003);
#17003 = SURFACE_SIDE_STYLE('',(#17004));
#17004 = SURFACE_STYLE_FILL_AREA(#17005);
#17005 = FILL_AREA_STYLE('',(#17006));
#17006 = FILL_AREA_STYLE_COLOUR('',#15721);
#17007 = STYLED_ITEM('color',(#17008),#1084);
#17008 = PRESENTATION_STYLE_ASSIGNMENT((#17009));
#17009 = SURFACE_STYLE_USAGE(.BOTH.,#17010);
#17010 = SURFACE_SIDE_STYLE('',(#17011));
#17011 = SURFACE_STYLE_FILL_AREA(#17012);
#17012 = FILL_AREA_STYLE('',(#17013));
#17013 = FILL_AREA_STYLE_COLOUR('',#15721);
#17014 = STYLED_ITEM('color',(#17015),#1108);
#17015 = PRESENTATION_STYLE_ASSIGNMENT((#17016));
#17016 = SURFACE_STYLE_USAGE(.BOTH.,#17017);
#17017 = SURFACE_SIDE_STYLE('',(#17018));
#17018 = SURFACE_STYLE_FILL_AREA(#17019);
#17019 = FILL_AREA_STYLE('',(#17020));
#17020 = FILL_AREA_STYLE_COLOUR('',#15721);
#17021 = STYLED_ITEM('color',(#17022),#1148);
#17022 = PRESENTATION_STYLE_ASSIGNMENT((#17023));
#17023 = SURFACE_STYLE_USAGE(.BOTH.,#17024);
#17024 = SURFACE_SIDE_STYLE('',(#17025));
#17025 = SURFACE_STYLE_FILL_AREA(#17026);
#17026 = FILL_AREA_STYLE('',(#17027));
#17027 = FILL_AREA_STYLE_COLOUR('',#15721);
#17028 = STYLED_ITEM('color',(#17029),#1179);
#17029 = PRESENTATION_STYLE_ASSIGNMENT((#17030));
#17030 = SURFACE_STYLE_USAGE(.BOTH.,#17031);
#17031 = SURFACE_SIDE_STYLE('',(#17032));
#17032 = SURFACE_STYLE_FILL_AREA(#17033);
#17033 = FILL_AREA_STYLE('',(#17034));
#17034 = FILL_AREA_STYLE_COLOUR('',#15721);
#17035 = STYLED_ITEM('color',(#17036),#1196);
#17036 = PRESENTATION_STYLE_ASSIGNMENT((#17037));
#17037 = SURFACE_STYLE_USAGE(.BOTH.,#17038);
#17038 = SURFACE_SIDE_STYLE('',(#17039));
#17039 = SURFACE_STYLE_FILL_AREA(#17040);
#17040 = FILL_AREA_STYLE('',(#17041));
#17041 = FILL_AREA_STYLE_COLOUR('',#17042);
#17042 = COLOUR_RGB('',0.859000020776,0.737999965183,0.495999988746);
#17043 = STYLED_ITEM('color',(#17044),#1229);
#17044 = PRESENTATION_STYLE_ASSIGNMENT((#17045));
#17045 = SURFACE_STYLE_USAGE(.BOTH.,#17046);
#17046 = SURFACE_SIDE_STYLE('',(#17047));
#17047 = SURFACE_STYLE_FILL_AREA(#17048);
#17048 = FILL_AREA_STYLE('',(#17049));
#17049 = FILL_AREA_STYLE_COLOUR('',#15721);
#17050 = STYLED_ITEM('color',(#17051),#1253);
#17051 = PRESENTATION_STYLE_ASSIGNMENT((#17052));
#17052 = SURFACE_STYLE_USAGE(.BOTH.,#17053);
#17053 = SURFACE_SIDE_STYLE('',(#17054));
#17054 = SURFACE_STYLE_FILL_AREA(#17055);
#17055 = FILL_AREA_STYLE('',(#17056));
#17056 = FILL_AREA_STYLE_COLOUR('',#17042);
#17057 = STYLED_ITEM('color',(#17058),#1320);
#17058 = PRESENTATION_STYLE_ASSIGNMENT((#17059));
#17059 = SURFACE_STYLE_USAGE(.BOTH.,#17060);
#17060 = SURFACE_SIDE_STYLE('',(#17061));
#17061 = SURFACE_STYLE_FILL_AREA(#17062);
#17062 = FILL_AREA_STYLE('',(#17063));
#17063 = FILL_AREA_STYLE_COLOUR('',#15721);
#17064 = STYLED_ITEM('color',(#17065),#1441);
#17065 = PRESENTATION_STYLE_ASSIGNMENT((#17066));
#17066 = SURFACE_STYLE_USAGE(.BOTH.,#17067);
#17067 = SURFACE_SIDE_STYLE('',(#17068));
#17068 = SURFACE_STYLE_FILL_AREA(#17069);
#17069 = FILL_AREA_STYLE('',(#17070));
#17070 = FILL_AREA_STYLE_COLOUR('',#17042);
#17071 = STYLED_ITEM('color',(#17072),#1508);
#17072 = PRESENTATION_STYLE_ASSIGNMENT((#17073));
#17073 = SURFACE_STYLE_USAGE(.BOTH.,#17074);
#17074 = SURFACE_SIDE_STYLE('',(#17075));
#17075 = SURFACE_STYLE_FILL_AREA(#17076);
#17076 = FILL_AREA_STYLE('',(#17077));
#17077 = FILL_AREA_STYLE_COLOUR('',#15721);
#17078 = STYLED_ITEM('color',(#17079),#1532);
#17079 = PRESENTATION_STYLE_ASSIGNMENT((#17080));
#17080 = SURFACE_STYLE_USAGE(.BOTH.,#17081);
#17081 = SURFACE_SIDE_STYLE('',(#17082));
#17082 = SURFACE_STYLE_FILL_AREA(#17083);
#17083 = FILL_AREA_STYLE('',(#17084));
#17084 = FILL_AREA_STYLE_COLOUR('',#15721);
#17085 = STYLED_ITEM('color',(#17086),#1563);
#17086 = PRESENTATION_STYLE_ASSIGNMENT((#17087));
#17087 = SURFACE_STYLE_USAGE(.BOTH.,#17088);
#17088 = SURFACE_SIDE_STYLE('',(#17089));
#17089 = SURFACE_STYLE_FILL_AREA(#17090);
#17090 = FILL_AREA_STYLE('',(#17091));
#17091 = FILL_AREA_STYLE_COLOUR('',#17042);
#17092 = STYLED_ITEM('color',(#17093),#1596);
#17093 = PRESENTATION_STYLE_ASSIGNMENT((#17094));
#17094 = SURFACE_STYLE_USAGE(.BOTH.,#17095);
#17095 = SURFACE_SIDE_STYLE('',(#17096));
#17096 = SURFACE_STYLE_FILL_AREA(#17097);
#17097 = FILL_AREA_STYLE('',(#17098));
#17098 = FILL_AREA_STYLE_COLOUR('',#15721);
#17099 = STYLED_ITEM('color',(#17100),#1652);
#17100 = PRESENTATION_STYLE_ASSIGNMENT((#17101));
#17101 = SURFACE_STYLE_USAGE(.BOTH.,#17102);
#17102 = SURFACE_SIDE_STYLE('',(#17103));
#17103 = SURFACE_STYLE_FILL_AREA(#17104);
#17104 = FILL_AREA_STYLE('',(#17105));
#17105 = FILL_AREA_STYLE_COLOUR('',#17042);
#17106 = STYLED_ITEM('color',(#17107),#1676);
#17107 = PRESENTATION_STYLE_ASSIGNMENT((#17108));
#17108 = SURFACE_STYLE_USAGE(.BOTH.,#17109);
#17109 = SURFACE_SIDE_STYLE('',(#17110));
#17110 = SURFACE_STYLE_FILL_AREA(#17111);
#17111 = FILL_AREA_STYLE('',(#17112));
#17112 = FILL_AREA_STYLE_COLOUR('',#17042);
#17113 = STYLED_ITEM('color',(#17114),#1700);
#17114 = PRESENTATION_STYLE_ASSIGNMENT((#17115));
#17115 = SURFACE_STYLE_USAGE(.BOTH.,#17116);
#17116 = SURFACE_SIDE_STYLE('',(#17117));
#17117 = SURFACE_STYLE_FILL_AREA(#17118);
#17118 = FILL_AREA_STYLE('',(#17119));
#17119 = FILL_AREA_STYLE_COLOUR('',#17042);
#17120 = STYLED_ITEM('color',(#17121),#1724);
#17121 = PRESENTATION_STYLE_ASSIGNMENT((#17122));
#17122 = SURFACE_STYLE_USAGE(.BOTH.,#17123);
#17123 = SURFACE_SIDE_STYLE('',(#17124));
#17124 = SURFACE_STYLE_FILL_AREA(#17125);
#17125 = FILL_AREA_STYLE('',(#17126));
#17126 = FILL_AREA_STYLE_COLOUR('',#17042);
#17127 = STYLED_ITEM('color',(#17128),#1757);
#17128 = PRESENTATION_STYLE_ASSIGNMENT((#17129));
#17129 = SURFACE_STYLE_USAGE(.BOTH.,#17130);
#17130 = SURFACE_SIDE_STYLE('',(#17131));
#17131 = SURFACE_STYLE_FILL_AREA(#17132);
#17132 = FILL_AREA_STYLE('',(#17133));
#17133 = FILL_AREA_STYLE_COLOUR('',#17042);
#17134 = STYLED_ITEM('color',(#17135),#1769);
#17135 = PRESENTATION_STYLE_ASSIGNMENT((#17136));
#17136 = SURFACE_STYLE_USAGE(.BOTH.,#17137);
#17137 = SURFACE_SIDE_STYLE('',(#17138));
#17138 = SURFACE_STYLE_FILL_AREA(#17139);
#17139 = FILL_AREA_STYLE('',(#17140));
#17140 = FILL_AREA_STYLE_COLOUR('',#17042);
#17141 = STYLED_ITEM('color',(#17142),#1832);
#17142 = PRESENTATION_STYLE_ASSIGNMENT((#17143));
#17143 = SURFACE_STYLE_USAGE(.BOTH.,#17144);
#17144 = SURFACE_SIDE_STYLE('',(#17145));
#17145 = SURFACE_STYLE_FILL_AREA(#17146);
#17146 = FILL_AREA_STYLE('',(#17147));
#17147 = FILL_AREA_STYLE_COLOUR('',#17042);
#17148 = STYLED_ITEM('color',(#17149),#1857);
#17149 = PRESENTATION_STYLE_ASSIGNMENT((#17150));
#17150 = SURFACE_STYLE_USAGE(.BOTH.,#17151);
#17151 = SURFACE_SIDE_STYLE('',(#17152));
#17152 = SURFACE_STYLE_FILL_AREA(#17153);
#17153 = FILL_AREA_STYLE('',(#17154));
#17154 = FILL_AREA_STYLE_COLOUR('',#17042);
#17155 = STYLED_ITEM('color',(#17156),#1874);
#17156 = PRESENTATION_STYLE_ASSIGNMENT((#17157));
#17157 = SURFACE_STYLE_USAGE(.BOTH.,#17158);
#17158 = SURFACE_SIDE_STYLE('',(#17159));
#17159 = SURFACE_STYLE_FILL_AREA(#17160);
#17160 = FILL_AREA_STYLE('',(#17161));
#17161 = FILL_AREA_STYLE_COLOUR('',#17042);
#17162 = STYLED_ITEM('color',(#17163),#1898);
#17163 = PRESENTATION_STYLE_ASSIGNMENT((#17164));
#17164 = SURFACE_STYLE_USAGE(.BOTH.,#17165);
#17165 = SURFACE_SIDE_STYLE('',(#17166));
#17166 = SURFACE_STYLE_FILL_AREA(#17167);
#17167 = FILL_AREA_STYLE('',(#17168));
#17168 = FILL_AREA_STYLE_COLOUR('',#17042);
#17169 = STYLED_ITEM('color',(#17170),#1916);
#17170 = PRESENTATION_STYLE_ASSIGNMENT((#17171));
#17171 = SURFACE_STYLE_USAGE(.BOTH.,#17172);
#17172 = SURFACE_SIDE_STYLE('',(#17173));
#17173 = SURFACE_STYLE_FILL_AREA(#17174);
#17174 = FILL_AREA_STYLE('',(#17175));
#17175 = FILL_AREA_STYLE_COLOUR('',#17042);
#17176 = STYLED_ITEM('color',(#17177),#1934);
#17177 = PRESENTATION_STYLE_ASSIGNMENT((#17178));
#17178 = SURFACE_STYLE_USAGE(.BOTH.,#17179);
#17179 = SURFACE_SIDE_STYLE('',(#17180));
#17180 = SURFACE_STYLE_FILL_AREA(#17181);
#17181 = FILL_AREA_STYLE('',(#17182));
#17182 = FILL_AREA_STYLE_COLOUR('',#17042);
#17183 = STYLED_ITEM('color',(#17184),#1952);
#17184 = PRESENTATION_STYLE_ASSIGNMENT((#17185));
#17185 = SURFACE_STYLE_USAGE(.BOTH.,#17186);
#17186 = SURFACE_SIDE_STYLE('',(#17187));
#17187 = SURFACE_STYLE_FILL_AREA(#17188);
#17188 = FILL_AREA_STYLE('',(#17189));
#17189 = FILL_AREA_STYLE_COLOUR('',#17042);
#17190 = STYLED_ITEM('color',(#17191),#1969);
#17191 = PRESENTATION_STYLE_ASSIGNMENT((#17192));
#17192 = SURFACE_STYLE_USAGE(.BOTH.,#17193);
#17193 = SURFACE_SIDE_STYLE('',(#17194));
#17194 = SURFACE_STYLE_FILL_AREA(#17195);
#17195 = FILL_AREA_STYLE('',(#17196));
#17196 = FILL_AREA_STYLE_COLOUR('',#17042);
#17197 = STYLED_ITEM('color',(#17198),#1986);
#17198 = PRESENTATION_STYLE_ASSIGNMENT((#17199));
#17199 = SURFACE_STYLE_USAGE(.BOTH.,#17200);
#17200 = SURFACE_SIDE_STYLE('',(#17201));
#17201 = SURFACE_STYLE_FILL_AREA(#17202);
#17202 = FILL_AREA_STYLE('',(#17203));
#17203 = FILL_AREA_STYLE_COLOUR('',#17042);
#17204 = STYLED_ITEM('color',(#17205),#2017);
#17205 = PRESENTATION_STYLE_ASSIGNMENT((#17206));
#17206 = SURFACE_STYLE_USAGE(.BOTH.,#17207);
#17207 = SURFACE_SIDE_STYLE('',(#17208));
#17208 = SURFACE_STYLE_FILL_AREA(#17209);
#17209 = FILL_AREA_STYLE('',(#17210));
#17210 = FILL_AREA_STYLE_COLOUR('',#17042);
#17211 = STYLED_ITEM('color',(#17212),#2042);
#17212 = PRESENTATION_STYLE_ASSIGNMENT((#17213));
#17213 = SURFACE_STYLE_USAGE(.BOTH.,#17214);
#17214 = SURFACE_SIDE_STYLE('',(#17215));
#17215 = SURFACE_STYLE_FILL_AREA(#17216);
#17216 = FILL_AREA_STYLE('',(#17217));
#17217 = FILL_AREA_STYLE_COLOUR('',#17042);
#17218 = STYLED_ITEM('color',(#17219),#2067);
#17219 = PRESENTATION_STYLE_ASSIGNMENT((#17220));
#17220 = SURFACE_STYLE_USAGE(.BOTH.,#17221);
#17221 = SURFACE_SIDE_STYLE('',(#17222));
#17222 = SURFACE_STYLE_FILL_AREA(#17223);
#17223 = FILL_AREA_STYLE('',(#17224));
#17224 = FILL_AREA_STYLE_COLOUR('',#17042);
#17225 = STYLED_ITEM('color',(#17226),#2091);
#17226 = PRESENTATION_STYLE_ASSIGNMENT((#17227));
#17227 = SURFACE_STYLE_USAGE(.BOTH.,#17228);
#17228 = SURFACE_SIDE_STYLE('',(#17229));
#17229 = SURFACE_STYLE_FILL_AREA(#17230);
#17230 = FILL_AREA_STYLE('',(#17231));
#17231 = FILL_AREA_STYLE_COLOUR('',#17042);
#17232 = STYLED_ITEM('color',(#17233),#2108);
#17233 = PRESENTATION_STYLE_ASSIGNMENT((#17234));
#17234 = SURFACE_STYLE_USAGE(.BOTH.,#17235);
#17235 = SURFACE_SIDE_STYLE('',(#17236));
#17236 = SURFACE_STYLE_FILL_AREA(#17237);
#17237 = FILL_AREA_STYLE('',(#17238));
#17238 = FILL_AREA_STYLE_COLOUR('',#17239);
#17239 = COLOUR_RGB('',0.340000006699,0.68000001254,0.444999988852);
#17240 = STYLED_ITEM('color',(#17241),#2139);
#17241 = PRESENTATION_STYLE_ASSIGNMENT((#17242));
#17242 = SURFACE_STYLE_USAGE(.BOTH.,#17243);
#17243 = SURFACE_SIDE_STYLE('',(#17244));
#17244 = SURFACE_STYLE_FILL_AREA(#17245);
#17245 = FILL_AREA_STYLE('',(#17246));
#17246 = FILL_AREA_STYLE_COLOUR('',#17239);
#17247 = STYLED_ITEM('color',(#17248),#2163);
#17248 = PRESENTATION_STYLE_ASSIGNMENT((#17249));
#17249 = SURFACE_STYLE_USAGE(.BOTH.,#17250);
#17250 = SURFACE_SIDE_STYLE('',(#17251));
#17251 = SURFACE_STYLE_FILL_AREA(#17252);
#17252 = FILL_AREA_STYLE('',(#17253));
#17253 = FILL_AREA_STYLE_COLOUR('',#17239);
#17254 = STYLED_ITEM('color',(#17255),#2180);
#17255 = PRESENTATION_STYLE_ASSIGNMENT((#17256));
#17256 = SURFACE_STYLE_USAGE(.BOTH.,#17257);
#17257 = SURFACE_SIDE_STYLE('',(#17258));
#17258 = SURFACE_STYLE_FILL_AREA(#17259);
#17259 = FILL_AREA_STYLE('',(#17260));
#17260 = FILL_AREA_STYLE_COLOUR('',#17042);
#17261 = STYLED_ITEM('color',(#17262),#2208);
#17262 = PRESENTATION_STYLE_ASSIGNMENT((#17263));
#17263 = SURFACE_STYLE_USAGE(.BOTH.,#17264);
#17264 = SURFACE_SIDE_STYLE('',(#17265));
#17265 = SURFACE_STYLE_FILL_AREA(#17266);
#17266 = FILL_AREA_STYLE('',(#17267));
#17267 = FILL_AREA_STYLE_COLOUR('',#17042);
#17268 = STYLED_ITEM('color',(#17269),#2233);
#17269 = PRESENTATION_STYLE_ASSIGNMENT((#17270));
#17270 = SURFACE_STYLE_USAGE(.BOTH.,#17271);
#17271 = SURFACE_SIDE_STYLE('',(#17272));
#17272 = SURFACE_STYLE_FILL_AREA(#17273);
#17273 = FILL_AREA_STYLE('',(#17274));
#17274 = FILL_AREA_STYLE_COLOUR('',#17042);
#17275 = STYLED_ITEM('color',(#17276),#2257);
#17276 = PRESENTATION_STYLE_ASSIGNMENT((#17277));
#17277 = SURFACE_STYLE_USAGE(.BOTH.,#17278);
#17278 = SURFACE_SIDE_STYLE('',(#17279));
#17279 = SURFACE_STYLE_FILL_AREA(#17280);
#17280 = FILL_AREA_STYLE('',(#17281));
#17281 = FILL_AREA_STYLE_COLOUR('',#17042);
#17282 = STYLED_ITEM('color',(#17283),#2282);
#17283 = PRESENTATION_STYLE_ASSIGNMENT((#17284));
#17284 = SURFACE_STYLE_USAGE(.BOTH.,#17285);
#17285 = SURFACE_SIDE_STYLE('',(#17286));
#17286 = SURFACE_STYLE_FILL_AREA(#17287);
#17287 = FILL_AREA_STYLE('',(#17288));
#17288 = FILL_AREA_STYLE_COLOUR('',#17042);
#17289 = STYLED_ITEM('color',(#17290),#2329);
#17290 = PRESENTATION_STYLE_ASSIGNMENT((#17291));
#17291 = SURFACE_STYLE_USAGE(.BOTH.,#17292);
#17292 = SURFACE_SIDE_STYLE('',(#17293));
#17293 = SURFACE_STYLE_FILL_AREA(#17294);
#17294 = FILL_AREA_STYLE('',(#17295));
#17295 = FILL_AREA_STYLE_COLOUR('',#17042);
#17296 = STYLED_ITEM('color',(#17297),#2346);
#17297 = PRESENTATION_STYLE_ASSIGNMENT((#17298));
#17298 = SURFACE_STYLE_USAGE(.BOTH.,#17299);
#17299 = SURFACE_SIDE_STYLE('',(#17300));
#17300 = SURFACE_STYLE_FILL_AREA(#17301);
#17301 = FILL_AREA_STYLE('',(#17302));
#17302 = FILL_AREA_STYLE_COLOUR('',#17042);
#17303 = STYLED_ITEM('color',(#17304),#2358);
#17304 = PRESENTATION_STYLE_ASSIGNMENT((#17305));
#17305 = SURFACE_STYLE_USAGE(.BOTH.,#17306);
#17306 = SURFACE_SIDE_STYLE('',(#17307));
#17307 = SURFACE_STYLE_FILL_AREA(#17308);
#17308 = FILL_AREA_STYLE('',(#17309));
#17309 = FILL_AREA_STYLE_COLOUR('',#17042);
#17310 = STYLED_ITEM('color',(#17311),#2380);
#17311 = PRESENTATION_STYLE_ASSIGNMENT((#17312));
#17312 = SURFACE_STYLE_USAGE(.BOTH.,#17313);
#17313 = SURFACE_SIDE_STYLE('',(#17314));
#17314 = SURFACE_STYLE_FILL_AREA(#17315);
#17315 = FILL_AREA_STYLE('',(#17316));
#17316 = FILL_AREA_STYLE_COLOUR('',#17042);
#17317 = STYLED_ITEM('color',(#17318),#2392);
#17318 = PRESENTATION_STYLE_ASSIGNMENT((#17319));
#17319 = SURFACE_STYLE_USAGE(.BOTH.,#17320);
#17320 = SURFACE_SIDE_STYLE('',(#17321));
#17321 = SURFACE_STYLE_FILL_AREA(#17322);
#17322 = FILL_AREA_STYLE('',(#17323));
#17323 = FILL_AREA_STYLE_COLOUR('',#17042);
#17324 = STYLED_ITEM('color',(#17325),#2410);
#17325 = PRESENTATION_STYLE_ASSIGNMENT((#17326));
#17326 = SURFACE_STYLE_USAGE(.BOTH.,#17327);
#17327 = SURFACE_SIDE_STYLE('',(#17328));
#17328 = SURFACE_STYLE_FILL_AREA(#17329);
#17329 = FILL_AREA_STYLE('',(#17330));
#17330 = FILL_AREA_STYLE_COLOUR('',#17042);
#17331 = STYLED_ITEM('color',(#17332),#2428);
#17332 = PRESENTATION_STYLE_ASSIGNMENT((#17333));
#17333 = SURFACE_STYLE_USAGE(.BOTH.,#17334);
#17334 = SURFACE_SIDE_STYLE('',(#17335));
#17335 = SURFACE_STYLE_FILL_AREA(#17336);
#17336 = FILL_AREA_STYLE('',(#17337));
#17337 = FILL_AREA_STYLE_COLOUR('',#17239);
#17338 = MECHANICAL_DESIGN_GEOMETRIC_PRESENTATION_REPRESENTATION('',(
    #17339,#17346,#17353),#2994);
#17339 = STYLED_ITEM('color',(#17340),#2458);
#17340 = PRESENTATION_STYLE_ASSIGNMENT((#17341));
#17341 = SURFACE_STYLE_USAGE(.BOTH.,#17342);
#17342 = SURFACE_SIDE_STYLE('',(#17343));
#17343 = SURFACE_STYLE_FILL_AREA(#17344);
#17344 = FILL_AREA_STYLE('',(#17345));
#17345 = FILL_AREA_STYLE_COLOUR('',#15662);
#17346 = STYLED_ITEM('color',(#17347),#2550);
#17347 = PRESENTATION_STYLE_ASSIGNMENT((#17348));
#17348 = SURFACE_STYLE_USAGE(.BOTH.,#17349);
#17349 = SURFACE_SIDE_STYLE('',(#17350));
#17350 = SURFACE_STYLE_FILL_AREA(#17351);
#17351 = FILL_AREA_STYLE('',(#17352));
#17352 = FILL_AREA_STYLE_COLOUR('',#15662);
#17353 = STYLED_ITEM('color',(#17354),#2642);
#17354 = PRESENTATION_STYLE_ASSIGNMENT((#17355));
#17355 = SURFACE_STYLE_USAGE(.BOTH.,#17356);
#17356 = SURFACE_SIDE_STYLE('',(#17357));
#17357 = SURFACE_STYLE_FILL_AREA(#17358);
#17358 = FILL_AREA_STYLE('',(#17359));
#17359 = FILL_AREA_STYLE_COLOUR('',#15662);
#17360 = MECHANICAL_DESIGN_GEOMETRIC_PRESENTATION_REPRESENTATION('',(
    #17361),#13320);
#17361 = STYLED_ITEM('color',(#17362),#12508);
#17362 = PRESENTATION_STYLE_ASSIGNMENT((#17363));
#17363 = SURFACE_STYLE_USAGE(.BOTH.,#17364);
#17364 = SURFACE_SIDE_STYLE('',(#17365,#17368));
#17365 = SURFACE_STYLE_FILL_AREA(#17366);
#17366 = FILL_AREA_STYLE('',(#17367));
#17367 = FILL_AREA_STYLE_COLOUR('',#15651);
#17368 = SURFACE_STYLE_RENDERING_WITH_PROPERTIES(.NORMAL_SHADING.,#15651
  ,(#17369));
#17369 = SURFACE_STYLE_TRANSPARENT(0.170000016689);
ENDSEC;
END-ISO-10303-21;
