ISO-10303-21;
HEADER;
FILE_DESCRIPTION(('KiCad electronic assembly'),'2;1');
FILE_NAME('x60-power-hub.step','2026-07-14T23:47:34',('Pcbnew'),('Kicad'
    ),'Open CASCADE STEP processor 7.9','KiCad to STEP converter',
  'Unknown');
FILE_SCHEMA(('AUTOMOTIVE_DESIGN { 1 0 10303 214 1 1 1 1 }'));
ENDSEC;
DATA;
#1 = APPLICATION_PROTOCOL_DEFINITION('international standard',
  'automotive_design',2000,#2);
#2 = APPLICATION_CONTEXT(
  'core data for automotive mechanical design processes');
#3 = SHAPE_DEFINITION_REPRESENTATION(#4,#10);
#4 = PRODUCT_DEFINITION_SHAPE('','',#5);
#5 = PRODUCT_DEFINITION('design','',#6,#9);
#6 = PRODUCT_DEFINITION_FORMATION('','',#7);
#7 = PRODUCT('x60-power-hub 1','x60-power-hub 1','',(#8));
#8 = PRODUCT_CONTEXT('',#2,'mechanical');
#9 = PRODUCT_DEFINITION_CONTEXT('part definition',#2,'design');
#10 = SHAPE_REPRESENTATION('',(#11,#15,#19,#23,#27,#31,#35),#39);
#11 = AXIS2_PLACEMENT_3D('',#12,#13,#14);
#12 = CARTESIAN_POINT('',(0.,0.,0.));
#13 = DIRECTION('',(0.,0.,1.));
#14 = DIRECTION('',(1.,0.,-0.));
#15 = AXIS2_PLACEMENT_3D('',#16,#17,#18);
#16 = CARTESIAN_POINT('',(-43.,-10.5,1.595));
#17 = DIRECTION('',(0.,0.,1.));
#18 = DIRECTION('',(-1.,1.224646799147E-16,0.));
#19 = AXIS2_PLACEMENT_3D('',#20,#21,#22);
#20 = CARTESIAN_POINT('',(-47.,-10.5,1.595));
#21 = DIRECTION('',(0.,0.,1.));
#22 = DIRECTION('',(1.,0.,0.));
#23 = AXIS2_PLACEMENT_3D('',#24,#25,#26);
#24 = CARTESIAN_POINT('',(0.,0.,0.));
#25 = DIRECTION('',(0.,0.,1.));
#26 = DIRECTION('',(1.,0.,-0.));
#27 = AXIS2_PLACEMENT_3D('',#28,#29,#30);
#28 = CARTESIAN_POINT('',(0.,0.,0.));
#29 = DIRECTION('',(0.,0.,1.));
#30 = DIRECTION('',(1.,0.,-0.));
#31 = AXIS2_PLACEMENT_3D('',#32,#33,#34);
#32 = CARTESIAN_POINT('',(0.,0.,0.));
#33 = DIRECTION('',(0.,0.,1.));
#34 = DIRECTION('',(1.,0.,-0.));
#35 = AXIS2_PLACEMENT_3D('',#36,#37,#38);
#36 = CARTESIAN_POINT('',(0.,0.,0.));
#37 = DIRECTION('',(0.,0.,1.));
#38 = DIRECTION('',(1.,0.,-0.));
#39 = ( GEOMETRIC_REPRESENTATION_CONTEXT(3) 
GLOBAL_UNCERTAINTY_ASSIGNED_CONTEXT((#43)) GLOBAL_UNIT_ASSIGNED_CONTEXT(
(#40,#41,#42)) REPRESENTATION_CONTEXT('Context #1',
  '3D Context with UNIT and UNCERTAINTY') );
#40 = ( LENGTH_UNIT() NAMED_UNIT(*) SI_UNIT(.MILLI.,.METRE.) );
#41 = ( NAMED_UNIT(*) PLANE_ANGLE_UNIT() SI_UNIT($,.RADIAN.) );
#42 = ( NAMED_UNIT(*) SI_UNIT($,.STERADIAN.) SOLID_ANGLE_UNIT() );
#43 = UNCERTAINTY_MEASURE_WITH_UNIT(LENGTH_MEASURE(1.E-07),#40,
  'distance_accuracy_value','confusion accuracy');
#44 = PRODUCT_RELATED_PRODUCT_CATEGORY('part',$,(#7));
#45 = SHAPE_DEFINITION_REPRESENTATION(#46,#52);
#46 = PRODUCT_DEFINITION_SHAPE('','',#47);
#47 = PRODUCT_DEFINITION('design','',#48,#51);
#48 = PRODUCT_DEFINITION_FORMATION('','',#49);
#49 = PRODUCT('R_0603_1608Metric','R_0603_1608Metric','',(#50));
#50 = PRODUCT_CONTEXT('',#2,'mechanical');
#51 = PRODUCT_DEFINITION_CONTEXT('part definition',#2,'design');
#52 = SHAPE_REPRESENTATION('',(#11,#53),#57);
#53 = AXIS2_PLACEMENT_3D('',#54,#55,#56);
#54 = CARTESIAN_POINT('',(0.,0.,0.));
#55 = DIRECTION('',(0.,0.,1.));
#56 = DIRECTION('',(1.,0.,-0.));
#57 = ( GEOMETRIC_REPRESENTATION_CONTEXT(3) 
GLOBAL_UNCERTAINTY_ASSIGNED_CONTEXT((#61)) GLOBAL_UNIT_ASSIGNED_CONTEXT(
(#58,#59,#60)) REPRESENTATION_CONTEXT('Context #1',
  '3D Context with UNIT and UNCERTAINTY') );
#58 = ( LENGTH_UNIT() NAMED_UNIT(*) SI_UNIT(.MILLI.,.METRE.) );
#59 = ( NAMED_UNIT(*) PLANE_ANGLE_UNIT() SI_UNIT($,.RADIAN.) );
#60 = ( NAMED_UNIT(*) SI_UNIT($,.STERADIAN.) SOLID_ANGLE_UNIT() );
#61 = UNCERTAINTY_MEASURE_WITH_UNIT(LENGTH_MEASURE(1.E-07),#58,
  'distance_accuracy_value','confusion accuracy');
#62 = CONTEXT_DEPENDENT_SHAPE_REPRESENTATION(#63,#65);
#63 = ( REPRESENTATION_RELATIONSHIP('','',#52,#10) 
REPRESENTATION_RELATIONSHIP_WITH_TRANSFORMATION(#64) 
SHAPE_REPRESENTATION_RELATIONSHIP() );
#64 = ITEM_DEFINED_TRANSFORMATION('','',#11,#15);
#65 = PRODUCT_DEFINITION_SHAPE('Placement','Placement of an item',#66);
#66 = NEXT_ASSEMBLY_USAGE_OCCURRENCE('2','R1','',#5,#47,$);
#67 = PRODUCT_RELATED_PRODUCT_CATEGORY('part',$,(#49));
#68 = SHAPE_DEFINITION_REPRESENTATION(#69,#75);
#69 = PRODUCT_DEFINITION_SHAPE('','',#70);
#70 = PRODUCT_DEFINITION('design','',#71,#74);
#71 = PRODUCT_DEFINITION_FORMATION('','',#72);
#72 = PRODUCT('R_0603_1608Metric','R_0603_1608Metric','',(#73));
#73 = PRODUCT_CONTEXT('',#2,'mechanical');
#74 = PRODUCT_DEFINITION_CONTEXT('part definition',#2,'design');
#75 = ADVANCED_BREP_SHAPE_REPRESENTATION('',(#11,#76),#866);
#76 = MANIFOLD_SOLID_BREP('',#77);
#77 = CLOSED_SHELL('',(#78,#118,#201,#226,#251,#318,#335,#352,#401,#418,
    #435,#484,#501,#570,#601,#625,#694,#718,#735,#752,#769,#786,#803,
    #820,#837,#854));
#78 = ADVANCED_FACE('',(#79),#113,.F.);
#79 = FACE_BOUND('',#80,.F.);
#80 = EDGE_LOOP('',(#81,#91,#99,#107));
#81 = ORIENTED_EDGE('',*,*,#82,.F.);
#82 = EDGE_CURVE('',#83,#85,#87,.T.);
#83 = VERTEX_POINT('',#84);
#84 = CARTESIAN_POINT('',(-0.8,-0.4,4.5E-02));
#85 = VERTEX_POINT('',#86);
#86 = CARTESIAN_POINT('',(-0.8,-0.4,0.405));
#87 = LINE('',#88,#89);
#88 = CARTESIAN_POINT('',(-0.8,-0.4,0.));
#89 = VECTOR('',#90,1.);
#90 = DIRECTION('',(0.,0.,1.));
#91 = ORIENTED_EDGE('',*,*,#92,.T.);
#92 = EDGE_CURVE('',#83,#93,#95,.T.);
#93 = VERTEX_POINT('',#94);
#94 = CARTESIAN_POINT('',(-0.8,0.4,4.5E-02));
#95 = LINE('',#96,#97);
#96 = CARTESIAN_POINT('',(-0.8,-0.4,4.5E-02));
#97 = VECTOR('',#98,1.);
#98 = DIRECTION('',(0.,1.,0.));
#99 = ORIENTED_EDGE('',*,*,#100,.T.);
#100 = EDGE_CURVE('',#93,#101,#103,.T.);
#101 = VERTEX_POINT('',#102);
#102 = CARTESIAN_POINT('',(-0.8,0.4,0.405));
#103 = LINE('',#104,#105);
#104 = CARTESIAN_POINT('',(-0.8,0.4,0.));
#105 = VECTOR('',#106,1.);
#106 = DIRECTION('',(0.,0.,1.));
#107 = ORIENTED_EDGE('',*,*,#108,.F.);
#108 = EDGE_CURVE('',#85,#101,#109,.T.);
#109 = LINE('',#110,#111);
#110 = CARTESIAN_POINT('',(-0.8,-0.4,0.405));
#111 = VECTOR('',#112,1.);
#112 = DIRECTION('',(0.,1.,0.));
#113 = PLANE('',#114);
#114 = AXIS2_PLACEMENT_3D('',#115,#116,#117);
#115 = CARTESIAN_POINT('',(-0.8,-0.4,0.));
#116 = DIRECTION('',(1.,0.,0.));
#117 = DIRECTION('',(0.,0.,1.));
#118 = ADVANCED_FACE('',(#119),#196,.F.);
#119 = FACE_BOUND('',#120,.F.);
#120 = EDGE_LOOP('',(#121,#131,#138,#139,#148,#156,#165,#173,#181,#189)
  );
#121 = ORIENTED_EDGE('',*,*,#122,.F.);
#122 = EDGE_CURVE('',#123,#125,#127,.T.);
#123 = VERTEX_POINT('',#124);
#124 = CARTESIAN_POINT('',(-0.755,-0.4,-2.775557561563E-17));
#125 = VERTEX_POINT('',#126);
#126 = CARTESIAN_POINT('',(-0.545,-0.4,-2.775557561563E-17));
#127 = LINE('',#128,#129);
#128 = CARTESIAN_POINT('',(-0.8,-0.4,0.));
#129 = VECTOR('',#130,1.);
#130 = DIRECTION('',(1.,0.,0.));
#131 = ORIENTED_EDGE('',*,*,#132,.F.);
#132 = EDGE_CURVE('',#83,#123,#133,.T.);
#133 = CIRCLE('',#134,4.5E-02);
#134 = AXIS2_PLACEMENT_3D('',#135,#136,#137);
#135 = CARTESIAN_POINT('',(-0.755,-0.4,4.5E-02));
#136 = DIRECTION('',(0.,-1.,0.));
#137 = DIRECTION('',(0.,0.,1.));
#138 = ORIENTED_EDGE('',*,*,#82,.T.);
#139 = ORIENTED_EDGE('',*,*,#140,.T.);
#140 = EDGE_CURVE('',#85,#141,#143,.T.);
#141 = VERTEX_POINT('',#142);
#142 = CARTESIAN_POINT('',(-0.755,-0.4,0.45));
#143 = CIRCLE('',#144,4.5E-02);
#144 = AXIS2_PLACEMENT_3D('',#145,#146,#147);
#145 = CARTESIAN_POINT('',(-0.755,-0.4,0.405));
#146 = DIRECTION('',(0.,1.,0.));
#147 = DIRECTION('',(0.,-0.,1.));
#148 = ORIENTED_EDGE('',*,*,#149,.T.);
#149 = EDGE_CURVE('',#141,#150,#152,.T.);
#150 = VERTEX_POINT('',#151);
#151 = CARTESIAN_POINT('',(-0.545,-0.4,0.45));
#152 = LINE('',#153,#154);
#153 = CARTESIAN_POINT('',(-0.8,-0.4,0.45));
#154 = VECTOR('',#155,1.);
#155 = DIRECTION('',(1.,0.,0.));
#156 = ORIENTED_EDGE('',*,*,#157,.F.);
#157 = EDGE_CURVE('',#158,#150,#160,.T.);
#158 = VERTEX_POINT('',#159);
#159 = CARTESIAN_POINT('',(-0.5,-0.4,0.405));
#160 = CIRCLE('',#161,4.5E-02);
#161 = AXIS2_PLACEMENT_3D('',#162,#163,#164);
#162 = CARTESIAN_POINT('',(-0.545,-0.4,0.405));
#163 = DIRECTION('',(0.,-1.,0.));
#164 = DIRECTION('',(0.,0.,1.));
#165 = ORIENTED_EDGE('',*,*,#166,.F.);
#166 = EDGE_CURVE('',#167,#158,#169,.T.);
#167 = VERTEX_POINT('',#168);
#168 = CARTESIAN_POINT('',(-0.755,-0.4,0.405));
#169 = LINE('',#170,#171);
#170 = CARTESIAN_POINT('',(-0.755,-0.4,0.405));
#171 = VECTOR('',#172,1.);
#172 = DIRECTION('',(1.,0.,0.));
#173 = ORIENTED_EDGE('',*,*,#174,.F.);
#174 = EDGE_CURVE('',#175,#167,#177,.T.);
#175 = VERTEX_POINT('',#176);
#176 = CARTESIAN_POINT('',(-0.755,-0.4,4.5E-02));
#177 = LINE('',#178,#179);
#178 = CARTESIAN_POINT('',(-0.755,-0.4,4.5E-02));
#179 = VECTOR('',#180,1.);
#180 = DIRECTION('',(0.,0.,1.));
#181 = ORIENTED_EDGE('',*,*,#182,.T.);
#182 = EDGE_CURVE('',#175,#183,#185,.T.);
#183 = VERTEX_POINT('',#184);
#184 = CARTESIAN_POINT('',(-0.5,-0.4,4.5E-02));
#185 = LINE('',#186,#187);
#186 = CARTESIAN_POINT('',(-0.755,-0.4,4.5E-02));
#187 = VECTOR('',#188,1.);
#188 = DIRECTION('',(1.,0.,0.));
#189 = ORIENTED_EDGE('',*,*,#190,.T.);
#190 = EDGE_CURVE('',#183,#125,#191,.T.);
#191 = CIRCLE('',#192,4.5E-02);
#192 = AXIS2_PLACEMENT_3D('',#193,#194,#195);
#193 = CARTESIAN_POINT('',(-0.545,-0.4,4.5E-02));
#194 = DIRECTION('',(0.,1.,0.));
#195 = DIRECTION('',(0.,-0.,1.));
#196 = PLANE('',#197);
#197 = AXIS2_PLACEMENT_3D('',#198,#199,#200);
#198 = CARTESIAN_POINT('',(-0.8,-0.4,0.));
#199 = DIRECTION('',(0.,1.,0.));
#200 = DIRECTION('',(0.,-0.,1.));
#201 = ADVANCED_FACE('',(#202),#221,.T.);
#202 = FACE_BOUND('',#203,.T.);
#203 = EDGE_LOOP('',(#204,#205,#214,#220));
#204 = ORIENTED_EDGE('',*,*,#92,.T.);
#205 = ORIENTED_EDGE('',*,*,#206,.T.);
#206 = EDGE_CURVE('',#93,#207,#209,.T.);
#207 = VERTEX_POINT('',#208);
#208 = CARTESIAN_POINT('',(-0.755,0.4,-2.775557561563E-17));
#209 = CIRCLE('',#210,4.5E-02);
#210 = AXIS2_PLACEMENT_3D('',#211,#212,#213);
#211 = CARTESIAN_POINT('',(-0.755,0.4,4.5E-02));
#212 = DIRECTION('',(0.,-1.,0.));
#213 = DIRECTION('',(0.,0.,1.));
#214 = ORIENTED_EDGE('',*,*,#215,.F.);
#215 = EDGE_CURVE('',#123,#207,#216,.T.);
#216 = LINE('',#217,#218);
#217 = CARTESIAN_POINT('',(-0.755,-0.4,-2.775557561563E-17));
#218 = VECTOR('',#219,1.);
#219 = DIRECTION('',(0.,1.,0.));
#220 = ORIENTED_EDGE('',*,*,#132,.F.);
#221 = CYLINDRICAL_SURFACE('',#222,4.5E-02);
#222 = AXIS2_PLACEMENT_3D('',#223,#224,#225);
#223 = CARTESIAN_POINT('',(-0.755,-0.4,4.5E-02));
#224 = DIRECTION('',(0.,1.,0.));
#225 = DIRECTION('',(-1.,0.,0.));
#226 = ADVANCED_FACE('',(#227),#246,.T.);
#227 = FACE_BOUND('',#228,.T.);
#228 = EDGE_LOOP('',(#229,#230,#238,#245));
#229 = ORIENTED_EDGE('',*,*,#140,.T.);
#230 = ORIENTED_EDGE('',*,*,#231,.T.);
#231 = EDGE_CURVE('',#141,#232,#234,.T.);
#232 = VERTEX_POINT('',#233);
#233 = CARTESIAN_POINT('',(-0.755,0.4,0.45));
#234 = LINE('',#235,#236);
#235 = CARTESIAN_POINT('',(-0.755,-0.4,0.45));
#236 = VECTOR('',#237,1.);
#237 = DIRECTION('',(0.,1.,0.));
#238 = ORIENTED_EDGE('',*,*,#239,.F.);
#239 = EDGE_CURVE('',#101,#232,#240,.T.);
#240 = CIRCLE('',#241,4.5E-02);
#241 = AXIS2_PLACEMENT_3D('',#242,#243,#244);
#242 = CARTESIAN_POINT('',(-0.755,0.4,0.405));
#243 = DIRECTION('',(0.,1.,0.));
#244 = DIRECTION('',(0.,-0.,1.));
#245 = ORIENTED_EDGE('',*,*,#108,.F.);
#246 = CYLINDRICAL_SURFACE('',#247,4.5E-02);
#247 = AXIS2_PLACEMENT_3D('',#248,#249,#250);
#248 = CARTESIAN_POINT('',(-0.755,-0.4,0.405));
#249 = DIRECTION('',(0.,1.,0.));
#250 = DIRECTION('',(-1.,0.,0.));
#251 = ADVANCED_FACE('',(#252),#313,.T.);
#252 = FACE_BOUND('',#253,.T.);
#253 = EDGE_LOOP('',(#254,#262,#263,#264,#265,#273,#282,#290,#298,#306)
  );
#254 = ORIENTED_EDGE('',*,*,#255,.F.);
#255 = EDGE_CURVE('',#207,#256,#258,.T.);
#256 = VERTEX_POINT('',#257);
#257 = CARTESIAN_POINT('',(-0.545,0.4,-2.775557561563E-17));
#258 = LINE('',#259,#260);
#259 = CARTESIAN_POINT('',(-0.8,0.4,0.));
#260 = VECTOR('',#261,1.);
#261 = DIRECTION('',(1.,0.,0.));
#262 = ORIENTED_EDGE('',*,*,#206,.F.);
#263 = ORIENTED_EDGE('',*,*,#100,.T.);
#264 = ORIENTED_EDGE('',*,*,#239,.T.);
#265 = ORIENTED_EDGE('',*,*,#266,.T.);
#266 = EDGE_CURVE('',#232,#267,#269,.T.);
#267 = VERTEX_POINT('',#268);
#268 = CARTESIAN_POINT('',(-0.545,0.4,0.45));
#269 = LINE('',#270,#271);
#270 = CARTESIAN_POINT('',(-0.8,0.4,0.45));
#271 = VECTOR('',#272,1.);
#272 = DIRECTION('',(1.,0.,0.));
#273 = ORIENTED_EDGE('',*,*,#274,.F.);
#274 = EDGE_CURVE('',#275,#267,#277,.T.);
#275 = VERTEX_POINT('',#276);
#276 = CARTESIAN_POINT('',(-0.5,0.4,0.405));
#277 = CIRCLE('',#278,4.5E-02);
#278 = AXIS2_PLACEMENT_3D('',#279,#280,#281);
#279 = CARTESIAN_POINT('',(-0.545,0.4,0.405));
#280 = DIRECTION('',(0.,-1.,0.));
#281 = DIRECTION('',(0.,0.,1.));
#282 = ORIENTED_EDGE('',*,*,#283,.F.);
#283 = EDGE_CURVE('',#284,#275,#286,.T.);
#284 = VERTEX_POINT('',#285);
#285 = CARTESIAN_POINT('',(-0.755,0.4,0.405));
#286 = LINE('',#287,#288);
#287 = CARTESIAN_POINT('',(-0.755,0.4,0.405));
#288 = VECTOR('',#289,1.);
#289 = DIRECTION('',(1.,0.,0.));
#290 = ORIENTED_EDGE('',*,*,#291,.F.);
#291 = EDGE_CURVE('',#292,#284,#294,.T.);
#292 = VERTEX_POINT('',#293);
#293 = CARTESIAN_POINT('',(-0.755,0.4,4.5E-02));
#294 = LINE('',#295,#296);
#295 = CARTESIAN_POINT('',(-0.755,0.4,4.5E-02));
#296 = VECTOR('',#297,1.);
#297 = DIRECTION('',(0.,0.,1.));
#298 = ORIENTED_EDGE('',*,*,#299,.T.);
#299 = EDGE_CURVE('',#292,#300,#302,.T.);
#300 = VERTEX_POINT('',#301);
#301 = CARTESIAN_POINT('',(-0.5,0.4,4.5E-02));
#302 = LINE('',#303,#304);
#303 = CARTESIAN_POINT('',(-0.755,0.4,4.5E-02));
#304 = VECTOR('',#305,1.);
#305 = DIRECTION('',(1.,0.,0.));
#306 = ORIENTED_EDGE('',*,*,#307,.T.);
#307 = EDGE_CURVE('',#300,#256,#308,.T.);
#308 = CIRCLE('',#309,4.5E-02);
#309 = AXIS2_PLACEMENT_3D('',#310,#311,#312);
#310 = CARTESIAN_POINT('',(-0.545,0.4,4.5E-02));
#311 = DIRECTION('',(0.,1.,0.));
#312 = DIRECTION('',(0.,-0.,1.));
#313 = PLANE('',#314);
#314 = AXIS2_PLACEMENT_3D('',#315,#316,#317);
#315 = CARTESIAN_POINT('',(-0.8,0.4,0.));
#316 = DIRECTION('',(0.,1.,0.));
#317 = DIRECTION('',(0.,-0.,1.));
#318 = ADVANCED_FACE('',(#319),#330,.F.);
#319 = FACE_BOUND('',#320,.F.);
#320 = EDGE_LOOP('',(#321,#322,#323,#324));
#321 = ORIENTED_EDGE('',*,*,#255,.F.);
#322 = ORIENTED_EDGE('',*,*,#215,.F.);
#323 = ORIENTED_EDGE('',*,*,#122,.T.);
#324 = ORIENTED_EDGE('',*,*,#325,.T.);
#325 = EDGE_CURVE('',#125,#256,#326,.T.);
#326 = LINE('',#327,#328);
#327 = CARTESIAN_POINT('',(-0.545,-0.4,-2.775557561563E-17));
#328 = VECTOR('',#329,1.);
#329 = DIRECTION('',(0.,1.,0.));
#330 = PLANE('',#331);
#331 = AXIS2_PLACEMENT_3D('',#332,#333,#334);
#332 = CARTESIAN_POINT('',(-0.8,-0.4,0.));
#333 = DIRECTION('',(0.,0.,1.));
#334 = DIRECTION('',(1.,0.,-0.));
#335 = ADVANCED_FACE('',(#336),#347,.T.);
#336 = FACE_BOUND('',#337,.T.);
#337 = EDGE_LOOP('',(#338,#339,#340,#341));
#338 = ORIENTED_EDGE('',*,*,#190,.T.);
#339 = ORIENTED_EDGE('',*,*,#325,.T.);
#340 = ORIENTED_EDGE('',*,*,#307,.F.);
#341 = ORIENTED_EDGE('',*,*,#342,.F.);
#342 = EDGE_CURVE('',#183,#300,#343,.T.);
#343 = LINE('',#344,#345);
#344 = CARTESIAN_POINT('',(-0.5,-0.4,4.5E-02));
#345 = VECTOR('',#346,1.);
#346 = DIRECTION('',(0.,1.,0.));
#347 = CYLINDRICAL_SURFACE('',#348,4.5E-02);
#348 = AXIS2_PLACEMENT_3D('',#349,#350,#351);
#349 = CARTESIAN_POINT('',(-0.545,-0.4,4.5E-02));
#350 = DIRECTION('',(0.,1.,0.));
#351 = DIRECTION('',(1.,0.,0.));
#352 = ADVANCED_FACE('',(#353),#396,.F.);
#353 = FACE_BOUND('',#354,.F.);
#354 = EDGE_LOOP('',(#355,#356,#357,#358,#366,#374,#382,#390));
#355 = ORIENTED_EDGE('',*,*,#182,.F.);
#356 = ORIENTED_EDGE('',*,*,#174,.T.);
#357 = ORIENTED_EDGE('',*,*,#166,.T.);
#358 = ORIENTED_EDGE('',*,*,#359,.T.);
#359 = EDGE_CURVE('',#158,#360,#362,.T.);
#360 = VERTEX_POINT('',#361);
#361 = CARTESIAN_POINT('',(0.5,-0.4,0.405));
#362 = LINE('',#363,#364);
#363 = CARTESIAN_POINT('',(-0.5,-0.4,0.405));
#364 = VECTOR('',#365,1.);
#365 = DIRECTION('',(1.,0.,0.));
#366 = ORIENTED_EDGE('',*,*,#367,.T.);
#367 = EDGE_CURVE('',#360,#368,#370,.T.);
#368 = VERTEX_POINT('',#369);
#369 = CARTESIAN_POINT('',(0.755,-0.4,0.405));
#370 = LINE('',#371,#372);
#371 = CARTESIAN_POINT('',(-0.755,-0.4,0.405));
#372 = VECTOR('',#373,1.);
#373 = DIRECTION('',(1.,0.,0.));
#374 = ORIENTED_EDGE('',*,*,#375,.F.);
#375 = EDGE_CURVE('',#376,#368,#378,.T.);
#376 = VERTEX_POINT('',#377);
#377 = CARTESIAN_POINT('',(0.755,-0.4,4.5E-02));
#378 = LINE('',#379,#380);
#379 = CARTESIAN_POINT('',(0.755,-0.4,4.5E-02));
#380 = VECTOR('',#381,1.);
#381 = DIRECTION('',(0.,0.,1.));
#382 = ORIENTED_EDGE('',*,*,#383,.F.);
#383 = EDGE_CURVE('',#384,#376,#386,.T.);
#384 = VERTEX_POINT('',#385);
#385 = CARTESIAN_POINT('',(0.5,-0.4,4.5E-02));
#386 = LINE('',#387,#388);
#387 = CARTESIAN_POINT('',(-0.755,-0.4,4.5E-02));
#388 = VECTOR('',#389,1.);
#389 = DIRECTION('',(1.,0.,0.));
#390 = ORIENTED_EDGE('',*,*,#391,.F.);
#391 = EDGE_CURVE('',#183,#384,#392,.T.);
#392 = LINE('',#393,#394);
#393 = CARTESIAN_POINT('',(-0.755,-0.4,4.5E-02));
#394 = VECTOR('',#395,1.);
#395 = DIRECTION('',(1.,0.,0.));
#396 = PLANE('',#397);
#397 = AXIS2_PLACEMENT_3D('',#398,#399,#400);
#398 = CARTESIAN_POINT('',(-0.755,-0.4,4.5E-02));
#399 = DIRECTION('',(0.,1.,0.));
#400 = DIRECTION('',(0.,-0.,1.));
#401 = ADVANCED_FACE('',(#402),#413,.T.);
#402 = FACE_BOUND('',#403,.T.);
#403 = EDGE_LOOP('',(#404,#405,#406,#407));
#404 = ORIENTED_EDGE('',*,*,#266,.F.);
#405 = ORIENTED_EDGE('',*,*,#231,.F.);
#406 = ORIENTED_EDGE('',*,*,#149,.T.);
#407 = ORIENTED_EDGE('',*,*,#408,.T.);
#408 = EDGE_CURVE('',#150,#267,#409,.T.);
#409 = LINE('',#410,#411);
#410 = CARTESIAN_POINT('',(-0.545,-0.4,0.45));
#411 = VECTOR('',#412,1.);
#412 = DIRECTION('',(0.,1.,0.));
#413 = PLANE('',#414);
#414 = AXIS2_PLACEMENT_3D('',#415,#416,#417);
#415 = CARTESIAN_POINT('',(-0.8,-0.4,0.45));
#416 = DIRECTION('',(0.,0.,1.));
#417 = DIRECTION('',(1.,0.,-0.));
#418 = ADVANCED_FACE('',(#419),#430,.T.);
#419 = FACE_BOUND('',#420,.T.);
#420 = EDGE_LOOP('',(#421,#427,#428,#429));
#421 = ORIENTED_EDGE('',*,*,#422,.T.);
#422 = EDGE_CURVE('',#158,#275,#423,.T.);
#423 = LINE('',#424,#425);
#424 = CARTESIAN_POINT('',(-0.5,-0.4,0.405));
#425 = VECTOR('',#426,1.);
#426 = DIRECTION('',(0.,1.,0.));
#427 = ORIENTED_EDGE('',*,*,#274,.T.);
#428 = ORIENTED_EDGE('',*,*,#408,.F.);
#429 = ORIENTED_EDGE('',*,*,#157,.F.);
#430 = CYLINDRICAL_SURFACE('',#431,4.5E-02);
#431 = AXIS2_PLACEMENT_3D('',#432,#433,#434);
#432 = CARTESIAN_POINT('',(-0.545,-0.4,0.405));
#433 = DIRECTION('',(0.,1.,0.));
#434 = DIRECTION('',(1.,0.,0.));
#435 = ADVANCED_FACE('',(#436),#479,.T.);
#436 = FACE_BOUND('',#437,.T.);
#437 = EDGE_LOOP('',(#438,#439,#440,#441,#449,#457,#465,#473));
#438 = ORIENTED_EDGE('',*,*,#299,.F.);
#439 = ORIENTED_EDGE('',*,*,#291,.T.);
#440 = ORIENTED_EDGE('',*,*,#283,.T.);
#441 = ORIENTED_EDGE('',*,*,#442,.T.);
#442 = EDGE_CURVE('',#275,#443,#445,.T.);
#443 = VERTEX_POINT('',#444);
#444 = CARTESIAN_POINT('',(0.5,0.4,0.405));
#445 = LINE('',#446,#447);
#446 = CARTESIAN_POINT('',(-0.5,0.4,0.405));
#447 = VECTOR('',#448,1.);
#448 = DIRECTION('',(1.,0.,0.));
#449 = ORIENTED_EDGE('',*,*,#450,.T.);
#450 = EDGE_CURVE('',#443,#451,#453,.T.);
#451 = VERTEX_POINT('',#452);
#452 = CARTESIAN_POINT('',(0.755,0.4,0.405));
#453 = LINE('',#454,#455);
#454 = CARTESIAN_POINT('',(-0.755,0.4,0.405));
#455 = VECTOR('',#456,1.);
#456 = DIRECTION('',(1.,0.,0.));
#457 = ORIENTED_EDGE('',*,*,#458,.F.);
#458 = EDGE_CURVE('',#459,#451,#461,.T.);
#459 = VERTEX_POINT('',#460);
#460 = CARTESIAN_POINT('',(0.755,0.4,4.5E-02));
#461 = LINE('',#462,#463);
#462 = CARTESIAN_POINT('',(0.755,0.4,4.5E-02));
#463 = VECTOR('',#464,1.);
#464 = DIRECTION('',(0.,0.,1.));
#465 = ORIENTED_EDGE('',*,*,#466,.F.);
#466 = EDGE_CURVE('',#467,#459,#469,.T.);
#467 = VERTEX_POINT('',#468);
#468 = CARTESIAN_POINT('',(0.5,0.4,4.5E-02));
#469 = LINE('',#470,#471);
#470 = CARTESIAN_POINT('',(-0.755,0.4,4.5E-02));
#471 = VECTOR('',#472,1.);
#472 = DIRECTION('',(1.,0.,0.));
#473 = ORIENTED_EDGE('',*,*,#474,.F.);
#474 = EDGE_CURVE('',#300,#467,#475,.T.);
#475 = LINE('',#476,#477);
#476 = CARTESIAN_POINT('',(-0.755,0.4,4.5E-02));
#477 = VECTOR('',#478,1.);
#478 = DIRECTION('',(1.,0.,0.));
#479 = PLANE('',#480);
#480 = AXIS2_PLACEMENT_3D('',#481,#482,#483);
#481 = CARTESIAN_POINT('',(-0.755,0.4,4.5E-02));
#482 = DIRECTION('',(0.,1.,0.));
#483 = DIRECTION('',(0.,-0.,1.));
#484 = ADVANCED_FACE('',(#485),#496,.F.);
#485 = FACE_BOUND('',#486,.F.);
#486 = EDGE_LOOP('',(#487,#488,#489,#495));
#487 = ORIENTED_EDGE('',*,*,#342,.F.);
#488 = ORIENTED_EDGE('',*,*,#391,.T.);
#489 = ORIENTED_EDGE('',*,*,#490,.T.);
#490 = EDGE_CURVE('',#384,#467,#491,.T.);
#491 = LINE('',#492,#493);
#492 = CARTESIAN_POINT('',(0.5,-0.4,4.5E-02));
#493 = VECTOR('',#494,1.);
#494 = DIRECTION('',(0.,1.,0.));
#495 = ORIENTED_EDGE('',*,*,#474,.F.);
#496 = PLANE('',#497);
#497 = AXIS2_PLACEMENT_3D('',#498,#499,#500);
#498 = CARTESIAN_POINT('',(-0.755,-0.4,4.5E-02));
#499 = DIRECTION('',(0.,0.,1.));
#500 = DIRECTION('',(1.,0.,-0.));
#501 = ADVANCED_FACE('',(#502),#565,.F.);
#502 = FACE_BOUND('',#503,.F.);
#503 = EDGE_LOOP('',(#504,#514,#521,#522,#523,#524,#533,#541,#550,#558)
  );
#504 = ORIENTED_EDGE('',*,*,#505,.F.);
#505 = EDGE_CURVE('',#506,#508,#510,.T.);
#506 = VERTEX_POINT('',#507);
#507 = CARTESIAN_POINT('',(0.545,-0.4,-2.775557561563E-17));
#508 = VERTEX_POINT('',#509);
#509 = CARTESIAN_POINT('',(0.755,-0.4,-2.775557561563E-17));
#510 = LINE('',#511,#512);
#511 = CARTESIAN_POINT('',(0.5,-0.4,0.));
#512 = VECTOR('',#513,1.);
#513 = DIRECTION('',(1.,0.,0.));
#514 = ORIENTED_EDGE('',*,*,#515,.F.);
#515 = EDGE_CURVE('',#384,#506,#516,.T.);
#516 = CIRCLE('',#517,4.5E-02);
#517 = AXIS2_PLACEMENT_3D('',#518,#519,#520);
#518 = CARTESIAN_POINT('',(0.545,-0.4,4.5E-02));
#519 = DIRECTION('',(0.,-1.,0.));
#520 = DIRECTION('',(0.,0.,1.));
#521 = ORIENTED_EDGE('',*,*,#383,.T.);
#522 = ORIENTED_EDGE('',*,*,#375,.T.);
#523 = ORIENTED_EDGE('',*,*,#367,.F.);
#524 = ORIENTED_EDGE('',*,*,#525,.T.);
#525 = EDGE_CURVE('',#360,#526,#528,.T.);
#526 = VERTEX_POINT('',#527);
#527 = CARTESIAN_POINT('',(0.545,-0.4,0.45));
#528 = CIRCLE('',#529,4.5E-02);
#529 = AXIS2_PLACEMENT_3D('',#530,#531,#532);
#530 = CARTESIAN_POINT('',(0.545,-0.4,0.405));
#531 = DIRECTION('',(0.,1.,0.));
#532 = DIRECTION('',(0.,-0.,1.));
#533 = ORIENTED_EDGE('',*,*,#534,.T.);
#534 = EDGE_CURVE('',#526,#535,#537,.T.);
#535 = VERTEX_POINT('',#536);
#536 = CARTESIAN_POINT('',(0.755,-0.4,0.45));
#537 = LINE('',#538,#539);
#538 = CARTESIAN_POINT('',(0.5,-0.4,0.45));
#539 = VECTOR('',#540,1.);
#540 = DIRECTION('',(1.,0.,0.));
#541 = ORIENTED_EDGE('',*,*,#542,.F.);
#542 = EDGE_CURVE('',#543,#535,#545,.T.);
#543 = VERTEX_POINT('',#544);
#544 = CARTESIAN_POINT('',(0.8,-0.4,0.405));
#545 = CIRCLE('',#546,4.5E-02);
#546 = AXIS2_PLACEMENT_3D('',#547,#548,#549);
#547 = CARTESIAN_POINT('',(0.755,-0.4,0.405));
#548 = DIRECTION('',(0.,-1.,0.));
#549 = DIRECTION('',(0.,0.,1.));
#550 = ORIENTED_EDGE('',*,*,#551,.F.);
#551 = EDGE_CURVE('',#552,#543,#554,.T.);
#552 = VERTEX_POINT('',#553);
#553 = CARTESIAN_POINT('',(0.8,-0.4,4.5E-02));
#554 = LINE('',#555,#556);
#555 = CARTESIAN_POINT('',(0.8,-0.4,0.));
#556 = VECTOR('',#557,1.);
#557 = DIRECTION('',(0.,0.,1.));
#558 = ORIENTED_EDGE('',*,*,#559,.T.);
#559 = EDGE_CURVE('',#552,#508,#560,.T.);
#560 = CIRCLE('',#561,4.5E-02);
#561 = AXIS2_PLACEMENT_3D('',#562,#563,#564);
#562 = CARTESIAN_POINT('',(0.755,-0.4,4.5E-02));
#563 = DIRECTION('',(0.,1.,0.));
#564 = DIRECTION('',(0.,-0.,1.));
#565 = PLANE('',#566);
#566 = AXIS2_PLACEMENT_3D('',#567,#568,#569);
#567 = CARTESIAN_POINT('',(0.5,-0.4,0.));
#568 = DIRECTION('',(0.,1.,0.));
#569 = DIRECTION('',(0.,-0.,1.));
#570 = ADVANCED_FACE('',(#571),#596,.F.);
#571 = FACE_BOUND('',#572,.F.);
#572 = EDGE_LOOP('',(#573,#574,#582,#590));
#573 = ORIENTED_EDGE('',*,*,#359,.F.);
#574 = ORIENTED_EDGE('',*,*,#575,.T.);
#575 = EDGE_CURVE('',#158,#576,#578,.T.);
#576 = VERTEX_POINT('',#577);
#577 = CARTESIAN_POINT('',(-0.5,-0.4,0.45));
#578 = LINE('',#579,#580);
#579 = CARTESIAN_POINT('',(-0.5,-0.4,0.405));
#580 = VECTOR('',#581,1.);
#581 = DIRECTION('',(0.,0.,1.));
#582 = ORIENTED_EDGE('',*,*,#583,.T.);
#583 = EDGE_CURVE('',#576,#584,#586,.T.);
#584 = VERTEX_POINT('',#585);
#585 = CARTESIAN_POINT('',(0.5,-0.4,0.45));
#586 = LINE('',#587,#588);
#587 = CARTESIAN_POINT('',(-0.5,-0.4,0.45));
#588 = VECTOR('',#589,1.);
#589 = DIRECTION('',(1.,0.,0.));
#590 = ORIENTED_EDGE('',*,*,#591,.F.);
#591 = EDGE_CURVE('',#360,#584,#592,.T.);
#592 = LINE('',#593,#594);
#593 = CARTESIAN_POINT('',(0.5,-0.4,0.405));
#594 = VECTOR('',#595,1.);
#595 = DIRECTION('',(0.,0.,1.));
#596 = PLANE('',#597);
#597 = AXIS2_PLACEMENT_3D('',#598,#599,#600);
#598 = CARTESIAN_POINT('',(-0.5,-0.4,0.405));
#599 = DIRECTION('',(0.,1.,0.));
#600 = DIRECTION('',(0.,-0.,1.));
#601 = ADVANCED_FACE('',(#602),#620,.F.);
#602 = FACE_BOUND('',#603,.F.);
#603 = EDGE_LOOP('',(#604,#605,#606,#614));
#604 = ORIENTED_EDGE('',*,*,#575,.F.);
#605 = ORIENTED_EDGE('',*,*,#422,.T.);
#606 = ORIENTED_EDGE('',*,*,#607,.T.);
#607 = EDGE_CURVE('',#275,#608,#610,.T.);
#608 = VERTEX_POINT('',#609);
#609 = CARTESIAN_POINT('',(-0.5,0.4,0.45));
#610 = LINE('',#611,#612);
#611 = CARTESIAN_POINT('',(-0.5,0.4,0.405));
#612 = VECTOR('',#613,1.);
#613 = DIRECTION('',(0.,0.,1.));
#614 = ORIENTED_EDGE('',*,*,#615,.F.);
#615 = EDGE_CURVE('',#576,#608,#616,.T.);
#616 = LINE('',#617,#618);
#617 = CARTESIAN_POINT('',(-0.5,-0.4,0.45));
#618 = VECTOR('',#619,1.);
#619 = DIRECTION('',(0.,1.,0.));
#620 = PLANE('',#621);
#621 = AXIS2_PLACEMENT_3D('',#622,#623,#624);
#622 = CARTESIAN_POINT('',(-0.5,-0.4,0.405));
#623 = DIRECTION('',(1.,0.,0.));
#624 = DIRECTION('',(0.,0.,1.));
#625 = ADVANCED_FACE('',(#626),#689,.T.);
#626 = FACE_BOUND('',#627,.T.);
#627 = EDGE_LOOP('',(#628,#638,#645,#646,#647,#648,#657,#665,#674,#682)
  );
#628 = ORIENTED_EDGE('',*,*,#629,.F.);
#629 = EDGE_CURVE('',#630,#632,#634,.T.);
#630 = VERTEX_POINT('',#631);
#631 = CARTESIAN_POINT('',(0.545,0.4,-2.775557561563E-17));
#632 = VERTEX_POINT('',#633);
#633 = CARTESIAN_POINT('',(0.755,0.4,-2.775557561563E-17));
#634 = LINE('',#635,#636);
#635 = CARTESIAN_POINT('',(0.5,0.4,0.));
#636 = VECTOR('',#637,1.);
#637 = DIRECTION('',(1.,0.,0.));
#638 = ORIENTED_EDGE('',*,*,#639,.F.);
#639 = EDGE_CURVE('',#467,#630,#640,.T.);
#640 = CIRCLE('',#641,4.5E-02);
#641 = AXIS2_PLACEMENT_3D('',#642,#643,#644);
#642 = CARTESIAN_POINT('',(0.545,0.4,4.5E-02));
#643 = DIRECTION('',(0.,-1.,0.));
#644 = DIRECTION('',(0.,0.,1.));
#645 = ORIENTED_EDGE('',*,*,#466,.T.);
#646 = ORIENTED_EDGE('',*,*,#458,.T.);
#647 = ORIENTED_EDGE('',*,*,#450,.F.);
#648 = ORIENTED_EDGE('',*,*,#649,.T.);
#649 = EDGE_CURVE('',#443,#650,#652,.T.);
#650 = VERTEX_POINT('',#651);
#651 = CARTESIAN_POINT('',(0.545,0.4,0.45));
#652 = CIRCLE('',#653,4.5E-02);
#653 = AXIS2_PLACEMENT_3D('',#654,#655,#656);
#654 = CARTESIAN_POINT('',(0.545,0.4,0.405));
#655 = DIRECTION('',(0.,1.,0.));
#656 = DIRECTION('',(0.,-0.,1.));
#657 = ORIENTED_EDGE('',*,*,#658,.T.);
#658 = EDGE_CURVE('',#650,#659,#661,.T.);
#659 = VERTEX_POINT('',#660);
#660 = CARTESIAN_POINT('',(0.755,0.4,0.45));
#661 = LINE('',#662,#663);
#662 = CARTESIAN_POINT('',(0.5,0.4,0.45));
#663 = VECTOR('',#664,1.);
#664 = DIRECTION('',(1.,0.,0.));
#665 = ORIENTED_EDGE('',*,*,#666,.F.);
#666 = EDGE_CURVE('',#667,#659,#669,.T.);
#667 = VERTEX_POINT('',#668);
#668 = CARTESIAN_POINT('',(0.8,0.4,0.405));
#669 = CIRCLE('',#670,4.5E-02);
#670 = AXIS2_PLACEMENT_3D('',#671,#672,#673);
#671 = CARTESIAN_POINT('',(0.755,0.4,0.405));
#672 = DIRECTION('',(0.,-1.,0.));
#673 = DIRECTION('',(0.,0.,1.));
#674 = ORIENTED_EDGE('',*,*,#675,.F.);
#675 = EDGE_CURVE('',#676,#667,#678,.T.);
#676 = VERTEX_POINT('',#677);
#677 = CARTESIAN_POINT('',(0.8,0.4,4.5E-02));
#678 = LINE('',#679,#680);
#679 = CARTESIAN_POINT('',(0.8,0.4,0.));
#680 = VECTOR('',#681,1.);
#681 = DIRECTION('',(0.,0.,1.));
#682 = ORIENTED_EDGE('',*,*,#683,.T.);
#683 = EDGE_CURVE('',#676,#632,#684,.T.);
#684 = CIRCLE('',#685,4.5E-02);
#685 = AXIS2_PLACEMENT_3D('',#686,#687,#688);
#686 = CARTESIAN_POINT('',(0.755,0.4,4.5E-02));
#687 = DIRECTION('',(0.,1.,0.));
#688 = DIRECTION('',(0.,-0.,1.));
#689 = PLANE('',#690);
#690 = AXIS2_PLACEMENT_3D('',#691,#692,#693);
#691 = CARTESIAN_POINT('',(0.5,0.4,0.));
#692 = DIRECTION('',(0.,1.,0.));
#693 = DIRECTION('',(0.,-0.,1.));
#694 = ADVANCED_FACE('',(#695),#713,.T.);
#695 = FACE_BOUND('',#696,.T.);
#696 = EDGE_LOOP('',(#697,#698,#699,#707));
#697 = ORIENTED_EDGE('',*,*,#442,.F.);
#698 = ORIENTED_EDGE('',*,*,#607,.T.);
#699 = ORIENTED_EDGE('',*,*,#700,.T.);
#700 = EDGE_CURVE('',#608,#701,#703,.T.);
#701 = VERTEX_POINT('',#702);
#702 = CARTESIAN_POINT('',(0.5,0.4,0.45));
#703 = LINE('',#704,#705);
#704 = CARTESIAN_POINT('',(-0.5,0.4,0.45));
#705 = VECTOR('',#706,1.);
#706 = DIRECTION('',(1.,0.,0.));
#707 = ORIENTED_EDGE('',*,*,#708,.F.);
#708 = EDGE_CURVE('',#443,#701,#709,.T.);
#709 = LINE('',#710,#711);
#710 = CARTESIAN_POINT('',(0.5,0.4,0.405));
#711 = VECTOR('',#712,1.);
#712 = DIRECTION('',(0.,0.,1.));
#713 = PLANE('',#714);
#714 = AXIS2_PLACEMENT_3D('',#715,#716,#717);
#715 = CARTESIAN_POINT('',(-0.5,0.4,0.405));
#716 = DIRECTION('',(0.,1.,0.));
#717 = DIRECTION('',(0.,-0.,1.));
#718 = ADVANCED_FACE('',(#719),#730,.T.);
#719 = FACE_BOUND('',#720,.T.);
#720 = EDGE_LOOP('',(#721,#722,#723,#729));
#721 = ORIENTED_EDGE('',*,*,#490,.T.);
#722 = ORIENTED_EDGE('',*,*,#639,.T.);
#723 = ORIENTED_EDGE('',*,*,#724,.F.);
#724 = EDGE_CURVE('',#506,#630,#725,.T.);
#725 = LINE('',#726,#727);
#726 = CARTESIAN_POINT('',(0.545,-0.4,-2.775557561563E-17));
#727 = VECTOR('',#728,1.);
#728 = DIRECTION('',(0.,1.,0.));
#729 = ORIENTED_EDGE('',*,*,#515,.F.);
#730 = CYLINDRICAL_SURFACE('',#731,4.5E-02);
#731 = AXIS2_PLACEMENT_3D('',#732,#733,#734);
#732 = CARTESIAN_POINT('',(0.545,-0.4,4.5E-02));
#733 = DIRECTION('',(0.,1.,0.));
#734 = DIRECTION('',(-1.,0.,0.));
#735 = ADVANCED_FACE('',(#736),#747,.F.);
#736 = FACE_BOUND('',#737,.F.);
#737 = EDGE_LOOP('',(#738,#739,#740,#741));
#738 = ORIENTED_EDGE('',*,*,#629,.F.);
#739 = ORIENTED_EDGE('',*,*,#724,.F.);
#740 = ORIENTED_EDGE('',*,*,#505,.T.);
#741 = ORIENTED_EDGE('',*,*,#742,.T.);
#742 = EDGE_CURVE('',#508,#632,#743,.T.);
#743 = LINE('',#744,#745);
#744 = CARTESIAN_POINT('',(0.755,-0.4,-2.775557561563E-17));
#745 = VECTOR('',#746,1.);
#746 = DIRECTION('',(0.,1.,0.));
#747 = PLANE('',#748);
#748 = AXIS2_PLACEMENT_3D('',#749,#750,#751);
#749 = CARTESIAN_POINT('',(0.5,-0.4,0.));
#750 = DIRECTION('',(0.,0.,1.));
#751 = DIRECTION('',(1.,0.,-0.));
#752 = ADVANCED_FACE('',(#753),#764,.T.);
#753 = FACE_BOUND('',#754,.T.);
#754 = EDGE_LOOP('',(#755,#756,#757,#758));
#755 = ORIENTED_EDGE('',*,*,#559,.T.);
#756 = ORIENTED_EDGE('',*,*,#742,.T.);
#757 = ORIENTED_EDGE('',*,*,#683,.F.);
#758 = ORIENTED_EDGE('',*,*,#759,.F.);
#759 = EDGE_CURVE('',#552,#676,#760,.T.);
#760 = LINE('',#761,#762);
#761 = CARTESIAN_POINT('',(0.8,-0.4,4.5E-02));
#762 = VECTOR('',#763,1.);
#763 = DIRECTION('',(0.,1.,0.));
#764 = CYLINDRICAL_SURFACE('',#765,4.5E-02);
#765 = AXIS2_PLACEMENT_3D('',#766,#767,#768);
#766 = CARTESIAN_POINT('',(0.755,-0.4,4.5E-02));
#767 = DIRECTION('',(0.,1.,0.));
#768 = DIRECTION('',(1.,0.,0.));
#769 = ADVANCED_FACE('',(#770),#781,.T.);
#770 = FACE_BOUND('',#771,.T.);
#771 = EDGE_LOOP('',(#772,#773,#774,#775));
#772 = ORIENTED_EDGE('',*,*,#551,.F.);
#773 = ORIENTED_EDGE('',*,*,#759,.T.);
#774 = ORIENTED_EDGE('',*,*,#675,.T.);
#775 = ORIENTED_EDGE('',*,*,#776,.F.);
#776 = EDGE_CURVE('',#543,#667,#777,.T.);
#777 = LINE('',#778,#779);
#778 = CARTESIAN_POINT('',(0.8,-0.4,0.405));
#779 = VECTOR('',#780,1.);
#780 = DIRECTION('',(0.,1.,0.));
#781 = PLANE('',#782);
#782 = AXIS2_PLACEMENT_3D('',#783,#784,#785);
#783 = CARTESIAN_POINT('',(0.8,-0.4,0.));
#784 = DIRECTION('',(1.,0.,0.));
#785 = DIRECTION('',(0.,0.,1.));
#786 = ADVANCED_FACE('',(#787),#798,.T.);
#787 = FACE_BOUND('',#788,.T.);
#788 = EDGE_LOOP('',(#789,#790,#791,#797));
#789 = ORIENTED_EDGE('',*,*,#776,.T.);
#790 = ORIENTED_EDGE('',*,*,#666,.T.);
#791 = ORIENTED_EDGE('',*,*,#792,.F.);
#792 = EDGE_CURVE('',#535,#659,#793,.T.);
#793 = LINE('',#794,#795);
#794 = CARTESIAN_POINT('',(0.755,-0.4,0.45));
#795 = VECTOR('',#796,1.);
#796 = DIRECTION('',(0.,1.,0.));
#797 = ORIENTED_EDGE('',*,*,#542,.F.);
#798 = CYLINDRICAL_SURFACE('',#799,4.5E-02);
#799 = AXIS2_PLACEMENT_3D('',#800,#801,#802);
#800 = CARTESIAN_POINT('',(0.755,-0.4,0.405));
#801 = DIRECTION('',(0.,1.,0.));
#802 = DIRECTION('',(1.,0.,0.));
#803 = ADVANCED_FACE('',(#804),#815,.T.);
#804 = FACE_BOUND('',#805,.T.);
#805 = EDGE_LOOP('',(#806,#807,#813,#814));
#806 = ORIENTED_EDGE('',*,*,#658,.F.);
#807 = ORIENTED_EDGE('',*,*,#808,.F.);
#808 = EDGE_CURVE('',#526,#650,#809,.T.);
#809 = LINE('',#810,#811);
#810 = CARTESIAN_POINT('',(0.545,-0.4,0.45));
#811 = VECTOR('',#812,1.);
#812 = DIRECTION('',(0.,1.,0.));
#813 = ORIENTED_EDGE('',*,*,#534,.T.);
#814 = ORIENTED_EDGE('',*,*,#792,.T.);
#815 = PLANE('',#816);
#816 = AXIS2_PLACEMENT_3D('',#817,#818,#819);
#817 = CARTESIAN_POINT('',(0.5,-0.4,0.45));
#818 = DIRECTION('',(0.,0.,1.));
#819 = DIRECTION('',(1.,0.,-0.));
#820 = ADVANCED_FACE('',(#821),#832,.T.);
#821 = FACE_BOUND('',#822,.T.);
#822 = EDGE_LOOP('',(#823,#824,#825,#826));
#823 = ORIENTED_EDGE('',*,*,#525,.T.);
#824 = ORIENTED_EDGE('',*,*,#808,.T.);
#825 = ORIENTED_EDGE('',*,*,#649,.F.);
#826 = ORIENTED_EDGE('',*,*,#827,.F.);
#827 = EDGE_CURVE('',#360,#443,#828,.T.);
#828 = LINE('',#829,#830);
#829 = CARTESIAN_POINT('',(0.5,-0.4,0.405));
#830 = VECTOR('',#831,1.);
#831 = DIRECTION('',(0.,1.,0.));
#832 = CYLINDRICAL_SURFACE('',#833,4.5E-02);
#833 = AXIS2_PLACEMENT_3D('',#834,#835,#836);
#834 = CARTESIAN_POINT('',(0.545,-0.4,0.405));
#835 = DIRECTION('',(0.,1.,0.));
#836 = DIRECTION('',(-1.,0.,0.));
#837 = ADVANCED_FACE('',(#838),#849,.T.);
#838 = FACE_BOUND('',#839,.T.);
#839 = EDGE_LOOP('',(#840,#841,#842,#843));
#840 = ORIENTED_EDGE('',*,*,#591,.F.);
#841 = ORIENTED_EDGE('',*,*,#827,.T.);
#842 = ORIENTED_EDGE('',*,*,#708,.T.);
#843 = ORIENTED_EDGE('',*,*,#844,.F.);
#844 = EDGE_CURVE('',#584,#701,#845,.T.);
#845 = LINE('',#846,#847);
#846 = CARTESIAN_POINT('',(0.5,-0.4,0.45));
#847 = VECTOR('',#848,1.);
#848 = DIRECTION('',(0.,1.,0.));
#849 = PLANE('',#850);
#850 = AXIS2_PLACEMENT_3D('',#851,#852,#853);
#851 = CARTESIAN_POINT('',(0.5,-0.4,0.405));
#852 = DIRECTION('',(1.,0.,0.));
#853 = DIRECTION('',(0.,0.,1.));
#854 = ADVANCED_FACE('',(#855),#861,.T.);
#855 = FACE_BOUND('',#856,.T.);
#856 = EDGE_LOOP('',(#857,#858,#859,#860));
#857 = ORIENTED_EDGE('',*,*,#615,.F.);
#858 = ORIENTED_EDGE('',*,*,#583,.T.);
#859 = ORIENTED_EDGE('',*,*,#844,.T.);
#860 = ORIENTED_EDGE('',*,*,#700,.F.);
#861 = PLANE('',#862);
#862 = AXIS2_PLACEMENT_3D('',#863,#864,#865);
#863 = CARTESIAN_POINT('',(-0.5,-0.4,0.45));
#864 = DIRECTION('',(0.,0.,1.));
#865 = DIRECTION('',(1.,0.,-0.));
#866 = ( GEOMETRIC_REPRESENTATION_CONTEXT(3) 
GLOBAL_UNCERTAINTY_ASSIGNED_CONTEXT((#870)) GLOBAL_UNIT_ASSIGNED_CONTEXT
((#867,#868,#869)) REPRESENTATION_CONTEXT('Context #1',
  '3D Context with UNIT and UNCERTAINTY') );
#867 = ( LENGTH_UNIT() NAMED_UNIT(*) SI_UNIT(.MILLI.,.METRE.) );
#868 = ( NAMED_UNIT(*) PLANE_ANGLE_UNIT() SI_UNIT($,.RADIAN.) );
#869 = ( NAMED_UNIT(*) SI_UNIT($,.STERADIAN.) SOLID_ANGLE_UNIT() );
#870 = UNCERTAINTY_MEASURE_WITH_UNIT(LENGTH_MEASURE(1.E-07),#867,
  'distance_accuracy_value','confusion accuracy');
#871 = CONTEXT_DEPENDENT_SHAPE_REPRESENTATION(#872,#874);
#872 = ( REPRESENTATION_RELATIONSHIP('','',#75,#52) 
REPRESENTATION_RELATIONSHIP_WITH_TRANSFORMATION(#873) 
SHAPE_REPRESENTATION_RELATIONSHIP() );
#873 = ITEM_DEFINED_TRANSFORMATION('','',#11,#53);
#874 = PRODUCT_DEFINITION_SHAPE('Placement','Placement of an item',#875
  );
#875 = NEXT_ASSEMBLY_USAGE_OCCURRENCE('1','=>[0:1:1:3]','',#47,#70,$);
#876 = PRODUCT_RELATED_PRODUCT_CATEGORY('part',$,(#72));
#877 = SHAPE_DEFINITION_REPRESENTATION(#878,#884);
#878 = PRODUCT_DEFINITION_SHAPE('','',#879);
#879 = PRODUCT_DEFINITION('design','',#880,#883);
#880 = PRODUCT_DEFINITION_FORMATION('','',#881);
#881 = PRODUCT('LED_0603_1608Metric','LED_0603_1608Metric','',(#882));
#882 = PRODUCT_CONTEXT('',#2,'mechanical');
#883 = PRODUCT_DEFINITION_CONTEXT('part definition',#2,'design');
#884 = SHAPE_REPRESENTATION('',(#11,#885),#889);
#885 = AXIS2_PLACEMENT_3D('',#886,#887,#888);
#886 = CARTESIAN_POINT('',(0.,0.,0.));
#887 = DIRECTION('',(0.,0.,1.));
#888 = DIRECTION('',(1.,0.,-0.));
#889 = ( GEOMETRIC_REPRESENTATION_CONTEXT(3) 
GLOBAL_UNCERTAINTY_ASSIGNED_CONTEXT((#893)) GLOBAL_UNIT_ASSIGNED_CONTEXT
((#890,#891,#892)) REPRESENTATION_CONTEXT('Context #1',
  '3D Context with UNIT and UNCERTAINTY') );
#890 = ( LENGTH_UNIT() NAMED_UNIT(*) SI_UNIT(.MILLI.,.METRE.) );
#891 = ( NAMED_UNIT(*) PLANE_ANGLE_UNIT() SI_UNIT($,.RADIAN.) );
#892 = ( NAMED_UNIT(*) SI_UNIT($,.STERADIAN.) SOLID_ANGLE_UNIT() );
#893 = UNCERTAINTY_MEASURE_WITH_UNIT(LENGTH_MEASURE(1.E-07),#890,
  'distance_accuracy_value','confusion accuracy');
#894 = CONTEXT_DEPENDENT_SHAPE_REPRESENTATION(#895,#897);
#895 = ( REPRESENTATION_RELATIONSHIP('','',#884,#10) 
REPRESENTATION_RELATIONSHIP_WITH_TRANSFORMATION(#896) 
SHAPE_REPRESENTATION_RELATIONSHIP() );
#896 = ITEM_DEFINED_TRANSFORMATION('','',#11,#19);
#897 = PRODUCT_DEFINITION_SHAPE('Placement','Placement of an item',#898
  );
#898 = NEXT_ASSEMBLY_USAGE_OCCURRENCE('4','D1','',#5,#879,$);
#899 = PRODUCT_RELATED_PRODUCT_CATEGORY('part',$,(#881));
#900 = SHAPE_DEFINITION_REPRESENTATION(#901,#907);
#901 = PRODUCT_DEFINITION_SHAPE('','',#902);
#902 = PRODUCT_DEFINITION('design','',#903,#906);
#903 = PRODUCT_DEFINITION_FORMATION('','',#904);
#904 = PRODUCT('LED_0603_1608Metric','LED_0603_1608Metric','',(#905));
#905 = PRODUCT_CONTEXT('',#2,'mechanical');
#906 = PRODUCT_DEFINITION_CONTEXT('part definition',#2,'design');
#907 = ADVANCED_BREP_SHAPE_REPRESENTATION('',(#11,#908),#2431);
#908 = MANIFOLD_SOLID_BREP('',#909);
#909 = CLOSED_SHELL('',(#910,#950,#997,#1076,#1100,#1140,#1171,#1188,
    #1221,#1245,#1312,#1433,#1500,#1524,#1555,#1588,#1644,#1668,#1692,
    #1716,#1749,#1761,#1824,#1849,#1866,#1890,#1908,#1926,#1944,#1961,
    #1978,#2009,#2034,#2059,#2083,#2100,#2131,#2155,#2172,#2200,#2225,
    #2249,#2274,#2321,#2338,#2350,#2372,#2384,#2402,#2420));
#910 = ADVANCED_FACE('',(#911),#945,.F.);
#911 = FACE_BOUND('',#912,.F.);
#912 = EDGE_LOOP('',(#913,#923,#931,#939));
#913 = ORIENTED_EDGE('',*,*,#914,.T.);
#914 = EDGE_CURVE('',#915,#917,#919,.T.);
#915 = VERTEX_POINT('',#916);
#916 = CARTESIAN_POINT('',(-0.5,-0.4,0.47));
#917 = VERTEX_POINT('',#918);
#918 = CARTESIAN_POINT('',(-0.45,-0.4,1.1));
#919 = LINE('',#920,#921);
#920 = CARTESIAN_POINT('',(-0.5,-0.4,0.47));
#921 = VECTOR('',#922,1.);
#922 = DIRECTION('',(7.911630099815E-02,0.,0.996865392576));
#923 = ORIENTED_EDGE('',*,*,#924,.T.);
#924 = EDGE_CURVE('',#917,#925,#927,.T.);
#925 = VERTEX_POINT('',#926);
#926 = CARTESIAN_POINT('',(0.45,-0.4,1.1));
#927 = LINE('',#928,#929);
#928 = CARTESIAN_POINT('',(-0.45,-0.4,1.1));
#929 = VECTOR('',#930,1.);
#930 = DIRECTION('',(1.,0.,0.));
#931 = ORIENTED_EDGE('',*,*,#932,.T.);
#932 = EDGE_CURVE('',#925,#933,#935,.T.);
#933 = VERTEX_POINT('',#934);
#934 = CARTESIAN_POINT('',(0.5,-0.4,0.47));
#935 = LINE('',#936,#937);
#936 = CARTESIAN_POINT('',(0.45,-0.4,1.1));
#937 = VECTOR('',#938,1.);
#938 = DIRECTION('',(7.911630099815E-02,0.,-0.996865392576));
#939 = ORIENTED_EDGE('',*,*,#940,.T.);
#940 = EDGE_CURVE('',#933,#915,#941,.T.);
#941 = LINE('',#942,#943);
#942 = CARTESIAN_POINT('',(0.5,-0.4,0.47));
#943 = VECTOR('',#944,1.);
#944 = DIRECTION('',(-1.,0.,0.));
#945 = PLANE('',#946);
#946 = AXIS2_PLACEMENT_3D('',#947,#948,#949);
#947 = CARTESIAN_POINT('',(-8.772411109409E-18,-0.4,0.775044128294));
#948 = DIRECTION('',(0.,1.,0.));
#949 = DIRECTION('',(0.,-0.,1.));
#950 = ADVANCED_FACE('',(#951),#992,.T.);
#951 = FACE_BOUND('',#952,.T.);
#952 = EDGE_LOOP('',(#953,#963,#971,#977,#978,#986));
#953 = ORIENTED_EDGE('',*,*,#954,.T.);
#954 = EDGE_CURVE('',#955,#957,#959,.T.);
#955 = VERTEX_POINT('',#956);
#956 = CARTESIAN_POINT('',(-0.5,0.4,0.47));
#957 = VERTEX_POINT('',#958);
#958 = CARTESIAN_POINT('',(-0.5,0.3,0.47));
#959 = LINE('',#960,#961);
#960 = CARTESIAN_POINT('',(-0.5,0.4,0.47));
#961 = VECTOR('',#962,1.);
#962 = DIRECTION('',(0.,-1.,0.));
#963 = ORIENTED_EDGE('',*,*,#964,.F.);
#964 = EDGE_CURVE('',#965,#957,#967,.T.);
#965 = VERTEX_POINT('',#966);
#966 = CARTESIAN_POINT('',(-0.5,-0.3,0.47));
#967 = LINE('',#968,#969);
#968 = CARTESIAN_POINT('',(-0.5,-0.4,0.47));
#969 = VECTOR('',#970,1.);
#970 = DIRECTION('',(0.,1.,0.));
#971 = ORIENTED_EDGE('',*,*,#972,.T.);
#972 = EDGE_CURVE('',#965,#915,#973,.T.);
#973 = LINE('',#974,#975);
#974 = CARTESIAN_POINT('',(-0.5,0.4,0.47));
#975 = VECTOR('',#976,1.);
#976 = DIRECTION('',(0.,-1.,0.));
#977 = ORIENTED_EDGE('',*,*,#914,.T.);
#978 = ORIENTED_EDGE('',*,*,#979,.F.);
#979 = EDGE_CURVE('',#980,#917,#982,.T.);
#980 = VERTEX_POINT('',#981);
#981 = CARTESIAN_POINT('',(-0.45,0.4,1.1));
#982 = LINE('',#983,#984);
#983 = CARTESIAN_POINT('',(-0.45,0.4,1.1));
#984 = VECTOR('',#985,1.);
#985 = DIRECTION('',(0.,-1.,0.));
#986 = ORIENTED_EDGE('',*,*,#987,.F.);
#987 = EDGE_CURVE('',#955,#980,#988,.T.);
#988 = LINE('',#989,#990);
#989 = CARTESIAN_POINT('',(-0.5,0.4,0.47));
#990 = VECTOR('',#991,1.);
#991 = DIRECTION('',(7.911630099815E-02,0.,0.996865392576));
#992 = PLANE('',#993);
#993 = AXIS2_PLACEMENT_3D('',#994,#995,#996);
#994 = CARTESIAN_POINT('',(-0.5,0.4,0.47));
#995 = DIRECTION('',(-0.996865392576,0.,7.911630099815E-02));
#996 = DIRECTION('',(7.911630099815E-02,0.,0.996865392576));
#997 = ADVANCED_FACE('',(#998),#1071,.F.);
#998 = FACE_BOUND('',#999,.F.);
#999 = EDGE_LOOP('',(#1000,#1010,#1018,#1026,#1032,#1033,#1041,#1049,
    #1057,#1065));
#1000 = ORIENTED_EDGE('',*,*,#1001,.F.);
#1001 = EDGE_CURVE('',#1002,#1004,#1006,.T.);
#1002 = VERTEX_POINT('',#1003);
#1003 = CARTESIAN_POINT('',(-0.77,-0.4,3.E-02));
#1004 = VERTEX_POINT('',#1005);
#1005 = CARTESIAN_POINT('',(-0.725,-0.4,3.E-02));
#1006 = LINE('',#1007,#1008);
#1007 = CARTESIAN_POINT('',(-0.77,-0.4,3.E-02));
#1008 = VECTOR('',#1009,1.);
#1009 = DIRECTION('',(1.,0.,0.));
#1010 = ORIENTED_EDGE('',*,*,#1011,.T.);
#1011 = EDGE_CURVE('',#1002,#1012,#1014,.T.);
#1012 = VERTEX_POINT('',#1013);
#1013 = CARTESIAN_POINT('',(-0.77,-0.4,0.47));
#1014 = LINE('',#1015,#1016);
#1015 = CARTESIAN_POINT('',(-0.77,-0.4,3.E-02));
#1016 = VECTOR('',#1017,1.);
#1017 = DIRECTION('',(0.,0.,1.));
#1018 = ORIENTED_EDGE('',*,*,#1019,.T.);
#1019 = EDGE_CURVE('',#1012,#1020,#1022,.T.);
#1020 = VERTEX_POINT('',#1021);
#1021 = CARTESIAN_POINT('',(-0.725,-0.4,0.47));
#1022 = LINE('',#1023,#1024);
#1023 = CARTESIAN_POINT('',(-0.77,-0.4,0.47));
#1024 = VECTOR('',#1025,1.);
#1025 = DIRECTION('',(1.,0.,0.));
#1026 = ORIENTED_EDGE('',*,*,#1027,.T.);
#1027 = EDGE_CURVE('',#1020,#915,#1028,.T.);
#1028 = LINE('',#1029,#1030);
#1029 = CARTESIAN_POINT('',(-0.77,-0.4,0.47));
#1030 = VECTOR('',#1031,1.);
#1031 = DIRECTION('',(1.,0.,0.));
#1032 = ORIENTED_EDGE('',*,*,#940,.F.);
#1033 = ORIENTED_EDGE('',*,*,#1034,.T.);
#1034 = EDGE_CURVE('',#933,#1035,#1037,.T.);
#1035 = VERTEX_POINT('',#1036);
#1036 = CARTESIAN_POINT('',(0.725,-0.4,0.47));
#1037 = LINE('',#1038,#1039);
#1038 = CARTESIAN_POINT('',(-0.77,-0.4,0.47));
#1039 = VECTOR('',#1040,1.);
#1040 = DIRECTION('',(1.,0.,0.));
#1041 = ORIENTED_EDGE('',*,*,#1042,.T.);
#1042 = EDGE_CURVE('',#1035,#1043,#1045,.T.);
#1043 = VERTEX_POINT('',#1044);
#1044 = CARTESIAN_POINT('',(0.77,-0.4,0.47));
#1045 = LINE('',#1046,#1047);
#1046 = CARTESIAN_POINT('',(-0.77,-0.4,0.47));
#1047 = VECTOR('',#1048,1.);
#1048 = DIRECTION('',(1.,0.,0.));
#1049 = ORIENTED_EDGE('',*,*,#1050,.F.);
#1050 = EDGE_CURVE('',#1051,#1043,#1053,.T.);
#1051 = VERTEX_POINT('',#1052);
#1052 = CARTESIAN_POINT('',(0.77,-0.4,3.E-02));
#1053 = LINE('',#1054,#1055);
#1054 = CARTESIAN_POINT('',(0.77,-0.4,3.E-02));
#1055 = VECTOR('',#1056,1.);
#1056 = DIRECTION('',(0.,0.,1.));
#1057 = ORIENTED_EDGE('',*,*,#1058,.F.);
#1058 = EDGE_CURVE('',#1059,#1051,#1061,.T.);
#1059 = VERTEX_POINT('',#1060);
#1060 = CARTESIAN_POINT('',(0.725,-0.4,3.E-02));
#1061 = LINE('',#1062,#1063);
#1062 = CARTESIAN_POINT('',(-0.77,-0.4,3.E-02));
#1063 = VECTOR('',#1064,1.);
#1064 = DIRECTION('',(1.,0.,0.));
#1065 = ORIENTED_EDGE('',*,*,#1066,.F.);
#1066 = EDGE_CURVE('',#1004,#1059,#1067,.T.);
#1067 = LINE('',#1068,#1069);
#1068 = CARTESIAN_POINT('',(-0.77,-0.4,3.E-02));
#1069 = VECTOR('',#1070,1.);
#1070 = DIRECTION('',(1.,0.,0.));
#1071 = PLANE('',#1072);
#1072 = AXIS2_PLACEMENT_3D('',#1073,#1074,#1075);
#1073 = CARTESIAN_POINT('',(-0.77,-0.4,3.E-02));
#1074 = DIRECTION('',(0.,1.,0.));
#1075 = DIRECTION('',(0.,-0.,1.));
#1076 = ADVANCED_FACE('',(#1077),#1095,.T.);
#1077 = FACE_BOUND('',#1078,.T.);
#1078 = EDGE_LOOP('',(#1079,#1080,#1081,#1089));
#1079 = ORIENTED_EDGE('',*,*,#979,.T.);
#1080 = ORIENTED_EDGE('',*,*,#924,.T.);
#1081 = ORIENTED_EDGE('',*,*,#1082,.F.);
#1082 = EDGE_CURVE('',#1083,#925,#1085,.T.);
#1083 = VERTEX_POINT('',#1084);
#1084 = CARTESIAN_POINT('',(0.45,0.4,1.1));
#1085 = LINE('',#1086,#1087);
#1086 = CARTESIAN_POINT('',(0.45,0.4,1.1));
#1087 = VECTOR('',#1088,1.);
#1088 = DIRECTION('',(0.,-1.,0.));
#1089 = ORIENTED_EDGE('',*,*,#1090,.F.);
#1090 = EDGE_CURVE('',#980,#1083,#1091,.T.);
#1091 = LINE('',#1092,#1093);
#1092 = CARTESIAN_POINT('',(-0.45,0.4,1.1));
#1093 = VECTOR('',#1094,1.);
#1094 = DIRECTION('',(1.,0.,0.));
#1095 = PLANE('',#1096);
#1096 = AXIS2_PLACEMENT_3D('',#1097,#1098,#1099);
#1097 = CARTESIAN_POINT('',(-0.45,0.4,1.1));
#1098 = DIRECTION('',(0.,0.,1.));
#1099 = DIRECTION('',(1.,0.,-0.));
#1100 = ADVANCED_FACE('',(#1101),#1135,.T.);
#1101 = FACE_BOUND('',#1102,.T.);
#1102 = EDGE_LOOP('',(#1103,#1104,#1105,#1113,#1121,#1129));
#1103 = ORIENTED_EDGE('',*,*,#1082,.T.);
#1104 = ORIENTED_EDGE('',*,*,#932,.T.);
#1105 = ORIENTED_EDGE('',*,*,#1106,.F.);
#1106 = EDGE_CURVE('',#1107,#933,#1109,.T.);
#1107 = VERTEX_POINT('',#1108);
#1108 = CARTESIAN_POINT('',(0.5,-0.3,0.47));
#1109 = LINE('',#1110,#1111);
#1110 = CARTESIAN_POINT('',(0.5,0.4,0.47));
#1111 = VECTOR('',#1112,1.);
#1112 = DIRECTION('',(0.,-1.,0.));
#1113 = ORIENTED_EDGE('',*,*,#1114,.T.);
#1114 = EDGE_CURVE('',#1107,#1115,#1117,.T.);
#1115 = VERTEX_POINT('',#1116);
#1116 = CARTESIAN_POINT('',(0.5,0.3,0.47));
#1117 = LINE('',#1118,#1119);
#1118 = CARTESIAN_POINT('',(0.5,-0.4,0.47));
#1119 = VECTOR('',#1120,1.);
#1120 = DIRECTION('',(0.,1.,0.));
#1121 = ORIENTED_EDGE('',*,*,#1122,.F.);
#1122 = EDGE_CURVE('',#1123,#1115,#1125,.T.);
#1123 = VERTEX_POINT('',#1124);
#1124 = CARTESIAN_POINT('',(0.5,0.4,0.47));
#1125 = LINE('',#1126,#1127);
#1126 = CARTESIAN_POINT('',(0.5,0.4,0.47));
#1127 = VECTOR('',#1128,1.);
#1128 = DIRECTION('',(0.,-1.,0.));
#1129 = ORIENTED_EDGE('',*,*,#1130,.F.);
#1130 = EDGE_CURVE('',#1083,#1123,#1131,.T.);
#1131 = LINE('',#1132,#1133);
#1132 = CARTESIAN_POINT('',(0.45,0.4,1.1));
#1133 = VECTOR('',#1134,1.);
#1134 = DIRECTION('',(7.911630099815E-02,0.,-0.996865392576));
#1135 = PLANE('',#1136);
#1136 = AXIS2_PLACEMENT_3D('',#1137,#1138,#1139);
#1137 = CARTESIAN_POINT('',(0.45,0.4,1.1));
#1138 = DIRECTION('',(0.996865392576,0.,7.911630099815E-02));
#1139 = DIRECTION('',(7.911630099815E-02,0.,-0.996865392576));
#1140 = ADVANCED_FACE('',(#1141),#1166,.T.);
#1141 = FACE_BOUND('',#1142,.T.);
#1142 = EDGE_LOOP('',(#1143,#1151,#1159,#1165));
#1143 = ORIENTED_EDGE('',*,*,#1144,.F.);
#1144 = EDGE_CURVE('',#1145,#955,#1147,.T.);
#1145 = VERTEX_POINT('',#1146);
#1146 = CARTESIAN_POINT('',(-0.725,0.4,0.47));
#1147 = LINE('',#1148,#1149);
#1148 = CARTESIAN_POINT('',(-0.77,0.4,0.47));
#1149 = VECTOR('',#1150,1.);
#1150 = DIRECTION('',(1.,0.,0.));
#1151 = ORIENTED_EDGE('',*,*,#1152,.F.);
#1152 = EDGE_CURVE('',#1153,#1145,#1155,.T.);
#1153 = VERTEX_POINT('',#1154);
#1154 = CARTESIAN_POINT('',(-0.725,0.3,0.47));
#1155 = LINE('',#1156,#1157);
#1156 = CARTESIAN_POINT('',(-0.725,5.E-02,0.47));
#1157 = VECTOR('',#1158,1.);
#1158 = DIRECTION('',(0.,1.,0.));
#1159 = ORIENTED_EDGE('',*,*,#1160,.F.);
#1160 = EDGE_CURVE('',#957,#1153,#1161,.T.);
#1161 = LINE('',#1162,#1163);
#1162 = CARTESIAN_POINT('',(-0.7475,0.3,0.47));
#1163 = VECTOR('',#1164,1.);
#1164 = DIRECTION('',(-1.,0.,0.));
#1165 = ORIENTED_EDGE('',*,*,#954,.F.);
#1166 = PLANE('',#1167);
#1167 = AXIS2_PLACEMENT_3D('',#1168,#1169,#1170);
#1168 = CARTESIAN_POINT('',(-0.77,-0.4,0.47));
#1169 = DIRECTION('',(0.,0.,1.));
#1170 = DIRECTION('',(1.,0.,-0.));
#1171 = ADVANCED_FACE('',(#1172),#1183,.T.);
#1172 = FACE_BOUND('',#1173,.T.);
#1173 = EDGE_LOOP('',(#1174,#1175,#1176,#1177));
#1174 = ORIENTED_EDGE('',*,*,#987,.T.);
#1175 = ORIENTED_EDGE('',*,*,#1090,.T.);
#1176 = ORIENTED_EDGE('',*,*,#1130,.T.);
#1177 = ORIENTED_EDGE('',*,*,#1178,.T.);
#1178 = EDGE_CURVE('',#1123,#955,#1179,.T.);
#1179 = LINE('',#1180,#1181);
#1180 = CARTESIAN_POINT('',(0.5,0.4,0.47));
#1181 = VECTOR('',#1182,1.);
#1182 = DIRECTION('',(-1.,0.,0.));
#1183 = PLANE('',#1184);
#1184 = AXIS2_PLACEMENT_3D('',#1185,#1186,#1187);
#1185 = CARTESIAN_POINT('',(-8.772411109409E-18,0.4,0.775044128294));
#1186 = DIRECTION('',(0.,1.,0.));
#1187 = DIRECTION('',(0.,-0.,1.));
#1188 = ADVANCED_FACE('',(#1189),#1216,.T.);
#1189 = FACE_BOUND('',#1190,.T.);
#1190 = EDGE_LOOP('',(#1191,#1200,#1208,#1215));
#1191 = ORIENTED_EDGE('',*,*,#1192,.F.);
#1192 = EDGE_CURVE('',#1193,#957,#1195,.T.);
#1193 = VERTEX_POINT('',#1194);
#1194 = CARTESIAN_POINT('',(-0.53,0.3,0.5));
#1195 = CIRCLE('',#1196,3.E-02);
#1196 = AXIS2_PLACEMENT_3D('',#1197,#1198,#1199);
#1197 = CARTESIAN_POINT('',(-0.53,0.3,0.47));
#1198 = DIRECTION('',(-0.,1.,0.));
#1199 = DIRECTION('',(1.,0.,0.));
#1200 = ORIENTED_EDGE('',*,*,#1201,.F.);
#1201 = EDGE_CURVE('',#1202,#1193,#1204,.T.);
#1202 = VERTEX_POINT('',#1203);
#1203 = CARTESIAN_POINT('',(-0.53,-0.3,0.5));
#1204 = LINE('',#1205,#1206);
#1205 = CARTESIAN_POINT('',(-0.53,-0.4,0.5));
#1206 = VECTOR('',#1207,1.);
#1207 = DIRECTION('',(0.,1.,0.));
#1208 = ORIENTED_EDGE('',*,*,#1209,.T.);
#1209 = EDGE_CURVE('',#1202,#965,#1210,.T.);
#1210 = CIRCLE('',#1211,3.E-02);
#1211 = AXIS2_PLACEMENT_3D('',#1212,#1213,#1214);
#1212 = CARTESIAN_POINT('',(-0.53,-0.3,0.47));
#1213 = DIRECTION('',(-0.,1.,0.));
#1214 = DIRECTION('',(1.,0.,0.));
#1215 = ORIENTED_EDGE('',*,*,#964,.T.);
#1216 = CYLINDRICAL_SURFACE('',#1217,3.E-02);
#1217 = AXIS2_PLACEMENT_3D('',#1218,#1219,#1220);
#1218 = CARTESIAN_POINT('',(-0.53,-0.4,0.47));
#1219 = DIRECTION('',(0.,1.,0.));
#1220 = DIRECTION('',(1.,0.,0.));
#1221 = ADVANCED_FACE('',(#1222),#1240,.T.);
#1222 = FACE_BOUND('',#1223,.T.);
#1223 = EDGE_LOOP('',(#1224,#1232,#1233,#1234));
#1224 = ORIENTED_EDGE('',*,*,#1225,.F.);
#1225 = EDGE_CURVE('',#1020,#1226,#1228,.T.);
#1226 = VERTEX_POINT('',#1227);
#1227 = CARTESIAN_POINT('',(-0.725,-0.3,0.47));
#1228 = LINE('',#1229,#1230);
#1229 = CARTESIAN_POINT('',(-0.725,-0.35,0.47));
#1230 = VECTOR('',#1231,1.);
#1231 = DIRECTION('',(0.,1.,0.));
#1232 = ORIENTED_EDGE('',*,*,#1027,.T.);
#1233 = ORIENTED_EDGE('',*,*,#972,.F.);
#1234 = ORIENTED_EDGE('',*,*,#1235,.F.);
#1235 = EDGE_CURVE('',#1226,#965,#1236,.T.);
#1236 = LINE('',#1237,#1238);
#1237 = CARTESIAN_POINT('',(-2.25E-02,-0.3,0.47));
#1238 = VECTOR('',#1239,1.);
#1239 = DIRECTION('',(1.,0.,0.));
#1240 = PLANE('',#1241);
#1241 = AXIS2_PLACEMENT_3D('',#1242,#1243,#1244);
#1242 = CARTESIAN_POINT('',(-0.77,-0.4,0.47));
#1243 = DIRECTION('',(0.,0.,1.));
#1244 = DIRECTION('',(1.,0.,-0.));
#1245 = ADVANCED_FACE('',(#1246),#1307,.F.);
#1246 = FACE_BOUND('',#1247,.F.);
#1247 = EDGE_LOOP('',(#1248,#1258,#1267,#1275,#1284,#1292,#1298,#1299,
    #1300,#1301));
#1248 = ORIENTED_EDGE('',*,*,#1249,.F.);
#1249 = EDGE_CURVE('',#1250,#1252,#1254,.T.);
#1250 = VERTEX_POINT('',#1251);
#1251 = CARTESIAN_POINT('',(-0.77,-0.4,-3.469446951954E-18));
#1252 = VERTEX_POINT('',#1253);
#1253 = CARTESIAN_POINT('',(-0.725,-0.4,0.));
#1254 = LINE('',#1255,#1256);
#1255 = CARTESIAN_POINT('',(-0.8,-0.4,0.));
#1256 = VECTOR('',#1257,1.);
#1257 = DIRECTION('',(1.,0.,0.));
#1258 = ORIENTED_EDGE('',*,*,#1259,.F.);
#1259 = EDGE_CURVE('',#1260,#1250,#1262,.T.);
#1260 = VERTEX_POINT('',#1261);
#1261 = CARTESIAN_POINT('',(-0.8,-0.4,3.E-02));
#1262 = CIRCLE('',#1263,3.E-02);
#1263 = AXIS2_PLACEMENT_3D('',#1264,#1265,#1266);
#1264 = CARTESIAN_POINT('',(-0.77,-0.4,3.E-02));
#1265 = DIRECTION('',(0.,-1.,0.));
#1266 = DIRECTION('',(0.,0.,1.));
#1267 = ORIENTED_EDGE('',*,*,#1268,.T.);
#1268 = EDGE_CURVE('',#1260,#1269,#1271,.T.);
#1269 = VERTEX_POINT('',#1270);
#1270 = CARTESIAN_POINT('',(-0.8,-0.4,0.47));
#1271 = LINE('',#1272,#1273);
#1272 = CARTESIAN_POINT('',(-0.8,-0.4,0.));
#1273 = VECTOR('',#1274,1.);
#1274 = DIRECTION('',(0.,0.,1.));
#1275 = ORIENTED_EDGE('',*,*,#1276,.T.);
#1276 = EDGE_CURVE('',#1269,#1277,#1279,.T.);
#1277 = VERTEX_POINT('',#1278);
#1278 = CARTESIAN_POINT('',(-0.77,-0.4,0.5));
#1279 = CIRCLE('',#1280,3.E-02);
#1280 = AXIS2_PLACEMENT_3D('',#1281,#1282,#1283);
#1281 = CARTESIAN_POINT('',(-0.77,-0.4,0.47));
#1282 = DIRECTION('',(0.,1.,0.));
#1283 = DIRECTION('',(0.,-0.,1.));
#1284 = ORIENTED_EDGE('',*,*,#1285,.T.);
#1285 = EDGE_CURVE('',#1277,#1286,#1288,.T.);
#1286 = VERTEX_POINT('',#1287);
#1287 = CARTESIAN_POINT('',(-0.725,-0.4,0.5));
#1288 = LINE('',#1289,#1290);
#1289 = CARTESIAN_POINT('',(-0.8,-0.4,0.5));
#1290 = VECTOR('',#1291,1.);
#1291 = DIRECTION('',(1.,0.,0.));
#1292 = ORIENTED_EDGE('',*,*,#1293,.F.);
#1293 = EDGE_CURVE('',#1020,#1286,#1294,.T.);
#1294 = LINE('',#1295,#1296);
#1295 = CARTESIAN_POINT('',(-0.725,-0.4,0.375));
#1296 = VECTOR('',#1297,1.);
#1297 = DIRECTION('',(0.,0.,1.));
#1298 = ORIENTED_EDGE('',*,*,#1019,.F.);
#1299 = ORIENTED_EDGE('',*,*,#1011,.F.);
#1300 = ORIENTED_EDGE('',*,*,#1001,.T.);
#1301 = ORIENTED_EDGE('',*,*,#1302,.F.);
#1302 = EDGE_CURVE('',#1252,#1004,#1303,.T.);
#1303 = LINE('',#1304,#1305);
#1304 = CARTESIAN_POINT('',(-0.725,-0.4,0.375));
#1305 = VECTOR('',#1306,1.);
#1306 = DIRECTION('',(0.,0.,1.));
#1307 = PLANE('',#1308);
#1308 = AXIS2_PLACEMENT_3D('',#1309,#1310,#1311);
#1309 = CARTESIAN_POINT('',(-0.8,-0.4,0.));
#1310 = DIRECTION('',(0.,1.,0.));
#1311 = DIRECTION('',(0.,-0.,1.));
#1312 = ADVANCED_FACE('',(#1313,#1402),#1428,.F.);
#1313 = FACE_BOUND('',#1314,.F.);
#1314 = EDGE_LOOP('',(#1315,#1323,#1324,#1332,#1340,#1348,#1356,#1364,
    #1372,#1380,#1388,#1396));
#1315 = ORIENTED_EDGE('',*,*,#1316,.F.);
#1316 = EDGE_CURVE('',#1004,#1317,#1319,.T.);
#1317 = VERTEX_POINT('',#1318);
#1318 = CARTESIAN_POINT('',(-0.725,-0.3,3.E-02));
#1319 = LINE('',#1320,#1321);
#1320 = CARTESIAN_POINT('',(-0.725,-0.35,3.E-02));
#1321 = VECTOR('',#1322,1.);
#1322 = DIRECTION('',(0.,1.,0.));
#1323 = ORIENTED_EDGE('',*,*,#1066,.T.);
#1324 = ORIENTED_EDGE('',*,*,#1325,.F.);
#1325 = EDGE_CURVE('',#1326,#1059,#1328,.T.);
#1326 = VERTEX_POINT('',#1327);
#1327 = CARTESIAN_POINT('',(0.725,-0.3,3.E-02));
#1328 = LINE('',#1329,#1330);
#1329 = CARTESIAN_POINT('',(0.725,-0.45,3.E-02));
#1330 = VECTOR('',#1331,1.);
#1331 = DIRECTION('',(0.,-1.,0.));
#1332 = ORIENTED_EDGE('',*,*,#1333,.F.);
#1333 = EDGE_CURVE('',#1334,#1326,#1336,.T.);
#1334 = VERTEX_POINT('',#1335);
#1335 = CARTESIAN_POINT('',(0.5,-0.3,3.E-02));
#1336 = LINE('',#1337,#1338);
#1337 = CARTESIAN_POINT('',(-2.25E-02,-0.3,3.E-02));
#1338 = VECTOR('',#1339,1.);
#1339 = DIRECTION('',(1.,0.,0.));
#1340 = ORIENTED_EDGE('',*,*,#1341,.T.);
#1341 = EDGE_CURVE('',#1334,#1342,#1344,.T.);
#1342 = VERTEX_POINT('',#1343);
#1343 = CARTESIAN_POINT('',(0.5,0.3,3.E-02));
#1344 = LINE('',#1345,#1346);
#1345 = CARTESIAN_POINT('',(0.5,-0.4,3.E-02));
#1346 = VECTOR('',#1347,1.);
#1347 = DIRECTION('',(0.,1.,0.));
#1348 = ORIENTED_EDGE('',*,*,#1349,.F.);
#1349 = EDGE_CURVE('',#1350,#1342,#1352,.T.);
#1350 = VERTEX_POINT('',#1351);
#1351 = CARTESIAN_POINT('',(0.725,0.3,3.E-02));
#1352 = LINE('',#1353,#1354);
#1353 = CARTESIAN_POINT('',(-0.7475,0.3,3.E-02));
#1354 = VECTOR('',#1355,1.);
#1355 = DIRECTION('',(-1.,0.,0.));
#1356 = ORIENTED_EDGE('',*,*,#1357,.F.);
#1357 = EDGE_CURVE('',#1358,#1350,#1360,.T.);
#1358 = VERTEX_POINT('',#1359);
#1359 = CARTESIAN_POINT('',(0.725,0.4,3.E-02));
#1360 = LINE('',#1361,#1362);
#1361 = CARTESIAN_POINT('',(0.725,-5.E-02,3.E-02));
#1362 = VECTOR('',#1363,1.);
#1363 = DIRECTION('',(0.,-1.,0.));
#1364 = ORIENTED_EDGE('',*,*,#1365,.F.);
#1365 = EDGE_CURVE('',#1366,#1358,#1368,.T.);
#1366 = VERTEX_POINT('',#1367);
#1367 = CARTESIAN_POINT('',(-0.725,0.4,3.E-02));
#1368 = LINE('',#1369,#1370);
#1369 = CARTESIAN_POINT('',(-0.77,0.4,3.E-02));
#1370 = VECTOR('',#1371,1.);
#1371 = DIRECTION('',(1.,0.,0.));
#1372 = ORIENTED_EDGE('',*,*,#1373,.F.);
#1373 = EDGE_CURVE('',#1374,#1366,#1376,.T.);
#1374 = VERTEX_POINT('',#1375);
#1375 = CARTESIAN_POINT('',(-0.725,0.3,3.E-02));
#1376 = LINE('',#1377,#1378);
#1377 = CARTESIAN_POINT('',(-0.725,5.E-02,3.E-02));
#1378 = VECTOR('',#1379,1.);
#1379 = DIRECTION('',(0.,1.,0.));
#1380 = ORIENTED_EDGE('',*,*,#1381,.F.);
#1381 = EDGE_CURVE('',#1382,#1374,#1384,.T.);
#1382 = VERTEX_POINT('',#1383);
#1383 = CARTESIAN_POINT('',(-0.5,0.3,3.E-02));
#1384 = LINE('',#1385,#1386);
#1385 = CARTESIAN_POINT('',(-0.7475,0.3,3.E-02));
#1386 = VECTOR('',#1387,1.);
#1387 = DIRECTION('',(-1.,0.,0.));
#1388 = ORIENTED_EDGE('',*,*,#1389,.F.);
#1389 = EDGE_CURVE('',#1390,#1382,#1392,.T.);
#1390 = VERTEX_POINT('',#1391);
#1391 = CARTESIAN_POINT('',(-0.5,-0.3,3.E-02));
#1392 = LINE('',#1393,#1394);
#1393 = CARTESIAN_POINT('',(-0.5,-0.4,3.E-02));
#1394 = VECTOR('',#1395,1.);
#1395 = DIRECTION('',(0.,1.,0.));
#1396 = ORIENTED_EDGE('',*,*,#1397,.F.);
#1397 = EDGE_CURVE('',#1317,#1390,#1398,.T.);
#1398 = LINE('',#1399,#1400);
#1399 = CARTESIAN_POINT('',(-2.25E-02,-0.3,3.E-02));
#1400 = VECTOR('',#1401,1.);
#1401 = DIRECTION('',(1.,0.,0.));
#1402 = FACE_BOUND('',#1403,.F.);
#1403 = EDGE_LOOP('',(#1404,#1414,#1422));
#1404 = ORIENTED_EDGE('',*,*,#1405,.T.);
#1405 = EDGE_CURVE('',#1406,#1408,#1410,.T.);
#1406 = VERTEX_POINT('',#1407);
#1407 = CARTESIAN_POINT('',(0.277128129211,0.32,3.E-02));
#1408 = VERTEX_POINT('',#1409);
#1409 = CARTESIAN_POINT('',(0.277128129211,-0.32,3.E-02));
#1410 = LINE('',#1411,#1412);
#1411 = CARTESIAN_POINT('',(0.277128129211,0.32,3.E-02));
#1412 = VECTOR('',#1413,1.);
#1413 = DIRECTION('',(0.,-1.,0.));
#1414 = ORIENTED_EDGE('',*,*,#1415,.T.);
#1415 = EDGE_CURVE('',#1408,#1416,#1418,.T.);
#1416 = VERTEX_POINT('',#1417);
#1417 = CARTESIAN_POINT('',(-0.277128129211,0.,3.E-02));
#1418 = LINE('',#1419,#1420);
#1419 = CARTESIAN_POINT('',(0.277128129211,-0.32,3.E-02));
#1420 = VECTOR('',#1421,1.);
#1421 = DIRECTION('',(-0.866025403784,0.5,0.));
#1422 = ORIENTED_EDGE('',*,*,#1423,.T.);
#1423 = EDGE_CURVE('',#1416,#1406,#1424,.T.);
#1424 = LINE('',#1425,#1426);
#1425 = CARTESIAN_POINT('',(-0.277128129211,0.,3.E-02));
#1426 = VECTOR('',#1427,1.);
#1427 = DIRECTION('',(0.866025403784,0.5,0.));
#1428 = PLANE('',#1429);
#1429 = AXIS2_PLACEMENT_3D('',#1430,#1431,#1432);
#1430 = CARTESIAN_POINT('',(-0.77,-0.4,3.E-02));
#1431 = DIRECTION('',(0.,0.,1.));
#1432 = DIRECTION('',(1.,0.,-0.));
#1433 = ADVANCED_FACE('',(#1434),#1495,.F.);
#1434 = FACE_BOUND('',#1435,.F.);
#1435 = EDGE_LOOP('',(#1436,#1446,#1452,#1453,#1454,#1455,#1463,#1471,
    #1480,#1488));
#1436 = ORIENTED_EDGE('',*,*,#1437,.F.);
#1437 = EDGE_CURVE('',#1438,#1440,#1442,.T.);
#1438 = VERTEX_POINT('',#1439);
#1439 = CARTESIAN_POINT('',(0.725,-0.4,0.));
#1440 = VERTEX_POINT('',#1441);
#1441 = CARTESIAN_POINT('',(0.77,-0.4,-3.469446951954E-18));
#1442 = LINE('',#1443,#1444);
#1443 = CARTESIAN_POINT('',(0.5,-0.4,0.));
#1444 = VECTOR('',#1445,1.);
#1445 = DIRECTION('',(1.,0.,0.));
#1446 = ORIENTED_EDGE('',*,*,#1447,.F.);
#1447 = EDGE_CURVE('',#1059,#1438,#1448,.T.);
#1448 = LINE('',#1449,#1450);
#1449 = CARTESIAN_POINT('',(0.725,-0.4,0.375));
#1450 = VECTOR('',#1451,1.);
#1451 = DIRECTION('',(0.,0.,-1.));
#1452 = ORIENTED_EDGE('',*,*,#1058,.T.);
#1453 = ORIENTED_EDGE('',*,*,#1050,.T.);
#1454 = ORIENTED_EDGE('',*,*,#1042,.F.);
#1455 = ORIENTED_EDGE('',*,*,#1456,.F.);
#1456 = EDGE_CURVE('',#1457,#1035,#1459,.T.);
#1457 = VERTEX_POINT('',#1458);
#1458 = CARTESIAN_POINT('',(0.725,-0.4,0.5));
#1459 = LINE('',#1460,#1461);
#1460 = CARTESIAN_POINT('',(0.725,-0.4,0.375));
#1461 = VECTOR('',#1462,1.);
#1462 = DIRECTION('',(0.,0.,-1.));
#1463 = ORIENTED_EDGE('',*,*,#1464,.T.);
#1464 = EDGE_CURVE('',#1457,#1465,#1467,.T.);
#1465 = VERTEX_POINT('',#1466);
#1466 = CARTESIAN_POINT('',(0.77,-0.4,0.5));
#1467 = LINE('',#1468,#1469);
#1468 = CARTESIAN_POINT('',(0.5,-0.4,0.5));
#1469 = VECTOR('',#1470,1.);
#1470 = DIRECTION('',(1.,0.,0.));
#1471 = ORIENTED_EDGE('',*,*,#1472,.F.);
#1472 = EDGE_CURVE('',#1473,#1465,#1475,.T.);
#1473 = VERTEX_POINT('',#1474);
#1474 = CARTESIAN_POINT('',(0.8,-0.4,0.47));
#1475 = CIRCLE('',#1476,3.E-02);
#1476 = AXIS2_PLACEMENT_3D('',#1477,#1478,#1479);
#1477 = CARTESIAN_POINT('',(0.77,-0.4,0.47));
#1478 = DIRECTION('',(0.,-1.,0.));
#1479 = DIRECTION('',(0.,0.,1.));
#1480 = ORIENTED_EDGE('',*,*,#1481,.F.);
#1481 = EDGE_CURVE('',#1482,#1473,#1484,.T.);
#1482 = VERTEX_POINT('',#1483);
#1483 = CARTESIAN_POINT('',(0.8,-0.4,3.E-02));
#1484 = LINE('',#1485,#1486);
#1485 = CARTESIAN_POINT('',(0.8,-0.4,0.));
#1486 = VECTOR('',#1487,1.);
#1487 = DIRECTION('',(0.,0.,1.));
#1488 = ORIENTED_EDGE('',*,*,#1489,.T.);
#1489 = EDGE_CURVE('',#1482,#1440,#1490,.T.);
#1490 = CIRCLE('',#1491,3.E-02);
#1491 = AXIS2_PLACEMENT_3D('',#1492,#1493,#1494);
#1492 = CARTESIAN_POINT('',(0.77,-0.4,3.E-02));
#1493 = DIRECTION('',(0.,1.,0.));
#1494 = DIRECTION('',(0.,-0.,1.));
#1495 = PLANE('',#1496);
#1496 = AXIS2_PLACEMENT_3D('',#1497,#1498,#1499);
#1497 = CARTESIAN_POINT('',(0.5,-0.4,0.));
#1498 = DIRECTION('',(0.,1.,0.));
#1499 = DIRECTION('',(0.,-0.,1.));
#1500 = ADVANCED_FACE('',(#1501),#1519,.T.);
#1501 = FACE_BOUND('',#1502,.T.);
#1502 = EDGE_LOOP('',(#1503,#1511,#1512,#1513));
#1503 = ORIENTED_EDGE('',*,*,#1504,.F.);
#1504 = EDGE_CURVE('',#1107,#1505,#1507,.T.);
#1505 = VERTEX_POINT('',#1506);
#1506 = CARTESIAN_POINT('',(0.725,-0.3,0.47));
#1507 = LINE('',#1508,#1509);
#1508 = CARTESIAN_POINT('',(-2.25E-02,-0.3,0.47));
#1509 = VECTOR('',#1510,1.);
#1510 = DIRECTION('',(1.,0.,0.));
#1511 = ORIENTED_EDGE('',*,*,#1106,.T.);
#1512 = ORIENTED_EDGE('',*,*,#1034,.T.);
#1513 = ORIENTED_EDGE('',*,*,#1514,.F.);
#1514 = EDGE_CURVE('',#1505,#1035,#1515,.T.);
#1515 = LINE('',#1516,#1517);
#1516 = CARTESIAN_POINT('',(0.725,-0.45,0.47));
#1517 = VECTOR('',#1518,1.);
#1518 = DIRECTION('',(0.,-1.,0.));
#1519 = PLANE('',#1520);
#1520 = AXIS2_PLACEMENT_3D('',#1521,#1522,#1523);
#1521 = CARTESIAN_POINT('',(-0.77,-0.4,0.47));
#1522 = DIRECTION('',(0.,0.,1.));
#1523 = DIRECTION('',(1.,0.,-0.));
#1524 = ADVANCED_FACE('',(#1525),#1550,.T.);
#1525 = FACE_BOUND('',#1526,.T.);
#1526 = EDGE_LOOP('',(#1527,#1535,#1536,#1544));
#1527 = ORIENTED_EDGE('',*,*,#1528,.F.);
#1528 = EDGE_CURVE('',#1123,#1529,#1531,.T.);
#1529 = VERTEX_POINT('',#1530);
#1530 = CARTESIAN_POINT('',(0.725,0.4,0.47));
#1531 = LINE('',#1532,#1533);
#1532 = CARTESIAN_POINT('',(-0.77,0.4,0.47));
#1533 = VECTOR('',#1534,1.);
#1534 = DIRECTION('',(1.,0.,0.));
#1535 = ORIENTED_EDGE('',*,*,#1122,.T.);
#1536 = ORIENTED_EDGE('',*,*,#1537,.F.);
#1537 = EDGE_CURVE('',#1538,#1115,#1540,.T.);
#1538 = VERTEX_POINT('',#1539);
#1539 = CARTESIAN_POINT('',(0.725,0.3,0.47));
#1540 = LINE('',#1541,#1542);
#1541 = CARTESIAN_POINT('',(-0.7475,0.3,0.47));
#1542 = VECTOR('',#1543,1.);
#1543 = DIRECTION('',(-1.,0.,0.));
#1544 = ORIENTED_EDGE('',*,*,#1545,.F.);
#1545 = EDGE_CURVE('',#1529,#1538,#1546,.T.);
#1546 = LINE('',#1547,#1548);
#1547 = CARTESIAN_POINT('',(0.725,-5.E-02,0.47));
#1548 = VECTOR('',#1549,1.);
#1549 = DIRECTION('',(0.,-1.,0.));
#1550 = PLANE('',#1551);
#1551 = AXIS2_PLACEMENT_3D('',#1552,#1553,#1554);
#1552 = CARTESIAN_POINT('',(-0.77,-0.4,0.47));
#1553 = DIRECTION('',(0.,0.,1.));
#1554 = DIRECTION('',(1.,0.,-0.));
#1555 = ADVANCED_FACE('',(#1556),#1583,.T.);
#1556 = FACE_BOUND('',#1557,.T.);
#1557 = EDGE_LOOP('',(#1558,#1559,#1568,#1576));
#1558 = ORIENTED_EDGE('',*,*,#1114,.F.);
#1559 = ORIENTED_EDGE('',*,*,#1560,.T.);
#1560 = EDGE_CURVE('',#1107,#1561,#1563,.T.);
#1561 = VERTEX_POINT('',#1562);
#1562 = CARTESIAN_POINT('',(0.53,-0.3,0.5));
#1563 = CIRCLE('',#1564,3.E-02);
#1564 = AXIS2_PLACEMENT_3D('',#1565,#1566,#1567);
#1565 = CARTESIAN_POINT('',(0.53,-0.3,0.47));
#1566 = DIRECTION('',(0.,1.,-0.));
#1567 = DIRECTION('',(-1.,0.,0.));
#1568 = ORIENTED_EDGE('',*,*,#1569,.T.);
#1569 = EDGE_CURVE('',#1561,#1570,#1572,.T.);
#1570 = VERTEX_POINT('',#1571);
#1571 = CARTESIAN_POINT('',(0.53,0.3,0.5));
#1572 = LINE('',#1573,#1574);
#1573 = CARTESIAN_POINT('',(0.53,-0.4,0.5));
#1574 = VECTOR('',#1575,1.);
#1575 = DIRECTION('',(0.,1.,0.));
#1576 = ORIENTED_EDGE('',*,*,#1577,.F.);
#1577 = EDGE_CURVE('',#1115,#1570,#1578,.T.);
#1578 = CIRCLE('',#1579,3.E-02);
#1579 = AXIS2_PLACEMENT_3D('',#1580,#1581,#1582);
#1580 = CARTESIAN_POINT('',(0.53,0.3,0.47));
#1581 = DIRECTION('',(0.,1.,-0.));
#1582 = DIRECTION('',(-1.,0.,0.));
#1583 = CYLINDRICAL_SURFACE('',#1584,3.E-02);
#1584 = AXIS2_PLACEMENT_3D('',#1585,#1586,#1587);
#1585 = CARTESIAN_POINT('',(0.53,-0.4,0.47));
#1586 = DIRECTION('',(0.,1.,0.));
#1587 = DIRECTION('',(-1.,0.,0.));
#1588 = ADVANCED_FACE('',(#1589),#1639,.T.);
#1589 = FACE_BOUND('',#1590,.T.);
#1590 = EDGE_LOOP('',(#1591,#1599,#1607,#1613,#1614,#1615,#1616,#1624,
    #1632,#1638));
#1591 = ORIENTED_EDGE('',*,*,#1592,.F.);
#1592 = EDGE_CURVE('',#1593,#1366,#1595,.T.);
#1593 = VERTEX_POINT('',#1594);
#1594 = CARTESIAN_POINT('',(-0.77,0.4,3.E-02));
#1595 = LINE('',#1596,#1597);
#1596 = CARTESIAN_POINT('',(-0.77,0.4,3.E-02));
#1597 = VECTOR('',#1598,1.);
#1598 = DIRECTION('',(1.,0.,0.));
#1599 = ORIENTED_EDGE('',*,*,#1600,.T.);
#1600 = EDGE_CURVE('',#1593,#1601,#1603,.T.);
#1601 = VERTEX_POINT('',#1602);
#1602 = CARTESIAN_POINT('',(-0.77,0.4,0.47));
#1603 = LINE('',#1604,#1605);
#1604 = CARTESIAN_POINT('',(-0.77,0.4,3.E-02));
#1605 = VECTOR('',#1606,1.);
#1606 = DIRECTION('',(0.,0.,1.));
#1607 = ORIENTED_EDGE('',*,*,#1608,.T.);
#1608 = EDGE_CURVE('',#1601,#1145,#1609,.T.);
#1609 = LINE('',#1610,#1611);
#1610 = CARTESIAN_POINT('',(-0.77,0.4,0.47));
#1611 = VECTOR('',#1612,1.);
#1612 = DIRECTION('',(1.,0.,0.));
#1613 = ORIENTED_EDGE('',*,*,#1144,.T.);
#1614 = ORIENTED_EDGE('',*,*,#1178,.F.);
#1615 = ORIENTED_EDGE('',*,*,#1528,.T.);
#1616 = ORIENTED_EDGE('',*,*,#1617,.T.);
#1617 = EDGE_CURVE('',#1529,#1618,#1620,.T.);
#1618 = VERTEX_POINT('',#1619);
#1619 = CARTESIAN_POINT('',(0.77,0.4,0.47));
#1620 = LINE('',#1621,#1622);
#1621 = CARTESIAN_POINT('',(-0.77,0.4,0.47));
#1622 = VECTOR('',#1623,1.);
#1623 = DIRECTION('',(1.,0.,0.));
#1624 = ORIENTED_EDGE('',*,*,#1625,.F.);
#1625 = EDGE_CURVE('',#1626,#1618,#1628,.T.);
#1626 = VERTEX_POINT('',#1627);
#1627 = CARTESIAN_POINT('',(0.77,0.4,3.E-02));
#1628 = LINE('',#1629,#1630);
#1629 = CARTESIAN_POINT('',(0.77,0.4,3.E-02));
#1630 = VECTOR('',#1631,1.);
#1631 = DIRECTION('',(0.,0.,1.));
#1632 = ORIENTED_EDGE('',*,*,#1633,.F.);
#1633 = EDGE_CURVE('',#1358,#1626,#1634,.T.);
#1634 = LINE('',#1635,#1636);
#1635 = CARTESIAN_POINT('',(-0.77,0.4,3.E-02));
#1636 = VECTOR('',#1637,1.);
#1637 = DIRECTION('',(1.,0.,0.));
#1638 = ORIENTED_EDGE('',*,*,#1365,.F.);
#1639 = PLANE('',#1640);
#1640 = AXIS2_PLACEMENT_3D('',#1641,#1642,#1643);
#1641 = CARTESIAN_POINT('',(-0.77,0.4,3.E-02));
#1642 = DIRECTION('',(0.,1.,0.));
#1643 = DIRECTION('',(0.,-0.,1.));
#1644 = ADVANCED_FACE('',(#1645),#1663,.F.);
#1645 = FACE_BOUND('',#1646,.F.);
#1646 = EDGE_LOOP('',(#1647,#1655,#1661,#1662));
#1647 = ORIENTED_EDGE('',*,*,#1648,.F.);
#1648 = EDGE_CURVE('',#1649,#1193,#1651,.T.);
#1649 = VERTEX_POINT('',#1650);
#1650 = CARTESIAN_POINT('',(-0.725,0.3,0.5));
#1651 = LINE('',#1652,#1653);
#1652 = CARTESIAN_POINT('',(-0.7625,0.3,0.5));
#1653 = VECTOR('',#1654,1.);
#1654 = DIRECTION('',(1.,0.,0.));
#1655 = ORIENTED_EDGE('',*,*,#1656,.T.);
#1656 = EDGE_CURVE('',#1649,#1153,#1657,.T.);
#1657 = LINE('',#1658,#1659);
#1658 = CARTESIAN_POINT('',(-0.725,0.3,0.75));
#1659 = VECTOR('',#1660,1.);
#1660 = DIRECTION('',(-0.,-0.,-1.));
#1661 = ORIENTED_EDGE('',*,*,#1160,.F.);
#1662 = ORIENTED_EDGE('',*,*,#1192,.F.);
#1663 = PLANE('',#1664);
#1664 = AXIS2_PLACEMENT_3D('',#1665,#1666,#1667);
#1665 = CARTESIAN_POINT('',(-0.725,0.3,0.75));
#1666 = DIRECTION('',(0.,-1.,0.));
#1667 = DIRECTION('',(1.,0.,0.));
#1668 = ADVANCED_FACE('',(#1669),#1687,.F.);
#1669 = FACE_BOUND('',#1670,.F.);
#1670 = EDGE_LOOP('',(#1671,#1672,#1680,#1686));
#1671 = ORIENTED_EDGE('',*,*,#1656,.F.);
#1672 = ORIENTED_EDGE('',*,*,#1673,.F.);
#1673 = EDGE_CURVE('',#1674,#1649,#1676,.T.);
#1674 = VERTEX_POINT('',#1675);
#1675 = CARTESIAN_POINT('',(-0.725,0.4,0.5));
#1676 = LINE('',#1677,#1678);
#1677 = CARTESIAN_POINT('',(-0.725,5.E-02,0.5));
#1678 = VECTOR('',#1679,1.);
#1679 = DIRECTION('',(0.,-1.,0.));
#1680 = ORIENTED_EDGE('',*,*,#1681,.F.);
#1681 = EDGE_CURVE('',#1145,#1674,#1682,.T.);
#1682 = LINE('',#1683,#1684);
#1683 = CARTESIAN_POINT('',(-0.725,0.4,0.375));
#1684 = VECTOR('',#1685,1.);
#1685 = DIRECTION('',(0.,0.,1.));
#1686 = ORIENTED_EDGE('',*,*,#1152,.F.);
#1687 = PLANE('',#1688);
#1688 = AXIS2_PLACEMENT_3D('',#1689,#1690,#1691);
#1689 = CARTESIAN_POINT('',(-0.725,0.5,0.75));
#1690 = DIRECTION('',(-1.,0.,0.));
#1691 = DIRECTION('',(0.,-1.,0.));
#1692 = ADVANCED_FACE('',(#1693),#1711,.F.);
#1693 = FACE_BOUND('',#1694,.F.);
#1694 = EDGE_LOOP('',(#1695,#1703,#1709,#1710));
#1695 = ORIENTED_EDGE('',*,*,#1696,.F.);
#1696 = EDGE_CURVE('',#1697,#1226,#1699,.T.);
#1697 = VERTEX_POINT('',#1698);
#1698 = CARTESIAN_POINT('',(-0.725,-0.3,0.5));
#1699 = LINE('',#1700,#1701);
#1700 = CARTESIAN_POINT('',(-0.725,-0.3,0.75));
#1701 = VECTOR('',#1702,1.);
#1702 = DIRECTION('',(-0.,-0.,-1.));
#1703 = ORIENTED_EDGE('',*,*,#1704,.F.);
#1704 = EDGE_CURVE('',#1202,#1697,#1705,.T.);
#1705 = LINE('',#1706,#1707);
#1706 = CARTESIAN_POINT('',(-3.75E-02,-0.3,0.5));
#1707 = VECTOR('',#1708,1.);
#1708 = DIRECTION('',(-1.,0.,0.));
#1709 = ORIENTED_EDGE('',*,*,#1209,.T.);
#1710 = ORIENTED_EDGE('',*,*,#1235,.F.);
#1711 = PLANE('',#1712);
#1712 = AXIS2_PLACEMENT_3D('',#1713,#1714,#1715);
#1713 = CARTESIAN_POINT('',(0.725,-0.3,0.75));
#1714 = DIRECTION('',(0.,1.,0.));
#1715 = DIRECTION('',(-1.,0.,0.));
#1716 = ADVANCED_FACE('',(#1717),#1744,.T.);
#1717 = FACE_BOUND('',#1718,.T.);
#1718 = EDGE_LOOP('',(#1719,#1727,#1733,#1734,#1740,#1741,#1742,#1743));
#1719 = ORIENTED_EDGE('',*,*,#1720,.F.);
#1720 = EDGE_CURVE('',#1721,#1674,#1723,.T.);
#1721 = VERTEX_POINT('',#1722);
#1722 = CARTESIAN_POINT('',(-0.77,0.4,0.5));
#1723 = LINE('',#1724,#1725);
#1724 = CARTESIAN_POINT('',(-0.8,0.4,0.5));
#1725 = VECTOR('',#1726,1.);
#1726 = DIRECTION('',(1.,0.,0.));
#1727 = ORIENTED_EDGE('',*,*,#1728,.F.);
#1728 = EDGE_CURVE('',#1277,#1721,#1729,.T.);
#1729 = LINE('',#1730,#1731);
#1730 = CARTESIAN_POINT('',(-0.77,-0.4,0.5));
#1731 = VECTOR('',#1732,1.);
#1732 = DIRECTION('',(0.,1.,0.));
#1733 = ORIENTED_EDGE('',*,*,#1285,.T.);
#1734 = ORIENTED_EDGE('',*,*,#1735,.F.);
#1735 = EDGE_CURVE('',#1697,#1286,#1736,.T.);
#1736 = LINE('',#1737,#1738);
#1737 = CARTESIAN_POINT('',(-0.725,-0.35,0.5));
#1738 = VECTOR('',#1739,1.);
#1739 = DIRECTION('',(0.,-1.,0.));
#1740 = ORIENTED_EDGE('',*,*,#1704,.F.);
#1741 = ORIENTED_EDGE('',*,*,#1201,.T.);
#1742 = ORIENTED_EDGE('',*,*,#1648,.F.);
#1743 = ORIENTED_EDGE('',*,*,#1673,.F.);
#1744 = PLANE('',#1745);
#1745 = AXIS2_PLACEMENT_3D('',#1746,#1747,#1748);
#1746 = CARTESIAN_POINT('',(-0.8,-0.4,0.5));
#1747 = DIRECTION('',(0.,0.,1.));
#1748 = DIRECTION('',(1.,0.,-0.));
#1749 = ADVANCED_FACE('',(#1750),#1756,.F.);
#1750 = FACE_BOUND('',#1751,.F.);
#1751 = EDGE_LOOP('',(#1752,#1753,#1754,#1755));
#1752 = ORIENTED_EDGE('',*,*,#1735,.F.);
#1753 = ORIENTED_EDGE('',*,*,#1696,.T.);
#1754 = ORIENTED_EDGE('',*,*,#1225,.F.);
#1755 = ORIENTED_EDGE('',*,*,#1293,.T.);
#1756 = PLANE('',#1757);
#1757 = AXIS2_PLACEMENT_3D('',#1758,#1759,#1760);
#1758 = CARTESIAN_POINT('',(-0.725,-0.3,0.75));
#1759 = DIRECTION('',(-1.,0.,0.));
#1760 = DIRECTION('',(0.,-1.,0.));
#1761 = ADVANCED_FACE('',(#1762),#1819,.F.);
#1762 = FACE_BOUND('',#1763,.F.);
#1763 = EDGE_LOOP('',(#1764,#1774,#1780,#1781,#1789,#1797,#1805,#1813));
#1764 = ORIENTED_EDGE('',*,*,#1765,.F.);
#1765 = EDGE_CURVE('',#1766,#1768,#1770,.T.);
#1766 = VERTEX_POINT('',#1767);
#1767 = CARTESIAN_POINT('',(-0.77,0.4,-3.469446951954E-18));
#1768 = VERTEX_POINT('',#1769);
#1769 = CARTESIAN_POINT('',(-0.725,0.4,0.));
#1770 = LINE('',#1771,#1772);
#1771 = CARTESIAN_POINT('',(-0.8,0.4,0.));
#1772 = VECTOR('',#1773,1.);
#1773 = DIRECTION('',(1.,0.,0.));
#1774 = ORIENTED_EDGE('',*,*,#1775,.F.);
#1775 = EDGE_CURVE('',#1250,#1766,#1776,.T.);
#1776 = LINE('',#1777,#1778);
#1777 = CARTESIAN_POINT('',(-0.77,-0.4,-3.469446951954E-18));
#1778 = VECTOR('',#1779,1.);
#1779 = DIRECTION('',(0.,1.,0.));
#1780 = ORIENTED_EDGE('',*,*,#1249,.T.);
#1781 = ORIENTED_EDGE('',*,*,#1782,.F.);
#1782 = EDGE_CURVE('',#1783,#1252,#1785,.T.);
#1783 = VERTEX_POINT('',#1784);
#1784 = CARTESIAN_POINT('',(-0.725,-0.3,0.));
#1785 = LINE('',#1786,#1787);
#1786 = CARTESIAN_POINT('',(-0.725,-0.35,0.));
#1787 = VECTOR('',#1788,1.);
#1788 = DIRECTION('',(0.,-1.,0.));
#1789 = ORIENTED_EDGE('',*,*,#1790,.F.);
#1790 = EDGE_CURVE('',#1791,#1783,#1793,.T.);
#1791 = VERTEX_POINT('',#1792);
#1792 = CARTESIAN_POINT('',(-0.53,-0.3,-3.469446951954E-18));
#1793 = LINE('',#1794,#1795);
#1794 = CARTESIAN_POINT('',(-3.75E-02,-0.3,0.));
#1795 = VECTOR('',#1796,1.);
#1796 = DIRECTION('',(-1.,0.,0.));
#1797 = ORIENTED_EDGE('',*,*,#1798,.T.);
#1798 = EDGE_CURVE('',#1791,#1799,#1801,.T.);
#1799 = VERTEX_POINT('',#1800);
#1800 = CARTESIAN_POINT('',(-0.53,0.3,-3.469446951954E-18));
#1801 = LINE('',#1802,#1803);
#1802 = CARTESIAN_POINT('',(-0.53,-0.4,-3.469446951954E-18));
#1803 = VECTOR('',#1804,1.);
#1804 = DIRECTION('',(0.,1.,0.));
#1805 = ORIENTED_EDGE('',*,*,#1806,.F.);
#1806 = EDGE_CURVE('',#1807,#1799,#1809,.T.);
#1807 = VERTEX_POINT('',#1808);
#1808 = CARTESIAN_POINT('',(-0.725,0.3,0.));
#1809 = LINE('',#1810,#1811);
#1810 = CARTESIAN_POINT('',(-0.7625,0.3,0.));
#1811 = VECTOR('',#1812,1.);
#1812 = DIRECTION('',(1.,0.,0.));
#1813 = ORIENTED_EDGE('',*,*,#1814,.F.);
#1814 = EDGE_CURVE('',#1768,#1807,#1815,.T.);
#1815 = LINE('',#1816,#1817);
#1816 = CARTESIAN_POINT('',(-0.725,5.E-02,0.));
#1817 = VECTOR('',#1818,1.);
#1818 = DIRECTION('',(0.,-1.,0.));
#1819 = PLANE('',#1820);
#1820 = AXIS2_PLACEMENT_3D('',#1821,#1822,#1823);
#1821 = CARTESIAN_POINT('',(-0.8,-0.4,0.));
#1822 = DIRECTION('',(0.,0.,1.));
#1823 = DIRECTION('',(1.,0.,-0.));
#1824 = ADVANCED_FACE('',(#1825),#1844,.T.);
#1825 = FACE_BOUND('',#1826,.T.);
#1826 = EDGE_LOOP('',(#1827,#1835,#1842,#1843));
#1827 = ORIENTED_EDGE('',*,*,#1828,.T.);
#1828 = EDGE_CURVE('',#1260,#1829,#1831,.T.);
#1829 = VERTEX_POINT('',#1830);
#1830 = CARTESIAN_POINT('',(-0.8,0.4,3.E-02));
#1831 = LINE('',#1832,#1833);
#1832 = CARTESIAN_POINT('',(-0.8,-0.4,3.E-02));
#1833 = VECTOR('',#1834,1.);
#1834 = DIRECTION('',(0.,1.,0.));
#1835 = ORIENTED_EDGE('',*,*,#1836,.T.);
#1836 = EDGE_CURVE('',#1829,#1766,#1837,.T.);
#1837 = CIRCLE('',#1838,3.E-02);
#1838 = AXIS2_PLACEMENT_3D('',#1839,#1840,#1841);
#1839 = CARTESIAN_POINT('',(-0.77,0.4,3.E-02));
#1840 = DIRECTION('',(0.,-1.,0.));
#1841 = DIRECTION('',(0.,0.,1.));
#1842 = ORIENTED_EDGE('',*,*,#1775,.F.);
#1843 = ORIENTED_EDGE('',*,*,#1259,.F.);
#1844 = CYLINDRICAL_SURFACE('',#1845,3.E-02);
#1845 = AXIS2_PLACEMENT_3D('',#1846,#1847,#1848);
#1846 = CARTESIAN_POINT('',(-0.77,-0.4,3.E-02));
#1847 = DIRECTION('',(0.,1.,0.));
#1848 = DIRECTION('',(-1.,0.,0.));
#1849 = ADVANCED_FACE('',(#1850),#1861,.F.);
#1850 = FACE_BOUND('',#1851,.F.);
#1851 = EDGE_LOOP('',(#1852,#1853,#1859,#1860));
#1852 = ORIENTED_EDGE('',*,*,#1316,.T.);
#1853 = ORIENTED_EDGE('',*,*,#1854,.T.);
#1854 = EDGE_CURVE('',#1317,#1783,#1855,.T.);
#1855 = LINE('',#1856,#1857);
#1856 = CARTESIAN_POINT('',(-0.725,-0.3,0.75));
#1857 = VECTOR('',#1858,1.);
#1858 = DIRECTION('',(-0.,-0.,-1.));
#1859 = ORIENTED_EDGE('',*,*,#1782,.T.);
#1860 = ORIENTED_EDGE('',*,*,#1302,.T.);
#1861 = PLANE('',#1862);
#1862 = AXIS2_PLACEMENT_3D('',#1863,#1864,#1865);
#1863 = CARTESIAN_POINT('',(-0.725,-0.3,0.75));
#1864 = DIRECTION('',(-1.,0.,0.));
#1865 = DIRECTION('',(0.,-1.,0.));
#1866 = ADVANCED_FACE('',(#1867),#1885,.F.);
#1867 = FACE_BOUND('',#1868,.F.);
#1868 = EDGE_LOOP('',(#1869,#1870,#1871,#1879));
#1869 = ORIENTED_EDGE('',*,*,#1268,.F.);
#1870 = ORIENTED_EDGE('',*,*,#1828,.T.);
#1871 = ORIENTED_EDGE('',*,*,#1872,.T.);
#1872 = EDGE_CURVE('',#1829,#1873,#1875,.T.);
#1873 = VERTEX_POINT('',#1874);
#1874 = CARTESIAN_POINT('',(-0.8,0.4,0.47));
#1875 = LINE('',#1876,#1877);
#1876 = CARTESIAN_POINT('',(-0.8,0.4,0.));
#1877 = VECTOR('',#1878,1.);
#1878 = DIRECTION('',(0.,0.,1.));
#1879 = ORIENTED_EDGE('',*,*,#1880,.F.);
#1880 = EDGE_CURVE('',#1269,#1873,#1881,.T.);
#1881 = LINE('',#1882,#1883);
#1882 = CARTESIAN_POINT('',(-0.8,-0.4,0.47));
#1883 = VECTOR('',#1884,1.);
#1884 = DIRECTION('',(0.,1.,0.));
#1885 = PLANE('',#1886);
#1886 = AXIS2_PLACEMENT_3D('',#1887,#1888,#1889);
#1887 = CARTESIAN_POINT('',(-0.8,-0.4,0.));
#1888 = DIRECTION('',(1.,0.,0.));
#1889 = DIRECTION('',(0.,0.,1.));
#1890 = ADVANCED_FACE('',(#1891),#1903,.T.);
#1891 = FACE_BOUND('',#1892,.T.);
#1892 = EDGE_LOOP('',(#1893,#1894,#1895,#1902));
#1893 = ORIENTED_EDGE('',*,*,#1276,.T.);
#1894 = ORIENTED_EDGE('',*,*,#1728,.T.);
#1895 = ORIENTED_EDGE('',*,*,#1896,.F.);
#1896 = EDGE_CURVE('',#1873,#1721,#1897,.T.);
#1897 = CIRCLE('',#1898,3.E-02);
#1898 = AXIS2_PLACEMENT_3D('',#1899,#1900,#1901);
#1899 = CARTESIAN_POINT('',(-0.77,0.4,0.47));
#1900 = DIRECTION('',(0.,1.,0.));
#1901 = DIRECTION('',(0.,-0.,1.));
#1902 = ORIENTED_EDGE('',*,*,#1880,.F.);
#1903 = CYLINDRICAL_SURFACE('',#1904,3.E-02);
#1904 = AXIS2_PLACEMENT_3D('',#1905,#1906,#1907);
#1905 = CARTESIAN_POINT('',(-0.77,-0.4,0.47));
#1906 = DIRECTION('',(0.,1.,0.));
#1907 = DIRECTION('',(-1.,0.,0.));
#1908 = ADVANCED_FACE('',(#1909),#1921,.F.);
#1909 = FACE_BOUND('',#1910,.F.);
#1910 = EDGE_LOOP('',(#1911,#1912,#1913,#1920));
#1911 = ORIENTED_EDGE('',*,*,#1854,.F.);
#1912 = ORIENTED_EDGE('',*,*,#1397,.T.);
#1913 = ORIENTED_EDGE('',*,*,#1914,.T.);
#1914 = EDGE_CURVE('',#1390,#1791,#1915,.T.);
#1915 = CIRCLE('',#1916,3.E-02);
#1916 = AXIS2_PLACEMENT_3D('',#1917,#1918,#1919);
#1917 = CARTESIAN_POINT('',(-0.53,-0.3,3.E-02));
#1918 = DIRECTION('',(-0.,1.,0.));
#1919 = DIRECTION('',(1.,0.,0.));
#1920 = ORIENTED_EDGE('',*,*,#1790,.T.);
#1921 = PLANE('',#1922);
#1922 = AXIS2_PLACEMENT_3D('',#1923,#1924,#1925);
#1923 = CARTESIAN_POINT('',(0.725,-0.3,0.75));
#1924 = DIRECTION('',(0.,1.,0.));
#1925 = DIRECTION('',(-1.,0.,0.));
#1926 = ADVANCED_FACE('',(#1927),#1939,.T.);
#1927 = FACE_BOUND('',#1928,.T.);
#1928 = EDGE_LOOP('',(#1929,#1930,#1931,#1932));
#1929 = ORIENTED_EDGE('',*,*,#1389,.F.);
#1930 = ORIENTED_EDGE('',*,*,#1914,.T.);
#1931 = ORIENTED_EDGE('',*,*,#1798,.T.);
#1932 = ORIENTED_EDGE('',*,*,#1933,.F.);
#1933 = EDGE_CURVE('',#1382,#1799,#1934,.T.);
#1934 = CIRCLE('',#1935,3.E-02);
#1935 = AXIS2_PLACEMENT_3D('',#1936,#1937,#1938);
#1936 = CARTESIAN_POINT('',(-0.53,0.3,3.E-02));
#1937 = DIRECTION('',(-0.,1.,0.));
#1938 = DIRECTION('',(1.,0.,0.));
#1939 = CYLINDRICAL_SURFACE('',#1940,3.E-02);
#1940 = AXIS2_PLACEMENT_3D('',#1941,#1942,#1943);
#1941 = CARTESIAN_POINT('',(-0.53,-0.4,3.E-02));
#1942 = DIRECTION('',(0.,1.,0.));
#1943 = DIRECTION('',(1.,0.,0.));
#1944 = ADVANCED_FACE('',(#1945),#1956,.F.);
#1945 = FACE_BOUND('',#1946,.F.);
#1946 = EDGE_LOOP('',(#1947,#1948,#1954,#1955));
#1947 = ORIENTED_EDGE('',*,*,#1381,.T.);
#1948 = ORIENTED_EDGE('',*,*,#1949,.T.);
#1949 = EDGE_CURVE('',#1374,#1807,#1950,.T.);
#1950 = LINE('',#1951,#1952);
#1951 = CARTESIAN_POINT('',(-0.725,0.3,0.75));
#1952 = VECTOR('',#1953,1.);
#1953 = DIRECTION('',(-0.,-0.,-1.));
#1954 = ORIENTED_EDGE('',*,*,#1806,.T.);
#1955 = ORIENTED_EDGE('',*,*,#1933,.F.);
#1956 = PLANE('',#1957);
#1957 = AXIS2_PLACEMENT_3D('',#1958,#1959,#1960);
#1958 = CARTESIAN_POINT('',(-0.725,0.3,0.75));
#1959 = DIRECTION('',(0.,-1.,0.));
#1960 = DIRECTION('',(1.,0.,0.));
#1961 = ADVANCED_FACE('',(#1962),#1973,.F.);
#1962 = FACE_BOUND('',#1963,.F.);
#1963 = EDGE_LOOP('',(#1964,#1965,#1966,#1972));
#1964 = ORIENTED_EDGE('',*,*,#1949,.F.);
#1965 = ORIENTED_EDGE('',*,*,#1373,.T.);
#1966 = ORIENTED_EDGE('',*,*,#1967,.F.);
#1967 = EDGE_CURVE('',#1768,#1366,#1968,.T.);
#1968 = LINE('',#1969,#1970);
#1969 = CARTESIAN_POINT('',(-0.725,0.4,0.375));
#1970 = VECTOR('',#1971,1.);
#1971 = DIRECTION('',(0.,0.,1.));
#1972 = ORIENTED_EDGE('',*,*,#1814,.T.);
#1973 = PLANE('',#1974);
#1974 = AXIS2_PLACEMENT_3D('',#1975,#1976,#1977);
#1975 = CARTESIAN_POINT('',(-0.725,0.5,0.75));
#1976 = DIRECTION('',(-1.,0.,0.));
#1977 = DIRECTION('',(0.,-1.,0.));
#1978 = ADVANCED_FACE('',(#1979),#2004,.F.);
#1979 = FACE_BOUND('',#1980,.F.);
#1980 = EDGE_LOOP('',(#1981,#1982,#1990,#1998));
#1981 = ORIENTED_EDGE('',*,*,#1357,.T.);
#1982 = ORIENTED_EDGE('',*,*,#1983,.T.);
#1983 = EDGE_CURVE('',#1350,#1984,#1986,.T.);
#1984 = VERTEX_POINT('',#1985);
#1985 = CARTESIAN_POINT('',(0.725,0.3,0.));
#1986 = LINE('',#1987,#1988);
#1987 = CARTESIAN_POINT('',(0.725,0.3,0.75));
#1988 = VECTOR('',#1989,1.);
#1989 = DIRECTION('',(-0.,-0.,-1.));
#1990 = ORIENTED_EDGE('',*,*,#1991,.T.);
#1991 = EDGE_CURVE('',#1984,#1992,#1994,.T.);
#1992 = VERTEX_POINT('',#1993);
#1993 = CARTESIAN_POINT('',(0.725,0.4,0.));
#1994 = LINE('',#1995,#1996);
#1995 = CARTESIAN_POINT('',(0.725,-5.E-02,0.));
#1996 = VECTOR('',#1997,1.);
#1997 = DIRECTION('',(0.,1.,0.));
#1998 = ORIENTED_EDGE('',*,*,#1999,.F.);
#1999 = EDGE_CURVE('',#1358,#1992,#2000,.T.);
#2000 = LINE('',#2001,#2002);
#2001 = CARTESIAN_POINT('',(0.725,0.4,0.375));
#2002 = VECTOR('',#2003,1.);
#2003 = DIRECTION('',(0.,0.,-1.));
#2004 = PLANE('',#2005);
#2005 = AXIS2_PLACEMENT_3D('',#2006,#2007,#2008);
#2006 = CARTESIAN_POINT('',(0.725,0.3,0.75));
#2007 = DIRECTION('',(1.,0.,0.));
#2008 = DIRECTION('',(-0.,1.,0.));
#2009 = ADVANCED_FACE('',(#2010),#2029,.F.);
#2010 = FACE_BOUND('',#2011,.F.);
#2011 = EDGE_LOOP('',(#2012,#2013,#2014,#2023));
#2012 = ORIENTED_EDGE('',*,*,#1983,.F.);
#2013 = ORIENTED_EDGE('',*,*,#1349,.T.);
#2014 = ORIENTED_EDGE('',*,*,#2015,.F.);
#2015 = EDGE_CURVE('',#2016,#1342,#2018,.T.);
#2016 = VERTEX_POINT('',#2017);
#2017 = CARTESIAN_POINT('',(0.53,0.3,-3.469446951954E-18));
#2018 = CIRCLE('',#2019,3.E-02);
#2019 = AXIS2_PLACEMENT_3D('',#2020,#2021,#2022);
#2020 = CARTESIAN_POINT('',(0.53,0.3,3.E-02));
#2021 = DIRECTION('',(0.,1.,-0.));
#2022 = DIRECTION('',(-1.,0.,0.));
#2023 = ORIENTED_EDGE('',*,*,#2024,.T.);
#2024 = EDGE_CURVE('',#2016,#1984,#2025,.T.);
#2025 = LINE('',#2026,#2027);
#2026 = CARTESIAN_POINT('',(-0.1125,0.3,0.));
#2027 = VECTOR('',#2028,1.);
#2028 = DIRECTION('',(1.,0.,0.));
#2029 = PLANE('',#2030);
#2030 = AXIS2_PLACEMENT_3D('',#2031,#2032,#2033);
#2031 = CARTESIAN_POINT('',(-0.725,0.3,0.75));
#2032 = DIRECTION('',(0.,-1.,0.));
#2033 = DIRECTION('',(1.,0.,0.));
#2034 = ADVANCED_FACE('',(#2035),#2054,.T.);
#2035 = FACE_BOUND('',#2036,.T.);
#2036 = EDGE_LOOP('',(#2037,#2038,#2046,#2053));
#2037 = ORIENTED_EDGE('',*,*,#2015,.F.);
#2038 = ORIENTED_EDGE('',*,*,#2039,.F.);
#2039 = EDGE_CURVE('',#2040,#2016,#2042,.T.);
#2040 = VERTEX_POINT('',#2041);
#2041 = CARTESIAN_POINT('',(0.53,-0.3,-3.469446951954E-18));
#2042 = LINE('',#2043,#2044);
#2043 = CARTESIAN_POINT('',(0.53,-0.4,-3.469446951954E-18));
#2044 = VECTOR('',#2045,1.);
#2045 = DIRECTION('',(0.,1.,0.));
#2046 = ORIENTED_EDGE('',*,*,#2047,.T.);
#2047 = EDGE_CURVE('',#2040,#1334,#2048,.T.);
#2048 = CIRCLE('',#2049,3.E-02);
#2049 = AXIS2_PLACEMENT_3D('',#2050,#2051,#2052);
#2050 = CARTESIAN_POINT('',(0.53,-0.3,3.E-02));
#2051 = DIRECTION('',(0.,1.,-0.));
#2052 = DIRECTION('',(-1.,0.,0.));
#2053 = ORIENTED_EDGE('',*,*,#1341,.T.);
#2054 = CYLINDRICAL_SURFACE('',#2055,3.E-02);
#2055 = AXIS2_PLACEMENT_3D('',#2056,#2057,#2058);
#2056 = CARTESIAN_POINT('',(0.53,-0.4,3.E-02));
#2057 = DIRECTION('',(0.,1.,0.));
#2058 = DIRECTION('',(-1.,0.,0.));
#2059 = ADVANCED_FACE('',(#2060),#2078,.F.);
#2060 = FACE_BOUND('',#2061,.F.);
#2061 = EDGE_LOOP('',(#2062,#2063,#2071,#2077));
#2062 = ORIENTED_EDGE('',*,*,#1333,.T.);
#2063 = ORIENTED_EDGE('',*,*,#2064,.T.);
#2064 = EDGE_CURVE('',#1326,#2065,#2067,.T.);
#2065 = VERTEX_POINT('',#2066);
#2066 = CARTESIAN_POINT('',(0.725,-0.3,0.));
#2067 = LINE('',#2068,#2069);
#2068 = CARTESIAN_POINT('',(0.725,-0.3,0.75));
#2069 = VECTOR('',#2070,1.);
#2070 = DIRECTION('',(-0.,-0.,-1.));
#2071 = ORIENTED_EDGE('',*,*,#2072,.T.);
#2072 = EDGE_CURVE('',#2065,#2040,#2073,.T.);
#2073 = LINE('',#2074,#2075);
#2074 = CARTESIAN_POINT('',(0.6125,-0.3,0.));
#2075 = VECTOR('',#2076,1.);
#2076 = DIRECTION('',(-1.,0.,0.));
#2077 = ORIENTED_EDGE('',*,*,#2047,.T.);
#2078 = PLANE('',#2079);
#2079 = AXIS2_PLACEMENT_3D('',#2080,#2081,#2082);
#2080 = CARTESIAN_POINT('',(0.725,-0.3,0.75));
#2081 = DIRECTION('',(0.,1.,0.));
#2082 = DIRECTION('',(-1.,0.,0.));
#2083 = ADVANCED_FACE('',(#2084),#2095,.F.);
#2084 = FACE_BOUND('',#2085,.F.);
#2085 = EDGE_LOOP('',(#2086,#2087,#2088,#2089));
#2086 = ORIENTED_EDGE('',*,*,#2064,.F.);
#2087 = ORIENTED_EDGE('',*,*,#1325,.T.);
#2088 = ORIENTED_EDGE('',*,*,#1447,.T.);
#2089 = ORIENTED_EDGE('',*,*,#2090,.T.);
#2090 = EDGE_CURVE('',#1438,#2065,#2091,.T.);
#2091 = LINE('',#2092,#2093);
#2092 = CARTESIAN_POINT('',(0.725,-0.45,0.));
#2093 = VECTOR('',#2094,1.);
#2094 = DIRECTION('',(0.,1.,0.));
#2095 = PLANE('',#2096);
#2096 = AXIS2_PLACEMENT_3D('',#2097,#2098,#2099);
#2097 = CARTESIAN_POINT('',(0.725,-0.5,0.75));
#2098 = DIRECTION('',(1.,0.,0.));
#2099 = DIRECTION('',(-0.,1.,0.));
#2100 = ADVANCED_FACE('',(#2101),#2126,.T.);
#2101 = FACE_BOUND('',#2102,.T.);
#2102 = EDGE_LOOP('',(#2103,#2111,#2112,#2120));
#2103 = ORIENTED_EDGE('',*,*,#2104,.T.);
#2104 = EDGE_CURVE('',#2105,#1406,#2107,.T.);
#2105 = VERTEX_POINT('',#2106);
#2106 = CARTESIAN_POINT('',(0.277128129211,0.32,1.5E-02));
#2107 = LINE('',#2108,#2109);
#2108 = CARTESIAN_POINT('',(0.277128129211,0.32,1.5E-02));
#2109 = VECTOR('',#2110,1.);
#2110 = DIRECTION('',(0.,0.,1.));
#2111 = ORIENTED_EDGE('',*,*,#1405,.T.);
#2112 = ORIENTED_EDGE('',*,*,#2113,.F.);
#2113 = EDGE_CURVE('',#2114,#1408,#2116,.T.);
#2114 = VERTEX_POINT('',#2115);
#2115 = CARTESIAN_POINT('',(0.277128129211,-0.32,1.5E-02));
#2116 = LINE('',#2117,#2118);
#2117 = CARTESIAN_POINT('',(0.277128129211,-0.32,1.5E-02));
#2118 = VECTOR('',#2119,1.);
#2119 = DIRECTION('',(0.,0.,1.));
#2120 = ORIENTED_EDGE('',*,*,#2121,.F.);
#2121 = EDGE_CURVE('',#2105,#2114,#2122,.T.);
#2122 = LINE('',#2123,#2124);
#2123 = CARTESIAN_POINT('',(0.277128129211,0.32,1.5E-02));
#2124 = VECTOR('',#2125,1.);
#2125 = DIRECTION('',(0.,-1.,0.));
#2126 = PLANE('',#2127);
#2127 = AXIS2_PLACEMENT_3D('',#2128,#2129,#2130);
#2128 = CARTESIAN_POINT('',(0.277128129211,0.32,1.5E-02));
#2129 = DIRECTION('',(1.,0.,0.));
#2130 = DIRECTION('',(0.,-1.,0.));
#2131 = ADVANCED_FACE('',(#2132),#2150,.T.);
#2132 = FACE_BOUND('',#2133,.T.);
#2133 = EDGE_LOOP('',(#2134,#2142,#2143,#2144));
#2134 = ORIENTED_EDGE('',*,*,#2135,.T.);
#2135 = EDGE_CURVE('',#2136,#1416,#2138,.T.);
#2136 = VERTEX_POINT('',#2137);
#2137 = CARTESIAN_POINT('',(-0.277128129211,0.,1.5E-02));
#2138 = LINE('',#2139,#2140);
#2139 = CARTESIAN_POINT('',(-0.277128129211,0.,1.5E-02));
#2140 = VECTOR('',#2141,1.);
#2141 = DIRECTION('',(0.,0.,1.));
#2142 = ORIENTED_EDGE('',*,*,#1423,.T.);
#2143 = ORIENTED_EDGE('',*,*,#2104,.F.);
#2144 = ORIENTED_EDGE('',*,*,#2145,.F.);
#2145 = EDGE_CURVE('',#2136,#2105,#2146,.T.);
#2146 = LINE('',#2147,#2148);
#2147 = CARTESIAN_POINT('',(-0.277128129211,0.,1.5E-02));
#2148 = VECTOR('',#2149,1.);
#2149 = DIRECTION('',(0.866025403784,0.5,0.));
#2150 = PLANE('',#2151);
#2151 = AXIS2_PLACEMENT_3D('',#2152,#2153,#2154);
#2152 = CARTESIAN_POINT('',(-0.277128129211,0.,1.5E-02));
#2153 = DIRECTION('',(-0.5,0.866025403784,0.));
#2154 = DIRECTION('',(0.866025403784,0.5,0.));
#2155 = ADVANCED_FACE('',(#2156),#2167,.T.);
#2156 = FACE_BOUND('',#2157,.T.);
#2157 = EDGE_LOOP('',(#2158,#2159,#2160,#2161));
#2158 = ORIENTED_EDGE('',*,*,#2113,.T.);
#2159 = ORIENTED_EDGE('',*,*,#1415,.T.);
#2160 = ORIENTED_EDGE('',*,*,#2135,.F.);
#2161 = ORIENTED_EDGE('',*,*,#2162,.F.);
#2162 = EDGE_CURVE('',#2114,#2136,#2163,.T.);
#2163 = LINE('',#2164,#2165);
#2164 = CARTESIAN_POINT('',(0.277128129211,-0.32,1.5E-02));
#2165 = VECTOR('',#2166,1.);
#2166 = DIRECTION('',(-0.866025403784,0.5,0.));
#2167 = PLANE('',#2168);
#2168 = AXIS2_PLACEMENT_3D('',#2169,#2170,#2171);
#2169 = CARTESIAN_POINT('',(0.277128129211,-0.32,1.5E-02));
#2170 = DIRECTION('',(-0.5,-0.866025403784,0.));
#2171 = DIRECTION('',(-0.866025403784,0.5,0.));
#2172 = ADVANCED_FACE('',(#2173),#2195,.F.);
#2173 = FACE_BOUND('',#2174,.F.);
#2174 = EDGE_LOOP('',(#2175,#2183,#2184,#2185,#2186,#2187,#2188,#2189));
#2175 = ORIENTED_EDGE('',*,*,#2176,.F.);
#2176 = EDGE_CURVE('',#1992,#2177,#2179,.T.);
#2177 = VERTEX_POINT('',#2178);
#2178 = CARTESIAN_POINT('',(0.77,0.4,-3.469446951954E-18));
#2179 = LINE('',#2180,#2181);
#2180 = CARTESIAN_POINT('',(0.5,0.4,0.));
#2181 = VECTOR('',#2182,1.);
#2182 = DIRECTION('',(1.,0.,0.));
#2183 = ORIENTED_EDGE('',*,*,#1991,.F.);
#2184 = ORIENTED_EDGE('',*,*,#2024,.F.);
#2185 = ORIENTED_EDGE('',*,*,#2039,.F.);
#2186 = ORIENTED_EDGE('',*,*,#2072,.F.);
#2187 = ORIENTED_EDGE('',*,*,#2090,.F.);
#2188 = ORIENTED_EDGE('',*,*,#1437,.T.);
#2189 = ORIENTED_EDGE('',*,*,#2190,.T.);
#2190 = EDGE_CURVE('',#1440,#2177,#2191,.T.);
#2191 = LINE('',#2192,#2193);
#2192 = CARTESIAN_POINT('',(0.77,-0.4,-3.469446951954E-18));
#2193 = VECTOR('',#2194,1.);
#2194 = DIRECTION('',(0.,1.,0.));
#2195 = PLANE('',#2196);
#2196 = AXIS2_PLACEMENT_3D('',#2197,#2198,#2199);
#2197 = CARTESIAN_POINT('',(0.5,-0.4,0.));
#2198 = DIRECTION('',(0.,0.,1.));
#2199 = DIRECTION('',(1.,0.,-0.));
#2200 = ADVANCED_FACE('',(#2201),#2220,.T.);
#2201 = FACE_BOUND('',#2202,.T.);
#2202 = EDGE_LOOP('',(#2203,#2204,#2205,#2214));
#2203 = ORIENTED_EDGE('',*,*,#1489,.T.);
#2204 = ORIENTED_EDGE('',*,*,#2190,.T.);
#2205 = ORIENTED_EDGE('',*,*,#2206,.F.);
#2206 = EDGE_CURVE('',#2207,#2177,#2209,.T.);
#2207 = VERTEX_POINT('',#2208);
#2208 = CARTESIAN_POINT('',(0.8,0.4,3.E-02));
#2209 = CIRCLE('',#2210,3.E-02);
#2210 = AXIS2_PLACEMENT_3D('',#2211,#2212,#2213);
#2211 = CARTESIAN_POINT('',(0.77,0.4,3.E-02));
#2212 = DIRECTION('',(0.,1.,0.));
#2213 = DIRECTION('',(0.,-0.,1.));
#2214 = ORIENTED_EDGE('',*,*,#2215,.F.);
#2215 = EDGE_CURVE('',#1482,#2207,#2216,.T.);
#2216 = LINE('',#2217,#2218);
#2217 = CARTESIAN_POINT('',(0.8,-0.4,3.E-02));
#2218 = VECTOR('',#2219,1.);
#2219 = DIRECTION('',(0.,1.,0.));
#2220 = CYLINDRICAL_SURFACE('',#2221,3.E-02);
#2221 = AXIS2_PLACEMENT_3D('',#2222,#2223,#2224);
#2222 = CARTESIAN_POINT('',(0.77,-0.4,3.E-02));
#2223 = DIRECTION('',(0.,1.,0.));
#2224 = DIRECTION('',(1.,0.,0.));
#2225 = ADVANCED_FACE('',(#2226),#2244,.T.);
#2226 = FACE_BOUND('',#2227,.T.);
#2227 = EDGE_LOOP('',(#2228,#2229,#2230,#2238));
#2228 = ORIENTED_EDGE('',*,*,#1481,.F.);
#2229 = ORIENTED_EDGE('',*,*,#2215,.T.);
#2230 = ORIENTED_EDGE('',*,*,#2231,.T.);
#2231 = EDGE_CURVE('',#2207,#2232,#2234,.T.);
#2232 = VERTEX_POINT('',#2233);
#2233 = CARTESIAN_POINT('',(0.8,0.4,0.47));
#2234 = LINE('',#2235,#2236);
#2235 = CARTESIAN_POINT('',(0.8,0.4,0.));
#2236 = VECTOR('',#2237,1.);
#2237 = DIRECTION('',(0.,0.,1.));
#2238 = ORIENTED_EDGE('',*,*,#2239,.F.);
#2239 = EDGE_CURVE('',#1473,#2232,#2240,.T.);
#2240 = LINE('',#2241,#2242);
#2241 = CARTESIAN_POINT('',(0.8,-0.4,0.47));
#2242 = VECTOR('',#2243,1.);
#2243 = DIRECTION('',(0.,1.,0.));
#2244 = PLANE('',#2245);
#2245 = AXIS2_PLACEMENT_3D('',#2246,#2247,#2248);
#2246 = CARTESIAN_POINT('',(0.8,-0.4,0.));
#2247 = DIRECTION('',(1.,0.,0.));
#2248 = DIRECTION('',(0.,0.,1.));
#2249 = ADVANCED_FACE('',(#2250),#2269,.T.);
#2250 = FACE_BOUND('',#2251,.T.);
#2251 = EDGE_LOOP('',(#2252,#2253,#2262,#2268));
#2252 = ORIENTED_EDGE('',*,*,#2239,.T.);
#2253 = ORIENTED_EDGE('',*,*,#2254,.T.);
#2254 = EDGE_CURVE('',#2232,#2255,#2257,.T.);
#2255 = VERTEX_POINT('',#2256);
#2256 = CARTESIAN_POINT('',(0.77,0.4,0.5));
#2257 = CIRCLE('',#2258,3.E-02);
#2258 = AXIS2_PLACEMENT_3D('',#2259,#2260,#2261);
#2259 = CARTESIAN_POINT('',(0.77,0.4,0.47));
#2260 = DIRECTION('',(0.,-1.,0.));
#2261 = DIRECTION('',(0.,0.,1.));
#2262 = ORIENTED_EDGE('',*,*,#2263,.F.);
#2263 = EDGE_CURVE('',#1465,#2255,#2264,.T.);
#2264 = LINE('',#2265,#2266);
#2265 = CARTESIAN_POINT('',(0.77,-0.4,0.5));
#2266 = VECTOR('',#2267,1.);
#2267 = DIRECTION('',(0.,1.,0.));
#2268 = ORIENTED_EDGE('',*,*,#1472,.F.);
#2269 = CYLINDRICAL_SURFACE('',#2270,3.E-02);
#2270 = AXIS2_PLACEMENT_3D('',#2271,#2272,#2273);
#2271 = CARTESIAN_POINT('',(0.77,-0.4,0.47));
#2272 = DIRECTION('',(0.,1.,0.));
#2273 = DIRECTION('',(1.,0.,0.));
#2274 = ADVANCED_FACE('',(#2275),#2316,.T.);
#2275 = FACE_BOUND('',#2276,.T.);
#2276 = EDGE_LOOP('',(#2277,#2285,#2293,#2299,#2300,#2308,#2314,#2315));
#2277 = ORIENTED_EDGE('',*,*,#2278,.F.);
#2278 = EDGE_CURVE('',#2279,#2255,#2281,.T.);
#2279 = VERTEX_POINT('',#2280);
#2280 = CARTESIAN_POINT('',(0.725,0.4,0.5));
#2281 = LINE('',#2282,#2283);
#2282 = CARTESIAN_POINT('',(0.5,0.4,0.5));
#2283 = VECTOR('',#2284,1.);
#2284 = DIRECTION('',(1.,0.,0.));
#2285 = ORIENTED_EDGE('',*,*,#2286,.F.);
#2286 = EDGE_CURVE('',#2287,#2279,#2289,.T.);
#2287 = VERTEX_POINT('',#2288);
#2288 = CARTESIAN_POINT('',(0.725,0.3,0.5));
#2289 = LINE('',#2290,#2291);
#2290 = CARTESIAN_POINT('',(0.725,-5.E-02,0.5));
#2291 = VECTOR('',#2292,1.);
#2292 = DIRECTION('',(0.,1.,0.));
#2293 = ORIENTED_EDGE('',*,*,#2294,.F.);
#2294 = EDGE_CURVE('',#1570,#2287,#2295,.T.);
#2295 = LINE('',#2296,#2297);
#2296 = CARTESIAN_POINT('',(-0.1125,0.3,0.5));
#2297 = VECTOR('',#2298,1.);
#2298 = DIRECTION('',(1.,0.,0.));
#2299 = ORIENTED_EDGE('',*,*,#1569,.F.);
#2300 = ORIENTED_EDGE('',*,*,#2301,.F.);
#2301 = EDGE_CURVE('',#2302,#1561,#2304,.T.);
#2302 = VERTEX_POINT('',#2303);
#2303 = CARTESIAN_POINT('',(0.725,-0.3,0.5));
#2304 = LINE('',#2305,#2306);
#2305 = CARTESIAN_POINT('',(0.6125,-0.3,0.5));
#2306 = VECTOR('',#2307,1.);
#2307 = DIRECTION('',(-1.,0.,0.));
#2308 = ORIENTED_EDGE('',*,*,#2309,.F.);
#2309 = EDGE_CURVE('',#1457,#2302,#2310,.T.);
#2310 = LINE('',#2311,#2312);
#2311 = CARTESIAN_POINT('',(0.725,-0.45,0.5));
#2312 = VECTOR('',#2313,1.);
#2313 = DIRECTION('',(0.,1.,0.));
#2314 = ORIENTED_EDGE('',*,*,#1464,.T.);
#2315 = ORIENTED_EDGE('',*,*,#2263,.T.);
#2316 = PLANE('',#2317);
#2317 = AXIS2_PLACEMENT_3D('',#2318,#2319,#2320);
#2318 = CARTESIAN_POINT('',(0.5,-0.4,0.5));
#2319 = DIRECTION('',(0.,0.,1.));
#2320 = DIRECTION('',(1.,0.,-0.));
#2321 = ADVANCED_FACE('',(#2322),#2333,.F.);
#2322 = FACE_BOUND('',#2323,.F.);
#2323 = EDGE_LOOP('',(#2324,#2330,#2331,#2332));
#2324 = ORIENTED_EDGE('',*,*,#2325,.F.);
#2325 = EDGE_CURVE('',#2302,#1505,#2326,.T.);
#2326 = LINE('',#2327,#2328);
#2327 = CARTESIAN_POINT('',(0.725,-0.3,0.75));
#2328 = VECTOR('',#2329,1.);
#2329 = DIRECTION('',(-0.,-0.,-1.));
#2330 = ORIENTED_EDGE('',*,*,#2309,.F.);
#2331 = ORIENTED_EDGE('',*,*,#1456,.T.);
#2332 = ORIENTED_EDGE('',*,*,#1514,.F.);
#2333 = PLANE('',#2334);
#2334 = AXIS2_PLACEMENT_3D('',#2335,#2336,#2337);
#2335 = CARTESIAN_POINT('',(0.725,-0.5,0.75));
#2336 = DIRECTION('',(1.,0.,0.));
#2337 = DIRECTION('',(-0.,1.,0.));
#2338 = ADVANCED_FACE('',(#2339),#2345,.F.);
#2339 = FACE_BOUND('',#2340,.F.);
#2340 = EDGE_LOOP('',(#2341,#2342,#2343,#2344));
#2341 = ORIENTED_EDGE('',*,*,#2301,.F.);
#2342 = ORIENTED_EDGE('',*,*,#2325,.T.);
#2343 = ORIENTED_EDGE('',*,*,#1504,.F.);
#2344 = ORIENTED_EDGE('',*,*,#1560,.T.);
#2345 = PLANE('',#2346);
#2346 = AXIS2_PLACEMENT_3D('',#2347,#2348,#2349);
#2347 = CARTESIAN_POINT('',(0.725,-0.3,0.75));
#2348 = DIRECTION('',(0.,1.,0.));
#2349 = DIRECTION('',(-1.,0.,0.));
#2350 = ADVANCED_FACE('',(#2351),#2367,.F.);
#2351 = FACE_BOUND('',#2352,.F.);
#2352 = EDGE_LOOP('',(#2353,#2354,#2360,#2361));
#2353 = ORIENTED_EDGE('',*,*,#2286,.F.);
#2354 = ORIENTED_EDGE('',*,*,#2355,.T.);
#2355 = EDGE_CURVE('',#2287,#1538,#2356,.T.);
#2356 = LINE('',#2357,#2358);
#2357 = CARTESIAN_POINT('',(0.725,0.3,0.75));
#2358 = VECTOR('',#2359,1.);
#2359 = DIRECTION('',(-0.,-0.,-1.));
#2360 = ORIENTED_EDGE('',*,*,#1545,.F.);
#2361 = ORIENTED_EDGE('',*,*,#2362,.F.);
#2362 = EDGE_CURVE('',#2279,#1529,#2363,.T.);
#2363 = LINE('',#2364,#2365);
#2364 = CARTESIAN_POINT('',(0.725,0.4,0.375));
#2365 = VECTOR('',#2366,1.);
#2366 = DIRECTION('',(0.,0.,-1.));
#2367 = PLANE('',#2368);
#2368 = AXIS2_PLACEMENT_3D('',#2369,#2370,#2371);
#2369 = CARTESIAN_POINT('',(0.725,0.3,0.75));
#2370 = DIRECTION('',(1.,0.,0.));
#2371 = DIRECTION('',(-0.,1.,0.));
#2372 = ADVANCED_FACE('',(#2373),#2379,.F.);
#2373 = FACE_BOUND('',#2374,.F.);
#2374 = EDGE_LOOP('',(#2375,#2376,#2377,#2378));
#2375 = ORIENTED_EDGE('',*,*,#2355,.F.);
#2376 = ORIENTED_EDGE('',*,*,#2294,.F.);
#2377 = ORIENTED_EDGE('',*,*,#1577,.F.);
#2378 = ORIENTED_EDGE('',*,*,#1537,.F.);
#2379 = PLANE('',#2380);
#2380 = AXIS2_PLACEMENT_3D('',#2381,#2382,#2383);
#2381 = CARTESIAN_POINT('',(-0.725,0.3,0.75));
#2382 = DIRECTION('',(0.,-1.,0.));
#2383 = DIRECTION('',(1.,0.,0.));
#2384 = ADVANCED_FACE('',(#2385),#2397,.T.);
#2385 = FACE_BOUND('',#2386,.T.);
#2386 = EDGE_LOOP('',(#2387,#2388,#2389,#2390,#2391,#2392,#2393,#2394,
    #2395,#2396));
#2387 = ORIENTED_EDGE('',*,*,#1765,.F.);
#2388 = ORIENTED_EDGE('',*,*,#1836,.F.);
#2389 = ORIENTED_EDGE('',*,*,#1872,.T.);
#2390 = ORIENTED_EDGE('',*,*,#1896,.T.);
#2391 = ORIENTED_EDGE('',*,*,#1720,.T.);
#2392 = ORIENTED_EDGE('',*,*,#1681,.F.);
#2393 = ORIENTED_EDGE('',*,*,#1608,.F.);
#2394 = ORIENTED_EDGE('',*,*,#1600,.F.);
#2395 = ORIENTED_EDGE('',*,*,#1592,.T.);
#2396 = ORIENTED_EDGE('',*,*,#1967,.F.);
#2397 = PLANE('',#2398);
#2398 = AXIS2_PLACEMENT_3D('',#2399,#2400,#2401);
#2399 = CARTESIAN_POINT('',(-0.8,0.4,0.));
#2400 = DIRECTION('',(0.,1.,0.));
#2401 = DIRECTION('',(0.,-0.,1.));
#2402 = ADVANCED_FACE('',(#2403),#2415,.T.);
#2403 = FACE_BOUND('',#2404,.T.);
#2404 = EDGE_LOOP('',(#2405,#2406,#2407,#2408,#2409,#2410,#2411,#2412,
    #2413,#2414));
#2405 = ORIENTED_EDGE('',*,*,#2176,.F.);
#2406 = ORIENTED_EDGE('',*,*,#1999,.F.);
#2407 = ORIENTED_EDGE('',*,*,#1633,.T.);
#2408 = ORIENTED_EDGE('',*,*,#1625,.T.);
#2409 = ORIENTED_EDGE('',*,*,#1617,.F.);
#2410 = ORIENTED_EDGE('',*,*,#2362,.F.);
#2411 = ORIENTED_EDGE('',*,*,#2278,.T.);
#2412 = ORIENTED_EDGE('',*,*,#2254,.F.);
#2413 = ORIENTED_EDGE('',*,*,#2231,.F.);
#2414 = ORIENTED_EDGE('',*,*,#2206,.T.);
#2415 = PLANE('',#2416);
#2416 = AXIS2_PLACEMENT_3D('',#2417,#2418,#2419);
#2417 = CARTESIAN_POINT('',(0.5,0.4,0.));
#2418 = DIRECTION('',(0.,1.,0.));
#2419 = DIRECTION('',(0.,-0.,1.));
#2420 = ADVANCED_FACE('',(#2421),#2426,.T.);
#2421 = FACE_BOUND('',#2422,.T.);
#2422 = EDGE_LOOP('',(#2423,#2424,#2425));
#2423 = ORIENTED_EDGE('',*,*,#2145,.T.);
#2424 = ORIENTED_EDGE('',*,*,#2121,.T.);
#2425 = ORIENTED_EDGE('',*,*,#2162,.T.);
#2426 = PLANE('',#2427);
#2427 = AXIS2_PLACEMENT_3D('',#2428,#2429,#2430);
#2428 = CARTESIAN_POINT('',(9.237604307034E-02,0.,1.5E-02));
#2429 = DIRECTION('',(-0.,-0.,-1.));
#2430 = DIRECTION('',(-1.,0.,0.));
#2431 = ( GEOMETRIC_REPRESENTATION_CONTEXT(3) 
GLOBAL_UNCERTAINTY_ASSIGNED_CONTEXT((#2435)) 
GLOBAL_UNIT_ASSIGNED_CONTEXT((#2432,#2433,#2434)) REPRESENTATION_CONTEXT
('Context #1','3D Context with UNIT and UNCERTAINTY') );
#2432 = ( LENGTH_UNIT() NAMED_UNIT(*) SI_UNIT(.MILLI.,.METRE.) );
#2433 = ( NAMED_UNIT(*) PLANE_ANGLE_UNIT() SI_UNIT($,.RADIAN.) );
#2434 = ( NAMED_UNIT(*) SI_UNIT($,.STERADIAN.) SOLID_ANGLE_UNIT() );
#2435 = UNCERTAINTY_MEASURE_WITH_UNIT(LENGTH_MEASURE(1.E-07),#2432,
  'distance_accuracy_value','confusion accuracy');
#2436 = CONTEXT_DEPENDENT_SHAPE_REPRESENTATION(#2437,#2439);
#2437 = ( REPRESENTATION_RELATIONSHIP('','',#907,#884) 
REPRESENTATION_RELATIONSHIP_WITH_TRANSFORMATION(#2438) 
SHAPE_REPRESENTATION_RELATIONSHIP() );
#2438 = ITEM_DEFINED_TRANSFORMATION('','',#11,#885);
#2439 = PRODUCT_DEFINITION_SHAPE('Placement','Placement of an item',
  #2440);
#2440 = NEXT_ASSEMBLY_USAGE_OCCURRENCE('3','=>[0:1:1:5]','',#879,#902,$
  );
#2441 = PRODUCT_RELATED_PRODUCT_CATEGORY('part',$,(#904));
#2442 = SHAPE_DEFINITION_REPRESENTATION(#2443,#2449);
#2443 = PRODUCT_DEFINITION_SHAPE('','',#2444);
#2444 = PRODUCT_DEFINITION('design','',#2445,#2448);
#2445 = PRODUCT_DEFINITION_FORMATION('','',#2446);
#2446 = PRODUCT('xt60-power-hub_silkscreen','xt60-power-hub_silkscreen',
  '',(#2447));
#2447 = PRODUCT_CONTEXT('',#2,'mechanical');
#2448 = PRODUCT_DEFINITION_CONTEXT('part definition',#2,'design');
#2449 = SHAPE_REPRESENTATION('',(#11,#2450,#2527,#2571,#2615,#2659,#2703
    ,#2747,#2824,#2901,#2945,#2989,#3033,#3077,#3121,#3198,#3275,#3319,
    #3363,#3407,#3451,#3495,#3572,#3649,#3693,#3737,#3781,#3825,#3869,
    #3946,#4040,#4084,#4136,#4188,#4240,#4292,#4344,#4396,#4448,#4500,
    #4544,#4686,#4828,#4999,#5206,#5258,#5310,#5362,#5414,#5466,#5518,
    #5570,#5622,#5700,#5778,#5838,#5898,#6040,#6276,#6438,#6565,#6617,
    #6669,#6721,#6773,#6825,#6877,#6929,#6981,#7033,#7085,#7137,#7189,
    #7241,#7293,#7345,#7397,#7449,#7501,#7553,#7605,#7657,#7709,#7761,
    #7813,#7865,#7917,#7969,#8021,#8073,#8125,#8177,#8229,#8281,#8333,
    #8385,#8437,#8489,#8541,#8593,#8645,#8697,#8749,#8916,#9010,#9104,
    #9198,#9292,#9486,#9629,#9832,#9901,#9970,#10039,#10108,#10177,
    #10246,#10315,#10384,#10428,#10472,#10516,#10560,#10604,#10648,
    #10692,#10736,#10780,#10824,#10868,#10912,#10956,#11000,#11044,
    #11088,#11132,#11176,#11220,#11264,#11390,#11516,#11642,#11768,
    #11812,#11856,#11900,#11944,#11988,#12032,#12076,#12120,#12197,
    #12274,#12351,#12428,#12505,#12582,#12659,#12736,#12863,#12989),
  #13115);
#2450 = SHELL_BASED_SURFACE_MODEL('',(#2451));
#2451 = OPEN_SHELL('',(#2452));
#2452 = ADVANCED_FACE('',(#2453),#2522,.T.);
#2453 = FACE_BOUND('',#2454,.F.);
#2454 = EDGE_LOOP('',(#2455,#2466,#2474,#2482,#2491,#2499,#2508,#2516));
#2455 = ORIENTED_EDGE('',*,*,#2456,.T.);
#2456 = EDGE_CURVE('',#2457,#2459,#2461,.T.);
#2457 = VERTEX_POINT('',#2458);
#2458 = CARTESIAN_POINT('',(-27.046194,-10.380866,1.585));
#2459 = VERTEX_POINT('',#2460);
#2460 = CARTESIAN_POINT('',(-26.95,-10.4,1.585));
#2461 = CIRCLE('',#2462,4.999998452109E-02);
#2462 = AXIS2_PLACEMENT_3D('',#2463,#2464,#2465);
#2463 = CARTESIAN_POINT('',(-26.99999998452,-10.40000003736,1.585));
#2464 = DIRECTION('',(0.,0.,-1.));
#2465 = DIRECTION('',(-0.923880595592,0.382680865851,0.));
#2466 = ORIENTED_EDGE('',*,*,#2467,.T.);
#2467 = EDGE_CURVE('',#2459,#2468,#2470,.T.);
#2468 = VERTEX_POINT('',#2469);
#2469 = CARTESIAN_POINT('',(-26.95,-11.45,1.585));
#2470 = LINE('',#2471,#2472);
#2471 = CARTESIAN_POINT('',(-26.95,-10.4,1.585));
#2472 = VECTOR('',#2473,1.);
#2473 = DIRECTION('',(0.,-1.,0.));
#2474 = ORIENTED_EDGE('',*,*,#2475,.T.);
#2475 = EDGE_CURVE('',#2468,#2476,#2478,.T.);
#2476 = VERTEX_POINT('',#2477);
#2477 = CARTESIAN_POINT('',(-26.,-11.45,1.585));
#2478 = LINE('',#2479,#2480);
#2479 = CARTESIAN_POINT('',(-26.95,-11.45,1.585));
#2480 = VECTOR('',#2481,1.);
#2481 = DIRECTION('',(1.,0.,0.));
#2482 = ORIENTED_EDGE('',*,*,#2483,.T.);
#2483 = EDGE_CURVE('',#2476,#2484,#2486,.T.);
#2484 = VERTEX_POINT('',#2485);
#2485 = CARTESIAN_POINT('',(-26.,-11.55,1.585));
#2486 = CIRCLE('',#2487,5.000000000002E-02);
#2487 = AXIS2_PLACEMENT_3D('',#2488,#2489,#2490);
#2488 = CARTESIAN_POINT('',(-26.00000004771,-11.5,1.585));
#2489 = DIRECTION('',(0.,0.,-1.));
#2490 = DIRECTION('',(9.542365120292E-07,1.,0.));
#2491 = ORIENTED_EDGE('',*,*,#2492,.T.);
#2492 = EDGE_CURVE('',#2484,#2493,#2495,.T.);
#2493 = VERTEX_POINT('',#2494);
#2494 = CARTESIAN_POINT('',(-27.,-11.55,1.585));
#2495 = LINE('',#2496,#2497);
#2496 = CARTESIAN_POINT('',(-26.,-11.55,1.585));
#2497 = VECTOR('',#2498,1.);
#2498 = DIRECTION('',(-1.,0.,0.));
#2499 = ORIENTED_EDGE('',*,*,#2500,.T.);
#2500 = EDGE_CURVE('',#2493,#2501,#2503,.T.);
#2501 = VERTEX_POINT('',#2502);
#2502 = CARTESIAN_POINT('',(-27.05,-11.5,1.585));
#2503 = CIRCLE('',#2504,5.000014378935E-02);
#2504 = AXIS2_PLACEMENT_3D('',#2505,#2506,#2507);
#2505 = CARTESIAN_POINT('',(-26.99999985621,-11.49999985621,1.585));
#2506 = DIRECTION('',(0.,0.,-1.));
#2507 = DIRECTION('',(-2.875774612823E-06,-0.999999999996,-0.));
#2508 = ORIENTED_EDGE('',*,*,#2509,.T.);
#2509 = EDGE_CURVE('',#2501,#2510,#2512,.T.);
#2510 = VERTEX_POINT('',#2511);
#2511 = CARTESIAN_POINT('',(-27.05,-10.4,1.585));
#2512 = LINE('',#2513,#2514);
#2513 = CARTESIAN_POINT('',(-27.05,-11.5,1.585));
#2514 = VECTOR('',#2515,1.);
#2515 = DIRECTION('',(0.,1.,0.));
#2516 = ORIENTED_EDGE('',*,*,#2517,.T.);
#2517 = EDGE_CURVE('',#2510,#2457,#2518,.T.);
#2518 = LINE('',#2519,#2520);
#2519 = CARTESIAN_POINT('',(-27.05,-10.4,1.585));
#2520 = VECTOR('',#2521,1.);
#2521 = DIRECTION('',(0.195090852695,0.980785174845,0.));
#2522 = PLANE('',#2523);
#2523 = AXIS2_PLACEMENT_3D('',#2524,#2525,#2526);
#2524 = CARTESIAN_POINT('',(0.,0.,1.585));
#2525 = DIRECTION('',(0.,0.,1.));
#2526 = DIRECTION('',(1.,0.,-0.));
#2527 = SHELL_BASED_SURFACE_MODEL('',(#2528));
#2528 = OPEN_SHELL('',(#2529));
#2529 = ADVANCED_FACE('',(#2530),#2566,.T.);
#2530 = FACE_BOUND('',#2531,.F.);
#2531 = EDGE_LOOP('',(#2532,#2543,#2551,#2560));
#2532 = ORIENTED_EDGE('',*,*,#2533,.T.);
#2533 = EDGE_CURVE('',#2534,#2536,#2538,.T.);
#2534 = VERTEX_POINT('',#2535);
#2535 = CARTESIAN_POINT('',(-25.6,-11.55,1.585));
#2536 = VERTEX_POINT('',#2537);
#2537 = CARTESIAN_POINT('',(-25.6,-11.45,1.585));
#2538 = CIRCLE('',#2539,5.000000000002E-02);
#2539 = AXIS2_PLACEMENT_3D('',#2540,#2541,#2542);
#2540 = CARTESIAN_POINT('',(-25.59999995228,-11.5,1.585));
#2541 = DIRECTION('',(0.,0.,-1.));
#2542 = DIRECTION('',(-9.542365120292E-07,-1.,-0.));
#2543 = ORIENTED_EDGE('',*,*,#2544,.T.);
#2544 = EDGE_CURVE('',#2536,#2545,#2547,.T.);
#2545 = VERTEX_POINT('',#2546);
#2546 = CARTESIAN_POINT('',(-24.5,-11.45,1.585));
#2547 = LINE('',#2548,#2549);
#2548 = CARTESIAN_POINT('',(-25.6,-11.45,1.585));
#2549 = VECTOR('',#2550,1.);
#2550 = DIRECTION('',(1.,0.,0.));
#2551 = ORIENTED_EDGE('',*,*,#2552,.T.);
#2552 = EDGE_CURVE('',#2545,#2553,#2555,.T.);
#2553 = VERTEX_POINT('',#2554);
#2554 = CARTESIAN_POINT('',(-24.5,-11.55,1.585));
#2555 = CIRCLE('',#2556,5.000000000002E-02);
#2556 = AXIS2_PLACEMENT_3D('',#2557,#2558,#2559);
#2557 = CARTESIAN_POINT('',(-24.50000004771,-11.5,1.585));
#2558 = DIRECTION('',(0.,0.,-1.));
#2559 = DIRECTION('',(9.542365120292E-07,1.,0.));
#2560 = ORIENTED_EDGE('',*,*,#2561,.T.);
#2561 = EDGE_CURVE('',#2553,#2534,#2562,.T.);
#2562 = LINE('',#2563,#2564);
#2563 = CARTESIAN_POINT('',(-24.5,-11.55,1.585));
#2564 = VECTOR('',#2565,1.);
#2565 = DIRECTION('',(-1.,0.,0.));
#2566 = PLANE('',#2567);
#2567 = AXIS2_PLACEMENT_3D('',#2568,#2569,#2570);
#2568 = CARTESIAN_POINT('',(0.,0.,1.585));
#2569 = DIRECTION('',(0.,0.,1.));
#2570 = DIRECTION('',(1.,0.,-0.));
#2571 = SHELL_BASED_SURFACE_MODEL('',(#2572));
#2572 = OPEN_SHELL('',(#2573));
#2573 = ADVANCED_FACE('',(#2574),#2610,.T.);
#2574 = FACE_BOUND('',#2575,.F.);
#2575 = EDGE_LOOP('',(#2576,#2587,#2595,#2604));
#2576 = ORIENTED_EDGE('',*,*,#2577,.T.);
#2577 = EDGE_CURVE('',#2578,#2580,#2582,.T.);
#2578 = VERTEX_POINT('',#2579);
#2579 = CARTESIAN_POINT('',(-24.1,-11.55,1.585));
#2580 = VERTEX_POINT('',#2581);
#2581 = CARTESIAN_POINT('',(-24.1,-11.45,1.585));
#2582 = CIRCLE('',#2583,5.000000000002E-02);
#2583 = AXIS2_PLACEMENT_3D('',#2584,#2585,#2586);
#2584 = CARTESIAN_POINT('',(-24.09999995228,-11.5,1.585));
#2585 = DIRECTION('',(0.,0.,-1.));
#2586 = DIRECTION('',(-9.542365120292E-07,-1.,-0.));
#2587 = ORIENTED_EDGE('',*,*,#2588,.T.);
#2588 = EDGE_CURVE('',#2580,#2589,#2591,.T.);
#2589 = VERTEX_POINT('',#2590);
#2590 = CARTESIAN_POINT('',(-23.,-11.45,1.585));
#2591 = LINE('',#2592,#2593);
#2592 = CARTESIAN_POINT('',(-24.1,-11.45,1.585));
#2593 = VECTOR('',#2594,1.);
#2594 = DIRECTION('',(1.,0.,0.));
#2595 = ORIENTED_EDGE('',*,*,#2596,.T.);
#2596 = EDGE_CURVE('',#2589,#2597,#2599,.T.);
#2597 = VERTEX_POINT('',#2598);
#2598 = CARTESIAN_POINT('',(-23.,-11.55,1.585));
#2599 = CIRCLE('',#2600,5.000000000002E-02);
#2600 = AXIS2_PLACEMENT_3D('',#2601,#2602,#2603);
#2601 = CARTESIAN_POINT('',(-23.00000004771,-11.5,1.585));
#2602 = DIRECTION('',(0.,0.,-1.));
#2603 = DIRECTION('',(9.542365120292E-07,1.,0.));
#2604 = ORIENTED_EDGE('',*,*,#2605,.T.);
#2605 = EDGE_CURVE('',#2597,#2578,#2606,.T.);
#2606 = LINE('',#2607,#2608);
#2607 = CARTESIAN_POINT('',(-23.,-11.55,1.585));
#2608 = VECTOR('',#2609,1.);
#2609 = DIRECTION('',(-1.,0.,0.));
#2610 = PLANE('',#2611);
#2611 = AXIS2_PLACEMENT_3D('',#2612,#2613,#2614);
#2612 = CARTESIAN_POINT('',(0.,0.,1.585));
#2613 = DIRECTION('',(0.,0.,1.));
#2614 = DIRECTION('',(1.,0.,-0.));
#2615 = SHELL_BASED_SURFACE_MODEL('',(#2616));
#2616 = OPEN_SHELL('',(#2617));
#2617 = ADVANCED_FACE('',(#2618),#2654,.T.);
#2618 = FACE_BOUND('',#2619,.F.);
#2619 = EDGE_LOOP('',(#2620,#2631,#2639,#2648));
#2620 = ORIENTED_EDGE('',*,*,#2621,.T.);
#2621 = EDGE_CURVE('',#2622,#2624,#2626,.T.);
#2622 = VERTEX_POINT('',#2623);
#2623 = CARTESIAN_POINT('',(-22.6,-11.55,1.585));
#2624 = VERTEX_POINT('',#2625);
#2625 = CARTESIAN_POINT('',(-22.6,-11.45,1.585));
#2626 = CIRCLE('',#2627,5.000000000002E-02);
#2627 = AXIS2_PLACEMENT_3D('',#2628,#2629,#2630);
#2628 = CARTESIAN_POINT('',(-22.59999995228,-11.5,1.585));
#2629 = DIRECTION('',(0.,0.,-1.));
#2630 = DIRECTION('',(-9.542365120292E-07,-1.,-0.));
#2631 = ORIENTED_EDGE('',*,*,#2632,.T.);
#2632 = EDGE_CURVE('',#2624,#2633,#2635,.T.);
#2633 = VERTEX_POINT('',#2634);
#2634 = CARTESIAN_POINT('',(-21.5,-11.45,1.585));
#2635 = LINE('',#2636,#2637);
#2636 = CARTESIAN_POINT('',(-22.6,-11.45,1.585));
#2637 = VECTOR('',#2638,1.);
#2638 = DIRECTION('',(1.,0.,0.));
#2639 = ORIENTED_EDGE('',*,*,#2640,.T.);
#2640 = EDGE_CURVE('',#2633,#2641,#2643,.T.);
#2641 = VERTEX_POINT('',#2642);
#2642 = CARTESIAN_POINT('',(-21.5,-11.55,1.585));
#2643 = CIRCLE('',#2644,5.000000000002E-02);
#2644 = AXIS2_PLACEMENT_3D('',#2645,#2646,#2647);
#2645 = CARTESIAN_POINT('',(-21.50000004771,-11.5,1.585));
#2646 = DIRECTION('',(0.,0.,-1.));
#2647 = DIRECTION('',(9.542365120292E-07,1.,0.));
#2648 = ORIENTED_EDGE('',*,*,#2649,.T.);
#2649 = EDGE_CURVE('',#2641,#2622,#2650,.T.);
#2650 = LINE('',#2651,#2652);
#2651 = CARTESIAN_POINT('',(-21.5,-11.55,1.585));
#2652 = VECTOR('',#2653,1.);
#2653 = DIRECTION('',(-1.,0.,0.));
#2654 = PLANE('',#2655);
#2655 = AXIS2_PLACEMENT_3D('',#2656,#2657,#2658);
#2656 = CARTESIAN_POINT('',(0.,0.,1.585));
#2657 = DIRECTION('',(0.,0.,1.));
#2658 = DIRECTION('',(1.,0.,-0.));
#2659 = SHELL_BASED_SURFACE_MODEL('',(#2660));
#2660 = OPEN_SHELL('',(#2661));
#2661 = ADVANCED_FACE('',(#2662),#2698,.T.);
#2662 = FACE_BOUND('',#2663,.F.);
#2663 = EDGE_LOOP('',(#2664,#2675,#2683,#2692));
#2664 = ORIENTED_EDGE('',*,*,#2665,.T.);
#2665 = EDGE_CURVE('',#2666,#2668,#2670,.T.);
#2666 = VERTEX_POINT('',#2667);
#2667 = CARTESIAN_POINT('',(-21.1,-11.55,1.585));
#2668 = VERTEX_POINT('',#2669);
#2669 = CARTESIAN_POINT('',(-21.1,-11.45,1.585));
#2670 = CIRCLE('',#2671,5.000000000002E-02);
#2671 = AXIS2_PLACEMENT_3D('',#2672,#2673,#2674);
#2672 = CARTESIAN_POINT('',(-21.09999995228,-11.5,1.585));
#2673 = DIRECTION('',(0.,0.,-1.));
#2674 = DIRECTION('',(-9.542365120292E-07,-1.,-0.));
#2675 = ORIENTED_EDGE('',*,*,#2676,.T.);
#2676 = EDGE_CURVE('',#2668,#2677,#2679,.T.);
#2677 = VERTEX_POINT('',#2678);
#2678 = CARTESIAN_POINT('',(-20.,-11.45,1.585));
#2679 = LINE('',#2680,#2681);
#2680 = CARTESIAN_POINT('',(-21.1,-11.45,1.585));
#2681 = VECTOR('',#2682,1.);
#2682 = DIRECTION('',(1.,0.,0.));
#2683 = ORIENTED_EDGE('',*,*,#2684,.T.);
#2684 = EDGE_CURVE('',#2677,#2685,#2687,.T.);
#2685 = VERTEX_POINT('',#2686);
#2686 = CARTESIAN_POINT('',(-20.,-11.55,1.585));
#2687 = CIRCLE('',#2688,5.000000000002E-02);
#2688 = AXIS2_PLACEMENT_3D('',#2689,#2690,#2691);
#2689 = CARTESIAN_POINT('',(-20.00000004771,-11.5,1.585));
#2690 = DIRECTION('',(0.,0.,-1.));
#2691 = DIRECTION('',(9.542365120292E-07,1.,0.));
#2692 = ORIENTED_EDGE('',*,*,#2693,.T.);
#2693 = EDGE_CURVE('',#2685,#2666,#2694,.T.);
#2694 = LINE('',#2695,#2696);
#2695 = CARTESIAN_POINT('',(-20.,-11.55,1.585));
#2696 = VECTOR('',#2697,1.);
#2697 = DIRECTION('',(-1.,0.,0.));
#2698 = PLANE('',#2699);
#2699 = AXIS2_PLACEMENT_3D('',#2700,#2701,#2702);
#2700 = CARTESIAN_POINT('',(0.,0.,1.585));
#2701 = DIRECTION('',(0.,0.,1.));
#2702 = DIRECTION('',(1.,0.,-0.));
#2703 = SHELL_BASED_SURFACE_MODEL('',(#2704));
#2704 = OPEN_SHELL('',(#2705));
#2705 = ADVANCED_FACE('',(#2706),#2742,.T.);
#2706 = FACE_BOUND('',#2707,.F.);
#2707 = EDGE_LOOP('',(#2708,#2719,#2727,#2736));
#2708 = ORIENTED_EDGE('',*,*,#2709,.T.);
#2709 = EDGE_CURVE('',#2710,#2712,#2714,.T.);
#2710 = VERTEX_POINT('',#2711);
#2711 = CARTESIAN_POINT('',(-19.6,-11.55,1.585));
#2712 = VERTEX_POINT('',#2713);
#2713 = CARTESIAN_POINT('',(-19.6,-11.45,1.585));
#2714 = CIRCLE('',#2715,5.000000000002E-02);
#2715 = AXIS2_PLACEMENT_3D('',#2716,#2717,#2718);
#2716 = CARTESIAN_POINT('',(-19.59999995228,-11.5,1.585));
#2717 = DIRECTION('',(0.,0.,-1.));
#2718 = DIRECTION('',(-9.542365120292E-07,-1.,-0.));
#2719 = ORIENTED_EDGE('',*,*,#2720,.T.);
#2720 = EDGE_CURVE('',#2712,#2721,#2723,.T.);
#2721 = VERTEX_POINT('',#2722);
#2722 = CARTESIAN_POINT('',(-18.5,-11.45,1.585));
#2723 = LINE('',#2724,#2725);
#2724 = CARTESIAN_POINT('',(-19.6,-11.45,1.585));
#2725 = VECTOR('',#2726,1.);
#2726 = DIRECTION('',(1.,0.,0.));
#2727 = ORIENTED_EDGE('',*,*,#2728,.T.);
#2728 = EDGE_CURVE('',#2721,#2729,#2731,.T.);
#2729 = VERTEX_POINT('',#2730);
#2730 = CARTESIAN_POINT('',(-18.5,-11.55,1.585));
#2731 = CIRCLE('',#2732,5.000000000002E-02);
#2732 = AXIS2_PLACEMENT_3D('',#2733,#2734,#2735);
#2733 = CARTESIAN_POINT('',(-18.50000004771,-11.5,1.585));
#2734 = DIRECTION('',(0.,0.,-1.));
#2735 = DIRECTION('',(9.542365120292E-07,1.,0.));
#2736 = ORIENTED_EDGE('',*,*,#2737,.T.);
#2737 = EDGE_CURVE('',#2729,#2710,#2738,.T.);
#2738 = LINE('',#2739,#2740);
#2739 = CARTESIAN_POINT('',(-18.5,-11.55,1.585));
#2740 = VECTOR('',#2741,1.);
#2741 = DIRECTION('',(-1.,0.,0.));
#2742 = PLANE('',#2743);
#2743 = AXIS2_PLACEMENT_3D('',#2744,#2745,#2746);
#2744 = CARTESIAN_POINT('',(0.,0.,1.585));
#2745 = DIRECTION('',(0.,0.,1.));
#2746 = DIRECTION('',(1.,0.,-0.));
#2747 = SHELL_BASED_SURFACE_MODEL('',(#2748));
#2748 = OPEN_SHELL('',(#2749));
#2749 = ADVANCED_FACE('',(#2750),#2819,.T.);
#2750 = FACE_BOUND('',#2751,.F.);
#2751 = EDGE_LOOP('',(#2752,#2763,#2771,#2780,#2788,#2797,#2805,#2813));
#2752 = ORIENTED_EDGE('',*,*,#2753,.T.);
#2753 = EDGE_CURVE('',#2754,#2756,#2758,.T.);
#2754 = VERTEX_POINT('',#2755);
#2755 = CARTESIAN_POINT('',(-17.046194,-10.480866,1.585));
#2756 = VERTEX_POINT('',#2757);
#2757 = CARTESIAN_POINT('',(-16.95,-10.5,1.585));
#2758 = CIRCLE('',#2759,4.999998452109E-02);
#2759 = AXIS2_PLACEMENT_3D('',#2760,#2761,#2762);
#2760 = CARTESIAN_POINT('',(-16.99999998452,-10.50000003736,1.585));
#2761 = DIRECTION('',(0.,0.,-1.));
#2762 = DIRECTION('',(-0.923880595592,0.382680865851,0.));
#2763 = ORIENTED_EDGE('',*,*,#2764,.T.);
#2764 = EDGE_CURVE('',#2756,#2765,#2767,.T.);
#2765 = VERTEX_POINT('',#2766);
#2766 = CARTESIAN_POINT('',(-16.95,-11.5,1.585));
#2767 = LINE('',#2768,#2769);
#2768 = CARTESIAN_POINT('',(-16.95,-10.5,1.585));
#2769 = VECTOR('',#2770,1.);
#2770 = DIRECTION('',(0.,-1.,0.));
#2771 = ORIENTED_EDGE('',*,*,#2772,.T.);
#2772 = EDGE_CURVE('',#2765,#2773,#2775,.T.);
#2773 = VERTEX_POINT('',#2774);
#2774 = CARTESIAN_POINT('',(-17.,-11.55,1.585));
#2775 = CIRCLE('',#2776,5.000014378935E-02);
#2776 = AXIS2_PLACEMENT_3D('',#2777,#2778,#2779);
#2777 = CARTESIAN_POINT('',(-17.00000014378,-11.49999985621,1.585));
#2778 = DIRECTION('',(0.,0.,-1.));
#2779 = DIRECTION('',(0.999999999996,-2.87577464835E-06,0.));
#2780 = ORIENTED_EDGE('',*,*,#2781,.T.);
#2781 = EDGE_CURVE('',#2773,#2782,#2784,.T.);
#2782 = VERTEX_POINT('',#2783);
#2783 = CARTESIAN_POINT('',(-18.1,-11.55,1.585));
#2784 = LINE('',#2785,#2786);
#2785 = CARTESIAN_POINT('',(-17.,-11.55,1.585));
#2786 = VECTOR('',#2787,1.);
#2787 = DIRECTION('',(-1.,0.,0.));
#2788 = ORIENTED_EDGE('',*,*,#2789,.T.);
#2789 = EDGE_CURVE('',#2782,#2790,#2792,.T.);
#2790 = VERTEX_POINT('',#2791);
#2791 = CARTESIAN_POINT('',(-18.1,-11.45,1.585));
#2792 = CIRCLE('',#2793,5.000000000002E-02);
#2793 = AXIS2_PLACEMENT_3D('',#2794,#2795,#2796);
#2794 = CARTESIAN_POINT('',(-18.09999995228,-11.5,1.585));
#2795 = DIRECTION('',(0.,0.,-1.));
#2796 = DIRECTION('',(-9.542365120292E-07,-1.,-0.));
#2797 = ORIENTED_EDGE('',*,*,#2798,.T.);
#2798 = EDGE_CURVE('',#2790,#2799,#2801,.T.);
#2799 = VERTEX_POINT('',#2800);
#2800 = CARTESIAN_POINT('',(-17.05,-11.45,1.585));
#2801 = LINE('',#2802,#2803);
#2802 = CARTESIAN_POINT('',(-18.1,-11.45,1.585));
#2803 = VECTOR('',#2804,1.);
#2804 = DIRECTION('',(1.,0.,0.));
#2805 = ORIENTED_EDGE('',*,*,#2806,.T.);
#2806 = EDGE_CURVE('',#2799,#2807,#2809,.T.);
#2807 = VERTEX_POINT('',#2808);
#2808 = CARTESIAN_POINT('',(-17.05,-10.5,1.585));
#2809 = LINE('',#2810,#2811);
#2810 = CARTESIAN_POINT('',(-17.05,-11.45,1.585));
#2811 = VECTOR('',#2812,1.);
#2812 = DIRECTION('',(0.,1.,0.));
#2813 = ORIENTED_EDGE('',*,*,#2814,.T.);
#2814 = EDGE_CURVE('',#2807,#2754,#2815,.T.);
#2815 = LINE('',#2816,#2817);
#2816 = CARTESIAN_POINT('',(-17.05,-10.5,1.585));
#2817 = VECTOR('',#2818,1.);
#2818 = DIRECTION('',(0.195090852695,0.980785174845,0.));
#2819 = PLANE('',#2820);
#2820 = AXIS2_PLACEMENT_3D('',#2821,#2822,#2823);
#2821 = CARTESIAN_POINT('',(0.,0.,1.585));
#2822 = DIRECTION('',(0.,0.,1.));
#2823 = DIRECTION('',(1.,0.,-0.));
#2824 = SHELL_BASED_SURFACE_MODEL('',(#2825));
#2825 = OPEN_SHELL('',(#2826));
#2826 = ADVANCED_FACE('',(#2827),#2896,.T.);
#2827 = FACE_BOUND('',#2828,.F.);
#2828 = EDGE_LOOP('',(#2829,#2840,#2848,#2856,#2865,#2873,#2882,#2890));
#2829 = ORIENTED_EDGE('',*,*,#2830,.T.);
#2830 = EDGE_CURVE('',#2831,#2833,#2835,.T.);
#2831 = VERTEX_POINT('',#2832);
#2832 = CARTESIAN_POINT('',(-9.296194,-10.380866,1.585));
#2833 = VERTEX_POINT('',#2834);
#2834 = CARTESIAN_POINT('',(-9.2,-10.4,1.585));
#2835 = CIRCLE('',#2836,4.999998452109E-02);
#2836 = AXIS2_PLACEMENT_3D('',#2837,#2838,#2839);
#2837 = CARTESIAN_POINT('',(-9.249999984521,-10.40000003736,1.585));
#2838 = DIRECTION('',(0.,0.,-1.));
#2839 = DIRECTION('',(-0.923880595592,0.382680865851,0.));
#2840 = ORIENTED_EDGE('',*,*,#2841,.T.);
#2841 = EDGE_CURVE('',#2833,#2842,#2844,.T.);
#2842 = VERTEX_POINT('',#2843);
#2843 = CARTESIAN_POINT('',(-9.2,-11.45,1.585));
#2844 = LINE('',#2845,#2846);
#2845 = CARTESIAN_POINT('',(-9.2,-10.4,1.585));
#2846 = VECTOR('',#2847,1.);
#2847 = DIRECTION('',(0.,-1.,0.));
#2848 = ORIENTED_EDGE('',*,*,#2849,.T.);
#2849 = EDGE_CURVE('',#2842,#2850,#2852,.T.);
#2850 = VERTEX_POINT('',#2851);
#2851 = CARTESIAN_POINT('',(-8.25,-11.45,1.585));
#2852 = LINE('',#2853,#2854);
#2853 = CARTESIAN_POINT('',(-9.2,-11.45,1.585));
#2854 = VECTOR('',#2855,1.);
#2855 = DIRECTION('',(1.,0.,0.));
#2856 = ORIENTED_EDGE('',*,*,#2857,.T.);
#2857 = EDGE_CURVE('',#2850,#2858,#2860,.T.);
#2858 = VERTEX_POINT('',#2859);
#2859 = CARTESIAN_POINT('',(-8.25,-11.55,1.585));
#2860 = CIRCLE('',#2861,5.000000000002E-02);
#2861 = AXIS2_PLACEMENT_3D('',#2862,#2863,#2864);
#2862 = CARTESIAN_POINT('',(-8.250000047712,-11.5,1.585));
#2863 = DIRECTION('',(0.,0.,-1.));
#2864 = DIRECTION('',(9.542365120292E-07,1.,0.));
#2865 = ORIENTED_EDGE('',*,*,#2866,.T.);
#2866 = EDGE_CURVE('',#2858,#2867,#2869,.T.);
#2867 = VERTEX_POINT('',#2868);
#2868 = CARTESIAN_POINT('',(-9.25,-11.55,1.585));
#2869 = LINE('',#2870,#2871);
#2870 = CARTESIAN_POINT('',(-8.25,-11.55,1.585));
#2871 = VECTOR('',#2872,1.);
#2872 = DIRECTION('',(-1.,0.,0.));
#2873 = ORIENTED_EDGE('',*,*,#2874,.T.);
#2874 = EDGE_CURVE('',#2867,#2875,#2877,.T.);
#2875 = VERTEX_POINT('',#2876);
#2876 = CARTESIAN_POINT('',(-9.3,-11.5,1.585));
#2877 = CIRCLE('',#2878,5.000014378935E-02);
#2878 = AXIS2_PLACEMENT_3D('',#2879,#2880,#2881);
#2879 = CARTESIAN_POINT('',(-9.249999856211,-11.49999985621,1.585));
#2880 = DIRECTION('',(0.,0.,-1.));
#2881 = DIRECTION('',(-2.87577464835E-06,-0.999999999996,-0.));
#2882 = ORIENTED_EDGE('',*,*,#2883,.T.);
#2883 = EDGE_CURVE('',#2875,#2884,#2886,.T.);
#2884 = VERTEX_POINT('',#2885);
#2885 = CARTESIAN_POINT('',(-9.3,-10.4,1.585));
#2886 = LINE('',#2887,#2888);
#2887 = CARTESIAN_POINT('',(-9.3,-11.5,1.585));
#2888 = VECTOR('',#2889,1.);
#2889 = DIRECTION('',(0.,1.,0.));
#2890 = ORIENTED_EDGE('',*,*,#2891,.T.);
#2891 = EDGE_CURVE('',#2884,#2831,#2892,.T.);
#2892 = LINE('',#2893,#2894);
#2893 = CARTESIAN_POINT('',(-9.3,-10.4,1.585));
#2894 = VECTOR('',#2895,1.);
#2895 = DIRECTION('',(0.195090852695,0.980785174845,0.));
#2896 = PLANE('',#2897);
#2897 = AXIS2_PLACEMENT_3D('',#2898,#2899,#2900);
#2898 = CARTESIAN_POINT('',(0.,0.,1.585));
#2899 = DIRECTION('',(0.,0.,1.));
#2900 = DIRECTION('',(1.,0.,-0.));
#2901 = SHELL_BASED_SURFACE_MODEL('',(#2902));
#2902 = OPEN_SHELL('',(#2903));
#2903 = ADVANCED_FACE('',(#2904),#2940,.T.);
#2904 = FACE_BOUND('',#2905,.F.);
#2905 = EDGE_LOOP('',(#2906,#2917,#2925,#2934));
#2906 = ORIENTED_EDGE('',*,*,#2907,.T.);
#2907 = EDGE_CURVE('',#2908,#2910,#2912,.T.);
#2908 = VERTEX_POINT('',#2909);
#2909 = CARTESIAN_POINT('',(-7.85,-11.55,1.585));
#2910 = VERTEX_POINT('',#2911);
#2911 = CARTESIAN_POINT('',(-7.85,-11.45,1.585));
#2912 = CIRCLE('',#2913,5.000000000002E-02);
#2913 = AXIS2_PLACEMENT_3D('',#2914,#2915,#2916);
#2914 = CARTESIAN_POINT('',(-7.849999952288,-11.5,1.585));
#2915 = DIRECTION('',(0.,0.,-1.));
#2916 = DIRECTION('',(-9.542364942656E-07,-1.,-0.));
#2917 = ORIENTED_EDGE('',*,*,#2918,.T.);
#2918 = EDGE_CURVE('',#2910,#2919,#2921,.T.);
#2919 = VERTEX_POINT('',#2920);
#2920 = CARTESIAN_POINT('',(-6.75,-11.45,1.585));
#2921 = LINE('',#2922,#2923);
#2922 = CARTESIAN_POINT('',(-7.85,-11.45,1.585));
#2923 = VECTOR('',#2924,1.);
#2924 = DIRECTION('',(1.,0.,0.));
#2925 = ORIENTED_EDGE('',*,*,#2926,.T.);
#2926 = EDGE_CURVE('',#2919,#2927,#2929,.T.);
#2927 = VERTEX_POINT('',#2928);
#2928 = CARTESIAN_POINT('',(-6.75,-11.55,1.585));
#2929 = CIRCLE('',#2930,5.000000000002E-02);
#2930 = AXIS2_PLACEMENT_3D('',#2931,#2932,#2933);
#2931 = CARTESIAN_POINT('',(-6.750000047712,-11.5,1.585));
#2932 = DIRECTION('',(0.,0.,-1.));
#2933 = DIRECTION('',(9.542365120292E-07,1.,0.));
#2934 = ORIENTED_EDGE('',*,*,#2935,.T.);
#2935 = EDGE_CURVE('',#2927,#2908,#2936,.T.);
#2936 = LINE('',#2937,#2938);
#2937 = CARTESIAN_POINT('',(-6.75,-11.55,1.585));
#2938 = VECTOR('',#2939,1.);
#2939 = DIRECTION('',(-1.,0.,0.));
#2940 = PLANE('',#2941);
#2941 = AXIS2_PLACEMENT_3D('',#2942,#2943,#2944);
#2942 = CARTESIAN_POINT('',(0.,0.,1.585));
#2943 = DIRECTION('',(0.,0.,1.));
#2944 = DIRECTION('',(1.,0.,-0.));
#2945 = SHELL_BASED_SURFACE_MODEL('',(#2946));
#2946 = OPEN_SHELL('',(#2947));
#2947 = ADVANCED_FACE('',(#2948),#2984,.T.);
#2948 = FACE_BOUND('',#2949,.F.);
#2949 = EDGE_LOOP('',(#2950,#2961,#2969,#2978));
#2950 = ORIENTED_EDGE('',*,*,#2951,.T.);
#2951 = EDGE_CURVE('',#2952,#2954,#2956,.T.);
#2952 = VERTEX_POINT('',#2953);
#2953 = CARTESIAN_POINT('',(-6.35,-11.55,1.585));
#2954 = VERTEX_POINT('',#2955);
#2955 = CARTESIAN_POINT('',(-6.35,-11.45,1.585));
#2956 = CIRCLE('',#2957,5.000000000002E-02);
#2957 = AXIS2_PLACEMENT_3D('',#2958,#2959,#2960);
#2958 = CARTESIAN_POINT('',(-6.349999952288,-11.5,1.585));
#2959 = DIRECTION('',(0.,0.,-1.));
#2960 = DIRECTION('',(-9.542364942656E-07,-1.,-0.));
#2961 = ORIENTED_EDGE('',*,*,#2962,.T.);
#2962 = EDGE_CURVE('',#2954,#2963,#2965,.T.);
#2963 = VERTEX_POINT('',#2964);
#2964 = CARTESIAN_POINT('',(-5.25,-11.45,1.585));
#2965 = LINE('',#2966,#2967);
#2966 = CARTESIAN_POINT('',(-6.35,-11.45,1.585));
#2967 = VECTOR('',#2968,1.);
#2968 = DIRECTION('',(1.,0.,0.));
#2969 = ORIENTED_EDGE('',*,*,#2970,.T.);
#2970 = EDGE_CURVE('',#2963,#2971,#2973,.T.);
#2971 = VERTEX_POINT('',#2972);
#2972 = CARTESIAN_POINT('',(-5.25,-11.55,1.585));
#2973 = CIRCLE('',#2974,5.000000000002E-02);
#2974 = AXIS2_PLACEMENT_3D('',#2975,#2976,#2977);
#2975 = CARTESIAN_POINT('',(-5.250000047712,-11.5,1.585));
#2976 = DIRECTION('',(0.,0.,-1.));
#2977 = DIRECTION('',(9.542365120292E-07,1.,0.));
#2978 = ORIENTED_EDGE('',*,*,#2979,.T.);
#2979 = EDGE_CURVE('',#2971,#2952,#2980,.T.);
#2980 = LINE('',#2981,#2982);
#2981 = CARTESIAN_POINT('',(-5.25,-11.55,1.585));
#2982 = VECTOR('',#2983,1.);
#2983 = DIRECTION('',(-1.,0.,0.));
#2984 = PLANE('',#2985);
#2985 = AXIS2_PLACEMENT_3D('',#2986,#2987,#2988);
#2986 = CARTESIAN_POINT('',(0.,0.,1.585));
#2987 = DIRECTION('',(0.,0.,1.));
#2988 = DIRECTION('',(1.,0.,-0.));
#2989 = SHELL_BASED_SURFACE_MODEL('',(#2990));
#2990 = OPEN_SHELL('',(#2991));
#2991 = ADVANCED_FACE('',(#2992),#3028,.T.);
#2992 = FACE_BOUND('',#2993,.F.);
#2993 = EDGE_LOOP('',(#2994,#3005,#3013,#3022));
#2994 = ORIENTED_EDGE('',*,*,#2995,.T.);
#2995 = EDGE_CURVE('',#2996,#2998,#3000,.T.);
#2996 = VERTEX_POINT('',#2997);
#2997 = CARTESIAN_POINT('',(-4.85,-11.55,1.585));
#2998 = VERTEX_POINT('',#2999);
#2999 = CARTESIAN_POINT('',(-4.85,-11.45,1.585));
#3000 = CIRCLE('',#3001,5.000000000002E-02);
#3001 = AXIS2_PLACEMENT_3D('',#3002,#3003,#3004);
#3002 = CARTESIAN_POINT('',(-4.849999952288,-11.5,1.585));
#3003 = DIRECTION('',(0.,0.,-1.));
#3004 = DIRECTION('',(-9.542364942656E-07,-1.,-0.));
#3005 = ORIENTED_EDGE('',*,*,#3006,.T.);
#3006 = EDGE_CURVE('',#2998,#3007,#3009,.T.);
#3007 = VERTEX_POINT('',#3008);
#3008 = CARTESIAN_POINT('',(-3.75,-11.45,1.585));
#3009 = LINE('',#3010,#3011);
#3010 = CARTESIAN_POINT('',(-4.85,-11.45,1.585));
#3011 = VECTOR('',#3012,1.);
#3012 = DIRECTION('',(1.,0.,0.));
#3013 = ORIENTED_EDGE('',*,*,#3014,.T.);
#3014 = EDGE_CURVE('',#3007,#3015,#3017,.T.);
#3015 = VERTEX_POINT('',#3016);
#3016 = CARTESIAN_POINT('',(-3.75,-11.55,1.585));
#3017 = CIRCLE('',#3018,5.000000000002E-02);
#3018 = AXIS2_PLACEMENT_3D('',#3019,#3020,#3021);
#3019 = CARTESIAN_POINT('',(-3.750000047712,-11.5,1.585));
#3020 = DIRECTION('',(0.,0.,-1.));
#3021 = DIRECTION('',(9.542365031474E-07,1.,0.));
#3022 = ORIENTED_EDGE('',*,*,#3023,.T.);
#3023 = EDGE_CURVE('',#3015,#2996,#3024,.T.);
#3024 = LINE('',#3025,#3026);
#3025 = CARTESIAN_POINT('',(-3.75,-11.55,1.585));
#3026 = VECTOR('',#3027,1.);
#3027 = DIRECTION('',(-1.,0.,0.));
#3028 = PLANE('',#3029);
#3029 = AXIS2_PLACEMENT_3D('',#3030,#3031,#3032);
#3030 = CARTESIAN_POINT('',(0.,0.,1.585));
#3031 = DIRECTION('',(0.,0.,1.));
#3032 = DIRECTION('',(1.,0.,-0.));
#3033 = SHELL_BASED_SURFACE_MODEL('',(#3034));
#3034 = OPEN_SHELL('',(#3035));
#3035 = ADVANCED_FACE('',(#3036),#3072,.T.);
#3036 = FACE_BOUND('',#3037,.F.);
#3037 = EDGE_LOOP('',(#3038,#3049,#3057,#3066));
#3038 = ORIENTED_EDGE('',*,*,#3039,.T.);
#3039 = EDGE_CURVE('',#3040,#3042,#3044,.T.);
#3040 = VERTEX_POINT('',#3041);
#3041 = CARTESIAN_POINT('',(-3.35,-11.55,1.585));
#3042 = VERTEX_POINT('',#3043);
#3043 = CARTESIAN_POINT('',(-3.35,-11.45,1.585));
#3044 = CIRCLE('',#3045,5.000000000002E-02);
#3045 = AXIS2_PLACEMENT_3D('',#3046,#3047,#3048);
#3046 = CARTESIAN_POINT('',(-3.349999952288,-11.5,1.585));
#3047 = DIRECTION('',(0.,0.,-1.));
#3048 = DIRECTION('',(-9.542365031474E-07,-1.,-0.));
#3049 = ORIENTED_EDGE('',*,*,#3050,.T.);
#3050 = EDGE_CURVE('',#3042,#3051,#3053,.T.);
#3051 = VERTEX_POINT('',#3052);
#3052 = CARTESIAN_POINT('',(-2.25,-11.45,1.585));
#3053 = LINE('',#3054,#3055);
#3054 = CARTESIAN_POINT('',(-3.35,-11.45,1.585));
#3055 = VECTOR('',#3056,1.);
#3056 = DIRECTION('',(1.,0.,0.));
#3057 = ORIENTED_EDGE('',*,*,#3058,.T.);
#3058 = EDGE_CURVE('',#3051,#3059,#3061,.T.);
#3059 = VERTEX_POINT('',#3060);
#3060 = CARTESIAN_POINT('',(-2.25,-11.55,1.585));
#3061 = CIRCLE('',#3062,5.000000000002E-02);
#3062 = AXIS2_PLACEMENT_3D('',#3063,#3064,#3065);
#3063 = CARTESIAN_POINT('',(-2.250000047712,-11.5,1.585));
#3064 = DIRECTION('',(0.,0.,-1.));
#3065 = DIRECTION('',(9.542365031474E-07,1.,0.));
#3066 = ORIENTED_EDGE('',*,*,#3067,.T.);
#3067 = EDGE_CURVE('',#3059,#3040,#3068,.T.);
#3068 = LINE('',#3069,#3070);
#3069 = CARTESIAN_POINT('',(-2.25,-11.55,1.585));
#3070 = VECTOR('',#3071,1.);
#3071 = DIRECTION('',(-1.,0.,0.));
#3072 = PLANE('',#3073);
#3073 = AXIS2_PLACEMENT_3D('',#3074,#3075,#3076);
#3074 = CARTESIAN_POINT('',(0.,0.,1.585));
#3075 = DIRECTION('',(0.,0.,1.));
#3076 = DIRECTION('',(1.,0.,-0.));
#3077 = SHELL_BASED_SURFACE_MODEL('',(#3078));
#3078 = OPEN_SHELL('',(#3079));
#3079 = ADVANCED_FACE('',(#3080),#3116,.T.);
#3080 = FACE_BOUND('',#3081,.F.);
#3081 = EDGE_LOOP('',(#3082,#3093,#3101,#3110));
#3082 = ORIENTED_EDGE('',*,*,#3083,.T.);
#3083 = EDGE_CURVE('',#3084,#3086,#3088,.T.);
#3084 = VERTEX_POINT('',#3085);
#3085 = CARTESIAN_POINT('',(-1.85,-11.55,1.585));
#3086 = VERTEX_POINT('',#3087);
#3087 = CARTESIAN_POINT('',(-1.85,-11.45,1.585));
#3088 = CIRCLE('',#3089,5.000000000002E-02);
#3089 = AXIS2_PLACEMENT_3D('',#3090,#3091,#3092);
#3090 = CARTESIAN_POINT('',(-1.849999952288,-11.5,1.585));
#3091 = DIRECTION('',(0.,0.,-1.));
#3092 = DIRECTION('',(-9.542365031474E-07,-1.,-0.));
#3093 = ORIENTED_EDGE('',*,*,#3094,.T.);
#3094 = EDGE_CURVE('',#3086,#3095,#3097,.T.);
#3095 = VERTEX_POINT('',#3096);
#3096 = CARTESIAN_POINT('',(-0.75,-11.45,1.585));
#3097 = LINE('',#3098,#3099);
#3098 = CARTESIAN_POINT('',(-1.85,-11.45,1.585));
#3099 = VECTOR('',#3100,1.);
#3100 = DIRECTION('',(1.,0.,0.));
#3101 = ORIENTED_EDGE('',*,*,#3102,.T.);
#3102 = EDGE_CURVE('',#3095,#3103,#3105,.T.);
#3103 = VERTEX_POINT('',#3104);
#3104 = CARTESIAN_POINT('',(-0.75,-11.55,1.585));
#3105 = CIRCLE('',#3106,5.000000000002E-02);
#3106 = AXIS2_PLACEMENT_3D('',#3107,#3108,#3109);
#3107 = CARTESIAN_POINT('',(-0.750000047712,-11.5,1.585));
#3108 = DIRECTION('',(0.,0.,-1.));
#3109 = DIRECTION('',(9.542365031474E-07,1.,0.));
#3110 = ORIENTED_EDGE('',*,*,#3111,.T.);
#3111 = EDGE_CURVE('',#3103,#3084,#3112,.T.);
#3112 = LINE('',#3113,#3114);
#3113 = CARTESIAN_POINT('',(-0.75,-11.55,1.585));
#3114 = VECTOR('',#3115,1.);
#3115 = DIRECTION('',(-1.,0.,0.));
#3116 = PLANE('',#3117);
#3117 = AXIS2_PLACEMENT_3D('',#3118,#3119,#3120);
#3118 = CARTESIAN_POINT('',(0.,0.,1.585));
#3119 = DIRECTION('',(0.,0.,1.));
#3120 = DIRECTION('',(1.,0.,-0.));
#3121 = SHELL_BASED_SURFACE_MODEL('',(#3122));
#3122 = OPEN_SHELL('',(#3123));
#3123 = ADVANCED_FACE('',(#3124),#3193,.T.);
#3124 = FACE_BOUND('',#3125,.F.);
#3125 = EDGE_LOOP('',(#3126,#3137,#3145,#3154,#3162,#3171,#3179,#3187));
#3126 = ORIENTED_EDGE('',*,*,#3127,.T.);
#3127 = EDGE_CURVE('',#3128,#3130,#3132,.T.);
#3128 = VERTEX_POINT('',#3129);
#3129 = CARTESIAN_POINT('',(0.703806,-10.480866,1.585));
#3130 = VERTEX_POINT('',#3131);
#3131 = CARTESIAN_POINT('',(0.8,-10.5,1.585));
#3132 = CIRCLE('',#3133,4.999998452109E-02);
#3133 = AXIS2_PLACEMENT_3D('',#3134,#3135,#3136);
#3134 = CARTESIAN_POINT('',(0.750000015479,-10.50000003736,1.585));
#3135 = DIRECTION('',(0.,0.,-1.));
#3136 = DIRECTION('',(-0.923880595592,0.382680865851,0.));
#3137 = ORIENTED_EDGE('',*,*,#3138,.T.);
#3138 = EDGE_CURVE('',#3130,#3139,#3141,.T.);
#3139 = VERTEX_POINT('',#3140);
#3140 = CARTESIAN_POINT('',(0.8,-11.5,1.585));
#3141 = LINE('',#3142,#3143);
#3142 = CARTESIAN_POINT('',(0.8,-10.5,1.585));
#3143 = VECTOR('',#3144,1.);
#3144 = DIRECTION('',(0.,-1.,0.));
#3145 = ORIENTED_EDGE('',*,*,#3146,.T.);
#3146 = EDGE_CURVE('',#3139,#3147,#3149,.T.);
#3147 = VERTEX_POINT('',#3148);
#3148 = CARTESIAN_POINT('',(0.75,-11.55,1.585));
#3149 = CIRCLE('',#3150,5.000014378935E-02);
#3150 = AXIS2_PLACEMENT_3D('',#3151,#3152,#3153);
#3151 = CARTESIAN_POINT('',(0.749999856211,-11.49999985621,1.585));
#3152 = DIRECTION('',(0.,0.,-1.));
#3153 = DIRECTION('',(0.999999999996,-2.875774612823E-06,0.));
#3154 = ORIENTED_EDGE('',*,*,#3155,.T.);
#3155 = EDGE_CURVE('',#3147,#3156,#3158,.T.);
#3156 = VERTEX_POINT('',#3157);
#3157 = CARTESIAN_POINT('',(-0.35,-11.55,1.585));
#3158 = LINE('',#3159,#3160);
#3159 = CARTESIAN_POINT('',(0.75,-11.55,1.585));
#3160 = VECTOR('',#3161,1.);
#3161 = DIRECTION('',(-1.,0.,0.));
#3162 = ORIENTED_EDGE('',*,*,#3163,.T.);
#3163 = EDGE_CURVE('',#3156,#3164,#3166,.T.);
#3164 = VERTEX_POINT('',#3165);
#3165 = CARTESIAN_POINT('',(-0.35,-11.45,1.585));
#3166 = CIRCLE('',#3167,5.000000000002E-02);
#3167 = AXIS2_PLACEMENT_3D('',#3168,#3169,#3170);
#3168 = CARTESIAN_POINT('',(-0.349999952288,-11.5,1.585));
#3169 = DIRECTION('',(0.,0.,-1.));
#3170 = DIRECTION('',(-9.54236500927E-07,-1.,-0.));
#3171 = ORIENTED_EDGE('',*,*,#3172,.T.);
#3172 = EDGE_CURVE('',#3164,#3173,#3175,.T.);
#3173 = VERTEX_POINT('',#3174);
#3174 = CARTESIAN_POINT('',(0.7,-11.45,1.585));
#3175 = LINE('',#3176,#3177);
#3176 = CARTESIAN_POINT('',(-0.35,-11.45,1.585));
#3177 = VECTOR('',#3178,1.);
#3178 = DIRECTION('',(1.,0.,0.));
#3179 = ORIENTED_EDGE('',*,*,#3180,.T.);
#3180 = EDGE_CURVE('',#3173,#3181,#3183,.T.);
#3181 = VERTEX_POINT('',#3182);
#3182 = CARTESIAN_POINT('',(0.7,-10.5,1.585));
#3183 = LINE('',#3184,#3185);
#3184 = CARTESIAN_POINT('',(0.7,-11.45,1.585));
#3185 = VECTOR('',#3186,1.);
#3186 = DIRECTION('',(0.,1.,0.));
#3187 = ORIENTED_EDGE('',*,*,#3188,.T.);
#3188 = EDGE_CURVE('',#3181,#3128,#3189,.T.);
#3189 = LINE('',#3190,#3191);
#3190 = CARTESIAN_POINT('',(0.7,-10.5,1.585));
#3191 = VECTOR('',#3192,1.);
#3192 = DIRECTION('',(0.195090852695,0.980785174845,0.));
#3193 = PLANE('',#3194);
#3194 = AXIS2_PLACEMENT_3D('',#3195,#3196,#3197);
#3195 = CARTESIAN_POINT('',(0.,0.,1.585));
#3196 = DIRECTION('',(0.,0.,1.));
#3197 = DIRECTION('',(1.,0.,-0.));
#3198 = SHELL_BASED_SURFACE_MODEL('',(#3199));
#3199 = OPEN_SHELL('',(#3200));
#3200 = ADVANCED_FACE('',(#3201),#3270,.T.);
#3201 = FACE_BOUND('',#3202,.F.);
#3202 = EDGE_LOOP('',(#3203,#3214,#3222,#3230,#3239,#3247,#3256,#3264));
#3203 = ORIENTED_EDGE('',*,*,#3204,.T.);
#3204 = EDGE_CURVE('',#3205,#3207,#3209,.T.);
#3205 = VERTEX_POINT('',#3206);
#3206 = CARTESIAN_POINT('',(8.453806,-10.380866,1.585));
#3207 = VERTEX_POINT('',#3208);
#3208 = CARTESIAN_POINT('',(8.55,-10.4,1.585));
#3209 = CIRCLE('',#3210,4.999998452109E-02);
#3210 = AXIS2_PLACEMENT_3D('',#3211,#3212,#3213);
#3211 = CARTESIAN_POINT('',(8.500000015479,-10.40000003736,1.585));
#3212 = DIRECTION('',(0.,0.,-1.));
#3213 = DIRECTION('',(-0.923880595592,0.382680865851,0.));
#3214 = ORIENTED_EDGE('',*,*,#3215,.T.);
#3215 = EDGE_CURVE('',#3207,#3216,#3218,.T.);
#3216 = VERTEX_POINT('',#3217);
#3217 = CARTESIAN_POINT('',(8.55,-11.45,1.585));
#3218 = LINE('',#3219,#3220);
#3219 = CARTESIAN_POINT('',(8.55,-10.4,1.585));
#3220 = VECTOR('',#3221,1.);
#3221 = DIRECTION('',(0.,-1.,0.));
#3222 = ORIENTED_EDGE('',*,*,#3223,.T.);
#3223 = EDGE_CURVE('',#3216,#3224,#3226,.T.);
#3224 = VERTEX_POINT('',#3225);
#3225 = CARTESIAN_POINT('',(9.5,-11.45,1.585));
#3226 = LINE('',#3227,#3228);
#3227 = CARTESIAN_POINT('',(8.55,-11.45,1.585));
#3228 = VECTOR('',#3229,1.);
#3229 = DIRECTION('',(1.,0.,0.));
#3230 = ORIENTED_EDGE('',*,*,#3231,.T.);
#3231 = EDGE_CURVE('',#3224,#3232,#3234,.T.);
#3232 = VERTEX_POINT('',#3233);
#3233 = CARTESIAN_POINT('',(9.5,-11.55,1.585));
#3234 = CIRCLE('',#3235,5.000000000002E-02);
#3235 = AXIS2_PLACEMENT_3D('',#3236,#3237,#3238);
#3236 = CARTESIAN_POINT('',(9.499999952288,-11.5,1.585));
#3237 = DIRECTION('',(0.,0.,-1.));
#3238 = DIRECTION('',(9.542365120292E-07,1.,0.));
#3239 = ORIENTED_EDGE('',*,*,#3240,.T.);
#3240 = EDGE_CURVE('',#3232,#3241,#3243,.T.);
#3241 = VERTEX_POINT('',#3242);
#3242 = CARTESIAN_POINT('',(8.5,-11.55,1.585));
#3243 = LINE('',#3244,#3245);
#3244 = CARTESIAN_POINT('',(9.5,-11.55,1.585));
#3245 = VECTOR('',#3246,1.);
#3246 = DIRECTION('',(-1.,0.,0.));
#3247 = ORIENTED_EDGE('',*,*,#3248,.T.);
#3248 = EDGE_CURVE('',#3241,#3249,#3251,.T.);
#3249 = VERTEX_POINT('',#3250);
#3250 = CARTESIAN_POINT('',(8.45,-11.5,1.585));
#3251 = CIRCLE('',#3252,5.000014378935E-02);
#3252 = AXIS2_PLACEMENT_3D('',#3253,#3254,#3255);
#3253 = CARTESIAN_POINT('',(8.500000143789,-11.49999985621,1.585));
#3254 = DIRECTION('',(0.,0.,-1.));
#3255 = DIRECTION('',(-2.87577464835E-06,-0.999999999996,-0.));
#3256 = ORIENTED_EDGE('',*,*,#3257,.T.);
#3257 = EDGE_CURVE('',#3249,#3258,#3260,.T.);
#3258 = VERTEX_POINT('',#3259);
#3259 = CARTESIAN_POINT('',(8.45,-10.4,1.585));
#3260 = LINE('',#3261,#3262);
#3261 = CARTESIAN_POINT('',(8.45,-11.5,1.585));
#3262 = VECTOR('',#3263,1.);
#3263 = DIRECTION('',(0.,1.,0.));
#3264 = ORIENTED_EDGE('',*,*,#3265,.T.);
#3265 = EDGE_CURVE('',#3258,#3205,#3266,.T.);
#3266 = LINE('',#3267,#3268);
#3267 = CARTESIAN_POINT('',(8.45,-10.4,1.585));
#3268 = VECTOR('',#3269,1.);
#3269 = DIRECTION('',(0.195090852695,0.980785174845,0.));
#3270 = PLANE('',#3271);
#3271 = AXIS2_PLACEMENT_3D('',#3272,#3273,#3274);
#3272 = CARTESIAN_POINT('',(0.,0.,1.585));
#3273 = DIRECTION('',(0.,0.,1.));
#3274 = DIRECTION('',(1.,0.,-0.));
#3275 = SHELL_BASED_SURFACE_MODEL('',(#3276));
#3276 = OPEN_SHELL('',(#3277));
#3277 = ADVANCED_FACE('',(#3278),#3314,.T.);
#3278 = FACE_BOUND('',#3279,.F.);
#3279 = EDGE_LOOP('',(#3280,#3291,#3299,#3308));
#3280 = ORIENTED_EDGE('',*,*,#3281,.T.);
#3281 = EDGE_CURVE('',#3282,#3284,#3286,.T.);
#3282 = VERTEX_POINT('',#3283);
#3283 = CARTESIAN_POINT('',(9.9,-11.55,1.585));
#3284 = VERTEX_POINT('',#3285);
#3285 = CARTESIAN_POINT('',(9.9,-11.45,1.585));
#3286 = CIRCLE('',#3287,5.000000000002E-02);
#3287 = AXIS2_PLACEMENT_3D('',#3288,#3289,#3290);
#3288 = CARTESIAN_POINT('',(9.900000047712,-11.5,1.585));
#3289 = DIRECTION('',(0.,0.,-1.));
#3290 = DIRECTION('',(-9.542365120292E-07,-1.,-0.));
#3291 = ORIENTED_EDGE('',*,*,#3292,.T.);
#3292 = EDGE_CURVE('',#3284,#3293,#3295,.T.);
#3293 = VERTEX_POINT('',#3294);
#3294 = CARTESIAN_POINT('',(11.,-11.45,1.585));
#3295 = LINE('',#3296,#3297);
#3296 = CARTESIAN_POINT('',(9.9,-11.45,1.585));
#3297 = VECTOR('',#3298,1.);
#3298 = DIRECTION('',(1.,0.,0.));
#3299 = ORIENTED_EDGE('',*,*,#3300,.T.);
#3300 = EDGE_CURVE('',#3293,#3301,#3303,.T.);
#3301 = VERTEX_POINT('',#3302);
#3302 = CARTESIAN_POINT('',(11.,-11.55,1.585));
#3303 = CIRCLE('',#3304,5.000000000002E-02);
#3304 = AXIS2_PLACEMENT_3D('',#3305,#3306,#3307);
#3305 = CARTESIAN_POINT('',(10.999999952288,-11.5,1.585));
#3306 = DIRECTION('',(0.,0.,-1.));
#3307 = DIRECTION('',(9.542365120292E-07,1.,0.));
#3308 = ORIENTED_EDGE('',*,*,#3309,.T.);
#3309 = EDGE_CURVE('',#3301,#3282,#3310,.T.);
#3310 = LINE('',#3311,#3312);
#3311 = CARTESIAN_POINT('',(11.,-11.55,1.585));
#3312 = VECTOR('',#3313,1.);
#3313 = DIRECTION('',(-1.,0.,0.));
#3314 = PLANE('',#3315);
#3315 = AXIS2_PLACEMENT_3D('',#3316,#3317,#3318);
#3316 = CARTESIAN_POINT('',(0.,0.,1.585));
#3317 = DIRECTION('',(0.,0.,1.));
#3318 = DIRECTION('',(1.,0.,-0.));
#3319 = SHELL_BASED_SURFACE_MODEL('',(#3320));
#3320 = OPEN_SHELL('',(#3321));
#3321 = ADVANCED_FACE('',(#3322),#3358,.T.);
#3322 = FACE_BOUND('',#3323,.F.);
#3323 = EDGE_LOOP('',(#3324,#3335,#3343,#3352));
#3324 = ORIENTED_EDGE('',*,*,#3325,.T.);
#3325 = EDGE_CURVE('',#3326,#3328,#3330,.T.);
#3326 = VERTEX_POINT('',#3327);
#3327 = CARTESIAN_POINT('',(11.4,-11.55,1.585));
#3328 = VERTEX_POINT('',#3329);
#3329 = CARTESIAN_POINT('',(11.4,-11.45,1.585));
#3330 = CIRCLE('',#3331,5.000000000002E-02);
#3331 = AXIS2_PLACEMENT_3D('',#3332,#3333,#3334);
#3332 = CARTESIAN_POINT('',(11.400000047712,-11.5,1.585));
#3333 = DIRECTION('',(0.,0.,-1.));
#3334 = DIRECTION('',(-9.542365120292E-07,-1.,-0.));
#3335 = ORIENTED_EDGE('',*,*,#3336,.T.);
#3336 = EDGE_CURVE('',#3328,#3337,#3339,.T.);
#3337 = VERTEX_POINT('',#3338);
#3338 = CARTESIAN_POINT('',(12.5,-11.45,1.585));
#3339 = LINE('',#3340,#3341);
#3340 = CARTESIAN_POINT('',(11.4,-11.45,1.585));
#3341 = VECTOR('',#3342,1.);
#3342 = DIRECTION('',(1.,0.,0.));
#3343 = ORIENTED_EDGE('',*,*,#3344,.T.);
#3344 = EDGE_CURVE('',#3337,#3345,#3347,.T.);
#3345 = VERTEX_POINT('',#3346);
#3346 = CARTESIAN_POINT('',(12.5,-11.55,1.585));
#3347 = CIRCLE('',#3348,5.000000000002E-02);
#3348 = AXIS2_PLACEMENT_3D('',#3349,#3350,#3351);
#3349 = CARTESIAN_POINT('',(12.499999952288,-11.5,1.585));
#3350 = DIRECTION('',(0.,0.,-1.));
#3351 = DIRECTION('',(9.542365120292E-07,1.,0.));
#3352 = ORIENTED_EDGE('',*,*,#3353,.T.);
#3353 = EDGE_CURVE('',#3345,#3326,#3354,.T.);
#3354 = LINE('',#3355,#3356);
#3355 = CARTESIAN_POINT('',(12.5,-11.55,1.585));
#3356 = VECTOR('',#3357,1.);
#3357 = DIRECTION('',(-1.,0.,0.));
#3358 = PLANE('',#3359);
#3359 = AXIS2_PLACEMENT_3D('',#3360,#3361,#3362);
#3360 = CARTESIAN_POINT('',(0.,0.,1.585));
#3361 = DIRECTION('',(0.,0.,1.));
#3362 = DIRECTION('',(1.,0.,-0.));
#3363 = SHELL_BASED_SURFACE_MODEL('',(#3364));
#3364 = OPEN_SHELL('',(#3365));
#3365 = ADVANCED_FACE('',(#3366),#3402,.T.);
#3366 = FACE_BOUND('',#3367,.F.);
#3367 = EDGE_LOOP('',(#3368,#3379,#3387,#3396));
#3368 = ORIENTED_EDGE('',*,*,#3369,.T.);
#3369 = EDGE_CURVE('',#3370,#3372,#3374,.T.);
#3370 = VERTEX_POINT('',#3371);
#3371 = CARTESIAN_POINT('',(12.9,-11.55,1.585));
#3372 = VERTEX_POINT('',#3373);
#3373 = CARTESIAN_POINT('',(12.9,-11.45,1.585));
#3374 = CIRCLE('',#3375,5.000000000002E-02);
#3375 = AXIS2_PLACEMENT_3D('',#3376,#3377,#3378);
#3376 = CARTESIAN_POINT('',(12.900000047712,-11.5,1.585));
#3377 = DIRECTION('',(0.,0.,-1.));
#3378 = DIRECTION('',(-9.542365120292E-07,-1.,-0.));
#3379 = ORIENTED_EDGE('',*,*,#3380,.T.);
#3380 = EDGE_CURVE('',#3372,#3381,#3383,.T.);
#3381 = VERTEX_POINT('',#3382);
#3382 = CARTESIAN_POINT('',(14.,-11.45,1.585));
#3383 = LINE('',#3384,#3385);
#3384 = CARTESIAN_POINT('',(12.9,-11.45,1.585));
#3385 = VECTOR('',#3386,1.);
#3386 = DIRECTION('',(1.,0.,0.));
#3387 = ORIENTED_EDGE('',*,*,#3388,.T.);
#3388 = EDGE_CURVE('',#3381,#3389,#3391,.T.);
#3389 = VERTEX_POINT('',#3390);
#3390 = CARTESIAN_POINT('',(14.,-11.55,1.585));
#3391 = CIRCLE('',#3392,5.000000000002E-02);
#3392 = AXIS2_PLACEMENT_3D('',#3393,#3394,#3395);
#3393 = CARTESIAN_POINT('',(13.999999952288,-11.5,1.585));
#3394 = DIRECTION('',(0.,0.,-1.));
#3395 = DIRECTION('',(9.542365120292E-07,1.,0.));
#3396 = ORIENTED_EDGE('',*,*,#3397,.T.);
#3397 = EDGE_CURVE('',#3389,#3370,#3398,.T.);
#3398 = LINE('',#3399,#3400);
#3399 = CARTESIAN_POINT('',(14.,-11.55,1.585));
#3400 = VECTOR('',#3401,1.);
#3401 = DIRECTION('',(-1.,0.,0.));
#3402 = PLANE('',#3403);
#3403 = AXIS2_PLACEMENT_3D('',#3404,#3405,#3406);
#3404 = CARTESIAN_POINT('',(0.,0.,1.585));
#3405 = DIRECTION('',(0.,0.,1.));
#3406 = DIRECTION('',(1.,0.,-0.));
#3407 = SHELL_BASED_SURFACE_MODEL('',(#3408));
#3408 = OPEN_SHELL('',(#3409));
#3409 = ADVANCED_FACE('',(#3410),#3446,.T.);
#3410 = FACE_BOUND('',#3411,.F.);
#3411 = EDGE_LOOP('',(#3412,#3423,#3431,#3440));
#3412 = ORIENTED_EDGE('',*,*,#3413,.T.);
#3413 = EDGE_CURVE('',#3414,#3416,#3418,.T.);
#3414 = VERTEX_POINT('',#3415);
#3415 = CARTESIAN_POINT('',(14.4,-11.55,1.585));
#3416 = VERTEX_POINT('',#3417);
#3417 = CARTESIAN_POINT('',(14.4,-11.45,1.585));
#3418 = CIRCLE('',#3419,5.000000000002E-02);
#3419 = AXIS2_PLACEMENT_3D('',#3420,#3421,#3422);
#3420 = CARTESIAN_POINT('',(14.400000047712,-11.5,1.585));
#3421 = DIRECTION('',(0.,0.,-1.));
#3422 = DIRECTION('',(-9.542365120292E-07,-1.,-0.));
#3423 = ORIENTED_EDGE('',*,*,#3424,.T.);
#3424 = EDGE_CURVE('',#3416,#3425,#3427,.T.);
#3425 = VERTEX_POINT('',#3426);
#3426 = CARTESIAN_POINT('',(15.5,-11.45,1.585));
#3427 = LINE('',#3428,#3429);
#3428 = CARTESIAN_POINT('',(14.4,-11.45,1.585));
#3429 = VECTOR('',#3430,1.);
#3430 = DIRECTION('',(1.,0.,0.));
#3431 = ORIENTED_EDGE('',*,*,#3432,.T.);
#3432 = EDGE_CURVE('',#3425,#3433,#3435,.T.);
#3433 = VERTEX_POINT('',#3434);
#3434 = CARTESIAN_POINT('',(15.5,-11.55,1.585));
#3435 = CIRCLE('',#3436,5.000000000002E-02);
#3436 = AXIS2_PLACEMENT_3D('',#3437,#3438,#3439);
#3437 = CARTESIAN_POINT('',(15.499999952288,-11.5,1.585));
#3438 = DIRECTION('',(0.,0.,-1.));
#3439 = DIRECTION('',(9.542365120292E-07,1.,0.));
#3440 = ORIENTED_EDGE('',*,*,#3441,.T.);
#3441 = EDGE_CURVE('',#3433,#3414,#3442,.T.);
#3442 = LINE('',#3443,#3444);
#3443 = CARTESIAN_POINT('',(15.5,-11.55,1.585));
#3444 = VECTOR('',#3445,1.);
#3445 = DIRECTION('',(-1.,0.,0.));
#3446 = PLANE('',#3447);
#3447 = AXIS2_PLACEMENT_3D('',#3448,#3449,#3450);
#3448 = CARTESIAN_POINT('',(0.,0.,1.585));
#3449 = DIRECTION('',(0.,0.,1.));
#3450 = DIRECTION('',(1.,0.,-0.));
#3451 = SHELL_BASED_SURFACE_MODEL('',(#3452));
#3452 = OPEN_SHELL('',(#3453));
#3453 = ADVANCED_FACE('',(#3454),#3490,.T.);
#3454 = FACE_BOUND('',#3455,.F.);
#3455 = EDGE_LOOP('',(#3456,#3467,#3475,#3484));
#3456 = ORIENTED_EDGE('',*,*,#3457,.T.);
#3457 = EDGE_CURVE('',#3458,#3460,#3462,.T.);
#3458 = VERTEX_POINT('',#3459);
#3459 = CARTESIAN_POINT('',(15.9,-11.55,1.585));
#3460 = VERTEX_POINT('',#3461);
#3461 = CARTESIAN_POINT('',(15.9,-11.45,1.585));
#3462 = CIRCLE('',#3463,5.000000000002E-02);
#3463 = AXIS2_PLACEMENT_3D('',#3464,#3465,#3466);
#3464 = CARTESIAN_POINT('',(15.900000047712,-11.5,1.585));
#3465 = DIRECTION('',(0.,0.,-1.));
#3466 = DIRECTION('',(-9.542365120292E-07,-1.,-0.));
#3467 = ORIENTED_EDGE('',*,*,#3468,.T.);
#3468 = EDGE_CURVE('',#3460,#3469,#3471,.T.);
#3469 = VERTEX_POINT('',#3470);
#3470 = CARTESIAN_POINT('',(17.,-11.45,1.585));
#3471 = LINE('',#3472,#3473);
#3472 = CARTESIAN_POINT('',(15.9,-11.45,1.585));
#3473 = VECTOR('',#3474,1.);
#3474 = DIRECTION('',(1.,0.,0.));
#3475 = ORIENTED_EDGE('',*,*,#3476,.T.);
#3476 = EDGE_CURVE('',#3469,#3477,#3479,.T.);
#3477 = VERTEX_POINT('',#3478);
#3478 = CARTESIAN_POINT('',(17.,-11.55,1.585));
#3479 = CIRCLE('',#3480,5.000000000002E-02);
#3480 = AXIS2_PLACEMENT_3D('',#3481,#3482,#3483);
#3481 = CARTESIAN_POINT('',(16.999999952288,-11.5,1.585));
#3482 = DIRECTION('',(0.,0.,-1.));
#3483 = DIRECTION('',(9.542365120292E-07,1.,0.));
#3484 = ORIENTED_EDGE('',*,*,#3485,.T.);
#3485 = EDGE_CURVE('',#3477,#3458,#3486,.T.);
#3486 = LINE('',#3487,#3488);
#3487 = CARTESIAN_POINT('',(17.,-11.55,1.585));
#3488 = VECTOR('',#3489,1.);
#3489 = DIRECTION('',(-1.,0.,0.));
#3490 = PLANE('',#3491);
#3491 = AXIS2_PLACEMENT_3D('',#3492,#3493,#3494);
#3492 = CARTESIAN_POINT('',(0.,0.,1.585));
#3493 = DIRECTION('',(0.,0.,1.));
#3494 = DIRECTION('',(1.,0.,-0.));
#3495 = SHELL_BASED_SURFACE_MODEL('',(#3496));
#3496 = OPEN_SHELL('',(#3497));
#3497 = ADVANCED_FACE('',(#3498),#3567,.T.);
#3498 = FACE_BOUND('',#3499,.F.);
#3499 = EDGE_LOOP('',(#3500,#3511,#3519,#3528,#3536,#3545,#3553,#3561));
#3500 = ORIENTED_EDGE('',*,*,#3501,.T.);
#3501 = EDGE_CURVE('',#3502,#3504,#3506,.T.);
#3502 = VERTEX_POINT('',#3503);
#3503 = CARTESIAN_POINT('',(18.453806,-10.480866,1.585));
#3504 = VERTEX_POINT('',#3505);
#3505 = CARTESIAN_POINT('',(18.55,-10.5,1.585));
#3506 = CIRCLE('',#3507,4.999998452109E-02);
#3507 = AXIS2_PLACEMENT_3D('',#3508,#3509,#3510);
#3508 = CARTESIAN_POINT('',(18.500000015479,-10.50000003736,1.585));
#3509 = DIRECTION('',(0.,0.,-1.));
#3510 = DIRECTION('',(-0.923880595592,0.382680865851,0.));
#3511 = ORIENTED_EDGE('',*,*,#3512,.T.);
#3512 = EDGE_CURVE('',#3504,#3513,#3515,.T.);
#3513 = VERTEX_POINT('',#3514);
#3514 = CARTESIAN_POINT('',(18.55,-11.5,1.585));
#3515 = LINE('',#3516,#3517);
#3516 = CARTESIAN_POINT('',(18.55,-10.5,1.585));
#3517 = VECTOR('',#3518,1.);
#3518 = DIRECTION('',(0.,-1.,0.));
#3519 = ORIENTED_EDGE('',*,*,#3520,.T.);
#3520 = EDGE_CURVE('',#3513,#3521,#3523,.T.);
#3521 = VERTEX_POINT('',#3522);
#3522 = CARTESIAN_POINT('',(18.5,-11.55,1.585));
#3523 = CIRCLE('',#3524,5.000014378935E-02);
#3524 = AXIS2_PLACEMENT_3D('',#3525,#3526,#3527);
#3525 = CARTESIAN_POINT('',(18.499999856211,-11.49999985621,1.585));
#3526 = DIRECTION('',(0.,0.,-1.));
#3527 = DIRECTION('',(0.999999999996,-2.87577464835E-06,0.));
#3528 = ORIENTED_EDGE('',*,*,#3529,.T.);
#3529 = EDGE_CURVE('',#3521,#3530,#3532,.T.);
#3530 = VERTEX_POINT('',#3531);
#3531 = CARTESIAN_POINT('',(17.4,-11.55,1.585));
#3532 = LINE('',#3533,#3534);
#3533 = CARTESIAN_POINT('',(18.5,-11.55,1.585));
#3534 = VECTOR('',#3535,1.);
#3535 = DIRECTION('',(-1.,0.,0.));
#3536 = ORIENTED_EDGE('',*,*,#3537,.T.);
#3537 = EDGE_CURVE('',#3530,#3538,#3540,.T.);
#3538 = VERTEX_POINT('',#3539);
#3539 = CARTESIAN_POINT('',(17.4,-11.45,1.585));
#3540 = CIRCLE('',#3541,5.000000000002E-02);
#3541 = AXIS2_PLACEMENT_3D('',#3542,#3543,#3544);
#3542 = CARTESIAN_POINT('',(17.400000047712,-11.5,1.585));
#3543 = DIRECTION('',(0.,0.,-1.));
#3544 = DIRECTION('',(-9.542365120292E-07,-1.,-0.));
#3545 = ORIENTED_EDGE('',*,*,#3546,.T.);
#3546 = EDGE_CURVE('',#3538,#3547,#3549,.T.);
#3547 = VERTEX_POINT('',#3548);
#3548 = CARTESIAN_POINT('',(18.45,-11.45,1.585));
#3549 = LINE('',#3550,#3551);
#3550 = CARTESIAN_POINT('',(17.4,-11.45,1.585));
#3551 = VECTOR('',#3552,1.);
#3552 = DIRECTION('',(1.,0.,0.));
#3553 = ORIENTED_EDGE('',*,*,#3554,.T.);
#3554 = EDGE_CURVE('',#3547,#3555,#3557,.T.);
#3555 = VERTEX_POINT('',#3556);
#3556 = CARTESIAN_POINT('',(18.45,-10.5,1.585));
#3557 = LINE('',#3558,#3559);
#3558 = CARTESIAN_POINT('',(18.45,-11.45,1.585));
#3559 = VECTOR('',#3560,1.);
#3560 = DIRECTION('',(0.,1.,0.));
#3561 = ORIENTED_EDGE('',*,*,#3562,.T.);
#3562 = EDGE_CURVE('',#3555,#3502,#3563,.T.);
#3563 = LINE('',#3564,#3565);
#3564 = CARTESIAN_POINT('',(18.45,-10.5,1.585));
#3565 = VECTOR('',#3566,1.);
#3566 = DIRECTION('',(0.195090852695,0.980785174845,0.));
#3567 = PLANE('',#3568);
#3568 = AXIS2_PLACEMENT_3D('',#3569,#3570,#3571);
#3569 = CARTESIAN_POINT('',(0.,0.,1.585));
#3570 = DIRECTION('',(0.,0.,1.));
#3571 = DIRECTION('',(1.,0.,-0.));
#3572 = SHELL_BASED_SURFACE_MODEL('',(#3573));
#3573 = OPEN_SHELL('',(#3574));
#3574 = ADVANCED_FACE('',(#3575),#3644,.T.);
#3575 = FACE_BOUND('',#3576,.F.);
#3576 = EDGE_LOOP('',(#3577,#3588,#3596,#3604,#3613,#3621,#3630,#3638));
#3577 = ORIENTED_EDGE('',*,*,#3578,.T.);
#3578 = EDGE_CURVE('',#3579,#3581,#3583,.T.);
#3579 = VERTEX_POINT('',#3580);
#3580 = CARTESIAN_POINT('',(26.203806,-10.380866,1.585));
#3581 = VERTEX_POINT('',#3582);
#3582 = CARTESIAN_POINT('',(26.3,-10.4,1.585));
#3583 = CIRCLE('',#3584,4.999998452109E-02);
#3584 = AXIS2_PLACEMENT_3D('',#3585,#3586,#3587);
#3585 = CARTESIAN_POINT('',(26.250000015479,-10.40000003736,1.585));
#3586 = DIRECTION('',(0.,0.,-1.));
#3587 = DIRECTION('',(-0.923880595592,0.382680865851,0.));
#3588 = ORIENTED_EDGE('',*,*,#3589,.T.);
#3589 = EDGE_CURVE('',#3581,#3590,#3592,.T.);
#3590 = VERTEX_POINT('',#3591);
#3591 = CARTESIAN_POINT('',(26.3,-11.45,1.585));
#3592 = LINE('',#3593,#3594);
#3593 = CARTESIAN_POINT('',(26.3,-10.4,1.585));
#3594 = VECTOR('',#3595,1.);
#3595 = DIRECTION('',(0.,-1.,0.));
#3596 = ORIENTED_EDGE('',*,*,#3597,.T.);
#3597 = EDGE_CURVE('',#3590,#3598,#3600,.T.);
#3598 = VERTEX_POINT('',#3599);
#3599 = CARTESIAN_POINT('',(27.25,-11.45,1.585));
#3600 = LINE('',#3601,#3602);
#3601 = CARTESIAN_POINT('',(26.3,-11.45,1.585));
#3602 = VECTOR('',#3603,1.);
#3603 = DIRECTION('',(1.,0.,0.));
#3604 = ORIENTED_EDGE('',*,*,#3605,.T.);
#3605 = EDGE_CURVE('',#3598,#3606,#3608,.T.);
#3606 = VERTEX_POINT('',#3607);
#3607 = CARTESIAN_POINT('',(27.25,-11.55,1.585));
#3608 = CIRCLE('',#3609,5.000000000002E-02);
#3609 = AXIS2_PLACEMENT_3D('',#3610,#3611,#3612);
#3610 = CARTESIAN_POINT('',(27.249999952288,-11.5,1.585));
#3611 = DIRECTION('',(0.,0.,-1.));
#3612 = DIRECTION('',(9.542365120292E-07,1.,0.));
#3613 = ORIENTED_EDGE('',*,*,#3614,.T.);
#3614 = EDGE_CURVE('',#3606,#3615,#3617,.T.);
#3615 = VERTEX_POINT('',#3616);
#3616 = CARTESIAN_POINT('',(26.25,-11.55,1.585));
#3617 = LINE('',#3618,#3619);
#3618 = CARTESIAN_POINT('',(27.25,-11.55,1.585));
#3619 = VECTOR('',#3620,1.);
#3620 = DIRECTION('',(-1.,0.,0.));
#3621 = ORIENTED_EDGE('',*,*,#3622,.T.);
#3622 = EDGE_CURVE('',#3615,#3623,#3625,.T.);
#3623 = VERTEX_POINT('',#3624);
#3624 = CARTESIAN_POINT('',(26.2,-11.5,1.585));
#3625 = CIRCLE('',#3626,5.000014378935E-02);
#3626 = AXIS2_PLACEMENT_3D('',#3627,#3628,#3629);
#3627 = CARTESIAN_POINT('',(26.250000143789,-11.49999985621,1.585));
#3628 = DIRECTION('',(0.,0.,-1.));
#3629 = DIRECTION('',(-2.875774612823E-06,-0.999999999996,-0.));
#3630 = ORIENTED_EDGE('',*,*,#3631,.T.);
#3631 = EDGE_CURVE('',#3623,#3632,#3634,.T.);
#3632 = VERTEX_POINT('',#3633);
#3633 = CARTESIAN_POINT('',(26.2,-10.4,1.585));
#3634 = LINE('',#3635,#3636);
#3635 = CARTESIAN_POINT('',(26.2,-11.5,1.585));
#3636 = VECTOR('',#3637,1.);
#3637 = DIRECTION('',(0.,1.,0.));
#3638 = ORIENTED_EDGE('',*,*,#3639,.T.);
#3639 = EDGE_CURVE('',#3632,#3579,#3640,.T.);
#3640 = LINE('',#3641,#3642);
#3641 = CARTESIAN_POINT('',(26.2,-10.4,1.585));
#3642 = VECTOR('',#3643,1.);
#3643 = DIRECTION('',(0.195090852695,0.980785174845,0.));
#3644 = PLANE('',#3645);
#3645 = AXIS2_PLACEMENT_3D('',#3646,#3647,#3648);
#3646 = CARTESIAN_POINT('',(0.,0.,1.585));
#3647 = DIRECTION('',(0.,0.,1.));
#3648 = DIRECTION('',(1.,0.,-0.));
#3649 = SHELL_BASED_SURFACE_MODEL('',(#3650));
#3650 = OPEN_SHELL('',(#3651));
#3651 = ADVANCED_FACE('',(#3652),#3688,.T.);
#3652 = FACE_BOUND('',#3653,.F.);
#3653 = EDGE_LOOP('',(#3654,#3665,#3673,#3682));
#3654 = ORIENTED_EDGE('',*,*,#3655,.T.);
#3655 = EDGE_CURVE('',#3656,#3658,#3660,.T.);
#3656 = VERTEX_POINT('',#3657);
#3657 = CARTESIAN_POINT('',(27.65,-11.55,1.585));
#3658 = VERTEX_POINT('',#3659);
#3659 = CARTESIAN_POINT('',(27.65,-11.45,1.585));
#3660 = CIRCLE('',#3661,5.000000000002E-02);
#3661 = AXIS2_PLACEMENT_3D('',#3662,#3663,#3664);
#3662 = CARTESIAN_POINT('',(27.650000047712,-11.5,1.585));
#3663 = DIRECTION('',(0.,0.,-1.));
#3664 = DIRECTION('',(-9.542365120292E-07,-1.,-0.));
#3665 = ORIENTED_EDGE('',*,*,#3666,.T.);
#3666 = EDGE_CURVE('',#3658,#3667,#3669,.T.);
#3667 = VERTEX_POINT('',#3668);
#3668 = CARTESIAN_POINT('',(28.75,-11.45,1.585));
#3669 = LINE('',#3670,#3671);
#3670 = CARTESIAN_POINT('',(27.65,-11.45,1.585));
#3671 = VECTOR('',#3672,1.);
#3672 = DIRECTION('',(1.,0.,0.));
#3673 = ORIENTED_EDGE('',*,*,#3674,.T.);
#3674 = EDGE_CURVE('',#3667,#3675,#3677,.T.);
#3675 = VERTEX_POINT('',#3676);
#3676 = CARTESIAN_POINT('',(28.75,-11.55,1.585));
#3677 = CIRCLE('',#3678,5.000000000002E-02);
#3678 = AXIS2_PLACEMENT_3D('',#3679,#3680,#3681);
#3679 = CARTESIAN_POINT('',(28.749999952288,-11.5,1.585));
#3680 = DIRECTION('',(0.,0.,-1.));
#3681 = DIRECTION('',(9.542365120292E-07,1.,0.));
#3682 = ORIENTED_EDGE('',*,*,#3683,.T.);
#3683 = EDGE_CURVE('',#3675,#3656,#3684,.T.);
#3684 = LINE('',#3685,#3686);
#3685 = CARTESIAN_POINT('',(28.75,-11.55,1.585));
#3686 = VECTOR('',#3687,1.);
#3687 = DIRECTION('',(-1.,0.,0.));
#3688 = PLANE('',#3689);
#3689 = AXIS2_PLACEMENT_3D('',#3690,#3691,#3692);
#3690 = CARTESIAN_POINT('',(0.,0.,1.585));
#3691 = DIRECTION('',(0.,0.,1.));
#3692 = DIRECTION('',(1.,0.,-0.));
#3693 = SHELL_BASED_SURFACE_MODEL('',(#3694));
#3694 = OPEN_SHELL('',(#3695));
#3695 = ADVANCED_FACE('',(#3696),#3732,.T.);
#3696 = FACE_BOUND('',#3697,.F.);
#3697 = EDGE_LOOP('',(#3698,#3709,#3717,#3726));
#3698 = ORIENTED_EDGE('',*,*,#3699,.T.);
#3699 = EDGE_CURVE('',#3700,#3702,#3704,.T.);
#3700 = VERTEX_POINT('',#3701);
#3701 = CARTESIAN_POINT('',(29.15,-11.55,1.585));
#3702 = VERTEX_POINT('',#3703);
#3703 = CARTESIAN_POINT('',(29.15,-11.45,1.585));
#3704 = CIRCLE('',#3705,5.000000000002E-02);
#3705 = AXIS2_PLACEMENT_3D('',#3706,#3707,#3708);
#3706 = CARTESIAN_POINT('',(29.150000047712,-11.5,1.585));
#3707 = DIRECTION('',(0.,0.,-1.));
#3708 = DIRECTION('',(-9.542365120292E-07,-1.,-0.));
#3709 = ORIENTED_EDGE('',*,*,#3710,.T.);
#3710 = EDGE_CURVE('',#3702,#3711,#3713,.T.);
#3711 = VERTEX_POINT('',#3712);
#3712 = CARTESIAN_POINT('',(30.25,-11.45,1.585));
#3713 = LINE('',#3714,#3715);
#3714 = CARTESIAN_POINT('',(29.15,-11.45,1.585));
#3715 = VECTOR('',#3716,1.);
#3716 = DIRECTION('',(1.,0.,0.));
#3717 = ORIENTED_EDGE('',*,*,#3718,.T.);
#3718 = EDGE_CURVE('',#3711,#3719,#3721,.T.);
#3719 = VERTEX_POINT('',#3720);
#3720 = CARTESIAN_POINT('',(30.25,-11.55,1.585));
#3721 = CIRCLE('',#3722,5.000000000002E-02);
#3722 = AXIS2_PLACEMENT_3D('',#3723,#3724,#3725);
#3723 = CARTESIAN_POINT('',(30.249999952288,-11.5,1.585));
#3724 = DIRECTION('',(0.,0.,-1.));
#3725 = DIRECTION('',(9.542365120292E-07,1.,0.));
#3726 = ORIENTED_EDGE('',*,*,#3727,.T.);
#3727 = EDGE_CURVE('',#3719,#3700,#3728,.T.);
#3728 = LINE('',#3729,#3730);
#3729 = CARTESIAN_POINT('',(30.25,-11.55,1.585));
#3730 = VECTOR('',#3731,1.);
#3731 = DIRECTION('',(-1.,0.,0.));
#3732 = PLANE('',#3733);
#3733 = AXIS2_PLACEMENT_3D('',#3734,#3735,#3736);
#3734 = CARTESIAN_POINT('',(0.,0.,1.585));
#3735 = DIRECTION('',(0.,0.,1.));
#3736 = DIRECTION('',(1.,0.,-0.));
#3737 = SHELL_BASED_SURFACE_MODEL('',(#3738));
#3738 = OPEN_SHELL('',(#3739));
#3739 = ADVANCED_FACE('',(#3740),#3776,.T.);
#3740 = FACE_BOUND('',#3741,.F.);
#3741 = EDGE_LOOP('',(#3742,#3753,#3761,#3770));
#3742 = ORIENTED_EDGE('',*,*,#3743,.T.);
#3743 = EDGE_CURVE('',#3744,#3746,#3748,.T.);
#3744 = VERTEX_POINT('',#3745);
#3745 = CARTESIAN_POINT('',(30.65,-11.55,1.585));
#3746 = VERTEX_POINT('',#3747);
#3747 = CARTESIAN_POINT('',(30.65,-11.45,1.585));
#3748 = CIRCLE('',#3749,5.000000000002E-02);
#3749 = AXIS2_PLACEMENT_3D('',#3750,#3751,#3752);
#3750 = CARTESIAN_POINT('',(30.650000047712,-11.5,1.585));
#3751 = DIRECTION('',(0.,0.,-1.));
#3752 = DIRECTION('',(-9.542365120292E-07,-1.,-0.));
#3753 = ORIENTED_EDGE('',*,*,#3754,.T.);
#3754 = EDGE_CURVE('',#3746,#3755,#3757,.T.);
#3755 = VERTEX_POINT('',#3756);
#3756 = CARTESIAN_POINT('',(31.75,-11.45,1.585));
#3757 = LINE('',#3758,#3759);
#3758 = CARTESIAN_POINT('',(30.65,-11.45,1.585));
#3759 = VECTOR('',#3760,1.);
#3760 = DIRECTION('',(1.,0.,0.));
#3761 = ORIENTED_EDGE('',*,*,#3762,.T.);
#3762 = EDGE_CURVE('',#3755,#3763,#3765,.T.);
#3763 = VERTEX_POINT('',#3764);
#3764 = CARTESIAN_POINT('',(31.75,-11.55,1.585));
#3765 = CIRCLE('',#3766,5.000000000002E-02);
#3766 = AXIS2_PLACEMENT_3D('',#3767,#3768,#3769);
#3767 = CARTESIAN_POINT('',(31.749999952288,-11.5,1.585));
#3768 = DIRECTION('',(0.,0.,-1.));
#3769 = DIRECTION('',(9.542365120292E-07,1.,0.));
#3770 = ORIENTED_EDGE('',*,*,#3771,.T.);
#3771 = EDGE_CURVE('',#3763,#3744,#3772,.T.);
#3772 = LINE('',#3773,#3774);
#3773 = CARTESIAN_POINT('',(31.75,-11.55,1.585));
#3774 = VECTOR('',#3775,1.);
#3775 = DIRECTION('',(-1.,0.,0.));
#3776 = PLANE('',#3777);
#3777 = AXIS2_PLACEMENT_3D('',#3778,#3779,#3780);
#3778 = CARTESIAN_POINT('',(0.,0.,1.585));
#3779 = DIRECTION('',(0.,0.,1.));
#3780 = DIRECTION('',(1.,0.,-0.));
#3781 = SHELL_BASED_SURFACE_MODEL('',(#3782));
#3782 = OPEN_SHELL('',(#3783));
#3783 = ADVANCED_FACE('',(#3784),#3820,.T.);
#3784 = FACE_BOUND('',#3785,.F.);
#3785 = EDGE_LOOP('',(#3786,#3797,#3805,#3814));
#3786 = ORIENTED_EDGE('',*,*,#3787,.T.);
#3787 = EDGE_CURVE('',#3788,#3790,#3792,.T.);
#3788 = VERTEX_POINT('',#3789);
#3789 = CARTESIAN_POINT('',(32.15,-11.55,1.585));
#3790 = VERTEX_POINT('',#3791);
#3791 = CARTESIAN_POINT('',(32.15,-11.45,1.585));
#3792 = CIRCLE('',#3793,5.000000000002E-02);
#3793 = AXIS2_PLACEMENT_3D('',#3794,#3795,#3796);
#3794 = CARTESIAN_POINT('',(32.150000047712,-11.5,1.585));
#3795 = DIRECTION('',(0.,0.,-1.));
#3796 = DIRECTION('',(-9.542364409749E-07,-1.,-0.));
#3797 = ORIENTED_EDGE('',*,*,#3798,.T.);
#3798 = EDGE_CURVE('',#3790,#3799,#3801,.T.);
#3799 = VERTEX_POINT('',#3800);
#3800 = CARTESIAN_POINT('',(33.25,-11.45,1.585));
#3801 = LINE('',#3802,#3803);
#3802 = CARTESIAN_POINT('',(32.15,-11.45,1.585));
#3803 = VECTOR('',#3804,1.);
#3804 = DIRECTION('',(1.,0.,0.));
#3805 = ORIENTED_EDGE('',*,*,#3806,.T.);
#3806 = EDGE_CURVE('',#3799,#3807,#3809,.T.);
#3807 = VERTEX_POINT('',#3808);
#3808 = CARTESIAN_POINT('',(33.25,-11.55,1.585));
#3809 = CIRCLE('',#3810,5.000000000002E-02);
#3810 = AXIS2_PLACEMENT_3D('',#3811,#3812,#3813);
#3811 = CARTESIAN_POINT('',(33.249999952288,-11.5,1.585));
#3812 = DIRECTION('',(0.,0.,-1.));
#3813 = DIRECTION('',(9.542364409749E-07,1.,0.));
#3814 = ORIENTED_EDGE('',*,*,#3815,.T.);
#3815 = EDGE_CURVE('',#3807,#3788,#3816,.T.);
#3816 = LINE('',#3817,#3818);
#3817 = CARTESIAN_POINT('',(33.25,-11.55,1.585));
#3818 = VECTOR('',#3819,1.);
#3819 = DIRECTION('',(-1.,0.,0.));
#3820 = PLANE('',#3821);
#3821 = AXIS2_PLACEMENT_3D('',#3822,#3823,#3824);
#3822 = CARTESIAN_POINT('',(0.,0.,1.585));
#3823 = DIRECTION('',(0.,0.,1.));
#3824 = DIRECTION('',(1.,0.,-0.));
#3825 = SHELL_BASED_SURFACE_MODEL('',(#3826));
#3826 = OPEN_SHELL('',(#3827));
#3827 = ADVANCED_FACE('',(#3828),#3864,.T.);
#3828 = FACE_BOUND('',#3829,.F.);
#3829 = EDGE_LOOP('',(#3830,#3841,#3849,#3858));
#3830 = ORIENTED_EDGE('',*,*,#3831,.T.);
#3831 = EDGE_CURVE('',#3832,#3834,#3836,.T.);
#3832 = VERTEX_POINT('',#3833);
#3833 = CARTESIAN_POINT('',(33.65,-11.55,1.585));
#3834 = VERTEX_POINT('',#3835);
#3835 = CARTESIAN_POINT('',(33.65,-11.45,1.585));
#3836 = CIRCLE('',#3837,5.000000000002E-02);
#3837 = AXIS2_PLACEMENT_3D('',#3838,#3839,#3840);
#3838 = CARTESIAN_POINT('',(33.650000047712,-11.5,1.585));
#3839 = DIRECTION('',(0.,0.,-1.));
#3840 = DIRECTION('',(-9.542364409749E-07,-1.,-0.));
#3841 = ORIENTED_EDGE('',*,*,#3842,.T.);
#3842 = EDGE_CURVE('',#3834,#3843,#3845,.T.);
#3843 = VERTEX_POINT('',#3844);
#3844 = CARTESIAN_POINT('',(34.75,-11.45,1.585));
#3845 = LINE('',#3846,#3847);
#3846 = CARTESIAN_POINT('',(33.65,-11.45,1.585));
#3847 = VECTOR('',#3848,1.);
#3848 = DIRECTION('',(1.,0.,0.));
#3849 = ORIENTED_EDGE('',*,*,#3850,.T.);
#3850 = EDGE_CURVE('',#3843,#3851,#3853,.T.);
#3851 = VERTEX_POINT('',#3852);
#3852 = CARTESIAN_POINT('',(34.75,-11.55,1.585));
#3853 = CIRCLE('',#3854,5.000000000002E-02);
#3854 = AXIS2_PLACEMENT_3D('',#3855,#3856,#3857);
#3855 = CARTESIAN_POINT('',(34.749999952288,-11.5,1.585));
#3856 = DIRECTION('',(0.,0.,-1.));
#3857 = DIRECTION('',(9.542364409749E-07,1.,0.));
#3858 = ORIENTED_EDGE('',*,*,#3859,.T.);
#3859 = EDGE_CURVE('',#3851,#3832,#3860,.T.);
#3860 = LINE('',#3861,#3862);
#3861 = CARTESIAN_POINT('',(34.75,-11.55,1.585));
#3862 = VECTOR('',#3863,1.);
#3863 = DIRECTION('',(-1.,0.,0.));
#3864 = PLANE('',#3865);
#3865 = AXIS2_PLACEMENT_3D('',#3866,#3867,#3868);
#3866 = CARTESIAN_POINT('',(0.,0.,1.585));
#3867 = DIRECTION('',(0.,0.,1.));
#3868 = DIRECTION('',(1.,0.,-0.));
#3869 = SHELL_BASED_SURFACE_MODEL('',(#3870));
#3870 = OPEN_SHELL('',(#3871));
#3871 = ADVANCED_FACE('',(#3872),#3941,.T.);
#3872 = FACE_BOUND('',#3873,.F.);
#3873 = EDGE_LOOP('',(#3874,#3885,#3893,#3902,#3910,#3919,#3927,#3935));
#3874 = ORIENTED_EDGE('',*,*,#3875,.T.);
#3875 = EDGE_CURVE('',#3876,#3878,#3880,.T.);
#3876 = VERTEX_POINT('',#3877);
#3877 = CARTESIAN_POINT('',(36.203806,-10.480866,1.585));
#3878 = VERTEX_POINT('',#3879);
#3879 = CARTESIAN_POINT('',(36.3,-10.5,1.585));
#3880 = CIRCLE('',#3881,4.999998452108E-02);
#3881 = AXIS2_PLACEMENT_3D('',#3882,#3883,#3884);
#3882 = CARTESIAN_POINT('',(36.250000015479,-10.50000003736,1.585));
#3883 = DIRECTION('',(0.,0.,-1.));
#3884 = DIRECTION('',(-0.923880595592,0.382680865851,0.));
#3885 = ORIENTED_EDGE('',*,*,#3886,.T.);
#3886 = EDGE_CURVE('',#3878,#3887,#3889,.T.);
#3887 = VERTEX_POINT('',#3888);
#3888 = CARTESIAN_POINT('',(36.3,-11.5,1.585));
#3889 = LINE('',#3890,#3891);
#3890 = CARTESIAN_POINT('',(36.3,-10.5,1.585));
#3891 = VECTOR('',#3892,1.);
#3892 = DIRECTION('',(0.,-1.,0.));
#3893 = ORIENTED_EDGE('',*,*,#3894,.T.);
#3894 = EDGE_CURVE('',#3887,#3895,#3897,.T.);
#3895 = VERTEX_POINT('',#3896);
#3896 = CARTESIAN_POINT('',(36.25,-11.55,1.585));
#3897 = CIRCLE('',#3898,5.000014378934E-02);
#3898 = AXIS2_PLACEMENT_3D('',#3899,#3900,#3901);
#3899 = CARTESIAN_POINT('',(36.249999856211,-11.49999985621,1.585));
#3900 = DIRECTION('',(0.,0.,-1.));
#3901 = DIRECTION('',(0.999999999996,-2.875774435189E-06,0.));
#3902 = ORIENTED_EDGE('',*,*,#3903,.T.);
#3903 = EDGE_CURVE('',#3895,#3904,#3906,.T.);
#3904 = VERTEX_POINT('',#3905);
#3905 = CARTESIAN_POINT('',(35.15,-11.55,1.585));
#3906 = LINE('',#3907,#3908);
#3907 = CARTESIAN_POINT('',(36.25,-11.55,1.585));
#3908 = VECTOR('',#3909,1.);
#3909 = DIRECTION('',(-1.,0.,0.));
#3910 = ORIENTED_EDGE('',*,*,#3911,.T.);
#3911 = EDGE_CURVE('',#3904,#3912,#3914,.T.);
#3912 = VERTEX_POINT('',#3913);
#3913 = CARTESIAN_POINT('',(35.15,-11.45,1.585));
#3914 = CIRCLE('',#3915,5.000000000002E-02);
#3915 = AXIS2_PLACEMENT_3D('',#3916,#3917,#3918);
#3916 = CARTESIAN_POINT('',(35.150000047712,-11.5,1.585));
#3917 = DIRECTION('',(0.,0.,-1.));
#3918 = DIRECTION('',(-9.542364409749E-07,-1.,-0.));
#3919 = ORIENTED_EDGE('',*,*,#3920,.T.);
#3920 = EDGE_CURVE('',#3912,#3921,#3923,.T.);
#3921 = VERTEX_POINT('',#3922);
#3922 = CARTESIAN_POINT('',(36.2,-11.45,1.585));
#3923 = LINE('',#3924,#3925);
#3924 = CARTESIAN_POINT('',(35.15,-11.45,1.585));
#3925 = VECTOR('',#3926,1.);
#3926 = DIRECTION('',(1.,0.,0.));
#3927 = ORIENTED_EDGE('',*,*,#3928,.T.);
#3928 = EDGE_CURVE('',#3921,#3929,#3931,.T.);
#3929 = VERTEX_POINT('',#3930);
#3930 = CARTESIAN_POINT('',(36.2,-10.5,1.585));
#3931 = LINE('',#3932,#3933);
#3932 = CARTESIAN_POINT('',(36.2,-11.45,1.585));
#3933 = VECTOR('',#3934,1.);
#3934 = DIRECTION('',(0.,1.,0.));
#3935 = ORIENTED_EDGE('',*,*,#3936,.T.);
#3936 = EDGE_CURVE('',#3929,#3876,#3937,.T.);
#3937 = LINE('',#3938,#3939);
#3938 = CARTESIAN_POINT('',(36.2,-10.5,1.585));
#3939 = VECTOR('',#3940,1.);
#3940 = DIRECTION('',(0.195090852694,0.980785174845,0.));
#3941 = PLANE('',#3942);
#3942 = AXIS2_PLACEMENT_3D('',#3943,#3944,#3945);
#3943 = CARTESIAN_POINT('',(0.,0.,1.585));
#3944 = DIRECTION('',(0.,0.,1.));
#3945 = DIRECTION('',(1.,0.,-0.));
#3946 = SHELL_BASED_SURFACE_MODEL('',(#3947));
#3947 = OPEN_SHELL('',(#3948));
#3948 = ADVANCED_FACE('',(#3949),#4035,.T.);
#3949 = FACE_BOUND('',#3950,.F.);
#3950 = EDGE_LOOP('',(#3951,#3962,#3970,#3979,#3987,#3995,#4003,#4012,
    #4020,#4029));
#3951 = ORIENTED_EDGE('',*,*,#3952,.T.);
#3952 = EDGE_CURVE('',#3953,#3955,#3957,.T.);
#3953 = VERTEX_POINT('',#3954);
#3954 = CARTESIAN_POINT('',(-48.545,-9.765,1.585));
#3955 = VERTEX_POINT('',#3956);
#3956 = CARTESIAN_POINT('',(-48.485,-9.705,1.585));
#3957 = CIRCLE('',#3958,5.99993201626E-02);
#3958 = AXIS2_PLACEMENT_3D('',#3959,#3960,#3961);
#3959 = CARTESIAN_POINT('',(-48.48500067984,-9.764999320159,1.585));
#3960 = DIRECTION('',(0.,0.,-1.));
#3961 = DIRECTION('',(-0.999999999936,-1.133081588457E-05,-0.));
#3962 = ORIENTED_EDGE('',*,*,#3963,.T.);
#3963 = EDGE_CURVE('',#3955,#3964,#3966,.T.);
#3964 = VERTEX_POINT('',#3965);
#3965 = CARTESIAN_POINT('',(-46.2,-9.705,1.585));
#3966 = LINE('',#3967,#3968);
#3967 = CARTESIAN_POINT('',(-48.485,-9.705,1.585));
#3968 = VECTOR('',#3969,1.);
#3969 = DIRECTION('',(1.,0.,0.));
#3970 = ORIENTED_EDGE('',*,*,#3971,.T.);
#3971 = EDGE_CURVE('',#3964,#3972,#3974,.T.);
#3972 = VERTEX_POINT('',#3973);
#3973 = CARTESIAN_POINT('',(-46.2,-9.825,1.585));
#3974 = CIRCLE('',#3975,6.000000000043E-02);
#3975 = AXIS2_PLACEMENT_3D('',#3976,#3977,#3978);
#3976 = CARTESIAN_POINT('',(-46.19999977441,-9.765,1.585));
#3977 = DIRECTION('',(0.,0.,-1.));
#3978 = DIRECTION('',(-3.759794016836E-06,0.999999999993,-0.));
#3979 = ORIENTED_EDGE('',*,*,#3980,.T.);
#3980 = EDGE_CURVE('',#3972,#3981,#3983,.T.);
#3981 = VERTEX_POINT('',#3982);
#3982 = CARTESIAN_POINT('',(-48.425,-9.825,1.585));
#3983 = LINE('',#3984,#3985);
#3984 = CARTESIAN_POINT('',(-46.2,-9.825,1.585));
#3985 = VECTOR('',#3986,1.);
#3986 = DIRECTION('',(-1.,0.,0.));
#3987 = ORIENTED_EDGE('',*,*,#3988,.T.);
#3988 = EDGE_CURVE('',#3981,#3989,#3991,.T.);
#3989 = VERTEX_POINT('',#3990);
#3990 = CARTESIAN_POINT('',(-48.425,-11.175,1.585));
#3991 = LINE('',#3992,#3993);
#3992 = CARTESIAN_POINT('',(-48.425,-9.825,1.585));
#3993 = VECTOR('',#3994,1.);
#3994 = DIRECTION('',(0.,-1.,0.));
#3995 = ORIENTED_EDGE('',*,*,#3996,.T.);
#3996 = EDGE_CURVE('',#3989,#3997,#3999,.T.);
#3997 = VERTEX_POINT('',#3998);
#3998 = CARTESIAN_POINT('',(-46.2,-11.175,1.585));
#3999 = LINE('',#4000,#4001);
#4000 = CARTESIAN_POINT('',(-48.425,-11.175,1.585));
#4001 = VECTOR('',#4002,1.);
#4002 = DIRECTION('',(1.,0.,0.));
#4003 = ORIENTED_EDGE('',*,*,#4004,.T.);
#4004 = EDGE_CURVE('',#3997,#4005,#4007,.T.);
#4005 = VERTEX_POINT('',#4006);
#4006 = CARTESIAN_POINT('',(-46.2,-11.295,1.585));
#4007 = CIRCLE('',#4008,6.000000000043E-02);
#4008 = AXIS2_PLACEMENT_3D('',#4009,#4010,#4011);
#4009 = CARTESIAN_POINT('',(-46.19999977441,-11.235,1.585));
#4010 = DIRECTION('',(0.,0.,-1.));
#4011 = DIRECTION('',(-3.759794016836E-06,0.999999999993,-0.));
#4012 = ORIENTED_EDGE('',*,*,#4013,.T.);
#4013 = EDGE_CURVE('',#4005,#4014,#4016,.T.);
#4014 = VERTEX_POINT('',#4015);
#4015 = CARTESIAN_POINT('',(-48.485,-11.295,1.585));
#4016 = LINE('',#4017,#4018);
#4017 = CARTESIAN_POINT('',(-46.2,-11.295,1.585));
#4018 = VECTOR('',#4019,1.);
#4019 = DIRECTION('',(-1.,0.,0.));
#4020 = ORIENTED_EDGE('',*,*,#4021,.T.);
#4021 = EDGE_CURVE('',#4014,#4022,#4024,.T.);
#4022 = VERTEX_POINT('',#4023);
#4023 = CARTESIAN_POINT('',(-48.545,-11.235,1.585));
#4024 = CIRCLE('',#4025,5.99993201626E-02);
#4025 = AXIS2_PLACEMENT_3D('',#4026,#4027,#4028);
#4026 = CARTESIAN_POINT('',(-48.48500067984,-11.23500067984,1.585));
#4027 = DIRECTION('',(0.,0.,-1.));
#4028 = DIRECTION('',(1.1330816003E-05,-0.999999999936,0.));
#4029 = ORIENTED_EDGE('',*,*,#4030,.T.);
#4030 = EDGE_CURVE('',#4022,#3953,#4031,.T.);
#4031 = LINE('',#4032,#4033);
#4032 = CARTESIAN_POINT('',(-48.545,-11.235,1.585));
#4033 = VECTOR('',#4034,1.);
#4034 = DIRECTION('',(0.,1.,0.));
#4035 = PLANE('',#4036);
#4036 = AXIS2_PLACEMENT_3D('',#4037,#4038,#4039);
#4037 = CARTESIAN_POINT('',(0.,0.,1.585));
#4038 = DIRECTION('',(0.,0.,1.));
#4039 = DIRECTION('',(1.,0.,-0.));
#4040 = SHELL_BASED_SURFACE_MODEL('',(#4041));
#4041 = OPEN_SHELL('',(#4042));
#4042 = ADVANCED_FACE('',(#4043),#4079,.T.);
#4043 = FACE_BOUND('',#4044,.F.);
#4044 = EDGE_LOOP('',(#4045,#4056,#4064,#4073));
#4045 = ORIENTED_EDGE('',*,*,#4046,.T.);
#4046 = EDGE_CURVE('',#4047,#4049,#4051,.T.);
#4047 = VERTEX_POINT('',#4048);
#4048 = CARTESIAN_POINT('',(-43.237258,-11.0825,1.585));
#4049 = VERTEX_POINT('',#4050);
#4050 = CARTESIAN_POINT('',(-43.237258,-10.9625,1.585));
#4051 = CIRCLE('',#4052,6.000000000043E-02);
#4052 = AXIS2_PLACEMENT_3D('',#4053,#4054,#4055);
#4053 = CARTESIAN_POINT('',(-43.23725822558,-11.0225,1.585));
#4054 = DIRECTION('',(0.,0.,-1.));
#4055 = DIRECTION('',(3.759794016836E-06,-0.999999999993,0.));
#4056 = ORIENTED_EDGE('',*,*,#4057,.T.);
#4057 = EDGE_CURVE('',#4049,#4058,#4060,.T.);
#4058 = VERTEX_POINT('',#4059);
#4059 = CARTESIAN_POINT('',(-42.762742,-10.9625,1.585));
#4060 = LINE('',#4061,#4062);
#4061 = CARTESIAN_POINT('',(-43.237258,-10.9625,1.585));
#4062 = VECTOR('',#4063,1.);
#4063 = DIRECTION('',(1.,0.,0.));
#4064 = ORIENTED_EDGE('',*,*,#4065,.T.);
#4065 = EDGE_CURVE('',#4058,#4066,#4068,.T.);
#4066 = VERTEX_POINT('',#4067);
#4067 = CARTESIAN_POINT('',(-42.762742,-11.0825,1.585));
#4068 = CIRCLE('',#4069,6.000000000043E-02);
#4069 = AXIS2_PLACEMENT_3D('',#4070,#4071,#4072);
#4070 = CARTESIAN_POINT('',(-42.76274177441,-11.0225,1.585));
#4071 = DIRECTION('',(0.,0.,-1.));
#4072 = DIRECTION('',(-3.759794016836E-06,0.999999999993,-0.));
#4073 = ORIENTED_EDGE('',*,*,#4074,.T.);
#4074 = EDGE_CURVE('',#4066,#4047,#4075,.T.);
#4075 = LINE('',#4076,#4077);
#4076 = CARTESIAN_POINT('',(-42.762742,-11.0825,1.585));
#4077 = VECTOR('',#4078,1.);
#4078 = DIRECTION('',(-1.,0.,0.));
#4079 = PLANE('',#4080);
#4080 = AXIS2_PLACEMENT_3D('',#4081,#4082,#4083);
#4081 = CARTESIAN_POINT('',(0.,0.,1.585));
#4082 = DIRECTION('',(0.,0.,1.));
#4083 = DIRECTION('',(1.,0.,-0.));
#4084 = SHELL_BASED_SURFACE_MODEL('',(#4085));
#4085 = OPEN_SHELL('',(#4086));
#4086 = ADVANCED_FACE('',(#4087),#4131,.T.);
#4087 = FACE_BOUND('',#4088,.F.);
#4088 = EDGE_LOOP('',(#4089,#4100,#4108,#4117,#4125));
#4089 = ORIENTED_EDGE('',*,*,#4090,.T.);
#4090 = EDGE_CURVE('',#4091,#4093,#4095,.T.);
#4091 = VERTEX_POINT('',#4092);
#4092 = CARTESIAN_POINT('',(-17.046194,-8.980866,1.585));
#4093 = VERTEX_POINT('',#4094);
#4094 = CARTESIAN_POINT('',(-16.95,-9.,1.585));
#4095 = CIRCLE('',#4096,4.999998452109E-02);
#4096 = AXIS2_PLACEMENT_3D('',#4097,#4098,#4099);
#4097 = CARTESIAN_POINT('',(-16.99999998452,-9.000000037369,1.585));
#4098 = DIRECTION('',(0.,0.,-1.));
#4099 = DIRECTION('',(-0.923880595592,0.382680865851,0.));
#4100 = ORIENTED_EDGE('',*,*,#4101,.T.);
#4101 = EDGE_CURVE('',#4093,#4102,#4104,.T.);
#4102 = VERTEX_POINT('',#4103);
#4103 = CARTESIAN_POINT('',(-16.95,-10.1,1.585));
#4104 = LINE('',#4105,#4106);
#4105 = CARTESIAN_POINT('',(-16.95,-9.,1.585));
#4106 = VECTOR('',#4107,1.);
#4107 = DIRECTION('',(0.,-1.,0.));
#4108 = ORIENTED_EDGE('',*,*,#4109,.T.);
#4109 = EDGE_CURVE('',#4102,#4110,#4112,.T.);
#4110 = VERTEX_POINT('',#4111);
#4111 = CARTESIAN_POINT('',(-17.05,-10.1,1.585));
#4112 = CIRCLE('',#4113,5.000000000002E-02);
#4113 = AXIS2_PLACEMENT_3D('',#4114,#4115,#4116);
#4114 = CARTESIAN_POINT('',(-17.,-10.09999995228,1.585));
#4115 = DIRECTION('',(-0.,0.,-1.));
#4116 = DIRECTION('',(1.,-9.542365120292E-07,-0.));
#4117 = ORIENTED_EDGE('',*,*,#4118,.T.);
#4118 = EDGE_CURVE('',#4110,#4119,#4121,.T.);
#4119 = VERTEX_POINT('',#4120);
#4120 = CARTESIAN_POINT('',(-17.05,-9.,1.585));
#4121 = LINE('',#4122,#4123);
#4122 = CARTESIAN_POINT('',(-17.05,-10.1,1.585));
#4123 = VECTOR('',#4124,1.);
#4124 = DIRECTION('',(0.,1.,0.));
#4125 = ORIENTED_EDGE('',*,*,#4126,.T.);
#4126 = EDGE_CURVE('',#4119,#4091,#4127,.T.);
#4127 = LINE('',#4128,#4129);
#4128 = CARTESIAN_POINT('',(-17.05,-9.,1.585));
#4129 = VECTOR('',#4130,1.);
#4130 = DIRECTION('',(0.195090852695,0.980785174845,0.));
#4131 = PLANE('',#4132);
#4132 = AXIS2_PLACEMENT_3D('',#4133,#4134,#4135);
#4133 = CARTESIAN_POINT('',(0.,0.,1.585));
#4134 = DIRECTION('',(0.,0.,1.));
#4135 = DIRECTION('',(1.,0.,-0.));
#4136 = SHELL_BASED_SURFACE_MODEL('',(#4137));
#4137 = OPEN_SHELL('',(#4138));
#4138 = ADVANCED_FACE('',(#4139),#4183,.T.);
#4139 = FACE_BOUND('',#4140,.F.);
#4140 = EDGE_LOOP('',(#4141,#4152,#4160,#4169,#4177));
#4141 = ORIENTED_EDGE('',*,*,#4142,.T.);
#4142 = EDGE_CURVE('',#4143,#4145,#4147,.T.);
#4143 = VERTEX_POINT('',#4144);
#4144 = CARTESIAN_POINT('',(0.703806,-8.980866,1.585));
#4145 = VERTEX_POINT('',#4146);
#4146 = CARTESIAN_POINT('',(0.8,-9.,1.585));
#4147 = CIRCLE('',#4148,4.999998452109E-02);
#4148 = AXIS2_PLACEMENT_3D('',#4149,#4150,#4151);
#4149 = CARTESIAN_POINT('',(0.750000015479,-9.000000037369,1.585));
#4150 = DIRECTION('',(0.,0.,-1.));
#4151 = DIRECTION('',(-0.923880595592,0.382680865851,0.));
#4152 = ORIENTED_EDGE('',*,*,#4153,.T.);
#4153 = EDGE_CURVE('',#4145,#4154,#4156,.T.);
#4154 = VERTEX_POINT('',#4155);
#4155 = CARTESIAN_POINT('',(0.8,-10.1,1.585));
#4156 = LINE('',#4157,#4158);
#4157 = CARTESIAN_POINT('',(0.8,-9.,1.585));
#4158 = VECTOR('',#4159,1.);
#4159 = DIRECTION('',(0.,-1.,0.));
#4160 = ORIENTED_EDGE('',*,*,#4161,.T.);
#4161 = EDGE_CURVE('',#4154,#4162,#4164,.T.);
#4162 = VERTEX_POINT('',#4163);
#4163 = CARTESIAN_POINT('',(0.7,-10.1,1.585));
#4164 = CIRCLE('',#4165,5.000000000002E-02);
#4165 = AXIS2_PLACEMENT_3D('',#4166,#4167,#4168);
#4166 = CARTESIAN_POINT('',(0.75,-10.09999995228,1.585));
#4167 = DIRECTION('',(-0.,0.,-1.));
#4168 = DIRECTION('',(1.,-9.542364765021E-07,-0.));
#4169 = ORIENTED_EDGE('',*,*,#4170,.T.);
#4170 = EDGE_CURVE('',#4162,#4171,#4173,.T.);
#4171 = VERTEX_POINT('',#4172);
#4172 = CARTESIAN_POINT('',(0.7,-9.,1.585));
#4173 = LINE('',#4174,#4175);
#4174 = CARTESIAN_POINT('',(0.7,-10.1,1.585));
#4175 = VECTOR('',#4176,1.);
#4176 = DIRECTION('',(0.,1.,0.));
#4177 = ORIENTED_EDGE('',*,*,#4178,.T.);
#4178 = EDGE_CURVE('',#4171,#4143,#4179,.T.);
#4179 = LINE('',#4180,#4181);
#4180 = CARTESIAN_POINT('',(0.7,-9.,1.585));
#4181 = VECTOR('',#4182,1.);
#4182 = DIRECTION('',(0.195090852695,0.980785174845,0.));
#4183 = PLANE('',#4184);
#4184 = AXIS2_PLACEMENT_3D('',#4185,#4186,#4187);
#4185 = CARTESIAN_POINT('',(0.,0.,1.585));
#4186 = DIRECTION('',(0.,0.,1.));
#4187 = DIRECTION('',(1.,0.,-0.));
#4188 = SHELL_BASED_SURFACE_MODEL('',(#4189));
#4189 = OPEN_SHELL('',(#4190));
#4190 = ADVANCED_FACE('',(#4191),#4235,.T.);
#4191 = FACE_BOUND('',#4192,.F.);
#4192 = EDGE_LOOP('',(#4193,#4204,#4212,#4221,#4229));
#4193 = ORIENTED_EDGE('',*,*,#4194,.T.);
#4194 = EDGE_CURVE('',#4195,#4197,#4199,.T.);
#4195 = VERTEX_POINT('',#4196);
#4196 = CARTESIAN_POINT('',(18.453806,-8.980866,1.585));
#4197 = VERTEX_POINT('',#4198);
#4198 = CARTESIAN_POINT('',(18.55,-9.,1.585));
#4199 = CIRCLE('',#4200,4.999998452109E-02);
#4200 = AXIS2_PLACEMENT_3D('',#4201,#4202,#4203);
#4201 = CARTESIAN_POINT('',(18.500000015479,-9.000000037369,1.585));
#4202 = DIRECTION('',(0.,0.,-1.));
#4203 = DIRECTION('',(-0.923880595592,0.382680865851,0.));
#4204 = ORIENTED_EDGE('',*,*,#4205,.T.);
#4205 = EDGE_CURVE('',#4197,#4206,#4208,.T.);
#4206 = VERTEX_POINT('',#4207);
#4207 = CARTESIAN_POINT('',(18.55,-10.1,1.585));
#4208 = LINE('',#4209,#4210);
#4209 = CARTESIAN_POINT('',(18.55,-9.,1.585));
#4210 = VECTOR('',#4211,1.);
#4211 = DIRECTION('',(0.,-1.,0.));
#4212 = ORIENTED_EDGE('',*,*,#4213,.T.);
#4213 = EDGE_CURVE('',#4206,#4214,#4216,.T.);
#4214 = VERTEX_POINT('',#4215);
#4215 = CARTESIAN_POINT('',(18.45,-10.1,1.585));
#4216 = CIRCLE('',#4217,5.000000000002E-02);
#4217 = AXIS2_PLACEMENT_3D('',#4218,#4219,#4220);
#4218 = CARTESIAN_POINT('',(18.5,-10.09999995228,1.585));
#4219 = DIRECTION('',(-0.,0.,-1.));
#4220 = DIRECTION('',(1.,-9.542365120292E-07,-0.));
#4221 = ORIENTED_EDGE('',*,*,#4222,.T.);
#4222 = EDGE_CURVE('',#4214,#4223,#4225,.T.);
#4223 = VERTEX_POINT('',#4224);
#4224 = CARTESIAN_POINT('',(18.45,-9.,1.585));
#4225 = LINE('',#4226,#4227);
#4226 = CARTESIAN_POINT('',(18.45,-10.1,1.585));
#4227 = VECTOR('',#4228,1.);
#4228 = DIRECTION('',(0.,1.,0.));
#4229 = ORIENTED_EDGE('',*,*,#4230,.T.);
#4230 = EDGE_CURVE('',#4223,#4195,#4231,.T.);
#4231 = LINE('',#4232,#4233);
#4232 = CARTESIAN_POINT('',(18.45,-9.,1.585));
#4233 = VECTOR('',#4234,1.);
#4234 = DIRECTION('',(0.195090852695,0.980785174845,0.));
#4235 = PLANE('',#4236);
#4236 = AXIS2_PLACEMENT_3D('',#4237,#4238,#4239);
#4237 = CARTESIAN_POINT('',(0.,0.,1.585));
#4238 = DIRECTION('',(0.,0.,1.));
#4239 = DIRECTION('',(1.,0.,-0.));
#4240 = SHELL_BASED_SURFACE_MODEL('',(#4241));
#4241 = OPEN_SHELL('',(#4242));
#4242 = ADVANCED_FACE('',(#4243),#4287,.T.);
#4243 = FACE_BOUND('',#4244,.F.);
#4244 = EDGE_LOOP('',(#4245,#4256,#4264,#4273,#4281));
#4245 = ORIENTED_EDGE('',*,*,#4246,.T.);
#4246 = EDGE_CURVE('',#4247,#4249,#4251,.T.);
#4247 = VERTEX_POINT('',#4248);
#4248 = CARTESIAN_POINT('',(36.203806,-8.980866,1.585));
#4249 = VERTEX_POINT('',#4250);
#4250 = CARTESIAN_POINT('',(36.3,-9.,1.585));
#4251 = CIRCLE('',#4252,4.999998452108E-02);
#4252 = AXIS2_PLACEMENT_3D('',#4253,#4254,#4255);
#4253 = CARTESIAN_POINT('',(36.250000015479,-9.000000037369,1.585));
#4254 = DIRECTION('',(0.,0.,-1.));
#4255 = DIRECTION('',(-0.923880595592,0.382680865851,0.));
#4256 = ORIENTED_EDGE('',*,*,#4257,.T.);
#4257 = EDGE_CURVE('',#4249,#4258,#4260,.T.);
#4258 = VERTEX_POINT('',#4259);
#4259 = CARTESIAN_POINT('',(36.3,-10.1,1.585));
#4260 = LINE('',#4261,#4262);
#4261 = CARTESIAN_POINT('',(36.3,-9.,1.585));
#4262 = VECTOR('',#4263,1.);
#4263 = DIRECTION('',(0.,-1.,0.));
#4264 = ORIENTED_EDGE('',*,*,#4265,.T.);
#4265 = EDGE_CURVE('',#4258,#4266,#4268,.T.);
#4266 = VERTEX_POINT('',#4267);
#4267 = CARTESIAN_POINT('',(36.2,-10.1,1.585));
#4268 = CIRCLE('',#4269,5.000000000002E-02);
#4269 = AXIS2_PLACEMENT_3D('',#4270,#4271,#4272);
#4270 = CARTESIAN_POINT('',(36.25,-10.09999995228,1.585));
#4271 = DIRECTION('',(-0.,0.,-1.));
#4272 = DIRECTION('',(1.,-9.542364054478E-07,-0.));
#4273 = ORIENTED_EDGE('',*,*,#4274,.T.);
#4274 = EDGE_CURVE('',#4266,#4275,#4277,.T.);
#4275 = VERTEX_POINT('',#4276);
#4276 = CARTESIAN_POINT('',(36.2,-9.,1.585));
#4277 = LINE('',#4278,#4279);
#4278 = CARTESIAN_POINT('',(36.2,-10.1,1.585));
#4279 = VECTOR('',#4280,1.);
#4280 = DIRECTION('',(0.,1.,0.));
#4281 = ORIENTED_EDGE('',*,*,#4282,.T.);
#4282 = EDGE_CURVE('',#4275,#4247,#4283,.T.);
#4283 = LINE('',#4284,#4285);
#4284 = CARTESIAN_POINT('',(36.2,-9.,1.585));
#4285 = VECTOR('',#4286,1.);
#4286 = DIRECTION('',(0.195090852694,0.980785174845,0.));
#4287 = PLANE('',#4288);
#4288 = AXIS2_PLACEMENT_3D('',#4289,#4290,#4291);
#4289 = CARTESIAN_POINT('',(0.,0.,1.585));
#4290 = DIRECTION('',(0.,0.,1.));
#4291 = DIRECTION('',(1.,0.,-0.));
#4292 = SHELL_BASED_SURFACE_MODEL('',(#4293));
#4293 = OPEN_SHELL('',(#4294));
#4294 = ADVANCED_FACE('',(#4295),#4339,.T.);
#4295 = FACE_BOUND('',#4296,.F.);
#4296 = EDGE_LOOP('',(#4297,#4308,#4316,#4325,#4333));
#4297 = ORIENTED_EDGE('',*,*,#4298,.T.);
#4298 = EDGE_CURVE('',#4299,#4301,#4303,.T.);
#4299 = VERTEX_POINT('',#4300);
#4300 = CARTESIAN_POINT('',(-27.046194,-8.880866,1.585));
#4301 = VERTEX_POINT('',#4302);
#4302 = CARTESIAN_POINT('',(-26.95,-8.9,1.585));
#4303 = CIRCLE('',#4304,4.999998452109E-02);
#4304 = AXIS2_PLACEMENT_3D('',#4305,#4306,#4307);
#4305 = CARTESIAN_POINT('',(-26.99999998452,-8.900000037369,1.585));
#4306 = DIRECTION('',(0.,0.,-1.));
#4307 = DIRECTION('',(-0.923880595592,0.382680865851,0.));
#4308 = ORIENTED_EDGE('',*,*,#4309,.T.);
#4309 = EDGE_CURVE('',#4301,#4310,#4312,.T.);
#4310 = VERTEX_POINT('',#4311);
#4311 = CARTESIAN_POINT('',(-26.95,-10.,1.585));
#4312 = LINE('',#4313,#4314);
#4313 = CARTESIAN_POINT('',(-26.95,-8.9,1.585));
#4314 = VECTOR('',#4315,1.);
#4315 = DIRECTION('',(0.,-1.,0.));
#4316 = ORIENTED_EDGE('',*,*,#4317,.T.);
#4317 = EDGE_CURVE('',#4310,#4318,#4320,.T.);
#4318 = VERTEX_POINT('',#4319);
#4319 = CARTESIAN_POINT('',(-27.05,-10.,1.585));
#4320 = CIRCLE('',#4321,5.000000000002E-02);
#4321 = AXIS2_PLACEMENT_3D('',#4322,#4323,#4324);
#4322 = CARTESIAN_POINT('',(-27.,-9.999999952288,1.585));
#4323 = DIRECTION('',(-0.,0.,-1.));
#4324 = DIRECTION('',(1.,-9.542365120292E-07,-0.));
#4325 = ORIENTED_EDGE('',*,*,#4326,.T.);
#4326 = EDGE_CURVE('',#4318,#4327,#4329,.T.);
#4327 = VERTEX_POINT('',#4328);
#4328 = CARTESIAN_POINT('',(-27.05,-8.9,1.585));
#4329 = LINE('',#4330,#4331);
#4330 = CARTESIAN_POINT('',(-27.05,-10.,1.585));
#4331 = VECTOR('',#4332,1.);
#4332 = DIRECTION('',(0.,1.,0.));
#4333 = ORIENTED_EDGE('',*,*,#4334,.T.);
#4334 = EDGE_CURVE('',#4327,#4299,#4335,.T.);
#4335 = LINE('',#4336,#4337);
#4336 = CARTESIAN_POINT('',(-27.05,-8.9,1.585));
#4337 = VECTOR('',#4338,1.);
#4338 = DIRECTION('',(0.195090852695,0.980785174845,0.));
#4339 = PLANE('',#4340);
#4340 = AXIS2_PLACEMENT_3D('',#4341,#4342,#4343);
#4341 = CARTESIAN_POINT('',(0.,0.,1.585));
#4342 = DIRECTION('',(0.,0.,1.));
#4343 = DIRECTION('',(1.,0.,-0.));
#4344 = SHELL_BASED_SURFACE_MODEL('',(#4345));
#4345 = OPEN_SHELL('',(#4346));
#4346 = ADVANCED_FACE('',(#4347),#4391,.T.);
#4347 = FACE_BOUND('',#4348,.F.);
#4348 = EDGE_LOOP('',(#4349,#4360,#4368,#4377,#4385));
#4349 = ORIENTED_EDGE('',*,*,#4350,.T.);
#4350 = EDGE_CURVE('',#4351,#4353,#4355,.T.);
#4351 = VERTEX_POINT('',#4352);
#4352 = CARTESIAN_POINT('',(-9.296194,-8.880866,1.585));
#4353 = VERTEX_POINT('',#4354);
#4354 = CARTESIAN_POINT('',(-9.2,-8.9,1.585));
#4355 = CIRCLE('',#4356,4.999998452109E-02);
#4356 = AXIS2_PLACEMENT_3D('',#4357,#4358,#4359);
#4357 = CARTESIAN_POINT('',(-9.249999984521,-8.900000037369,1.585));
#4358 = DIRECTION('',(0.,0.,-1.));
#4359 = DIRECTION('',(-0.923880595592,0.382680865851,0.));
#4360 = ORIENTED_EDGE('',*,*,#4361,.T.);
#4361 = EDGE_CURVE('',#4353,#4362,#4364,.T.);
#4362 = VERTEX_POINT('',#4363);
#4363 = CARTESIAN_POINT('',(-9.2,-10.,1.585));
#4364 = LINE('',#4365,#4366);
#4365 = CARTESIAN_POINT('',(-9.2,-8.9,1.585));
#4366 = VECTOR('',#4367,1.);
#4367 = DIRECTION('',(0.,-1.,0.));
#4368 = ORIENTED_EDGE('',*,*,#4369,.T.);
#4369 = EDGE_CURVE('',#4362,#4370,#4372,.T.);
#4370 = VERTEX_POINT('',#4371);
#4371 = CARTESIAN_POINT('',(-9.3,-10.,1.585));
#4372 = CIRCLE('',#4373,5.000000000002E-02);
#4373 = AXIS2_PLACEMENT_3D('',#4374,#4375,#4376);
#4374 = CARTESIAN_POINT('',(-9.25,-9.999999952288,1.585));
#4375 = DIRECTION('',(-0.,0.,-1.));
#4376 = DIRECTION('',(1.,-9.542365120292E-07,-0.));
#4377 = ORIENTED_EDGE('',*,*,#4378,.T.);
#4378 = EDGE_CURVE('',#4370,#4379,#4381,.T.);
#4379 = VERTEX_POINT('',#4380);
#4380 = CARTESIAN_POINT('',(-9.3,-8.9,1.585));
#4381 = LINE('',#4382,#4383);
#4382 = CARTESIAN_POINT('',(-9.3,-10.,1.585));
#4383 = VECTOR('',#4384,1.);
#4384 = DIRECTION('',(0.,1.,0.));
#4385 = ORIENTED_EDGE('',*,*,#4386,.T.);
#4386 = EDGE_CURVE('',#4379,#4351,#4387,.T.);
#4387 = LINE('',#4388,#4389);
#4388 = CARTESIAN_POINT('',(-9.3,-8.9,1.585));
#4389 = VECTOR('',#4390,1.);
#4390 = DIRECTION('',(0.195090852695,0.980785174845,0.));
#4391 = PLANE('',#4392);
#4392 = AXIS2_PLACEMENT_3D('',#4393,#4394,#4395);
#4393 = CARTESIAN_POINT('',(0.,0.,1.585));
#4394 = DIRECTION('',(0.,0.,1.));
#4395 = DIRECTION('',(1.,0.,-0.));
#4396 = SHELL_BASED_SURFACE_MODEL('',(#4397));
#4397 = OPEN_SHELL('',(#4398));
#4398 = ADVANCED_FACE('',(#4399),#4443,.T.);
#4399 = FACE_BOUND('',#4400,.F.);
#4400 = EDGE_LOOP('',(#4401,#4412,#4420,#4429,#4437));
#4401 = ORIENTED_EDGE('',*,*,#4402,.T.);
#4402 = EDGE_CURVE('',#4403,#4405,#4407,.T.);
#4403 = VERTEX_POINT('',#4404);
#4404 = CARTESIAN_POINT('',(8.453806,-8.880866,1.585));
#4405 = VERTEX_POINT('',#4406);
#4406 = CARTESIAN_POINT('',(8.55,-8.9,1.585));
#4407 = CIRCLE('',#4408,4.999998452109E-02);
#4408 = AXIS2_PLACEMENT_3D('',#4409,#4410,#4411);
#4409 = CARTESIAN_POINT('',(8.500000015479,-8.900000037369,1.585));
#4410 = DIRECTION('',(0.,0.,-1.));
#4411 = DIRECTION('',(-0.923880595592,0.382680865851,0.));
#4412 = ORIENTED_EDGE('',*,*,#4413,.T.);
#4413 = EDGE_CURVE('',#4405,#4414,#4416,.T.);
#4414 = VERTEX_POINT('',#4415);
#4415 = CARTESIAN_POINT('',(8.55,-10.,1.585));
#4416 = LINE('',#4417,#4418);
#4417 = CARTESIAN_POINT('',(8.55,-8.9,1.585));
#4418 = VECTOR('',#4419,1.);
#4419 = DIRECTION('',(0.,-1.,0.));
#4420 = ORIENTED_EDGE('',*,*,#4421,.T.);
#4421 = EDGE_CURVE('',#4414,#4422,#4424,.T.);
#4422 = VERTEX_POINT('',#4423);
#4423 = CARTESIAN_POINT('',(8.45,-10.,1.585));
#4424 = CIRCLE('',#4425,5.000000000002E-02);
#4425 = AXIS2_PLACEMENT_3D('',#4426,#4427,#4428);
#4426 = CARTESIAN_POINT('',(8.5,-9.999999952288,1.585));
#4427 = DIRECTION('',(-0.,0.,-1.));
#4428 = DIRECTION('',(1.,-9.542365120292E-07,-0.));
#4429 = ORIENTED_EDGE('',*,*,#4430,.T.);
#4430 = EDGE_CURVE('',#4422,#4431,#4433,.T.);
#4431 = VERTEX_POINT('',#4432);
#4432 = CARTESIAN_POINT('',(8.45,-8.9,1.585));
#4433 = LINE('',#4434,#4435);
#4434 = CARTESIAN_POINT('',(8.45,-10.,1.585));
#4435 = VECTOR('',#4436,1.);
#4436 = DIRECTION('',(0.,1.,0.));
#4437 = ORIENTED_EDGE('',*,*,#4438,.T.);
#4438 = EDGE_CURVE('',#4431,#4403,#4439,.T.);
#4439 = LINE('',#4440,#4441);
#4440 = CARTESIAN_POINT('',(8.45,-8.9,1.585));
#4441 = VECTOR('',#4442,1.);
#4442 = DIRECTION('',(0.195090852695,0.980785174845,0.));
#4443 = PLANE('',#4444);
#4444 = AXIS2_PLACEMENT_3D('',#4445,#4446,#4447);
#4445 = CARTESIAN_POINT('',(0.,0.,1.585));
#4446 = DIRECTION('',(0.,0.,1.));
#4447 = DIRECTION('',(1.,0.,-0.));
#4448 = SHELL_BASED_SURFACE_MODEL('',(#4449));
#4449 = OPEN_SHELL('',(#4450));
#4450 = ADVANCED_FACE('',(#4451),#4495,.T.);
#4451 = FACE_BOUND('',#4452,.F.);
#4452 = EDGE_LOOP('',(#4453,#4464,#4472,#4481,#4489));
#4453 = ORIENTED_EDGE('',*,*,#4454,.T.);
#4454 = EDGE_CURVE('',#4455,#4457,#4459,.T.);
#4455 = VERTEX_POINT('',#4456);
#4456 = CARTESIAN_POINT('',(26.203806,-8.880866,1.585));
#4457 = VERTEX_POINT('',#4458);
#4458 = CARTESIAN_POINT('',(26.3,-8.9,1.585));
#4459 = CIRCLE('',#4460,4.999998452109E-02);
#4460 = AXIS2_PLACEMENT_3D('',#4461,#4462,#4463);
#4461 = CARTESIAN_POINT('',(26.250000015479,-8.900000037369,1.585));
#4462 = DIRECTION('',(0.,0.,-1.));
#4463 = DIRECTION('',(-0.923880595592,0.382680865851,0.));
#4464 = ORIENTED_EDGE('',*,*,#4465,.T.);
#4465 = EDGE_CURVE('',#4457,#4466,#4468,.T.);
#4466 = VERTEX_POINT('',#4467);
#4467 = CARTESIAN_POINT('',(26.3,-10.,1.585));
#4468 = LINE('',#4469,#4470);
#4469 = CARTESIAN_POINT('',(26.3,-8.9,1.585));
#4470 = VECTOR('',#4471,1.);
#4471 = DIRECTION('',(0.,-1.,0.));
#4472 = ORIENTED_EDGE('',*,*,#4473,.T.);
#4473 = EDGE_CURVE('',#4466,#4474,#4476,.T.);
#4474 = VERTEX_POINT('',#4475);
#4475 = CARTESIAN_POINT('',(26.2,-10.,1.585));
#4476 = CIRCLE('',#4477,5.000000000002E-02);
#4477 = AXIS2_PLACEMENT_3D('',#4478,#4479,#4480);
#4478 = CARTESIAN_POINT('',(26.25,-9.999999952288,1.585));
#4479 = DIRECTION('',(-0.,0.,-1.));
#4480 = DIRECTION('',(1.,-9.542365120292E-07,-0.));
#4481 = ORIENTED_EDGE('',*,*,#4482,.T.);
#4482 = EDGE_CURVE('',#4474,#4483,#4485,.T.);
#4483 = VERTEX_POINT('',#4484);
#4484 = CARTESIAN_POINT('',(26.2,-8.9,1.585));
#4485 = LINE('',#4486,#4487);
#4486 = CARTESIAN_POINT('',(26.2,-10.,1.585));
#4487 = VECTOR('',#4488,1.);
#4488 = DIRECTION('',(0.,1.,0.));
#4489 = ORIENTED_EDGE('',*,*,#4490,.T.);
#4490 = EDGE_CURVE('',#4483,#4455,#4491,.T.);
#4491 = LINE('',#4492,#4493);
#4492 = CARTESIAN_POINT('',(26.2,-8.9,1.585));
#4493 = VECTOR('',#4494,1.);
#4494 = DIRECTION('',(0.195090852695,0.980785174845,0.));
#4495 = PLANE('',#4496);
#4496 = AXIS2_PLACEMENT_3D('',#4497,#4498,#4499);
#4497 = CARTESIAN_POINT('',(0.,0.,1.585));
#4498 = DIRECTION('',(0.,0.,1.));
#4499 = DIRECTION('',(1.,0.,-0.));
#4500 = SHELL_BASED_SURFACE_MODEL('',(#4501));
#4501 = OPEN_SHELL('',(#4502));
#4502 = ADVANCED_FACE('',(#4503),#4539,.T.);
#4503 = FACE_BOUND('',#4504,.F.);
#4504 = EDGE_LOOP('',(#4505,#4516,#4524,#4533));
#4505 = ORIENTED_EDGE('',*,*,#4506,.T.);
#4506 = EDGE_CURVE('',#4507,#4509,#4511,.T.);
#4507 = VERTEX_POINT('',#4508);
#4508 = CARTESIAN_POINT('',(-43.237258,-10.0375,1.585));
#4509 = VERTEX_POINT('',#4510);
#4510 = CARTESIAN_POINT('',(-43.237258,-9.9175,1.585));
#4511 = CIRCLE('',#4512,6.000000000043E-02);
#4512 = AXIS2_PLACEMENT_3D('',#4513,#4514,#4515);
#4513 = CARTESIAN_POINT('',(-43.23725822558,-9.9775,1.585));
#4514 = DIRECTION('',(0.,0.,-1.));
#4515 = DIRECTION('',(3.759794016836E-06,-0.999999999993,0.));
#4516 = ORIENTED_EDGE('',*,*,#4517,.T.);
#4517 = EDGE_CURVE('',#4509,#4518,#4520,.T.);
#4518 = VERTEX_POINT('',#4519);
#4519 = CARTESIAN_POINT('',(-42.762742,-9.9175,1.585));
#4520 = LINE('',#4521,#4522);
#4521 = CARTESIAN_POINT('',(-43.237258,-9.9175,1.585));
#4522 = VECTOR('',#4523,1.);
#4523 = DIRECTION('',(1.,0.,0.));
#4524 = ORIENTED_EDGE('',*,*,#4525,.T.);
#4525 = EDGE_CURVE('',#4518,#4526,#4528,.T.);
#4526 = VERTEX_POINT('',#4527);
#4527 = CARTESIAN_POINT('',(-42.762742,-10.0375,1.585));
#4528 = CIRCLE('',#4529,6.000000000043E-02);
#4529 = AXIS2_PLACEMENT_3D('',#4530,#4531,#4532);
#4530 = CARTESIAN_POINT('',(-42.76274177441,-9.9775,1.585));
#4531 = DIRECTION('',(0.,0.,-1.));
#4532 = DIRECTION('',(-3.759794016836E-06,0.999999999993,-0.));
#4533 = ORIENTED_EDGE('',*,*,#4534,.T.);
#4534 = EDGE_CURVE('',#4526,#4507,#4535,.T.);
#4535 = LINE('',#4536,#4537);
#4536 = CARTESIAN_POINT('',(-42.762742,-10.0375,1.585));
#4537 = VECTOR('',#4538,1.);
#4538 = DIRECTION('',(-1.,0.,0.));
#4539 = PLANE('',#4540);
#4540 = AXIS2_PLACEMENT_3D('',#4541,#4542,#4543);
#4541 = CARTESIAN_POINT('',(0.,0.,1.585));
#4542 = DIRECTION('',(0.,0.,1.));
#4543 = DIRECTION('',(1.,0.,-0.));
#4544 = SHELL_BASED_SURFACE_MODEL('',(#4545));
#4545 = OPEN_SHELL('',(#4546));
#4546 = ADVANCED_FACE('',(#4547),#4681,.T.);
#4547 = FACE_BOUND('',#4548,.F.);
#4548 = EDGE_LOOP('',(#4549,#4559,#4567,#4576,#4584,#4592,#4601,#4609,
    #4618,#4626,#4634,#4642,#4650,#4659,#4667,#4675));
#4549 = ORIENTED_EDGE('',*,*,#4550,.T.);
#4550 = EDGE_CURVE('',#4551,#4553,#4555,.T.);
#4551 = VERTEX_POINT('',#4552);
#4552 = CARTESIAN_POINT('',(-46.553088,-8.471841,1.585));
#4553 = VERTEX_POINT('',#4554);
#4554 = CARTESIAN_POINT('',(-46.514632,-8.45126,1.585));
#4555 = LINE('',#4556,#4557);
#4556 = CARTESIAN_POINT('',(-46.553088,-8.471841,1.585));
#4557 = VECTOR('',#4558,1.);
#4558 = DIRECTION('',(0.881674852639,0.471857451169,0.));
#4559 = ORIENTED_EDGE('',*,*,#4560,.T.);
#4560 = EDGE_CURVE('',#4553,#4561,#4563,.T.);
#4561 = VERTEX_POINT('',#4562);
#4562 = CARTESIAN_POINT('',(-46.492795,-8.45126,1.585));
#4563 = LINE('',#4564,#4565);
#4564 = CARTESIAN_POINT('',(-46.514632,-8.45126,1.585));
#4565 = VECTOR('',#4566,1.);
#4566 = DIRECTION('',(1.,0.,0.));
#4567 = ORIENTED_EDGE('',*,*,#4568,.T.);
#4568 = EDGE_CURVE('',#4561,#4569,#4571,.T.);
#4569 = VERTEX_POINT('',#4570);
#4570 = CARTESIAN_POINT('',(-46.425,-8.524819,1.585));
#4571 = CIRCLE('',#4572,7.216898094228E-02);
#4572 = AXIS2_PLACEMENT_3D('',#4573,#4574,#4575);
#4573 = CARTESIAN_POINT('',(-46.4971529361,-8.523297283424,1.585));
#4574 = DIRECTION('',(0.,0.,-1.));
#4575 = DIRECTION('',(6.038516895255E-02,0.998175150648,0.));
#4576 = ORIENTED_EDGE('',*,*,#4577,.T.);
#4577 = EDGE_CURVE('',#4569,#4578,#4580,.T.);
#4578 = VERTEX_POINT('',#4579);
#4579 = CARTESIAN_POINT('',(-46.425,-9.449819,1.585));
#4580 = LINE('',#4581,#4582);
#4581 = CARTESIAN_POINT('',(-46.425,-8.524819,1.585));
#4582 = VECTOR('',#4583,1.);
#4583 = DIRECTION('',(0.,-1.,0.));
#4584 = ORIENTED_EDGE('',*,*,#4585,.T.);
#4585 = EDGE_CURVE('',#4578,#4586,#4588,.T.);
#4586 = VERTEX_POINT('',#4587);
#4587 = CARTESIAN_POINT('',(-46.199654,-9.45126,1.585));
#4588 = LINE('',#4589,#4590);
#4589 = CARTESIAN_POINT('',(-46.425,-9.449819,1.585));
#4590 = VECTOR('',#4591,1.);
#4591 = DIRECTION('',(0.999979555102,-6.394480216655E-03,0.));
#4592 = ORIENTED_EDGE('',*,*,#4593,.T.);
#4593 = EDGE_CURVE('',#4586,#4594,#4596,.T.);
#4594 = VERTEX_POINT('',#4595);
#4595 = CARTESIAN_POINT('',(-46.214286,-9.599819,1.585));
#4596 = CIRCLE('',#4597,7.500006711464E-02);
#4597 = AXIS2_PLACEMENT_3D('',#4598,#4599,#4600);
#4598 = CARTESIAN_POINT('',(-46.21428593288,-9.524818932885,1.585));
#4599 = DIRECTION('',(0.,0.,-1.));
#4600 = DIRECTION('',(0.195092263891,0.980784894138,0.));
#4601 = ORIENTED_EDGE('',*,*,#4602,.T.);
#4602 = EDGE_CURVE('',#4594,#4603,#4605,.T.);
#4603 = VERTEX_POINT('',#4604);
#4604 = CARTESIAN_POINT('',(-46.800346,-9.598378,1.585));
#4605 = LINE('',#4606,#4607);
#4606 = CARTESIAN_POINT('',(-46.214286,-9.599819,1.585));
#4607 = VECTOR('',#4608,1.);
#4608 = DIRECTION('',(-0.999996977183,2.458785182611E-03,0.));
#4609 = ORIENTED_EDGE('',*,*,#4610,.T.);
#4610 = EDGE_CURVE('',#4603,#4611,#4613,.T.);
#4611 = VERTEX_POINT('',#4612);
#4612 = CARTESIAN_POINT('',(-46.785714,-9.449819,1.585));
#4613 = CIRCLE('',#4614,7.500006711464E-02);
#4614 = AXIS2_PLACEMENT_3D('',#4615,#4616,#4617);
#4615 = CARTESIAN_POINT('',(-46.78571406711,-9.524819067115,1.585));
#4616 = DIRECTION('',(0.,0.,-1.));
#4617 = DIRECTION('',(-0.195092263891,-0.980784894138,-0.));
#4618 = ORIENTED_EDGE('',*,*,#4619,.T.);
#4619 = EDGE_CURVE('',#4611,#4620,#4622,.T.);
#4620 = VERTEX_POINT('',#4621);
#4621 = CARTESIAN_POINT('',(-46.575,-9.449819,1.585));
#4622 = LINE('',#4623,#4624);
#4623 = CARTESIAN_POINT('',(-46.785714,-9.449819,1.585));
#4624 = VECTOR('',#4625,1.);
#4625 = DIRECTION('',(1.,0.,0.));
#4626 = ORIENTED_EDGE('',*,*,#4627,.T.);
#4627 = EDGE_CURVE('',#4620,#4628,#4630,.T.);
#4628 = VERTEX_POINT('',#4629);
#4629 = CARTESIAN_POINT('',(-46.575,-8.753504,1.585));
#4630 = LINE('',#4631,#4632);
#4631 = CARTESIAN_POINT('',(-46.575,-9.449819,1.585));
#4632 = VECTOR('',#4633,1.);
#4633 = DIRECTION('',(0.,1.,0.));
#4634 = ORIENTED_EDGE('',*,*,#4635,.T.);
#4635 = EDGE_CURVE('',#4628,#4636,#4638,.T.);
#4636 = VERTEX_POINT('',#4637);
#4637 = CARTESIAN_POINT('',(-46.650636,-8.826031,1.585));
#4638 = LINE('',#4639,#4640);
#4639 = CARTESIAN_POINT('',(-46.575,-8.753504,1.585));
#4640 = VECTOR('',#4641,1.);
#4641 = DIRECTION('',(-0.721785571396,-0.692116745156,0.));
#4642 = ORIENTED_EDGE('',*,*,#4643,.T.);
#4643 = EDGE_CURVE('',#4636,#4644,#4646,.T.);
#4644 = VERTEX_POINT('',#4645);
#4645 = CARTESIAN_POINT('',(-46.765905,-8.88287,1.585));
#4646 = LINE('',#4647,#4648);
#4647 = CARTESIAN_POINT('',(-46.650636,-8.826031,1.585));
#4648 = VECTOR('',#4649,1.);
#4649 = DIRECTION('',(-0.896889346494,-0.442255017094,0.));
#4650 = ORIENTED_EDGE('',*,*,#4651,.T.);
#4651 = EDGE_CURVE('',#4644,#4652,#4654,.T.);
#4652 = VERTEX_POINT('',#4653);
#4653 = CARTESIAN_POINT('',(-46.819255,-8.743451,1.585));
#4654 = CIRCLE('',#4655,7.500005272362E-02);
#4655 = AXIS2_PLACEMENT_3D('',#4656,#4657,#4658);
#4656 = CARTESIAN_POINT('',(-46.78571444324,-8.810533329721,1.585));
#4657 = DIRECTION('',(0.,0.,-1.));
#4658 = DIRECTION('',(0.264125724196,-0.964488259036,0.));
#4659 = ORIENTED_EDGE('',*,*,#4660,.T.);
#4660 = EDGE_CURVE('',#4652,#4661,#4663,.T.);
#4661 = VERTEX_POINT('',#4662);
#4662 = CARTESIAN_POINT('',(-46.734903,-8.701275,1.585));
#4663 = LINE('',#4664,#4665);
#4664 = CARTESIAN_POINT('',(-46.819255,-8.743451,1.585));
#4665 = VECTOR('',#4666,1.);
#4666 = DIRECTION('',(0.894427191,0.4472135955,0.));
#4667 = ORIENTED_EDGE('',*,*,#4668,.T.);
#4668 = EDGE_CURVE('',#4661,#4669,#4671,.T.);
#4669 = VERTEX_POINT('',#4670);
#4670 = CARTESIAN_POINT('',(-46.653524,-8.619896,1.585));
#4671 = LINE('',#4672,#4673);
#4672 = CARTESIAN_POINT('',(-46.734903,-8.701275,1.585));
#4673 = VECTOR('',#4674,1.);
#4674 = DIRECTION('',(0.707106781187,0.707106781187,0.));
#4675 = ORIENTED_EDGE('',*,*,#4676,.T.);
#4676 = EDGE_CURVE('',#4669,#4551,#4677,.T.);
#4677 = LINE('',#4678,#4679);
#4678 = CARTESIAN_POINT('',(-46.653524,-8.619896,1.585));
#4679 = VECTOR('',#4680,1.);
#4680 = DIRECTION('',(0.561387006404,0.82755339951,0.));
#4681 = PLANE('',#4682);
#4682 = AXIS2_PLACEMENT_3D('',#4683,#4684,#4685);
#4683 = CARTESIAN_POINT('',(0.,0.,1.585));
#4684 = DIRECTION('',(0.,0.,1.));
#4685 = DIRECTION('',(1.,0.,-0.));
#4686 = SHELL_BASED_SURFACE_MODEL('',(#4687));
#4687 = OPEN_SHELL('',(#4688));
#4688 = ADVANCED_FACE('',(#4689),#4823,.T.);
#4689 = FACE_BOUND('',#4690,.F.);
#4690 = EDGE_LOOP('',(#4691,#4701,#4709,#4718,#4726,#4734,#4743,#4751,
    #4760,#4768,#4776,#4784,#4792,#4801,#4809,#4817));
#4691 = ORIENTED_EDGE('',*,*,#4692,.T.);
#4692 = EDGE_CURVE('',#4693,#4695,#4697,.T.);
#4693 = VERTEX_POINT('',#4694);
#4694 = CARTESIAN_POINT('',(-42.553088,-8.471841,1.585));
#4695 = VERTEX_POINT('',#4696);
#4696 = CARTESIAN_POINT('',(-42.514632,-8.45126,1.585));
#4697 = LINE('',#4698,#4699);
#4698 = CARTESIAN_POINT('',(-42.553088,-8.471841,1.585));
#4699 = VECTOR('',#4700,1.);
#4700 = DIRECTION('',(0.881674852639,0.471857451169,0.));
#4701 = ORIENTED_EDGE('',*,*,#4702,.T.);
#4702 = EDGE_CURVE('',#4695,#4703,#4705,.T.);
#4703 = VERTEX_POINT('',#4704);
#4704 = CARTESIAN_POINT('',(-42.492795,-8.45126,1.585));
#4705 = LINE('',#4706,#4707);
#4706 = CARTESIAN_POINT('',(-42.514632,-8.45126,1.585));
#4707 = VECTOR('',#4708,1.);
#4708 = DIRECTION('',(1.,0.,0.));
#4709 = ORIENTED_EDGE('',*,*,#4710,.T.);
#4710 = EDGE_CURVE('',#4703,#4711,#4713,.T.);
#4711 = VERTEX_POINT('',#4712);
#4712 = CARTESIAN_POINT('',(-42.425,-8.524819,1.585));
#4713 = CIRCLE('',#4714,7.216898094228E-02);
#4714 = AXIS2_PLACEMENT_3D('',#4715,#4716,#4717);
#4715 = CARTESIAN_POINT('',(-42.4971529361,-8.523297283424,1.585));
#4716 = DIRECTION('',(0.,0.,-1.));
#4717 = DIRECTION('',(6.038516895255E-02,0.998175150648,0.));
#4718 = ORIENTED_EDGE('',*,*,#4719,.T.);
#4719 = EDGE_CURVE('',#4711,#4720,#4722,.T.);
#4720 = VERTEX_POINT('',#4721);
#4721 = CARTESIAN_POINT('',(-42.425,-9.449819,1.585));
#4722 = LINE('',#4723,#4724);
#4723 = CARTESIAN_POINT('',(-42.425,-8.524819,1.585));
#4724 = VECTOR('',#4725,1.);
#4725 = DIRECTION('',(0.,-1.,0.));
#4726 = ORIENTED_EDGE('',*,*,#4727,.T.);
#4727 = EDGE_CURVE('',#4720,#4728,#4730,.T.);
#4728 = VERTEX_POINT('',#4729);
#4729 = CARTESIAN_POINT('',(-42.199654,-9.45126,1.585));
#4730 = LINE('',#4731,#4732);
#4731 = CARTESIAN_POINT('',(-42.425,-9.449819,1.585));
#4732 = VECTOR('',#4733,1.);
#4733 = DIRECTION('',(0.999979555102,-6.394480216655E-03,0.));
#4734 = ORIENTED_EDGE('',*,*,#4735,.T.);
#4735 = EDGE_CURVE('',#4728,#4736,#4738,.T.);
#4736 = VERTEX_POINT('',#4737);
#4737 = CARTESIAN_POINT('',(-42.214286,-9.599819,1.585));
#4738 = CIRCLE('',#4739,7.500006711464E-02);
#4739 = AXIS2_PLACEMENT_3D('',#4740,#4741,#4742);
#4740 = CARTESIAN_POINT('',(-42.21428593288,-9.524818932885,1.585));
#4741 = DIRECTION('',(0.,0.,-1.));
#4742 = DIRECTION('',(0.195092263891,0.980784894138,0.));
#4743 = ORIENTED_EDGE('',*,*,#4744,.T.);
#4744 = EDGE_CURVE('',#4736,#4745,#4747,.T.);
#4745 = VERTEX_POINT('',#4746);
#4746 = CARTESIAN_POINT('',(-42.800346,-9.598378,1.585));
#4747 = LINE('',#4748,#4749);
#4748 = CARTESIAN_POINT('',(-42.214286,-9.599819,1.585));
#4749 = VECTOR('',#4750,1.);
#4750 = DIRECTION('',(-0.999996977183,2.458785182611E-03,0.));
#4751 = ORIENTED_EDGE('',*,*,#4752,.T.);
#4752 = EDGE_CURVE('',#4745,#4753,#4755,.T.);
#4753 = VERTEX_POINT('',#4754);
#4754 = CARTESIAN_POINT('',(-42.785714,-9.449819,1.585));
#4755 = CIRCLE('',#4756,7.500006711464E-02);
#4756 = AXIS2_PLACEMENT_3D('',#4757,#4758,#4759);
#4757 = CARTESIAN_POINT('',(-42.78571406711,-9.524819067115,1.585));
#4758 = DIRECTION('',(0.,0.,-1.));
#4759 = DIRECTION('',(-0.195092263891,-0.980784894138,-0.));
#4760 = ORIENTED_EDGE('',*,*,#4761,.T.);
#4761 = EDGE_CURVE('',#4753,#4762,#4764,.T.);
#4762 = VERTEX_POINT('',#4763);
#4763 = CARTESIAN_POINT('',(-42.575,-9.449819,1.585));
#4764 = LINE('',#4765,#4766);
#4765 = CARTESIAN_POINT('',(-42.785714,-9.449819,1.585));
#4766 = VECTOR('',#4767,1.);
#4767 = DIRECTION('',(1.,0.,0.));
#4768 = ORIENTED_EDGE('',*,*,#4769,.T.);
#4769 = EDGE_CURVE('',#4762,#4770,#4772,.T.);
#4770 = VERTEX_POINT('',#4771);
#4771 = CARTESIAN_POINT('',(-42.575,-8.753504,1.585));
#4772 = LINE('',#4773,#4774);
#4773 = CARTESIAN_POINT('',(-42.575,-9.449819,1.585));
#4774 = VECTOR('',#4775,1.);
#4775 = DIRECTION('',(0.,1.,0.));
#4776 = ORIENTED_EDGE('',*,*,#4777,.T.);
#4777 = EDGE_CURVE('',#4770,#4778,#4780,.T.);
#4778 = VERTEX_POINT('',#4779);
#4779 = CARTESIAN_POINT('',(-42.650636,-8.826031,1.585));
#4780 = LINE('',#4781,#4782);
#4781 = CARTESIAN_POINT('',(-42.575,-8.753504,1.585));
#4782 = VECTOR('',#4783,1.);
#4783 = DIRECTION('',(-0.721785571396,-0.692116745156,0.));
#4784 = ORIENTED_EDGE('',*,*,#4785,.T.);
#4785 = EDGE_CURVE('',#4778,#4786,#4788,.T.);
#4786 = VERTEX_POINT('',#4787);
#4787 = CARTESIAN_POINT('',(-42.765905,-8.88287,1.585));
#4788 = LINE('',#4789,#4790);
#4789 = CARTESIAN_POINT('',(-42.650636,-8.826031,1.585));
#4790 = VECTOR('',#4791,1.);
#4791 = DIRECTION('',(-0.896889346494,-0.442255017094,0.));
#4792 = ORIENTED_EDGE('',*,*,#4793,.T.);
#4793 = EDGE_CURVE('',#4786,#4794,#4796,.T.);
#4794 = VERTEX_POINT('',#4795);
#4795 = CARTESIAN_POINT('',(-42.819255,-8.743451,1.585));
#4796 = CIRCLE('',#4797,7.500005272362E-02);
#4797 = AXIS2_PLACEMENT_3D('',#4798,#4799,#4800);
#4798 = CARTESIAN_POINT('',(-42.78571444324,-8.810533329721,1.585));
#4799 = DIRECTION('',(0.,0.,-1.));
#4800 = DIRECTION('',(0.264125724196,-0.964488259036,0.));
#4801 = ORIENTED_EDGE('',*,*,#4802,.T.);
#4802 = EDGE_CURVE('',#4794,#4803,#4805,.T.);
#4803 = VERTEX_POINT('',#4804);
#4804 = CARTESIAN_POINT('',(-42.734903,-8.701275,1.585));
#4805 = LINE('',#4806,#4807);
#4806 = CARTESIAN_POINT('',(-42.819255,-8.743451,1.585));
#4807 = VECTOR('',#4808,1.);
#4808 = DIRECTION('',(0.894427191,0.4472135955,0.));
#4809 = ORIENTED_EDGE('',*,*,#4810,.T.);
#4810 = EDGE_CURVE('',#4803,#4811,#4813,.T.);
#4811 = VERTEX_POINT('',#4812);
#4812 = CARTESIAN_POINT('',(-42.653524,-8.619896,1.585));
#4813 = LINE('',#4814,#4815);
#4814 = CARTESIAN_POINT('',(-42.734903,-8.701275,1.585));
#4815 = VECTOR('',#4816,1.);
#4816 = DIRECTION('',(0.707106781187,0.707106781187,0.));
#4817 = ORIENTED_EDGE('',*,*,#4818,.T.);
#4818 = EDGE_CURVE('',#4811,#4693,#4819,.T.);
#4819 = LINE('',#4820,#4821);
#4820 = CARTESIAN_POINT('',(-42.653524,-8.619896,1.585));
#4821 = VECTOR('',#4822,1.);
#4822 = DIRECTION('',(0.561387006404,0.82755339951,0.));
#4823 = PLANE('',#4824);
#4824 = AXIS2_PLACEMENT_3D('',#4825,#4826,#4827);
#4825 = CARTESIAN_POINT('',(0.,0.,1.585));
#4826 = DIRECTION('',(0.,0.,1.));
#4827 = DIRECTION('',(1.,0.,-0.));
#4828 = SHELL_BASED_SURFACE_MODEL('',(#4829));
#4829 = OPEN_SHELL('',(#4830));
#4830 = ADVANCED_FACE('',(#4831,#4942),#4994,.T.);
#4831 = FACE_BOUND('',#4832,.F.);
#4832 = EDGE_LOOP('',(#4833,#4844,#4852,#4861,#4869,#4878,#4886,#4894,
    #4903,#4911,#4919,#4927,#4936));
#4833 = ORIENTED_EDGE('',*,*,#4834,.T.);
#4834 = EDGE_CURVE('',#4835,#4837,#4839,.T.);
#4835 = VERTEX_POINT('',#4836);
#4836 = CARTESIAN_POINT('',(-43.811654,-8.510187,1.585));
#4837 = VERTEX_POINT('',#4838);
#4838 = CARTESIAN_POINT('',(-43.738095,-8.449819,1.585));
#4839 = CIRCLE('',#4840,7.500074938985E-02);
#4840 = AXIS2_PLACEMENT_3D('',#4841,#4842,#4843);
#4841 = CARTESIAN_POINT('',(-43.73809453389,-8.524819749388,1.585));
#4842 = DIRECTION('',(0.,0.,-1.));
#4843 = DIRECTION('',(-0.980783081614,0.195101375752,0.));
#4844 = ORIENTED_EDGE('',*,*,#4845,.T.);
#4845 = EDGE_CURVE('',#4837,#4846,#4848,.T.);
#4846 = VERTEX_POINT('',#4847);
#4847 = CARTESIAN_POINT('',(-43.342511,-8.45126,1.585));
#4848 = LINE('',#4849,#4850);
#4849 = CARTESIAN_POINT('',(-43.738095,-8.449819,1.585));
#4850 = VECTOR('',#4851,1.);
#4851 = DIRECTION('',(0.999993365378,-3.64269141196E-03,0.));
#4852 = ORIENTED_EDGE('',*,*,#4853,.T.);
#4853 = EDGE_CURVE('',#4846,#4854,#4856,.T.);
#4854 = VERTEX_POINT('',#4855);
#4855 = CARTESIAN_POINT('',(-43.093108,-8.700663,1.585));
#4856 = CIRCLE('',#4857,0.347870264855);
#4857 = AXIS2_PLACEMENT_3D('',#4858,#4859,#4860);
#4858 = CARTESIAN_POINT('',(-43.42983873497,-8.787990734972,1.585));
#4859 = DIRECTION('',(0.,0.,-1.));
#4860 = DIRECTION('',(0.251035353678,0.967977918758,0.));
#4861 = ORIENTED_EDGE('',*,*,#4862,.T.);
#4862 = EDGE_CURVE('',#4854,#4863,#4865,.T.);
#4863 = VERTEX_POINT('',#4864);
#4864 = CARTESIAN_POINT('',(-43.09433,-8.877962,1.585));
#4865 = LINE('',#4866,#4867);
#4866 = CARTESIAN_POINT('',(-43.093108,-8.700663,1.585));
#4867 = VECTOR('',#4868,1.);
#4868 = DIRECTION('',(-6.892148157132E-03,-0.999976248865,0.));
#4869 = ORIENTED_EDGE('',*,*,#4870,.T.);
#4870 = EDGE_CURVE('',#4863,#4871,#4873,.T.);
#4871 = VERTEX_POINT('',#4872);
#4872 = CARTESIAN_POINT('',(-43.342511,-9.122187,1.585));
#4873 = CIRCLE('',#4874,0.348632345848);
#4874 = AXIS2_PLACEMENT_3D('',#4875,#4876,#4877);
#4875 = CARTESIAN_POINT('',(-43.43027980596,-8.784783459308,1.585));
#4876 = DIRECTION('',(0.,0.,-1.));
#4877 = DIRECTION('',(0.963622021775,-0.267268776985,0.));
#4878 = ORIENTED_EDGE('',*,*,#4879,.T.);
#4879 = EDGE_CURVE('',#4871,#4880,#4882,.T.);
#4880 = VERTEX_POINT('',#4881);
#4881 = CARTESIAN_POINT('',(-43.356028,-9.123518,1.585));
#4882 = LINE('',#4883,#4884);
#4883 = CARTESIAN_POINT('',(-43.342511,-9.122187,1.585));
#4884 = VECTOR('',#4885,1.);
#4885 = DIRECTION('',(-0.995186940545,-9.79946598998E-02,0.));
#4886 = ORIENTED_EDGE('',*,*,#4887,.T.);
#4887 = EDGE_CURVE('',#4880,#4888,#4890,.T.);
#4888 = VERTEX_POINT('',#4889);
#4889 = CARTESIAN_POINT('',(-43.098014,-9.494623,1.585));
#4890 = LINE('',#4891,#4892);
#4891 = CARTESIAN_POINT('',(-43.356028,-9.123518,1.585));
#4892 = VECTOR('',#4893,1.);
#4893 = DIRECTION('',(0.570846789809,-0.821056601316,0.));
#4894 = ORIENTED_EDGE('',*,*,#4895,.T.);
#4895 = EDGE_CURVE('',#4888,#4896,#4898,.T.);
#4896 = VERTEX_POINT('',#4897);
#4897 = CARTESIAN_POINT('',(-43.228109,-9.567829,1.585));
#4898 = CIRCLE('',#4899,7.500005951702E-02);
#4899 = AXIS2_PLACEMENT_3D('',#4900,#4901,#4902);
#4900 = CARTESIAN_POINT('',(-43.16666693705,-9.524818747396,1.585));
#4901 = DIRECTION('',(0.,0.,-1.));
#4902 = DIRECTION('',(0.915371767708,0.402609645791,0.));
#4903 = ORIENTED_EDGE('',*,*,#4904,.T.);
#4904 = EDGE_CURVE('',#4896,#4905,#4907,.T.);
#4905 = VERTEX_POINT('',#4906);
#4906 = CARTESIAN_POINT('',(-43.539049,-9.123628,1.585));
#4907 = LINE('',#4908,#4909);
#4908 = CARTESIAN_POINT('',(-43.228109,-9.567829,1.585));
#4909 = VECTOR('',#4910,1.);
#4910 = DIRECTION('',(-0.573461477921,0.819232527028,0.));
#4911 = ORIENTED_EDGE('',*,*,#4912,.T.);
#4912 = EDGE_CURVE('',#4905,#4913,#4915,.T.);
#4913 = VERTEX_POINT('',#4914);
#4914 = CARTESIAN_POINT('',(-43.663095,-9.123628,1.585));
#4915 = LINE('',#4916,#4917);
#4916 = CARTESIAN_POINT('',(-43.539049,-9.123628,1.585));
#4917 = VECTOR('',#4918,1.);
#4918 = DIRECTION('',(-1.,0.,0.));
#4919 = ORIENTED_EDGE('',*,*,#4920,.T.);
#4920 = EDGE_CURVE('',#4913,#4921,#4923,.T.);
#4921 = VERTEX_POINT('',#4922);
#4922 = CARTESIAN_POINT('',(-43.664536,-9.539451,1.585));
#4923 = LINE('',#4924,#4925);
#4924 = CARTESIAN_POINT('',(-43.663095,-9.123628,1.585));
#4925 = VECTOR('',#4926,1.);
#4926 = DIRECTION('',(-3.465395967783E-03,-0.999993995497,0.));
#4927 = ORIENTED_EDGE('',*,*,#4928,.T.);
#4928 = EDGE_CURVE('',#4921,#4929,#4931,.T.);
#4929 = VERTEX_POINT('',#4930);
#4930 = CARTESIAN_POINT('',(-43.813095,-9.524819,1.585));
#4931 = CIRCLE('',#4932,7.500006711464E-02);
#4932 = AXIS2_PLACEMENT_3D('',#4933,#4934,#4935);
#4933 = CARTESIAN_POINT('',(-43.73809493288,-9.524819067115,1.585));
#4934 = DIRECTION('',(-0.,0.,-1.));
#4935 = DIRECTION('',(0.980784894138,-0.195092263891,-0.));
#4936 = ORIENTED_EDGE('',*,*,#4937,.T.);
#4937 = EDGE_CURVE('',#4929,#4835,#4938,.T.);
#4938 = LINE('',#4939,#4940);
#4939 = CARTESIAN_POINT('',(-43.813095,-9.524819,1.585));
#4940 = VECTOR('',#4941,1.);
#4941 = DIRECTION('',(1.420217918158E-03,0.99999899149,0.));
#4942 = FACE_BOUND('',#4943,.F.);
#4943 = EDGE_LOOP('',(#4944,#4955,#4963,#4971,#4979,#4988));
#4944 = ORIENTED_EDGE('',*,*,#4945,.T.);
#4945 = EDGE_CURVE('',#4946,#4948,#4950,.T.);
#4946 = VERTEX_POINT('',#4947);
#4947 = CARTESIAN_POINT('',(-43.241667,-8.733,1.585));
#4948 = VERTEX_POINT('',#4949);
#4949 = CARTESIAN_POINT('',(-43.374848,-8.599819,1.585));
#4950 = CIRCLE('',#4951,0.18686440374);
#4951 = AXIS2_PLACEMENT_3D('',#4952,#4953,#4954);
#4952 = CARTESIAN_POINT('',(-43.422384,-8.780536,1.585));
#4953 = DIRECTION('',(0.,0.,1.));
#4954 = DIRECTION('',(0.967102328658,0.254387668538,-0.));
#4955 = ORIENTED_EDGE('',*,*,#4956,.T.);
#4956 = EDGE_CURVE('',#4948,#4957,#4959,.T.);
#4957 = VERTEX_POINT('',#4958);
#4958 = CARTESIAN_POINT('',(-43.663095,-8.599819,1.585));
#4959 = LINE('',#4960,#4961);
#4960 = CARTESIAN_POINT('',(-43.374848,-8.599819,1.585));
#4961 = VECTOR('',#4962,1.);
#4962 = DIRECTION('',(-1.,0.,0.));
#4963 = ORIENTED_EDGE('',*,*,#4964,.T.);
#4964 = EDGE_CURVE('',#4957,#4965,#4967,.T.);
#4965 = VERTEX_POINT('',#4966);
#4966 = CARTESIAN_POINT('',(-43.663095,-8.973628,1.585));
#4967 = LINE('',#4968,#4969);
#4968 = CARTESIAN_POINT('',(-43.663095,-8.599819,1.585));
#4969 = VECTOR('',#4970,1.);
#4970 = DIRECTION('',(0.,-1.,0.));
#4971 = ORIENTED_EDGE('',*,*,#4972,.T.);
#4972 = EDGE_CURVE('',#4965,#4973,#4975,.T.);
#4973 = VERTEX_POINT('',#4974);
#4974 = CARTESIAN_POINT('',(-43.374848,-8.973628,1.585));
#4975 = LINE('',#4976,#4977);
#4976 = CARTESIAN_POINT('',(-43.663095,-8.973628,1.585));
#4977 = VECTOR('',#4978,1.);
#4978 = DIRECTION('',(1.,0.,0.));
#4979 = ORIENTED_EDGE('',*,*,#4980,.T.);
#4980 = EDGE_CURVE('',#4973,#4981,#4983,.T.);
#4981 = VERTEX_POINT('',#4982);
#4982 = CARTESIAN_POINT('',(-43.241667,-8.840447,1.585));
#4983 = CIRCLE('',#4984,0.18686440374);
#4984 = AXIS2_PLACEMENT_3D('',#4985,#4986,#4987);
#4985 = CARTESIAN_POINT('',(-43.422384,-8.792911,1.585));
#4986 = DIRECTION('',(0.,0.,1.));
#4987 = DIRECTION('',(0.254387668537,-0.967102328658,0.));
#4988 = ORIENTED_EDGE('',*,*,#4989,.T.);
#4989 = EDGE_CURVE('',#4981,#4946,#4990,.T.);
#4990 = LINE('',#4991,#4992);
#4991 = CARTESIAN_POINT('',(-43.241667,-8.840447,1.585));
#4992 = VECTOR('',#4993,1.);
#4993 = DIRECTION('',(0.,1.,0.));
#4994 = PLANE('',#4995);
#4995 = AXIS2_PLACEMENT_3D('',#4996,#4997,#4998);
#4996 = CARTESIAN_POINT('',(0.,0.,1.585));
#4997 = DIRECTION('',(0.,0.,1.));
#4998 = DIRECTION('',(1.,0.,-0.));
#4999 = SHELL_BASED_SURFACE_MODEL('',(#5000));
#5000 = OPEN_SHELL('',(#5001));
#5001 = ADVANCED_FACE('',(#5002,#5118),#5201,.T.);
#5002 = FACE_BOUND('',#5003,.F.);
#5003 = EDGE_LOOP('',(#5004,#5015,#5023,#5031,#5039,#5047,#5055,#5063,
    #5071,#5079,#5087,#5095,#5103,#5112));
#5004 = ORIENTED_EDGE('',*,*,#5005,.T.);
#5005 = EDGE_CURVE('',#5006,#5008,#5010,.T.);
#5006 = VERTEX_POINT('',#5007);
#5007 = CARTESIAN_POINT('',(-47.811654,-8.510187,1.585));
#5008 = VERTEX_POINT('',#5009);
#5009 = CARTESIAN_POINT('',(-47.738095,-8.449819,1.585));
#5010 = CIRCLE('',#5011,7.500074938985E-02);
#5011 = AXIS2_PLACEMENT_3D('',#5012,#5013,#5014);
#5012 = CARTESIAN_POINT('',(-47.73809453389,-8.524819749388,1.585));
#5013 = DIRECTION('',(0.,0.,-1.));
#5014 = DIRECTION('',(-0.980783081614,0.195101375752,0.));
#5015 = ORIENTED_EDGE('',*,*,#5016,.T.);
#5016 = EDGE_CURVE('',#5008,#5017,#5019,.T.);
#5017 = VERTEX_POINT('',#5018);
#5018 = CARTESIAN_POINT('',(-47.492595,-8.450548,1.585));
#5019 = LINE('',#5020,#5021);
#5020 = CARTESIAN_POINT('',(-47.738095,-8.449819,1.585));
#5021 = VECTOR('',#5022,1.);
#5022 = DIRECTION('',(0.999995591212,-2.969437010157E-03,0.));
#5023 = ORIENTED_EDGE('',*,*,#5024,.T.);
#5024 = EDGE_CURVE('',#5017,#5025,#5027,.T.);
#5025 = VERTEX_POINT('',#5026);
#5026 = CARTESIAN_POINT('',(-47.315475,-8.510078,1.585));
#5027 = LINE('',#5028,#5029);
#5028 = CARTESIAN_POINT('',(-47.492595,-8.450548,1.585));
#5029 = VECTOR('',#5030,1.);
#5030 = DIRECTION('',(0.947893661994,-0.318586888542,0.));
#5031 = ORIENTED_EDGE('',*,*,#5032,.T.);
#5032 = EDGE_CURVE('',#5025,#5033,#5035,.T.);
#5033 = VERTEX_POINT('',#5034);
#5034 = CARTESIAN_POINT('',(-47.198786,-8.62784,1.585));
#5035 = LINE('',#5036,#5037);
#5036 = CARTESIAN_POINT('',(-47.315475,-8.510078,1.585));
#5037 = VECTOR('',#5038,1.);
#5038 = DIRECTION('',(0.703863230025,-0.710335521721,0.));
#5039 = ORIENTED_EDGE('',*,*,#5040,.T.);
#5040 = EDGE_CURVE('',#5033,#5041,#5043,.T.);
#5041 = VERTEX_POINT('',#5042);
#5042 = CARTESIAN_POINT('',(-47.141525,-8.744724,1.585));
#5043 = LINE('',#5044,#5045);
#5044 = CARTESIAN_POINT('',(-47.198786,-8.62784,1.585));
#5045 = VECTOR('',#5046,1.);
#5046 = DIRECTION('',(0.439939908708,-0.8980272138,0.));
#5047 = ORIENTED_EDGE('',*,*,#5048,.T.);
#5048 = EDGE_CURVE('',#5041,#5049,#5051,.T.);
#5049 = VERTEX_POINT('',#5050);
#5050 = CARTESIAN_POINT('',(-47.091667,-8.95339,1.585));
#5051 = LINE('',#5052,#5053);
#5052 = CARTESIAN_POINT('',(-47.141525,-8.744724,1.585));
#5053 = VECTOR('',#5054,1.);
#5054 = DIRECTION('',(0.232395123349,-0.972621461126,0.));
#5055 = ORIENTED_EDGE('',*,*,#5056,.T.);
#5056 = EDGE_CURVE('',#5049,#5057,#5059,.T.);
#5057 = VERTEX_POINT('',#5058);
#5058 = CARTESIAN_POINT('',(-47.093906,-9.114437,1.585));
#5059 = LINE('',#5060,#5061);
#5060 = CARTESIAN_POINT('',(-47.091667,-8.95339,1.585));
#5061 = VECTOR('',#5062,1.);
#5062 = DIRECTION('',(-1.390143030563E-02,-0.999903370449,0.));
#5063 = ORIENTED_EDGE('',*,*,#5064,.T.);
#5064 = EDGE_CURVE('',#5057,#5065,#5067,.T.);
#5065 = VERTEX_POINT('',#5066);
#5066 = CARTESIAN_POINT('',(-47.147204,-9.320264,1.585));
#5067 = LINE('',#5068,#5069);
#5068 = CARTESIAN_POINT('',(-47.093906,-9.114437,1.585));
#5069 = VECTOR('',#5070,1.);
#5070 = DIRECTION('',(-0.250677645339,-0.968070616292,0.));
#5071 = ORIENTED_EDGE('',*,*,#5072,.T.);
#5072 = EDGE_CURVE('',#5065,#5073,#5075,.T.);
#5073 = VERTEX_POINT('',#5074);
#5074 = CARTESIAN_POINT('',(-47.204154,-9.429244,1.585));
#5075 = LINE('',#5076,#5077);
#5076 = CARTESIAN_POINT('',(-47.147204,-9.320264,1.585));
#5077 = VECTOR('',#5078,1.);
#5078 = DIRECTION('',(-0.463146784147,-0.886281589752,0.));
#5079 = ORIENTED_EDGE('',*,*,#5080,.T.);
#5080 = EDGE_CURVE('',#5073,#5081,#5083,.T.);
#5081 = VERTEX_POINT('',#5082);
#5082 = CARTESIAN_POINT('',(-47.320001,-9.542357,1.585));
#5083 = LINE('',#5084,#5085);
#5084 = CARTESIAN_POINT('',(-47.204154,-9.429244,1.585));
#5085 = VECTOR('',#5086,1.);
#5086 = DIRECTION('',(-0.715499299798,-0.698613449619,0.));
#5087 = ORIENTED_EDGE('',*,*,#5088,.T.);
#5088 = EDGE_CURVE('',#5081,#5089,#5091,.T.);
#5089 = VERTEX_POINT('',#5090);
#5090 = CARTESIAN_POINT('',(-47.492595,-9.599089,1.585));
#5091 = LINE('',#5092,#5093);
#5092 = CARTESIAN_POINT('',(-47.320001,-9.542357,1.585));
#5093 = VECTOR('',#5094,1.);
#5094 = DIRECTION('',(-0.949994945594,-0.312265277202,0.));
#5095 = ORIENTED_EDGE('',*,*,#5096,.T.);
#5096 = EDGE_CURVE('',#5089,#5097,#5099,.T.);
#5097 = VERTEX_POINT('',#5098);
#5098 = CARTESIAN_POINT('',(-47.752727,-9.598378,1.585));
#5099 = LINE('',#5100,#5101);
#5100 = CARTESIAN_POINT('',(-47.492595,-9.599089,1.585));
#5101 = VECTOR('',#5102,1.);
#5102 = DIRECTION('',(-0.999996264754,2.733217536632E-03,0.));
#5103 = ORIENTED_EDGE('',*,*,#5104,.T.);
#5104 = EDGE_CURVE('',#5097,#5105,#5107,.T.);
#5105 = VERTEX_POINT('',#5106);
#5106 = CARTESIAN_POINT('',(-47.813095,-9.524819,1.585));
#5107 = CIRCLE('',#5108,7.500074938985E-02);
#5108 = AXIS2_PLACEMENT_3D('',#5109,#5110,#5111);
#5109 = CARTESIAN_POINT('',(-47.73809425061,-9.52481853389,1.585));
#5110 = DIRECTION('',(0.,0.,-1.));
#5111 = DIRECTION('',(-0.195101375752,-0.980783081614,-0.));
#5112 = ORIENTED_EDGE('',*,*,#5113,.T.);
#5113 = EDGE_CURVE('',#5105,#5006,#5114,.T.);
#5114 = LINE('',#5115,#5116);
#5115 = CARTESIAN_POINT('',(-47.813095,-9.524819,1.585));
#5116 = VECTOR('',#5117,1.);
#5117 = DIRECTION('',(1.420217918158E-03,0.99999899149,0.));
#5118 = FACE_BOUND('',#5119,.F.);
#5119 = EDGE_LOOP('',(#5120,#5130,#5138,#5146,#5154,#5162,#5170,#5179,
    #5187,#5195));
#5120 = ORIENTED_EDGE('',*,*,#5121,.T.);
#5121 = EDGE_CURVE('',#5122,#5124,#5126,.T.);
#5122 = VERTEX_POINT('',#5123);
#5123 = CARTESIAN_POINT('',(-47.397657,-8.63799,1.585));
#5124 = VERTEX_POINT('',#5125);
#5125 = CARTESIAN_POINT('',(-47.51217,-8.599819,1.585));
#5126 = LINE('',#5127,#5128);
#5127 = CARTESIAN_POINT('',(-47.397657,-8.63799,1.585));
#5128 = VECTOR('',#5129,1.);
#5129 = DIRECTION('',(-0.948683298051,0.316227766017,0.));
#5130 = ORIENTED_EDGE('',*,*,#5131,.T.);
#5131 = EDGE_CURVE('',#5124,#5132,#5134,.T.);
#5132 = VERTEX_POINT('',#5133);
#5133 = CARTESIAN_POINT('',(-47.663095,-8.599819,1.585));
#5134 = LINE('',#5135,#5136);
#5135 = CARTESIAN_POINT('',(-47.51217,-8.599819,1.585));
#5136 = VECTOR('',#5137,1.);
#5137 = DIRECTION('',(-1.,0.,0.));
#5138 = ORIENTED_EDGE('',*,*,#5139,.T.);
#5139 = EDGE_CURVE('',#5132,#5140,#5142,.T.);
#5140 = VERTEX_POINT('',#5141);
#5141 = CARTESIAN_POINT('',(-47.663095,-9.449819,1.585));
#5142 = LINE('',#5143,#5144);
#5143 = CARTESIAN_POINT('',(-47.663095,-8.599819,1.585));
#5144 = VECTOR('',#5145,1.);
#5145 = DIRECTION('',(0.,-1.,0.));
#5146 = ORIENTED_EDGE('',*,*,#5147,.T.);
#5147 = EDGE_CURVE('',#5140,#5148,#5150,.T.);
#5148 = VERTEX_POINT('',#5149);
#5149 = CARTESIAN_POINT('',(-47.51217,-9.449819,1.585));
#5150 = LINE('',#5151,#5152);
#5151 = CARTESIAN_POINT('',(-47.663095,-9.449819,1.585));
#5152 = VECTOR('',#5153,1.);
#5153 = DIRECTION('',(1.,0.,0.));
#5154 = ORIENTED_EDGE('',*,*,#5155,.T.);
#5155 = EDGE_CURVE('',#5148,#5156,#5158,.T.);
#5156 = VERTEX_POINT('',#5157);
#5157 = CARTESIAN_POINT('',(-47.397657,-9.411647,1.585));
#5158 = LINE('',#5159,#5160);
#5159 = CARTESIAN_POINT('',(-47.51217,-9.449819,1.585));
#5160 = VECTOR('',#5161,1.);
#5161 = DIRECTION('',(0.948680812677,0.31623522204,0.));
#5162 = ORIENTED_EDGE('',*,*,#5163,.T.);
#5163 = EDGE_CURVE('',#5156,#5164,#5166,.T.);
#5164 = VERTEX_POINT('',#5165);
#5165 = CARTESIAN_POINT('',(-47.323545,-9.337534,1.585));
#5166 = LINE('',#5167,#5168);
#5167 = CARTESIAN_POINT('',(-47.397657,-9.411647,1.585));
#5168 = VECTOR('',#5169,1.);
#5169 = DIRECTION('',(0.707102010674,0.707111551667,0.));
#5170 = ORIENTED_EDGE('',*,*,#5171,.T.);
#5171 = EDGE_CURVE('',#5164,#5172,#5174,.T.);
#5172 = VERTEX_POINT('',#5173);
#5173 = CARTESIAN_POINT('',(-47.241667,-8.962624,1.585));
#5174 = CIRCLE('',#5175,0.611719141131);
#5175 = AXIS2_PLACEMENT_3D('',#5176,#5177,#5178);
#5176 = CARTESIAN_POINT('',(-47.85007903775,-9.02614643649,1.585));
#5177 = DIRECTION('',(0.,0.,1.));
#5178 = DIRECTION('',(0.860744747637,-0.509036815383,0.));
#5179 = ORIENTED_EDGE('',*,*,#5180,.T.);
#5180 = EDGE_CURVE('',#5172,#5181,#5183,.T.);
#5181 = VERTEX_POINT('',#5182);
#5182 = CARTESIAN_POINT('',(-47.285051,-8.78909,1.585));
#5183 = LINE('',#5184,#5185);
#5184 = CARTESIAN_POINT('',(-47.241667,-8.962624,1.585));
#5185 = VECTOR('',#5186,1.);
#5186 = DIRECTION('',(-0.242538255859,0.970141842436,0.));
#5187 = ORIENTED_EDGE('',*,*,#5188,.T.);
#5188 = EDGE_CURVE('',#5181,#5189,#5191,.T.);
#5189 = VERTEX_POINT('',#5190);
#5190 = CARTESIAN_POINT('',(-47.323544,-8.712103,1.585));
#5191 = LINE('',#5192,#5193);
#5192 = CARTESIAN_POINT('',(-47.285051,-8.78909,1.585));
#5193 = VECTOR('',#5194,1.);
#5194 = DIRECTION('',(-0.447208948322,0.894429514574,0.));
#5195 = ORIENTED_EDGE('',*,*,#5196,.T.);
#5196 = EDGE_CURVE('',#5189,#5122,#5197,.T.);
#5197 = LINE('',#5198,#5199);
#5198 = CARTESIAN_POINT('',(-47.323544,-8.712103,1.585));
#5199 = VECTOR('',#5200,1.);
#5200 = DIRECTION('',(-0.707106781187,0.707106781187,0.));
#5201 = PLANE('',#5202);
#5202 = AXIS2_PLACEMENT_3D('',#5203,#5204,#5205);
#5203 = CARTESIAN_POINT('',(0.,0.,1.585));
#5204 = DIRECTION('',(0.,0.,1.));
#5205 = DIRECTION('',(1.,0.,-0.));
#5206 = SHELL_BASED_SURFACE_MODEL('',(#5207));
#5207 = OPEN_SHELL('',(#5208));
#5208 = ADVANCED_FACE('',(#5209),#5253,.T.);
#5209 = FACE_BOUND('',#5210,.F.);
#5210 = EDGE_LOOP('',(#5211,#5222,#5230,#5239,#5247));
#5211 = ORIENTED_EDGE('',*,*,#5212,.T.);
#5212 = EDGE_CURVE('',#5213,#5215,#5217,.T.);
#5213 = VERTEX_POINT('',#5214);
#5214 = CARTESIAN_POINT('',(-17.046194,-7.480866,1.585));
#5215 = VERTEX_POINT('',#5216);
#5216 = CARTESIAN_POINT('',(-16.95,-7.5,1.585));
#5217 = CIRCLE('',#5218,4.999998452109E-02);
#5218 = AXIS2_PLACEMENT_3D('',#5219,#5220,#5221);
#5219 = CARTESIAN_POINT('',(-16.99999998452,-7.500000037369,1.585));
#5220 = DIRECTION('',(0.,0.,-1.));
#5221 = DIRECTION('',(-0.923880595592,0.382680865851,0.));
#5222 = ORIENTED_EDGE('',*,*,#5223,.T.);
#5223 = EDGE_CURVE('',#5215,#5224,#5226,.T.);
#5224 = VERTEX_POINT('',#5225);
#5225 = CARTESIAN_POINT('',(-16.95,-8.6,1.585));
#5226 = LINE('',#5227,#5228);
#5227 = CARTESIAN_POINT('',(-16.95,-7.5,1.585));
#5228 = VECTOR('',#5229,1.);
#5229 = DIRECTION('',(0.,-1.,0.));
#5230 = ORIENTED_EDGE('',*,*,#5231,.T.);
#5231 = EDGE_CURVE('',#5224,#5232,#5234,.T.);
#5232 = VERTEX_POINT('',#5233);
#5233 = CARTESIAN_POINT('',(-17.05,-8.6,1.585));
#5234 = CIRCLE('',#5235,5.000000000002E-02);
#5235 = AXIS2_PLACEMENT_3D('',#5236,#5237,#5238);
#5236 = CARTESIAN_POINT('',(-17.,-8.599999952288,1.585));
#5237 = DIRECTION('',(-0.,0.,-1.));
#5238 = DIRECTION('',(1.,-9.542365120292E-07,-0.));
#5239 = ORIENTED_EDGE('',*,*,#5240,.T.);
#5240 = EDGE_CURVE('',#5232,#5241,#5243,.T.);
#5241 = VERTEX_POINT('',#5242);
#5242 = CARTESIAN_POINT('',(-17.05,-7.5,1.585));
#5243 = LINE('',#5244,#5245);
#5244 = CARTESIAN_POINT('',(-17.05,-8.6,1.585));
#5245 = VECTOR('',#5246,1.);
#5246 = DIRECTION('',(0.,1.,0.));
#5247 = ORIENTED_EDGE('',*,*,#5248,.T.);
#5248 = EDGE_CURVE('',#5241,#5213,#5249,.T.);
#5249 = LINE('',#5250,#5251);
#5250 = CARTESIAN_POINT('',(-17.05,-7.5,1.585));
#5251 = VECTOR('',#5252,1.);
#5252 = DIRECTION('',(0.195090852695,0.980785174845,0.));
#5253 = PLANE('',#5254);
#5254 = AXIS2_PLACEMENT_3D('',#5255,#5256,#5257);
#5255 = CARTESIAN_POINT('',(0.,0.,1.585));
#5256 = DIRECTION('',(0.,0.,1.));
#5257 = DIRECTION('',(1.,0.,-0.));
#5258 = SHELL_BASED_SURFACE_MODEL('',(#5259));
#5259 = OPEN_SHELL('',(#5260));
#5260 = ADVANCED_FACE('',(#5261),#5305,.T.);
#5261 = FACE_BOUND('',#5262,.F.);
#5262 = EDGE_LOOP('',(#5263,#5274,#5282,#5291,#5299));
#5263 = ORIENTED_EDGE('',*,*,#5264,.T.);
#5264 = EDGE_CURVE('',#5265,#5267,#5269,.T.);
#5265 = VERTEX_POINT('',#5266);
#5266 = CARTESIAN_POINT('',(0.703806,-7.480866,1.585));
#5267 = VERTEX_POINT('',#5268);
#5268 = CARTESIAN_POINT('',(0.8,-7.5,1.585));
#5269 = CIRCLE('',#5270,4.999998452109E-02);
#5270 = AXIS2_PLACEMENT_3D('',#5271,#5272,#5273);
#5271 = CARTESIAN_POINT('',(0.750000015479,-7.500000037369,1.585));
#5272 = DIRECTION('',(0.,0.,-1.));
#5273 = DIRECTION('',(-0.923880595592,0.382680865851,0.));
#5274 = ORIENTED_EDGE('',*,*,#5275,.T.);
#5275 = EDGE_CURVE('',#5267,#5276,#5278,.T.);
#5276 = VERTEX_POINT('',#5277);
#5277 = CARTESIAN_POINT('',(0.8,-8.6,1.585));
#5278 = LINE('',#5279,#5280);
#5279 = CARTESIAN_POINT('',(0.8,-7.5,1.585));
#5280 = VECTOR('',#5281,1.);
#5281 = DIRECTION('',(0.,-1.,0.));
#5282 = ORIENTED_EDGE('',*,*,#5283,.T.);
#5283 = EDGE_CURVE('',#5276,#5284,#5286,.T.);
#5284 = VERTEX_POINT('',#5285);
#5285 = CARTESIAN_POINT('',(0.7,-8.6,1.585));
#5286 = CIRCLE('',#5287,5.000000000002E-02);
#5287 = AXIS2_PLACEMENT_3D('',#5288,#5289,#5290);
#5288 = CARTESIAN_POINT('',(0.75,-8.599999952288,1.585));
#5289 = DIRECTION('',(-0.,0.,-1.));
#5290 = DIRECTION('',(1.,-9.542364765021E-07,-0.));
#5291 = ORIENTED_EDGE('',*,*,#5292,.T.);
#5292 = EDGE_CURVE('',#5284,#5293,#5295,.T.);
#5293 = VERTEX_POINT('',#5294);
#5294 = CARTESIAN_POINT('',(0.7,-7.5,1.585));
#5295 = LINE('',#5296,#5297);
#5296 = CARTESIAN_POINT('',(0.7,-8.6,1.585));
#5297 = VECTOR('',#5298,1.);
#5298 = DIRECTION('',(0.,1.,0.));
#5299 = ORIENTED_EDGE('',*,*,#5300,.T.);
#5300 = EDGE_CURVE('',#5293,#5265,#5301,.T.);
#5301 = LINE('',#5302,#5303);
#5302 = CARTESIAN_POINT('',(0.7,-7.5,1.585));
#5303 = VECTOR('',#5304,1.);
#5304 = DIRECTION('',(0.195090852695,0.980785174845,0.));
#5305 = PLANE('',#5306);
#5306 = AXIS2_PLACEMENT_3D('',#5307,#5308,#5309);
#5307 = CARTESIAN_POINT('',(0.,0.,1.585));
#5308 = DIRECTION('',(0.,0.,1.));
#5309 = DIRECTION('',(1.,0.,-0.));
#5310 = SHELL_BASED_SURFACE_MODEL('',(#5311));
#5311 = OPEN_SHELL('',(#5312));
#5312 = ADVANCED_FACE('',(#5313),#5357,.T.);
#5313 = FACE_BOUND('',#5314,.F.);
#5314 = EDGE_LOOP('',(#5315,#5326,#5334,#5343,#5351));
#5315 = ORIENTED_EDGE('',*,*,#5316,.T.);
#5316 = EDGE_CURVE('',#5317,#5319,#5321,.T.);
#5317 = VERTEX_POINT('',#5318);
#5318 = CARTESIAN_POINT('',(18.453806,-7.480866,1.585));
#5319 = VERTEX_POINT('',#5320);
#5320 = CARTESIAN_POINT('',(18.55,-7.5,1.585));
#5321 = CIRCLE('',#5322,4.999998452109E-02);
#5322 = AXIS2_PLACEMENT_3D('',#5323,#5324,#5325);
#5323 = CARTESIAN_POINT('',(18.500000015479,-7.500000037369,1.585));
#5324 = DIRECTION('',(0.,0.,-1.));
#5325 = DIRECTION('',(-0.923880595592,0.382680865851,0.));
#5326 = ORIENTED_EDGE('',*,*,#5327,.T.);
#5327 = EDGE_CURVE('',#5319,#5328,#5330,.T.);
#5328 = VERTEX_POINT('',#5329);
#5329 = CARTESIAN_POINT('',(18.55,-8.6,1.585));
#5330 = LINE('',#5331,#5332);
#5331 = CARTESIAN_POINT('',(18.55,-7.5,1.585));
#5332 = VECTOR('',#5333,1.);
#5333 = DIRECTION('',(0.,-1.,0.));
#5334 = ORIENTED_EDGE('',*,*,#5335,.T.);
#5335 = EDGE_CURVE('',#5328,#5336,#5338,.T.);
#5336 = VERTEX_POINT('',#5337);
#5337 = CARTESIAN_POINT('',(18.45,-8.6,1.585));
#5338 = CIRCLE('',#5339,5.000000000002E-02);
#5339 = AXIS2_PLACEMENT_3D('',#5340,#5341,#5342);
#5340 = CARTESIAN_POINT('',(18.5,-8.599999952288,1.585));
#5341 = DIRECTION('',(-0.,0.,-1.));
#5342 = DIRECTION('',(1.,-9.542365120292E-07,-0.));
#5343 = ORIENTED_EDGE('',*,*,#5344,.T.);
#5344 = EDGE_CURVE('',#5336,#5345,#5347,.T.);
#5345 = VERTEX_POINT('',#5346);
#5346 = CARTESIAN_POINT('',(18.45,-7.5,1.585));
#5347 = LINE('',#5348,#5349);
#5348 = CARTESIAN_POINT('',(18.45,-8.6,1.585));
#5349 = VECTOR('',#5350,1.);
#5350 = DIRECTION('',(0.,1.,0.));
#5351 = ORIENTED_EDGE('',*,*,#5352,.T.);
#5352 = EDGE_CURVE('',#5345,#5317,#5353,.T.);
#5353 = LINE('',#5354,#5355);
#5354 = CARTESIAN_POINT('',(18.45,-7.5,1.585));
#5355 = VECTOR('',#5356,1.);
#5356 = DIRECTION('',(0.195090852695,0.980785174845,0.));
#5357 = PLANE('',#5358);
#5358 = AXIS2_PLACEMENT_3D('',#5359,#5360,#5361);
#5359 = CARTESIAN_POINT('',(0.,0.,1.585));
#5360 = DIRECTION('',(0.,0.,1.));
#5361 = DIRECTION('',(1.,0.,-0.));
#5362 = SHELL_BASED_SURFACE_MODEL('',(#5363));
#5363 = OPEN_SHELL('',(#5364));
#5364 = ADVANCED_FACE('',(#5365),#5409,.T.);
#5365 = FACE_BOUND('',#5366,.F.);
#5366 = EDGE_LOOP('',(#5367,#5378,#5386,#5395,#5403));
#5367 = ORIENTED_EDGE('',*,*,#5368,.T.);
#5368 = EDGE_CURVE('',#5369,#5371,#5373,.T.);
#5369 = VERTEX_POINT('',#5370);
#5370 = CARTESIAN_POINT('',(36.203806,-7.480866,1.585));
#5371 = VERTEX_POINT('',#5372);
#5372 = CARTESIAN_POINT('',(36.3,-7.5,1.585));
#5373 = CIRCLE('',#5374,4.999998452108E-02);
#5374 = AXIS2_PLACEMENT_3D('',#5375,#5376,#5377);
#5375 = CARTESIAN_POINT('',(36.250000015479,-7.500000037369,1.585));
#5376 = DIRECTION('',(0.,0.,-1.));
#5377 = DIRECTION('',(-0.923880595592,0.382680865851,0.));
#5378 = ORIENTED_EDGE('',*,*,#5379,.T.);
#5379 = EDGE_CURVE('',#5371,#5380,#5382,.T.);
#5380 = VERTEX_POINT('',#5381);
#5381 = CARTESIAN_POINT('',(36.3,-8.6,1.585));
#5382 = LINE('',#5383,#5384);
#5383 = CARTESIAN_POINT('',(36.3,-7.5,1.585));
#5384 = VECTOR('',#5385,1.);
#5385 = DIRECTION('',(0.,-1.,0.));
#5386 = ORIENTED_EDGE('',*,*,#5387,.T.);
#5387 = EDGE_CURVE('',#5380,#5388,#5390,.T.);
#5388 = VERTEX_POINT('',#5389);
#5389 = CARTESIAN_POINT('',(36.2,-8.6,1.585));
#5390 = CIRCLE('',#5391,5.000000000002E-02);
#5391 = AXIS2_PLACEMENT_3D('',#5392,#5393,#5394);
#5392 = CARTESIAN_POINT('',(36.25,-8.599999952288,1.585));
#5393 = DIRECTION('',(-0.,0.,-1.));
#5394 = DIRECTION('',(1.,-9.542364054478E-07,-0.));
#5395 = ORIENTED_EDGE('',*,*,#5396,.T.);
#5396 = EDGE_CURVE('',#5388,#5397,#5399,.T.);
#5397 = VERTEX_POINT('',#5398);
#5398 = CARTESIAN_POINT('',(36.2,-7.5,1.585));
#5399 = LINE('',#5400,#5401);
#5400 = CARTESIAN_POINT('',(36.2,-8.6,1.585));
#5401 = VECTOR('',#5402,1.);
#5402 = DIRECTION('',(0.,1.,0.));
#5403 = ORIENTED_EDGE('',*,*,#5404,.T.);
#5404 = EDGE_CURVE('',#5397,#5369,#5405,.T.);
#5405 = LINE('',#5406,#5407);
#5406 = CARTESIAN_POINT('',(36.2,-7.5,1.585));
#5407 = VECTOR('',#5408,1.);
#5408 = DIRECTION('',(0.195090852694,0.980785174845,0.));
#5409 = PLANE('',#5410);
#5410 = AXIS2_PLACEMENT_3D('',#5411,#5412,#5413);
#5411 = CARTESIAN_POINT('',(0.,0.,1.585));
#5412 = DIRECTION('',(0.,0.,1.));
#5413 = DIRECTION('',(1.,0.,-0.));
#5414 = SHELL_BASED_SURFACE_MODEL('',(#5415));
#5415 = OPEN_SHELL('',(#5416));
#5416 = ADVANCED_FACE('',(#5417),#5461,.T.);
#5417 = FACE_BOUND('',#5418,.F.);
#5418 = EDGE_LOOP('',(#5419,#5430,#5438,#5447,#5455));
#5419 = ORIENTED_EDGE('',*,*,#5420,.T.);
#5420 = EDGE_CURVE('',#5421,#5423,#5425,.T.);
#5421 = VERTEX_POINT('',#5422);
#5422 = CARTESIAN_POINT('',(-27.046194,-7.380866,1.585));
#5423 = VERTEX_POINT('',#5424);
#5424 = CARTESIAN_POINT('',(-26.95,-7.4,1.585));
#5425 = CIRCLE('',#5426,4.999998452109E-02);
#5426 = AXIS2_PLACEMENT_3D('',#5427,#5428,#5429);
#5427 = CARTESIAN_POINT('',(-26.99999998452,-7.400000037369,1.585));
#5428 = DIRECTION('',(0.,0.,-1.));
#5429 = DIRECTION('',(-0.923880595592,0.382680865851,0.));
#5430 = ORIENTED_EDGE('',*,*,#5431,.T.);
#5431 = EDGE_CURVE('',#5423,#5432,#5434,.T.);
#5432 = VERTEX_POINT('',#5433);
#5433 = CARTESIAN_POINT('',(-26.95,-8.5,1.585));
#5434 = LINE('',#5435,#5436);
#5435 = CARTESIAN_POINT('',(-26.95,-7.4,1.585));
#5436 = VECTOR('',#5437,1.);
#5437 = DIRECTION('',(0.,-1.,0.));
#5438 = ORIENTED_EDGE('',*,*,#5439,.T.);
#5439 = EDGE_CURVE('',#5432,#5440,#5442,.T.);
#5440 = VERTEX_POINT('',#5441);
#5441 = CARTESIAN_POINT('',(-27.05,-8.5,1.585));
#5442 = CIRCLE('',#5443,5.000000000002E-02);
#5443 = AXIS2_PLACEMENT_3D('',#5444,#5445,#5446);
#5444 = CARTESIAN_POINT('',(-27.,-8.499999952288,1.585));
#5445 = DIRECTION('',(-0.,0.,-1.));
#5446 = DIRECTION('',(1.,-9.542365120292E-07,-0.));
#5447 = ORIENTED_EDGE('',*,*,#5448,.T.);
#5448 = EDGE_CURVE('',#5440,#5449,#5451,.T.);
#5449 = VERTEX_POINT('',#5450);
#5450 = CARTESIAN_POINT('',(-27.05,-7.4,1.585));
#5451 = LINE('',#5452,#5453);
#5452 = CARTESIAN_POINT('',(-27.05,-8.5,1.585));
#5453 = VECTOR('',#5454,1.);
#5454 = DIRECTION('',(0.,1.,0.));
#5455 = ORIENTED_EDGE('',*,*,#5456,.T.);
#5456 = EDGE_CURVE('',#5449,#5421,#5457,.T.);
#5457 = LINE('',#5458,#5459);
#5458 = CARTESIAN_POINT('',(-27.05,-7.4,1.585));
#5459 = VECTOR('',#5460,1.);
#5460 = DIRECTION('',(0.195090852695,0.980785174845,0.));
#5461 = PLANE('',#5462);
#5462 = AXIS2_PLACEMENT_3D('',#5463,#5464,#5465);
#5463 = CARTESIAN_POINT('',(0.,0.,1.585));
#5464 = DIRECTION('',(0.,0.,1.));
#5465 = DIRECTION('',(1.,0.,-0.));
#5466 = SHELL_BASED_SURFACE_MODEL('',(#5467));
#5467 = OPEN_SHELL('',(#5468));
#5468 = ADVANCED_FACE('',(#5469),#5513,.T.);
#5469 = FACE_BOUND('',#5470,.F.);
#5470 = EDGE_LOOP('',(#5471,#5482,#5490,#5499,#5507));
#5471 = ORIENTED_EDGE('',*,*,#5472,.T.);
#5472 = EDGE_CURVE('',#5473,#5475,#5477,.T.);
#5473 = VERTEX_POINT('',#5474);
#5474 = CARTESIAN_POINT('',(-9.296194,-7.380866,1.585));
#5475 = VERTEX_POINT('',#5476);
#5476 = CARTESIAN_POINT('',(-9.2,-7.4,1.585));
#5477 = CIRCLE('',#5478,4.999998452109E-02);
#5478 = AXIS2_PLACEMENT_3D('',#5479,#5480,#5481);
#5479 = CARTESIAN_POINT('',(-9.249999984521,-7.400000037369,1.585));
#5480 = DIRECTION('',(0.,0.,-1.));
#5481 = DIRECTION('',(-0.923880595592,0.382680865851,0.));
#5482 = ORIENTED_EDGE('',*,*,#5483,.T.);
#5483 = EDGE_CURVE('',#5475,#5484,#5486,.T.);
#5484 = VERTEX_POINT('',#5485);
#5485 = CARTESIAN_POINT('',(-9.2,-8.5,1.585));
#5486 = LINE('',#5487,#5488);
#5487 = CARTESIAN_POINT('',(-9.2,-7.4,1.585));
#5488 = VECTOR('',#5489,1.);
#5489 = DIRECTION('',(0.,-1.,0.));
#5490 = ORIENTED_EDGE('',*,*,#5491,.T.);
#5491 = EDGE_CURVE('',#5484,#5492,#5494,.T.);
#5492 = VERTEX_POINT('',#5493);
#5493 = CARTESIAN_POINT('',(-9.3,-8.5,1.585));
#5494 = CIRCLE('',#5495,5.000000000002E-02);
#5495 = AXIS2_PLACEMENT_3D('',#5496,#5497,#5498);
#5496 = CARTESIAN_POINT('',(-9.25,-8.499999952288,1.585));
#5497 = DIRECTION('',(-0.,0.,-1.));
#5498 = DIRECTION('',(1.,-9.542365120292E-07,-0.));
#5499 = ORIENTED_EDGE('',*,*,#5500,.T.);
#5500 = EDGE_CURVE('',#5492,#5501,#5503,.T.);
#5501 = VERTEX_POINT('',#5502);
#5502 = CARTESIAN_POINT('',(-9.3,-7.4,1.585));
#5503 = LINE('',#5504,#5505);
#5504 = CARTESIAN_POINT('',(-9.3,-8.5,1.585));
#5505 = VECTOR('',#5506,1.);
#5506 = DIRECTION('',(0.,1.,0.));
#5507 = ORIENTED_EDGE('',*,*,#5508,.T.);
#5508 = EDGE_CURVE('',#5501,#5473,#5509,.T.);
#5509 = LINE('',#5510,#5511);
#5510 = CARTESIAN_POINT('',(-9.3,-7.4,1.585));
#5511 = VECTOR('',#5512,1.);
#5512 = DIRECTION('',(0.195090852695,0.980785174845,0.));
#5513 = PLANE('',#5514);
#5514 = AXIS2_PLACEMENT_3D('',#5515,#5516,#5517);
#5515 = CARTESIAN_POINT('',(0.,0.,1.585));
#5516 = DIRECTION('',(0.,0.,1.));
#5517 = DIRECTION('',(1.,0.,-0.));
#5518 = SHELL_BASED_SURFACE_MODEL('',(#5519));
#5519 = OPEN_SHELL('',(#5520));
#5520 = ADVANCED_FACE('',(#5521),#5565,.T.);
#5521 = FACE_BOUND('',#5522,.F.);
#5522 = EDGE_LOOP('',(#5523,#5534,#5542,#5551,#5559));
#5523 = ORIENTED_EDGE('',*,*,#5524,.T.);
#5524 = EDGE_CURVE('',#5525,#5527,#5529,.T.);
#5525 = VERTEX_POINT('',#5526);
#5526 = CARTESIAN_POINT('',(8.453806,-7.380866,1.585));
#5527 = VERTEX_POINT('',#5528);
#5528 = CARTESIAN_POINT('',(8.55,-7.4,1.585));
#5529 = CIRCLE('',#5530,4.999998452109E-02);
#5530 = AXIS2_PLACEMENT_3D('',#5531,#5532,#5533);
#5531 = CARTESIAN_POINT('',(8.500000015479,-7.400000037369,1.585));
#5532 = DIRECTION('',(0.,0.,-1.));
#5533 = DIRECTION('',(-0.923880595592,0.382680865851,0.));
#5534 = ORIENTED_EDGE('',*,*,#5535,.T.);
#5535 = EDGE_CURVE('',#5527,#5536,#5538,.T.);
#5536 = VERTEX_POINT('',#5537);
#5537 = CARTESIAN_POINT('',(8.55,-8.5,1.585));
#5538 = LINE('',#5539,#5540);
#5539 = CARTESIAN_POINT('',(8.55,-7.4,1.585));
#5540 = VECTOR('',#5541,1.);
#5541 = DIRECTION('',(0.,-1.,0.));
#5542 = ORIENTED_EDGE('',*,*,#5543,.T.);
#5543 = EDGE_CURVE('',#5536,#5544,#5546,.T.);
#5544 = VERTEX_POINT('',#5545);
#5545 = CARTESIAN_POINT('',(8.45,-8.5,1.585));
#5546 = CIRCLE('',#5547,5.000000000002E-02);
#5547 = AXIS2_PLACEMENT_3D('',#5548,#5549,#5550);
#5548 = CARTESIAN_POINT('',(8.5,-8.499999952288,1.585));
#5549 = DIRECTION('',(-0.,0.,-1.));
#5550 = DIRECTION('',(1.,-9.542365120292E-07,-0.));
#5551 = ORIENTED_EDGE('',*,*,#5552,.T.);
#5552 = EDGE_CURVE('',#5544,#5553,#5555,.T.);
#5553 = VERTEX_POINT('',#5554);
#5554 = CARTESIAN_POINT('',(8.45,-7.4,1.585));
#5555 = LINE('',#5556,#5557);
#5556 = CARTESIAN_POINT('',(8.45,-8.5,1.585));
#5557 = VECTOR('',#5558,1.);
#5558 = DIRECTION('',(0.,1.,0.));
#5559 = ORIENTED_EDGE('',*,*,#5560,.T.);
#5560 = EDGE_CURVE('',#5553,#5525,#5561,.T.);
#5561 = LINE('',#5562,#5563);
#5562 = CARTESIAN_POINT('',(8.45,-7.4,1.585));
#5563 = VECTOR('',#5564,1.);
#5564 = DIRECTION('',(0.195090852695,0.980785174845,0.));
#5565 = PLANE('',#5566);
#5566 = AXIS2_PLACEMENT_3D('',#5567,#5568,#5569);
#5567 = CARTESIAN_POINT('',(0.,0.,1.585));
#5568 = DIRECTION('',(0.,0.,1.));
#5569 = DIRECTION('',(1.,0.,-0.));
#5570 = SHELL_BASED_SURFACE_MODEL('',(#5571));
#5571 = OPEN_SHELL('',(#5572));
#5572 = ADVANCED_FACE('',(#5573),#5617,.T.);
#5573 = FACE_BOUND('',#5574,.F.);
#5574 = EDGE_LOOP('',(#5575,#5586,#5594,#5603,#5611));
#5575 = ORIENTED_EDGE('',*,*,#5576,.T.);
#5576 = EDGE_CURVE('',#5577,#5579,#5581,.T.);
#5577 = VERTEX_POINT('',#5578);
#5578 = CARTESIAN_POINT('',(26.203806,-7.380866,1.585));
#5579 = VERTEX_POINT('',#5580);
#5580 = CARTESIAN_POINT('',(26.3,-7.4,1.585));
#5581 = CIRCLE('',#5582,4.999998452109E-02);
#5582 = AXIS2_PLACEMENT_3D('',#5583,#5584,#5585);
#5583 = CARTESIAN_POINT('',(26.250000015479,-7.400000037369,1.585));
#5584 = DIRECTION('',(0.,0.,-1.));
#5585 = DIRECTION('',(-0.923880595592,0.382680865851,0.));
#5586 = ORIENTED_EDGE('',*,*,#5587,.T.);
#5587 = EDGE_CURVE('',#5579,#5588,#5590,.T.);
#5588 = VERTEX_POINT('',#5589);
#5589 = CARTESIAN_POINT('',(26.3,-8.5,1.585));
#5590 = LINE('',#5591,#5592);
#5591 = CARTESIAN_POINT('',(26.3,-7.4,1.585));
#5592 = VECTOR('',#5593,1.);
#5593 = DIRECTION('',(0.,-1.,0.));
#5594 = ORIENTED_EDGE('',*,*,#5595,.T.);
#5595 = EDGE_CURVE('',#5588,#5596,#5598,.T.);
#5596 = VERTEX_POINT('',#5597);
#5597 = CARTESIAN_POINT('',(26.2,-8.5,1.585));
#5598 = CIRCLE('',#5599,5.000000000002E-02);
#5599 = AXIS2_PLACEMENT_3D('',#5600,#5601,#5602);
#5600 = CARTESIAN_POINT('',(26.25,-8.499999952288,1.585));
#5601 = DIRECTION('',(-0.,0.,-1.));
#5602 = DIRECTION('',(1.,-9.542365120292E-07,-0.));
#5603 = ORIENTED_EDGE('',*,*,#5604,.T.);
#5604 = EDGE_CURVE('',#5596,#5605,#5607,.T.);
#5605 = VERTEX_POINT('',#5606);
#5606 = CARTESIAN_POINT('',(26.2,-7.4,1.585));
#5607 = LINE('',#5608,#5609);
#5608 = CARTESIAN_POINT('',(26.2,-8.5,1.585));
#5609 = VECTOR('',#5610,1.);
#5610 = DIRECTION('',(0.,1.,0.));
#5611 = ORIENTED_EDGE('',*,*,#5612,.T.);
#5612 = EDGE_CURVE('',#5605,#5577,#5613,.T.);
#5613 = LINE('',#5614,#5615);
#5614 = CARTESIAN_POINT('',(26.2,-7.4,1.585));
#5615 = VECTOR('',#5616,1.);
#5616 = DIRECTION('',(0.195090852695,0.980785174845,0.));
#5617 = PLANE('',#5618);
#5618 = AXIS2_PLACEMENT_3D('',#5619,#5620,#5621);
#5619 = CARTESIAN_POINT('',(0.,0.,1.585));
#5620 = DIRECTION('',(0.,0.,1.));
#5621 = DIRECTION('',(1.,0.,-0.));
#5622 = SHELL_BASED_SURFACE_MODEL('',(#5623));
#5623 = OPEN_SHELL('',(#5624));
#5624 = ADVANCED_FACE('',(#5625),#5695,.T.);
#5625 = FACE_BOUND('',#5626,.F.);
#5626 = EDGE_LOOP('',(#5627,#5638,#5646,#5655,#5663,#5672,#5680,#5689));
#5627 = ORIENTED_EDGE('',*,*,#5628,.T.);
#5628 = EDGE_CURVE('',#5629,#5631,#5633,.T.);
#5629 = VERTEX_POINT('',#5630);
#5630 = CARTESIAN_POINT('',(-30.059813,-7.906892,1.585));
#5631 = VERTEX_POINT('',#5632);
#5632 = CARTESIAN_POINT('',(-30.045181,-7.758333,1.585));
#5633 = CIRCLE('',#5634,7.500006711464E-02);
#5634 = AXIS2_PLACEMENT_3D('',#5635,#5636,#5637);
#5635 = CARTESIAN_POINT('',(-30.04518106711,-7.833333067115,1.585));
#5636 = DIRECTION('',(0.,0.,-1.));
#5637 = DIRECTION('',(-0.195092263891,-0.980784894138,-0.));
#5638 = ORIENTED_EDGE('',*,*,#5639,.T.);
#5639 = EDGE_CURVE('',#5631,#5640,#5642,.T.);
#5640 = VERTEX_POINT('',#5641);
#5641 = CARTESIAN_POINT('',(-29.323491,-7.759062,1.585));
#5642 = LINE('',#5643,#5644);
#5643 = CARTESIAN_POINT('',(-30.045181,-7.758333,1.585));
#5644 = VECTOR('',#5645,1.);
#5645 = DIRECTION('',(0.99999948982,-1.01012848741E-03,0.));
#5646 = ORIENTED_EDGE('',*,*,#5647,.T.);
#5647 = EDGE_CURVE('',#5640,#5648,#5650,.T.);
#5648 = VERTEX_POINT('',#5649);
#5649 = CARTESIAN_POINT('',(-28.970911,-8.11164,1.585));
#5650 = CIRCLE('',#5651,0.383787726409);
#5651 = AXIS2_PLACEMENT_3D('',#5652,#5653,#5654);
#5652 = CARTESIAN_POINT('',(-29.3535218186,-8.141672988963,1.585));
#5653 = DIRECTION('',(0.,0.,-1.));
#5654 = DIRECTION('',(7.824851224109E-02,0.996933884634,0.));
#5655 = ORIENTED_EDGE('',*,*,#5656,.T.);
#5656 = EDGE_CURVE('',#5648,#5657,#5659,.T.);
#5657 = VERTEX_POINT('',#5658);
#5658 = CARTESIAN_POINT('',(-28.971622,-8.228917,1.585));
#5659 = LINE('',#5660,#5661);
#5660 = CARTESIAN_POINT('',(-28.970911,-8.11164,1.585));
#5661 = VECTOR('',#5662,1.);
#5662 = DIRECTION('',(-6.062458402283E-03,-0.99998162313,0.));
#5663 = ORIENTED_EDGE('',*,*,#5664,.T.);
#5664 = EDGE_CURVE('',#5657,#5665,#5667,.T.);
#5665 = VERTEX_POINT('',#5666);
#5666 = CARTESIAN_POINT('',(-29.120181,-8.214285,1.585));
#5667 = CIRCLE('',#5668,7.500006711464E-02);
#5668 = AXIS2_PLACEMENT_3D('',#5669,#5670,#5671);
#5669 = CARTESIAN_POINT('',(-29.04518093288,-8.214285067115,1.585));
#5670 = DIRECTION('',(-0.,0.,-1.));
#5671 = DIRECTION('',(0.980784894138,-0.195092263891,-0.));
#5672 = ORIENTED_EDGE('',*,*,#5673,.T.);
#5673 = EDGE_CURVE('',#5665,#5674,#5676,.T.);
#5674 = VERTEX_POINT('',#5675);
#5675 = CARTESIAN_POINT('',(-29.120181,-8.131217,1.585));
#5676 = LINE('',#5677,#5678);
#5677 = CARTESIAN_POINT('',(-29.120181,-8.214285,1.585));
#5678 = VECTOR('',#5679,1.);
#5679 = DIRECTION('',(0.,1.,0.));
#5680 = ORIENTED_EDGE('',*,*,#5681,.T.);
#5681 = EDGE_CURVE('',#5674,#5682,#5684,.T.);
#5682 = VERTEX_POINT('',#5683);
#5683 = CARTESIAN_POINT('',(-29.343066,-7.908333,1.585));
#5684 = CIRCLE('',#5685,0.239434552369);
#5685 = AXIS2_PLACEMENT_3D('',#5686,#5687,#5688);
#5686 = CARTESIAN_POINT('',(-29.35907939222,-8.147231464076,1.585));
#5687 = DIRECTION('',(0.,0.,1.));
#5688 = DIRECTION('',(0.997760723601,6.688451569438E-02,-0.));
#5689 = ORIENTED_EDGE('',*,*,#5690,.T.);
#5690 = EDGE_CURVE('',#5682,#5629,#5691,.T.);
#5691 = LINE('',#5692,#5693);
#5692 = CARTESIAN_POINT('',(-29.343066,-7.908333,1.585));
#5693 = VECTOR('',#5694,1.);
#5694 = DIRECTION('',(-0.999997979007,2.010468251347E-03,0.));
#5695 = PLANE('',#5696);
#5696 = AXIS2_PLACEMENT_3D('',#5697,#5698,#5699);
#5697 = CARTESIAN_POINT('',(0.,0.,1.585));
#5698 = DIRECTION('',(0.,0.,1.));
#5699 = DIRECTION('',(1.,0.,-0.));
#5700 = SHELL_BASED_SURFACE_MODEL('',(#5701));
#5701 = OPEN_SHELL('',(#5702));
#5702 = ADVANCED_FACE('',(#5703),#5773,.T.);
#5703 = FACE_BOUND('',#5704,.F.);
#5704 = EDGE_LOOP('',(#5705,#5716,#5724,#5733,#5741,#5750,#5758,#5767));
#5705 = ORIENTED_EDGE('',*,*,#5706,.T.);
#5706 = EDGE_CURVE('',#5707,#5709,#5711,.T.);
#5707 = VERTEX_POINT('',#5708);
#5708 = CARTESIAN_POINT('',(38.190187,-7.906892,1.585));
#5709 = VERTEX_POINT('',#5710);
#5710 = CARTESIAN_POINT('',(38.204819,-7.758333,1.585));
#5711 = CIRCLE('',#5712,7.500006711464E-02);
#5712 = AXIS2_PLACEMENT_3D('',#5713,#5714,#5715);
#5713 = CARTESIAN_POINT('',(38.204818932885,-7.833333067115,1.585));
#5714 = DIRECTION('',(0.,0.,-1.));
#5715 = DIRECTION('',(-0.195092263891,-0.980784894138,-0.));
#5716 = ORIENTED_EDGE('',*,*,#5717,.T.);
#5717 = EDGE_CURVE('',#5709,#5718,#5720,.T.);
#5718 = VERTEX_POINT('',#5719);
#5719 = CARTESIAN_POINT('',(38.926509,-7.759062,1.585));
#5720 = LINE('',#5721,#5722);
#5721 = CARTESIAN_POINT('',(38.204819,-7.758333,1.585));
#5722 = VECTOR('',#5723,1.);
#5723 = DIRECTION('',(0.99999948982,-1.01012848741E-03,0.));
#5724 = ORIENTED_EDGE('',*,*,#5725,.T.);
#5725 = EDGE_CURVE('',#5718,#5726,#5728,.T.);
#5726 = VERTEX_POINT('',#5727);
#5727 = CARTESIAN_POINT('',(39.279089,-8.11164,1.585));
#5728 = CIRCLE('',#5729,0.383787726409);
#5729 = AXIS2_PLACEMENT_3D('',#5730,#5731,#5732);
#5730 = CARTESIAN_POINT('',(38.896478181392,-8.141672988963,1.585));
#5731 = DIRECTION('',(0.,0.,-1.));
#5732 = DIRECTION('',(7.824851224111E-02,0.996933884634,0.));
#5733 = ORIENTED_EDGE('',*,*,#5734,.T.);
#5734 = EDGE_CURVE('',#5726,#5735,#5737,.T.);
#5735 = VERTEX_POINT('',#5736);
#5736 = CARTESIAN_POINT('',(39.278378,-8.228917,1.585));
#5737 = LINE('',#5738,#5739);
#5738 = CARTESIAN_POINT('',(39.279089,-8.11164,1.585));
#5739 = VECTOR('',#5740,1.);
#5740 = DIRECTION('',(-6.062458402314E-03,-0.99998162313,0.));
#5741 = ORIENTED_EDGE('',*,*,#5742,.T.);
#5742 = EDGE_CURVE('',#5735,#5743,#5745,.T.);
#5743 = VERTEX_POINT('',#5744);
#5744 = CARTESIAN_POINT('',(39.129819,-8.214285,1.585));
#5745 = CIRCLE('',#5746,7.500006711464E-02);
#5746 = AXIS2_PLACEMENT_3D('',#5747,#5748,#5749);
#5747 = CARTESIAN_POINT('',(39.204819067115,-8.214285067115,1.585));
#5748 = DIRECTION('',(-0.,0.,-1.));
#5749 = DIRECTION('',(0.980784894138,-0.195092263891,-0.));
#5750 = ORIENTED_EDGE('',*,*,#5751,.T.);
#5751 = EDGE_CURVE('',#5743,#5752,#5754,.T.);
#5752 = VERTEX_POINT('',#5753);
#5753 = CARTESIAN_POINT('',(39.129819,-8.131217,1.585));
#5754 = LINE('',#5755,#5756);
#5755 = CARTESIAN_POINT('',(39.129819,-8.214285,1.585));
#5756 = VECTOR('',#5757,1.);
#5757 = DIRECTION('',(0.,1.,0.));
#5758 = ORIENTED_EDGE('',*,*,#5759,.T.);
#5759 = EDGE_CURVE('',#5752,#5760,#5762,.T.);
#5760 = VERTEX_POINT('',#5761);
#5761 = CARTESIAN_POINT('',(38.906934,-7.908333,1.585));
#5762 = CIRCLE('',#5763,0.239434552369);
#5763 = AXIS2_PLACEMENT_3D('',#5764,#5765,#5766);
#5764 = CARTESIAN_POINT('',(38.890920607773,-8.147231464076,1.585));
#5765 = DIRECTION('',(0.,0.,1.));
#5766 = DIRECTION('',(0.997760723601,6.688451569434E-02,-0.));
#5767 = ORIENTED_EDGE('',*,*,#5768,.T.);
#5768 = EDGE_CURVE('',#5760,#5707,#5769,.T.);
#5769 = LINE('',#5770,#5771);
#5770 = CARTESIAN_POINT('',(38.906934,-7.908333,1.585));
#5771 = VECTOR('',#5772,1.);
#5772 = DIRECTION('',(-0.999997979007,2.010468251347E-03,0.));
#5773 = PLANE('',#5774);
#5774 = AXIS2_PLACEMENT_3D('',#5775,#5776,#5777);
#5775 = CARTESIAN_POINT('',(0.,0.,1.585));
#5776 = DIRECTION('',(0.,0.,1.));
#5777 = DIRECTION('',(1.,0.,-0.));
#5778 = SHELL_BASED_SURFACE_MODEL('',(#5779));
#5779 = OPEN_SHELL('',(#5780));
#5780 = ADVANCED_FACE('',(#5781),#5833,.T.);
#5781 = FACE_BOUND('',#5782,.F.);
#5782 = EDGE_LOOP('',(#5783,#5794,#5802,#5811,#5819,#5827));
#5783 = ORIENTED_EDGE('',*,*,#5784,.T.);
#5784 = EDGE_CURVE('',#5785,#5787,#5789,.T.);
#5785 = VERTEX_POINT('',#5786);
#5786 = CARTESIAN_POINT('',(-31.926968,-6.866211,1.585));
#5787 = VERTEX_POINT('',#5788);
#5788 = CARTESIAN_POINT('',(-31.8103,-6.928571,1.585));
#5789 = CIRCLE('',#5790,7.500000000003E-02);
#5790 = AXIS2_PLACEMENT_3D('',#5791,#5792,#5793);
#5791 = CARTESIAN_POINT('',(-31.8853,-6.928571065555,1.585));
#5792 = DIRECTION('',(0.,0.,-1.));
#5793 = DIRECTION('',(-0.555573333333,0.831467540731,0.));
#5794 = ORIENTED_EDGE('',*,*,#5795,.T.);
#5795 = EDGE_CURVE('',#5787,#5796,#5798,.T.);
#5796 = VERTEX_POINT('',#5797);
#5797 = CARTESIAN_POINT('',(-31.811741,-8.08606,1.585));
#5798 = LINE('',#5799,#5800);
#5799 = CARTESIAN_POINT('',(-31.8103,-6.928571,1.585));
#5800 = VECTOR('',#5801,1.);
#5801 = DIRECTION('',(-1.244935272234E-03,-0.999999225068,0.));
#5802 = ORIENTED_EDGE('',*,*,#5803,.T.);
#5803 = EDGE_CURVE('',#5796,#5804,#5806,.T.);
#5804 = VERTEX_POINT('',#5805);
#5805 = CARTESIAN_POINT('',(-31.9603,-8.071428,1.585));
#5806 = CIRCLE('',#5807,7.500006711464E-02);
#5807 = AXIS2_PLACEMENT_3D('',#5808,#5809,#5810);
#5808 = CARTESIAN_POINT('',(-31.88529993288,-8.071428067115,1.585));
#5809 = DIRECTION('',(-0.,0.,-1.));
#5810 = DIRECTION('',(0.980784894138,-0.195092263891,-0.));
#5811 = ORIENTED_EDGE('',*,*,#5812,.T.);
#5812 = EDGE_CURVE('',#5804,#5813,#5815,.T.);
#5813 = VERTEX_POINT('',#5814);
#5814 = CARTESIAN_POINT('',(-31.958859,-6.913939,1.585));
#5815 = LINE('',#5816,#5817);
#5816 = CARTESIAN_POINT('',(-31.9603,-8.071428,1.585));
#5817 = VECTOR('',#5818,1.);
#5818 = DIRECTION('',(1.244935272234E-03,0.999999225068,0.));
#5819 = ORIENTED_EDGE('',*,*,#5820,.T.);
#5820 = EDGE_CURVE('',#5813,#5821,#5823,.T.);
#5821 = VERTEX_POINT('',#5822);
#5822 = CARTESIAN_POINT('',(-31.94766,-6.886903,1.585));
#5823 = LINE('',#5824,#5825);
#5824 = CARTESIAN_POINT('',(-31.958859,-6.913939,1.585));
#5825 = VECTOR('',#5826,1.);
#5826 = DIRECTION('',(0.38269282806,0.923875640631,0.));
#5827 = ORIENTED_EDGE('',*,*,#5828,.T.);
#5828 = EDGE_CURVE('',#5821,#5785,#5829,.T.);
#5829 = LINE('',#5830,#5831);
#5830 = CARTESIAN_POINT('',(-31.94766,-6.886903,1.585));
#5831 = VECTOR('',#5832,1.);
#5832 = DIRECTION('',(0.707106781187,0.707106781187,0.));
#5833 = PLANE('',#5834);
#5834 = AXIS2_PLACEMENT_3D('',#5835,#5836,#5837);
#5835 = CARTESIAN_POINT('',(0.,0.,1.585));
#5836 = DIRECTION('',(0.,0.,1.));
#5837 = DIRECTION('',(1.,0.,-0.));
#5838 = SHELL_BASED_SURFACE_MODEL('',(#5839));
#5839 = OPEN_SHELL('',(#5840));
#5840 = ADVANCED_FACE('',(#5841),#5893,.T.);
#5841 = FACE_BOUND('',#5842,.F.);
#5842 = EDGE_LOOP('',(#5843,#5854,#5862,#5871,#5879,#5887));
#5843 = ORIENTED_EDGE('',*,*,#5844,.T.);
#5844 = EDGE_CURVE('',#5845,#5847,#5849,.T.);
#5845 = VERTEX_POINT('',#5846);
#5846 = CARTESIAN_POINT('',(41.073032,-6.866211,1.585));
#5847 = VERTEX_POINT('',#5848);
#5848 = CARTESIAN_POINT('',(41.1897,-6.928571,1.585));
#5849 = CIRCLE('',#5850,7.500000000003E-02);
#5850 = AXIS2_PLACEMENT_3D('',#5851,#5852,#5853);
#5851 = CARTESIAN_POINT('',(41.1147,-6.928571065555,1.585));
#5852 = DIRECTION('',(0.,0.,-1.));
#5853 = DIRECTION('',(-0.555573333333,0.831467540731,0.));
#5854 = ORIENTED_EDGE('',*,*,#5855,.T.);
#5855 = EDGE_CURVE('',#5847,#5856,#5858,.T.);
#5856 = VERTEX_POINT('',#5857);
#5857 = CARTESIAN_POINT('',(41.188259,-8.08606,1.585));
#5858 = LINE('',#5859,#5860);
#5859 = CARTESIAN_POINT('',(41.1897,-6.928571,1.585));
#5860 = VECTOR('',#5861,1.);
#5861 = DIRECTION('',(-1.244935272234E-03,-0.999999225068,0.));
#5862 = ORIENTED_EDGE('',*,*,#5863,.T.);
#5863 = EDGE_CURVE('',#5856,#5864,#5866,.T.);
#5864 = VERTEX_POINT('',#5865);
#5865 = CARTESIAN_POINT('',(41.0397,-8.071428,1.585));
#5866 = CIRCLE('',#5867,7.500006711464E-02);
#5867 = AXIS2_PLACEMENT_3D('',#5868,#5869,#5870);
#5868 = CARTESIAN_POINT('',(41.114700067115,-8.071428067115,1.585));
#5869 = DIRECTION('',(-0.,0.,-1.));
#5870 = DIRECTION('',(0.980784894138,-0.195092263891,-0.));
#5871 = ORIENTED_EDGE('',*,*,#5872,.T.);
#5872 = EDGE_CURVE('',#5864,#5873,#5875,.T.);
#5873 = VERTEX_POINT('',#5874);
#5874 = CARTESIAN_POINT('',(41.041141,-6.913939,1.585));
#5875 = LINE('',#5876,#5877);
#5876 = CARTESIAN_POINT('',(41.0397,-8.071428,1.585));
#5877 = VECTOR('',#5878,1.);
#5878 = DIRECTION('',(1.244935272234E-03,0.999999225068,0.));
#5879 = ORIENTED_EDGE('',*,*,#5880,.T.);
#5880 = EDGE_CURVE('',#5873,#5881,#5883,.T.);
#5881 = VERTEX_POINT('',#5882);
#5882 = CARTESIAN_POINT('',(41.05234,-6.886903,1.585));
#5883 = LINE('',#5884,#5885);
#5884 = CARTESIAN_POINT('',(41.041141,-6.913939,1.585));
#5885 = VECTOR('',#5886,1.);
#5886 = DIRECTION('',(0.38269282806,0.923875640631,0.));
#5887 = ORIENTED_EDGE('',*,*,#5888,.T.);
#5888 = EDGE_CURVE('',#5881,#5845,#5889,.T.);
#5889 = LINE('',#5890,#5891);
#5890 = CARTESIAN_POINT('',(41.05234,-6.886903,1.585));
#5891 = VECTOR('',#5892,1.);
#5892 = DIRECTION('',(0.707106781186,0.707106781187,0.));
#5893 = PLANE('',#5894);
#5894 = AXIS2_PLACEMENT_3D('',#5895,#5896,#5897);
#5895 = CARTESIAN_POINT('',(0.,0.,1.585));
#5896 = DIRECTION('',(0.,0.,1.));
#5897 = DIRECTION('',(1.,0.,-0.));
#5898 = SHELL_BASED_SURFACE_MODEL('',(#5899));
#5899 = OPEN_SHELL('',(#5900));
#5900 = ADVANCED_FACE('',(#5901),#6035,.T.);
#5901 = FACE_BOUND('',#5902,.F.);
#5902 = EDGE_LOOP('',(#5903,#5914,#5922,#5931,#5939,#5947,#5955,#5963,
    #5972,#5980,#5988,#5996,#6005,#6013,#6021,#6029));
#5903 = ORIENTED_EDGE('',*,*,#5904,.T.);
#5904 = EDGE_CURVE('',#5905,#5907,#5909,.T.);
#5905 = VERTEX_POINT('',#5906);
#5906 = CARTESIAN_POINT('',(-29.086849,-6.770973,1.585));
#5907 = VERTEX_POINT('',#5908);
#5908 = CARTESIAN_POINT('',(-28.970181,-6.833333,1.585));
#5909 = CIRCLE('',#5910,7.500000000003E-02);
#5910 = AXIS2_PLACEMENT_3D('',#5911,#5912,#5913);
#5911 = CARTESIAN_POINT('',(-29.045181,-6.833333065555,1.585));
#5912 = DIRECTION('',(0.,0.,-1.));
#5913 = DIRECTION('',(-0.555573333333,0.831467540731,0.));
#5914 = ORIENTED_EDGE('',*,*,#5915,.T.);
#5915 = EDGE_CURVE('',#5907,#5916,#5918,.T.);
#5916 = VERTEX_POINT('',#5917);
#5917 = CARTESIAN_POINT('',(-28.971622,-7.419393,1.585));
#5918 = LINE('',#5919,#5920);
#5919 = CARTESIAN_POINT('',(-28.970181,-6.833333,1.585));
#5920 = VECTOR('',#5921,1.);
#5921 = DIRECTION('',(-2.458785182611E-03,-0.999996977183,0.));
#5922 = ORIENTED_EDGE('',*,*,#5923,.T.);
#5923 = EDGE_CURVE('',#5916,#5924,#5926,.T.);
#5924 = VERTEX_POINT('',#5925);
#5925 = CARTESIAN_POINT('',(-29.120181,-7.404761,1.585));
#5926 = CIRCLE('',#5927,7.500006711464E-02);
#5927 = AXIS2_PLACEMENT_3D('',#5928,#5929,#5930);
#5928 = CARTESIAN_POINT('',(-29.04518093288,-7.404761067115,1.585));
#5929 = DIRECTION('',(-0.,0.,-1.));
#5930 = DIRECTION('',(0.980784894138,-0.195092263891,-0.));
#5931 = ORIENTED_EDGE('',*,*,#5932,.T.);
#5932 = EDGE_CURVE('',#5924,#5933,#5935,.T.);
#5933 = VERTEX_POINT('',#5934);
#5934 = CARTESIAN_POINT('',(-29.120181,-7.194047,1.585));
#5935 = LINE('',#5936,#5937);
#5936 = CARTESIAN_POINT('',(-29.120181,-7.404761,1.585));
#5937 = VECTOR('',#5938,1.);
#5938 = DIRECTION('',(0.,1.,0.));
#5939 = ORIENTED_EDGE('',*,*,#5940,.T.);
#5940 = EDGE_CURVE('',#5933,#5941,#5943,.T.);
#5941 = VERTEX_POINT('',#5942);
#5942 = CARTESIAN_POINT('',(-29.816496,-7.194047,1.585));
#5943 = LINE('',#5944,#5945);
#5944 = CARTESIAN_POINT('',(-29.120181,-7.194047,1.585));
#5945 = VECTOR('',#5946,1.);
#5946 = DIRECTION('',(-1.,0.,0.));
#5947 = ORIENTED_EDGE('',*,*,#5948,.T.);
#5948 = EDGE_CURVE('',#5941,#5949,#5951,.T.);
#5949 = VERTEX_POINT('',#5950);
#5950 = CARTESIAN_POINT('',(-29.743967,-7.269687,1.585));
#5951 = LINE('',#5952,#5953);
#5952 = CARTESIAN_POINT('',(-29.816496,-7.194047,1.585));
#5953 = VECTOR('',#5954,1.);
#5954 = DIRECTION('',(0.692107619701,-0.72179432164,0.));
#5955 = ORIENTED_EDGE('',*,*,#5956,.T.);
#5956 = EDGE_CURVE('',#5949,#5957,#5959,.T.);
#5957 = VERTEX_POINT('',#5958);
#5958 = CARTESIAN_POINT('',(-29.68713,-7.384951,1.585));
#5959 = LINE('',#5960,#5961);
#5960 = CARTESIAN_POINT('',(-29.743967,-7.269687,1.585));
#5961 = VECTOR('',#5962,1.);
#5962 = DIRECTION('',(0.442257930733,-0.896887909777,0.));
#5963 = ORIENTED_EDGE('',*,*,#5964,.T.);
#5964 = EDGE_CURVE('',#5957,#5965,#5967,.T.);
#5965 = VERTEX_POINT('',#5966);
#5966 = CARTESIAN_POINT('',(-29.826549,-7.438302,1.585));
#5967 = CIRCLE('',#5968,7.500029440469E-02);
#5968 = AXIS2_PLACEMENT_3D('',#5969,#5970,#5971);
#5969 = CARTESIAN_POINT('',(-29.75946694603,-7.404760351323,1.585));
#5970 = DIRECTION('',(0.,0.,-1.));
#5971 = DIRECTION('',(0.964488827732,0.264123647522,0.));
#5972 = ORIENTED_EDGE('',*,*,#5973,.T.);
#5973 = EDGE_CURVE('',#5965,#5974,#5976,.T.);
#5974 = VERTEX_POINT('',#5975);
#5975 = CARTESIAN_POINT('',(-29.868725,-7.35395,1.585));
#5976 = LINE('',#5977,#5978);
#5977 = CARTESIAN_POINT('',(-29.826549,-7.438302,1.585));
#5978 = VECTOR('',#5979,1.);
#5979 = DIRECTION('',(-0.4472135955,0.894427191,0.));
#5980 = ORIENTED_EDGE('',*,*,#5981,.T.);
#5981 = EDGE_CURVE('',#5974,#5982,#5984,.T.);
#5982 = VERTEX_POINT('',#5983);
#5983 = CARTESIAN_POINT('',(-29.950106,-7.272569,1.585));
#5984 = LINE('',#5985,#5986);
#5985 = CARTESIAN_POINT('',(-29.868725,-7.35395,1.585));
#5986 = VECTOR('',#5987,1.);
#5987 = DIRECTION('',(-0.707106781187,0.707106781187,0.));
#5988 = ORIENTED_EDGE('',*,*,#5989,.T.);
#5989 = EDGE_CURVE('',#5982,#5990,#5992,.T.);
#5990 = VERTEX_POINT('',#5991);
#5991 = CARTESIAN_POINT('',(-30.098159,-7.172135,1.585));
#5992 = LINE('',#5993,#5994);
#5993 = CARTESIAN_POINT('',(-29.950106,-7.272569,1.585));
#5994 = VECTOR('',#5995,1.);
#5995 = DIRECTION('',(-0.827555069925,0.561384544,0.));
#5996 = ORIENTED_EDGE('',*,*,#5997,.T.);
#5997 = EDGE_CURVE('',#5990,#5998,#6000,.T.);
#5998 = VERTEX_POINT('',#5999);
#5999 = CARTESIAN_POINT('',(-30.045181,-7.044047,1.585));
#6000 = CIRCLE('',#6001,7.499993751709E-02);
#6001 = AXIS2_PLACEMENT_3D('',#6002,#6003,#6004);
#6002 = CARTESIAN_POINT('',(-30.04518119097,-7.119046937517,1.585));
#6003 = DIRECTION('',(0.,0.,-1.));
#6004 = DIRECTION('',(-0.706371375515,-0.707841422815,-0.));
#6005 = ORIENTED_EDGE('',*,*,#6006,.T.);
#6006 = EDGE_CURVE('',#5998,#6007,#6009,.T.);
#6007 = VERTEX_POINT('',#6008);
#6008 = CARTESIAN_POINT('',(-29.120181,-7.044047,1.585));
#6009 = LINE('',#6010,#6011);
#6010 = CARTESIAN_POINT('',(-30.045181,-7.044047,1.585));
#6011 = VECTOR('',#6012,1.);
#6012 = DIRECTION('',(1.,0.,0.));
#6013 = ORIENTED_EDGE('',*,*,#6014,.T.);
#6014 = EDGE_CURVE('',#6007,#6015,#6017,.T.);
#6015 = VERTEX_POINT('',#6016);
#6016 = CARTESIAN_POINT('',(-29.11874,-6.818701,1.585));
#6017 = LINE('',#6018,#6019);
#6018 = CARTESIAN_POINT('',(-29.120181,-7.044047,1.585));
#6019 = VECTOR('',#6020,1.);
#6020 = DIRECTION('',(6.394480216655E-03,0.999979555102,0.));
#6021 = ORIENTED_EDGE('',*,*,#6022,.T.);
#6022 = EDGE_CURVE('',#6015,#6023,#6025,.T.);
#6023 = VERTEX_POINT('',#6024);
#6024 = CARTESIAN_POINT('',(-29.107541,-6.791665,1.585));
#6025 = LINE('',#6026,#6027);
#6026 = CARTESIAN_POINT('',(-29.11874,-6.818701,1.585));
#6027 = VECTOR('',#6028,1.);
#6028 = DIRECTION('',(0.38269282806,0.923875640631,0.));
#6029 = ORIENTED_EDGE('',*,*,#6030,.T.);
#6030 = EDGE_CURVE('',#6023,#5905,#6031,.T.);
#6031 = LINE('',#6032,#6033);
#6032 = CARTESIAN_POINT('',(-29.107541,-6.791665,1.585));
#6033 = VECTOR('',#6034,1.);
#6034 = DIRECTION('',(0.707106781187,0.707106781187,0.));
#6035 = PLANE('',#6036);
#6036 = AXIS2_PLACEMENT_3D('',#6037,#6038,#6039);
#6037 = CARTESIAN_POINT('',(0.,0.,1.585));
#6038 = DIRECTION('',(0.,0.,1.));
#6039 = DIRECTION('',(1.,0.,-0.));
#6040 = SHELL_BASED_SURFACE_MODEL('',(#6041));
#6041 = OPEN_SHELL('',(#6042));
#6042 = ADVANCED_FACE('',(#6043,#6201),#6271,.T.);
#6043 = FACE_BOUND('',#6044,.F.);
#6044 = EDGE_LOOP('',(#6045,#6056,#6064,#6073,#6081,#6089,#6097,#6106,
    #6114,#6122,#6131,#6139,#6147,#6155,#6163,#6171,#6179,#6187,#6195));
#6045 = ORIENTED_EDGE('',*,*,#6046,.T.);
#6046 = EDGE_CURVE('',#6047,#6049,#6051,.T.);
#6047 = VERTEX_POINT('',#6048);
#6048 = CARTESIAN_POINT('',(38.641168,-6.817834,1.585));
#6049 = VERTEX_POINT('',#6050);
#6050 = CARTESIAN_POINT('',(39.156863,-6.8232,1.585));
#6051 = CIRCLE('',#6052,0.45076336239);
#6052 = AXIS2_PLACEMENT_3D('',#6053,#6054,#6055);
#6053 = CARTESIAN_POINT('',(38.895168601964,-7.190219959825,1.585));
#6054 = DIRECTION('',(0.,0.,-1.));
#6055 = DIRECTION('',(-0.563489899928,0.826122952519,0.));
#6056 = ORIENTED_EDGE('',*,*,#6057,.T.);
#6057 = EDGE_CURVE('',#6049,#6058,#6060,.T.);
#6058 = VERTEX_POINT('',#6059);
#6059 = CARTESIAN_POINT('',(39.220317,-6.88873,1.585));
#6060 = LINE('',#6061,#6062);
#6061 = CARTESIAN_POINT('',(39.156863,-6.8232,1.585));
#6062 = VECTOR('',#6063,1.);
#6063 = DIRECTION('',(0.695635787458,-0.718394634729,0.));
#6064 = ORIENTED_EDGE('',*,*,#6065,.T.);
#6065 = EDGE_CURVE('',#6058,#6066,#6068,.T.);
#6066 = VERTEX_POINT('',#6067);
#6067 = CARTESIAN_POINT('',(39.21495,-7.356807,1.585));
#6068 = CIRCLE('',#6069,0.397465645887);
#6069 = AXIS2_PLACEMENT_3D('',#6070,#6071,#6072);
#6070 = CARTESIAN_POINT('',(38.896410597135,-7.119085338213,1.585));
#6071 = DIRECTION('',(0.,0.,-1.));
#6072 = DIRECTION('',(0.814929305758,0.579560373574,0.));
#6073 = ORIENTED_EDGE('',*,*,#6074,.T.);
#6074 = EDGE_CURVE('',#6066,#6075,#6077,.T.);
#6075 = VERTEX_POINT('',#6076);
#6076 = CARTESIAN_POINT('',(39.149417,-7.42026,1.585));
#6077 = LINE('',#6078,#6079);
#6078 = CARTESIAN_POINT('',(39.21495,-7.356807,1.585));
#6079 = VECTOR('',#6080,1.);
#6080 = DIRECTION('',(-0.718416027676,-0.695613693927,0.));
#6081 = ORIENTED_EDGE('',*,*,#6082,.T.);
#6082 = EDGE_CURVE('',#6075,#6083,#6085,.T.);
#6083 = VERTEX_POINT('',#6084);
#6084 = CARTESIAN_POINT('',(39.028974,-7.47832,1.585));
#6085 = LINE('',#6086,#6087);
#6086 = CARTESIAN_POINT('',(39.149417,-7.42026,1.585));
#6087 = VECTOR('',#6088,1.);
#6088 = DIRECTION('',(-0.900800079444,-0.434234057708,0.));
#6089 = ORIENTED_EDGE('',*,*,#6090,.T.);
#6090 = EDGE_CURVE('',#6083,#6091,#6093,.T.);
#6091 = VERTEX_POINT('',#6092);
#6092 = CARTESIAN_POINT('',(38.6152,-7.477522,1.585));
#6093 = LINE('',#6094,#6095);
#6094 = CARTESIAN_POINT('',(39.028974,-7.47832,1.585));
#6095 = VECTOR('',#6096,1.);
#6096 = DIRECTION('',(-0.999998140277,1.928585449888E-03,0.));
#6097 = ORIENTED_EDGE('',*,*,#6098,.T.);
#6098 = EDGE_CURVE('',#6091,#6099,#6101,.T.);
#6099 = VERTEX_POINT('',#6100);
#6100 = CARTESIAN_POINT('',(38.185356,-7.247826,1.585));
#6101 = CIRCLE('',#6102,0.610108760528);
#6102 = AXIS2_PLACEMENT_3D('',#6103,#6104,#6105);
#6103 = CARTESIAN_POINT('',(38.663890888628,-6.869359277501,1.585));
#6104 = DIRECTION('',(0.,0.,-1.));
#6105 = DIRECTION('',(-7.980689965075E-02,-0.996810342426,-0.));
#6106 = ORIENTED_EDGE('',*,*,#6107,.T.);
#6107 = EDGE_CURVE('',#6099,#6108,#6110,.T.);
#6108 = VERTEX_POINT('',#6109);
#6109 = CARTESIAN_POINT('',(38.13126,-7.133679,1.585));
#6110 = LINE('',#6111,#6112);
#6111 = CARTESIAN_POINT('',(38.185356,-7.247826,1.585));
#6112 = VECTOR('',#6113,1.);
#6113 = DIRECTION('',(-0.428256830769,0.903657062662,0.));
#6114 = ORIENTED_EDGE('',*,*,#6115,.T.);
#6115 = EDGE_CURVE('',#6108,#6116,#6118,.T.);
#6116 = VERTEX_POINT('',#6117);
#6117 = CARTESIAN_POINT('',(38.13126,-6.913939,1.585));
#6118 = LINE('',#6119,#6120);
#6119 = CARTESIAN_POINT('',(38.13126,-7.133679,1.585));
#6120 = VECTOR('',#6121,1.);
#6121 = DIRECTION('',(0.,1.,0.));
#6122 = ORIENTED_EDGE('',*,*,#6123,.T.);
#6123 = EDGE_CURVE('',#6116,#6124,#6126,.T.);
#6124 = VERTEX_POINT('',#6125);
#6125 = CARTESIAN_POINT('',(38.279819,-6.928571,1.585));
#6126 = CIRCLE('',#6127,7.500006711464E-02);
#6127 = AXIS2_PLACEMENT_3D('',#6128,#6129,#6130);
#6128 = CARTESIAN_POINT('',(38.204818932885,-6.928570932885,1.585));
#6129 = DIRECTION('',(0.,0.,-1.));
#6130 = DIRECTION('',(-0.980784894138,0.195092263891,0.));
#6131 = ORIENTED_EDGE('',*,*,#6132,.T.);
#6132 = EDGE_CURVE('',#6124,#6133,#6135,.T.);
#6133 = VERTEX_POINT('',#6134);
#6134 = CARTESIAN_POINT('',(38.279819,-7.101342,1.585));
#6135 = LINE('',#6136,#6137);
#6136 = CARTESIAN_POINT('',(38.279819,-6.928571,1.585));
#6137 = VECTOR('',#6138,1.);
#6138 = DIRECTION('',(0.,-1.,0.));
#6139 = ORIENTED_EDGE('',*,*,#6140,.T.);
#6140 = EDGE_CURVE('',#6133,#6141,#6143,.T.);
#6141 = VERTEX_POINT('',#6142);
#6142 = CARTESIAN_POINT('',(38.314077,-7.169858,1.585));
#6143 = LINE('',#6144,#6145);
#6144 = CARTESIAN_POINT('',(38.279819,-7.101342,1.585));
#6145 = VECTOR('',#6146,1.);
#6146 = DIRECTION('',(0.4472135955,-0.894427191,0.));
#6147 = ORIENTED_EDGE('',*,*,#6148,.T.);
#6148 = EDGE_CURVE('',#6141,#6149,#6151,.T.);
#6149 = VERTEX_POINT('',#6150);
#6150 = CARTESIAN_POINT('',(38.347837,-7.203618,1.585));
#6151 = LINE('',#6152,#6153);
#6152 = CARTESIAN_POINT('',(38.314077,-7.169858,1.585));
#6153 = VECTOR('',#6154,1.);
#6154 = DIRECTION('',(0.707106781187,-0.707106781187,0.));
#6155 = ORIENTED_EDGE('',*,*,#6156,.T.);
#6156 = EDGE_CURVE('',#6149,#6157,#6159,.T.);
#6157 = VERTEX_POINT('',#6158);
#6158 = CARTESIAN_POINT('',(38.473708,-7.287532,1.585));
#6159 = LINE('',#6160,#6161);
#6160 = CARTESIAN_POINT('',(38.347837,-7.203618,1.585));
#6161 = VECTOR('',#6162,1.);
#6162 = DIRECTION('',(0.832050294338,-0.554700196225,0.));
#6163 = ORIENTED_EDGE('',*,*,#6164,.T.);
#6164 = EDGE_CURVE('',#6157,#6165,#6167,.T.);
#6165 = VERTEX_POINT('',#6166);
#6166 = CARTESIAN_POINT('',(38.547804,-7.306056,1.585));
#6167 = LINE('',#6168,#6169);
#6168 = CARTESIAN_POINT('',(38.473708,-7.287532,1.585));
#6169 = VECTOR('',#6170,1.);
#6170 = DIRECTION('',(0.970142500145,-0.242535625036,0.));
#6171 = ORIENTED_EDGE('',*,*,#6172,.T.);
#6172 = EDGE_CURVE('',#6165,#6173,#6175,.T.);
#6173 = VERTEX_POINT('',#6174);
#6174 = CARTESIAN_POINT('',(38.512212,-7.228917,1.585));
#6175 = LINE('',#6176,#6177);
#6176 = CARTESIAN_POINT('',(38.547804,-7.306056,1.585));
#6177 = VECTOR('',#6178,1.);
#6178 = DIRECTION('',(-0.418955163734,0.90800692221,0.));
#6179 = ORIENTED_EDGE('',*,*,#6180,.T.);
#6180 = EDGE_CURVE('',#6173,#6181,#6183,.T.);
#6181 = VERTEX_POINT('',#6182);
#6182 = CARTESIAN_POINT('',(38.513434,-7.004,1.585));
#6183 = LINE('',#6184,#6185);
#6184 = CARTESIAN_POINT('',(38.512212,-7.228917,1.585));
#6185 = VECTOR('',#6186,1.);
#6186 = DIRECTION('',(5.433035139391E-03,0.999985240956,0.));
#6187 = ORIENTED_EDGE('',*,*,#6188,.T.);
#6188 = EDGE_CURVE('',#6181,#6189,#6191,.T.);
#6189 = VERTEX_POINT('',#6190);
#6190 = CARTESIAN_POINT('',(38.575638,-6.881287,1.585));
#6191 = LINE('',#6192,#6193);
#6192 = CARTESIAN_POINT('',(38.513434,-7.004,1.585));
#6193 = VECTOR('',#6194,1.);
#6194 = DIRECTION('',(0.4521349062,0.891949565052,0.));
#6195 = ORIENTED_EDGE('',*,*,#6196,.T.);
#6196 = EDGE_CURVE('',#6189,#6047,#6197,.T.);
#6197 = LINE('',#6198,#6199);
#6198 = CARTESIAN_POINT('',(38.575638,-6.881287,1.585));
#6199 = VECTOR('',#6200,1.);
#6200 = DIRECTION('',(0.718400113328,0.695630129574,0.));
#6201 = FACE_BOUND('',#6202,.F.);
#6202 = EDGE_LOOP('',(#6203,#6214,#6222,#6231,#6239,#6248,#6256,#6265));
#6203 = ORIENTED_EDGE('',*,*,#6204,.T.);
#6204 = EDGE_CURVE('',#6205,#6207,#6209,.T.);
#6205 = VERTEX_POINT('',#6206);
#6206 = CARTESIAN_POINT('',(39.065153,-6.942591,1.585));
#6207 = VERTEX_POINT('',#6208);
#6208 = CARTESIAN_POINT('',(38.725436,-6.942591,1.585));
#6209 = CIRCLE('',#6210,0.305621483548);
#6210 = AXIS2_PLACEMENT_3D('',#6211,#6212,#6213);
#6211 = CARTESIAN_POINT('',(38.8952945,-7.196663,1.585));
#6212 = DIRECTION('',(0.,0.,1.));
#6213 = DIRECTION('',(0.555780627814,0.831328992485,-0.));
#6214 = ORIENTED_EDGE('',*,*,#6215,.T.);
#6215 = EDGE_CURVE('',#6207,#6216,#6218,.T.);
#6216 = VERTEX_POINT('',#6217);
#6217 = CARTESIAN_POINT('',(38.695029,-6.972998,1.585));
#6218 = LINE('',#6219,#6220);
#6219 = CARTESIAN_POINT('',(38.725436,-6.942591,1.585));
#6220 = VECTOR('',#6221,1.);
#6221 = DIRECTION('',(-0.707106781187,-0.707106781186,0.));
#6222 = ORIENTED_EDGE('',*,*,#6223,.T.);
#6223 = EDGE_CURVE('',#6216,#6224,#6226,.T.);
#6224 = VERTEX_POINT('',#6225);
#6225 = CARTESIAN_POINT('',(38.695029,-7.265096,1.585));
#6226 = CIRCLE('',#6227,0.252889603602);
#6227 = AXIS2_PLACEMENT_3D('',#6228,#6229,#6230);
#6228 = CARTESIAN_POINT('',(38.901482,-7.119047,1.585));
#6229 = DIRECTION('',(0.,0.,1.));
#6230 = DIRECTION('',(-0.816375988018,0.577520775547,0.));
#6231 = ORIENTED_EDGE('',*,*,#6232,.T.);
#6232 = EDGE_CURVE('',#6224,#6233,#6235,.T.);
#6233 = VERTEX_POINT('',#6234);
#6234 = CARTESIAN_POINT('',(38.725436,-7.295503,1.585));
#6235 = LINE('',#6236,#6237);
#6236 = CARTESIAN_POINT('',(38.695029,-7.265096,1.585));
#6237 = VECTOR('',#6238,1.);
#6238 = DIRECTION('',(0.707106781187,-0.707106781187,0.));
#6239 = ORIENTED_EDGE('',*,*,#6240,.T.);
#6240 = EDGE_CURVE('',#6233,#6241,#6243,.T.);
#6241 = VERTEX_POINT('',#6242);
#6242 = CARTESIAN_POINT('',(39.065153,-7.295502,1.585));
#6243 = CIRCLE('',#6244,0.305619824406);
#6244 = AXIS2_PLACEMENT_3D('',#6245,#6246,#6247);
#6245 = CARTESIAN_POINT('',(38.895293752113,-7.041432495774,1.585));
#6246 = DIRECTION('',(0.,0.,1.));
#6247 = DIRECTION('',(-0.555781197907,-0.831328611352,0.));
#6248 = ORIENTED_EDGE('',*,*,#6249,.T.);
#6249 = EDGE_CURVE('',#6241,#6250,#6252,.T.);
#6250 = VERTEX_POINT('',#6251);
#6251 = CARTESIAN_POINT('',(39.095561,-7.265095,1.585));
#6252 = LINE('',#6253,#6254);
#6253 = CARTESIAN_POINT('',(39.065153,-7.295502,1.585));
#6254 = VECTOR('',#6255,1.);
#6255 = DIRECTION('',(0.707118408268,0.707095153914,0.));
#6256 = ORIENTED_EDGE('',*,*,#6257,.T.);
#6257 = EDGE_CURVE('',#6250,#6258,#6260,.T.);
#6258 = VERTEX_POINT('',#6259);
#6259 = CARTESIAN_POINT('',(39.095561,-6.972998,1.585));
#6260 = CIRCLE('',#6261,0.252886650841);
#6261 = AXIS2_PLACEMENT_3D('',#6262,#6263,#6264);
#6262 = CARTESIAN_POINT('',(38.889111263209,-7.1190465,1.585));
#6263 = DIRECTION('',(0.,-0.,1.));
#6264 = DIRECTION('',(0.816372616368,-0.577525541639,-0.));
#6265 = ORIENTED_EDGE('',*,*,#6266,.T.);
#6266 = EDGE_CURVE('',#6258,#6205,#6267,.T.);
#6267 = LINE('',#6268,#6269);
#6268 = CARTESIAN_POINT('',(39.095561,-6.972998,1.585));
#6269 = VECTOR('',#6270,1.);
#6270 = DIRECTION('',(-0.707118408268,0.707095153914,0.));
#6271 = PLANE('',#6272);
#6272 = AXIS2_PLACEMENT_3D('',#6273,#6274,#6275);
#6273 = CARTESIAN_POINT('',(0.,0.,1.585));
#6274 = DIRECTION('',(0.,0.,1.));
#6275 = DIRECTION('',(1.,0.,-0.));
#6276 = SHELL_BASED_SURFACE_MODEL('',(#6277));
#6277 = OPEN_SHELL('',(#6278));
#6278 = ADVANCED_FACE('',(#6279),#6433,.T.);
#6279 = FACE_BOUND('',#6280,.F.);
#6280 = EDGE_LOOP('',(#6281,#6292,#6300,#6309,#6317,#6326,#6334,#6343,
    #6351,#6359,#6367,#6376,#6384,#6393,#6401,#6410,#6418,#6427));
#6281 = ORIENTED_EDGE('',*,*,#6282,.T.);
#6282 = EDGE_CURVE('',#6283,#6285,#6287,.T.);
#6283 = VERTEX_POINT('',#6284);
#6284 = CARTESIAN_POINT('',(-49.37,8.36,1.585));
#6285 = VERTEX_POINT('',#6286);
#6286 = CARTESIAN_POINT('',(-49.31,8.42,1.585));
#6287 = CIRCLE('',#6288,5.999932016258E-02);
#6288 = AXIS2_PLACEMENT_3D('',#6289,#6290,#6291);
#6289 = CARTESIAN_POINT('',(-49.31000067984,8.360000679841,1.585));
#6290 = DIRECTION('',(0.,0.,-1.));
#6291 = DIRECTION('',(-0.999999999936,-1.133081621025E-05,-0.));
#6292 = ORIENTED_EDGE('',*,*,#6293,.T.);
#6293 = EDGE_CURVE('',#6285,#6294,#6296,.T.);
#6294 = VERTEX_POINT('',#6295);
#6295 = CARTESIAN_POINT('',(-35.,8.42,1.585));
#6296 = LINE('',#6297,#6298);
#6297 = CARTESIAN_POINT('',(-49.31,8.42,1.585));
#6298 = VECTOR('',#6299,1.);
#6299 = DIRECTION('',(1.,0.,0.));
#6300 = ORIENTED_EDGE('',*,*,#6301,.T.);
#6301 = EDGE_CURVE('',#6294,#6302,#6304,.T.);
#6302 = VERTEX_POINT('',#6303);
#6303 = CARTESIAN_POINT('',(-31.012209,5.46919,1.585));
#6304 = CIRCLE('',#6305,4.170000811117);
#6305 = AXIS2_PLACEMENT_3D('',#6306,#6307,#6308);
#6306 = CARTESIAN_POINT('',(-35.00000043521,4.249999188883,1.585));
#6307 = DIRECTION('',(0.,0.,-1.));
#6308 = DIRECTION('',(1.043689746802E-07,1.,0.));
#6309 = ORIENTED_EDGE('',*,*,#6310,.T.);
#6310 = EDGE_CURVE('',#6302,#6311,#6313,.T.);
#6311 = VERTEX_POINT('',#6312);
#6312 = CARTESIAN_POINT('',(-31.012856,5.432114,1.585));
#6313 = LINE('',#6314,#6315);
#6314 = CARTESIAN_POINT('',(-31.012209,5.46919,1.585));
#6315 = VECTOR('',#6316,1.);
#6316 = DIRECTION('',(-1.74479854539E-02,-0.999847772315,0.));
#6317 = ORIENTED_EDGE('',*,*,#6318,.T.);
#6318 = EDGE_CURVE('',#6311,#6319,#6321,.T.);
#6319 = VERTEX_POINT('',#6320);
#6320 = CARTESIAN_POINT('',(-31.126965,5.434106,1.585));
#6321 = CIRCLE('',#6322,5.999957848665E-02);
#6322 = AXIS2_PLACEMENT_3D('',#6323,#6324,#6325);
#6323 = CARTESIAN_POINT('',(-31.06958689202,5.451647440767,1.585));
#6324 = DIRECTION('',(-0.,0.,-1.));
#6325 = DIRECTION('',(0.945521509642,-0.325559633253,-0.));
#6326 = ORIENTED_EDGE('',*,*,#6327,.T.);
#6327 = EDGE_CURVE('',#6319,#6328,#6330,.T.);
#6328 = VERTEX_POINT('',#6329);
#6329 = CARTESIAN_POINT('',(-31.180879,5.610465,1.585));
#6330 = LINE('',#6331,#6332);
#6331 = CARTESIAN_POINT('',(-31.126965,5.434106,1.585));
#6332 = VECTOR('',#6333,1.);
#6333 = DIRECTION('',(-0.292350097028,0.956311361831,0.));
#6334 = ORIENTED_EDGE('',*,*,#6335,.T.);
#6335 = EDGE_CURVE('',#6328,#6336,#6338,.T.);
#6336 = VERTEX_POINT('',#6337);
#6337 = CARTESIAN_POINT('',(-34.815584,8.300005,1.585));
#6338 = CIRCLE('',#6339,4.05420065405);
#6339 = AXIS2_PLACEMENT_3D('',#6340,#6341,#6342);
#6340 = CARTESIAN_POINT('',(-34.99999933522,4.25000081143,1.585));
#6341 = DIRECTION('',(0.,0.,1.));
#6342 = DIRECTION('',(0.942015618149,0.335569031891,-0.));
#6343 = ORIENTED_EDGE('',*,*,#6344,.T.);
#6344 = EDGE_CURVE('',#6336,#6345,#6347,.T.);
#6345 = VERTEX_POINT('',#6346);
#6346 = CARTESIAN_POINT('',(-49.25,8.3,1.585));
#6347 = LINE('',#6348,#6349);
#6348 = CARTESIAN_POINT('',(-34.815584,8.300005,1.585));
#6349 = VECTOR('',#6350,1.);
#6350 = DIRECTION('',(-1.,-3.463943397371E-07,0.));
#6351 = ORIENTED_EDGE('',*,*,#6352,.T.);
#6352 = EDGE_CURVE('',#6345,#6353,#6355,.T.);
#6353 = VERTEX_POINT('',#6354);
#6354 = CARTESIAN_POINT('',(-49.25,-7.3,1.585));
#6355 = LINE('',#6356,#6357);
#6356 = CARTESIAN_POINT('',(-49.25,8.3,1.585));
#6357 = VECTOR('',#6358,1.);
#6358 = DIRECTION('',(0.,-1.,0.));
#6359 = ORIENTED_EDGE('',*,*,#6360,.T.);
#6360 = EDGE_CURVE('',#6353,#6361,#6363,.T.);
#6361 = VERTEX_POINT('',#6362);
#6362 = CARTESIAN_POINT('',(-34.810294,-7.300015,1.585));
#6363 = LINE('',#6364,#6365);
#6364 = CARTESIAN_POINT('',(-49.25,-7.3,1.585));
#6365 = VECTOR('',#6366,1.);
#6366 = DIRECTION('',(0.999999999999,-1.038802313587E-06,0.));
#6367 = ORIENTED_EDGE('',*,*,#6368,.T.);
#6368 = EDGE_CURVE('',#6361,#6369,#6371,.T.);
#6369 = VERTEX_POINT('',#6370);
#6370 = CARTESIAN_POINT('',(-31.626165,-5.498521,1.585));
#6371 = CIRCLE('',#6372,4.054449245349);
#6372 = AXIS2_PLACEMENT_3D('',#6373,#6374,#6375);
#6373 = CARTESIAN_POINT('',(-34.99999660471,-3.250006159901,1.585));
#6374 = DIRECTION('',(0.,0.,1.));
#6375 = DIRECTION('',(4.678874817135E-02,-0.998904806798,0.));
#6376 = ORIENTED_EDGE('',*,*,#6377,.T.);
#6377 = EDGE_CURVE('',#6369,#6378,#6380,.T.);
#6378 = VERTEX_POINT('',#6379);
#6379 = CARTESIAN_POINT('',(-31.528472,-5.335904,1.585));
#6380 = LINE('',#6381,#6382);
#6381 = CARTESIAN_POINT('',(-31.626165,-5.498521,1.585));
#6382 = VECTOR('',#6383,1.);
#6383 = DIRECTION('',(0.514971645894,0.857207211779,0.));
#6384 = ORIENTED_EDGE('',*,*,#6385,.T.);
#6385 = EDGE_CURVE('',#6378,#6386,#6388,.T.);
#6386 = VERTEX_POINT('',#6387);
#6387 = CARTESIAN_POINT('',(-31.425612,-5.397708,1.585));
#6388 = CIRCLE('',#6389,5.999982086641E-02);
#6389 = AXIS2_PLACEMENT_3D('',#6390,#6391,#6392);
#6390 = CARTESIAN_POINT('',(-31.47704201828,-5.366806030426,1.585));
#6391 = DIRECTION('',(0.,0.,-1.));
#6392 = DIRECTION('',(-0.857168921104,0.515035378099,0.));
#6393 = ORIENTED_EDGE('',*,*,#6394,.T.);
#6394 = EDGE_CURVE('',#6386,#6395,#6397,.T.);
#6395 = VERTEX_POINT('',#6396);
#6396 = CARTESIAN_POINT('',(-31.622837,-5.696155,1.585));
#6397 = LINE('',#6398,#6399);
#6398 = CARTESIAN_POINT('',(-31.425612,-5.397708,1.585));
#6399 = VECTOR('',#6400,1.);
#6400 = DIRECTION('',(-0.551328881045,-0.83428799879,0.));
#6401 = ORIENTED_EDGE('',*,*,#6402,.T.);
#6402 = EDGE_CURVE('',#6395,#6403,#6405,.T.);
#6403 = VERTEX_POINT('',#6404);
#6404 = CARTESIAN_POINT('',(-35.,-7.42,1.585));
#6405 = CIRCLE('',#6406,4.170001273855);
#6406 = AXIS2_PLACEMENT_3D('',#6407,#6408,#6409);
#6407 = CARTESIAN_POINT('',(-35.00000002654,-3.249998726145,1.585));
#6408 = DIRECTION('',(0.,0.,-1.));
#6409 = DIRECTION('',(0.809870981986,-0.586608039952,0.));
#6410 = ORIENTED_EDGE('',*,*,#6411,.T.);
#6411 = EDGE_CURVE('',#6403,#6412,#6414,.T.);
#6412 = VERTEX_POINT('',#6413);
#6413 = CARTESIAN_POINT('',(-49.31,-7.42,1.585));
#6414 = LINE('',#6415,#6416);
#6415 = CARTESIAN_POINT('',(-35.,-7.42,1.585));
#6416 = VECTOR('',#6417,1.);
#6417 = DIRECTION('',(-1.,0.,0.));
#6418 = ORIENTED_EDGE('',*,*,#6419,.T.);
#6419 = EDGE_CURVE('',#6412,#6420,#6422,.T.);
#6420 = VERTEX_POINT('',#6421);
#6421 = CARTESIAN_POINT('',(-49.37,-7.36,1.585));
#6422 = CIRCLE('',#6423,5.99993201626E-02);
#6423 = AXIS2_PLACEMENT_3D('',#6424,#6425,#6426);
#6424 = CARTESIAN_POINT('',(-49.31000067984,-7.360000679841,1.585));
#6425 = DIRECTION('',(0.,0.,-1.));
#6426 = DIRECTION('',(1.133081588457E-05,-0.999999999936,0.));
#6427 = ORIENTED_EDGE('',*,*,#6428,.T.);
#6428 = EDGE_CURVE('',#6420,#6283,#6429,.T.);
#6429 = LINE('',#6430,#6431);
#6430 = CARTESIAN_POINT('',(-49.37,-7.36,1.585));
#6431 = VECTOR('',#6432,1.);
#6432 = DIRECTION('',(0.,1.,0.));
#6433 = PLANE('',#6434);
#6434 = AXIS2_PLACEMENT_3D('',#6435,#6436,#6437);
#6435 = CARTESIAN_POINT('',(0.,0.,1.585));
#6436 = DIRECTION('',(0.,0.,1.));
#6437 = DIRECTION('',(1.,0.,-0.));
#6438 = SHELL_BASED_SURFACE_MODEL('',(#6439));
#6439 = OPEN_SHELL('',(#6440));
#6440 = ADVANCED_FACE('',(#6441),#6560,.T.);
#6441 = FACE_BOUND('',#6442,.F.);
#6442 = EDGE_LOOP('',(#6443,#6454,#6462,#6471,#6479,#6487,#6496,#6504,
    #6512,#6520,#6528,#6537,#6545,#6554));
#6443 = ORIENTED_EDGE('',*,*,#6444,.T.);
#6444 = EDGE_CURVE('',#6445,#6447,#6449,.T.);
#6445 = VERTEX_POINT('',#6446);
#6446 = CARTESIAN_POINT('',(40.66727,-5.361577,1.585));
#6447 = VERTEX_POINT('',#6448);
#6448 = CARTESIAN_POINT('',(40.778472,-5.335904,1.585));
#6449 = CIRCLE('',#6450,6.00001731688E-02);
#6450 = AXIS2_PLACEMENT_3D('',#6451,#6452,#6453);
#6451 = CARTESIAN_POINT('',(40.727041848129,-5.366806431277,1.585));
#6452 = DIRECTION('',(0.,0.,-1.));
#6453 = DIRECTION('',(-0.996194593659,8.715693640807E-02,0.));
#6454 = ORIENTED_EDGE('',*,*,#6455,.T.);
#6455 = EDGE_CURVE('',#6447,#6456,#6458,.T.);
#6456 = VERTEX_POINT('',#6457);
#6457 = CARTESIAN_POINT('',(40.876165,-5.498521,1.585));
#6458 = LINE('',#6459,#6460);
#6459 = CARTESIAN_POINT('',(40.778472,-5.335904,1.585));
#6460 = VECTOR('',#6461,1.);
#6461 = DIRECTION('',(0.514971645894,-0.857207211779,0.));
#6462 = ORIENTED_EDGE('',*,*,#6463,.T.);
#6463 = EDGE_CURVE('',#6456,#6464,#6466,.T.);
#6464 = VERTEX_POINT('',#6465);
#6465 = CARTESIAN_POINT('',(44.060294,-7.300015,1.585));
#6466 = CIRCLE('',#6467,4.054449245349);
#6467 = AXIS2_PLACEMENT_3D('',#6468,#6469,#6470);
#6468 = CARTESIAN_POINT('',(44.249996604714,-3.250006159901,1.585));
#6469 = DIRECTION('',(0.,0.,1.));
#6470 = DIRECTION('',(-0.832130679299,-0.55457959985,0.));
#6471 = ORIENTED_EDGE('',*,*,#6472,.T.);
#6472 = EDGE_CURVE('',#6464,#6473,#6475,.T.);
#6473 = VERTEX_POINT('',#6474);
#6474 = CARTESIAN_POINT('',(49.8,-7.3,1.585));
#6475 = LINE('',#6476,#6477);
#6476 = CARTESIAN_POINT('',(44.060294,-7.300015,1.585));
#6477 = VECTOR('',#6478,1.);
#6478 = DIRECTION('',(0.999999999997,2.613374273921E-06,0.));
#6479 = ORIENTED_EDGE('',*,*,#6480,.T.);
#6480 = EDGE_CURVE('',#6473,#6481,#6483,.T.);
#6481 = VERTEX_POINT('',#6482);
#6482 = CARTESIAN_POINT('',(49.8,-6.51,1.585));
#6483 = LINE('',#6484,#6485);
#6484 = CARTESIAN_POINT('',(49.8,-7.3,1.585));
#6485 = VECTOR('',#6486,1.);
#6486 = DIRECTION('',(0.,1.,0.));
#6487 = ORIENTED_EDGE('',*,*,#6488,.T.);
#6488 = EDGE_CURVE('',#6481,#6489,#6491,.T.);
#6489 = VERTEX_POINT('',#6490);
#6490 = CARTESIAN_POINT('',(49.86,-6.45,1.585));
#6491 = CIRCLE('',#6492,5.999932016261E-02);
#6492 = AXIS2_PLACEMENT_3D('',#6493,#6494,#6495);
#6493 = CARTESIAN_POINT('',(49.859999320159,-6.509999320159,1.585));
#6494 = DIRECTION('',(0.,0.,-1.));
#6495 = DIRECTION('',(-0.999999999936,-1.133081584016E-05,-0.));
#6496 = ORIENTED_EDGE('',*,*,#6497,.T.);
#6497 = EDGE_CURVE('',#6489,#6498,#6500,.T.);
#6498 = VERTEX_POINT('',#6499);
#6499 = CARTESIAN_POINT('',(50.,-6.45,1.585));
#6500 = LINE('',#6501,#6502);
#6501 = CARTESIAN_POINT('',(49.86,-6.45,1.585));
#6502 = VECTOR('',#6503,1.);
#6503 = DIRECTION('',(1.,0.,0.));
#6504 = ORIENTED_EDGE('',*,*,#6505,.T.);
#6505 = EDGE_CURVE('',#6498,#6506,#6508,.T.);
#6506 = VERTEX_POINT('',#6507);
#6507 = CARTESIAN_POINT('',(50.,-6.57,1.585));
#6508 = LINE('',#6509,#6510);
#6509 = CARTESIAN_POINT('',(50.,-6.45,1.585));
#6510 = VECTOR('',#6511,1.);
#6511 = DIRECTION('',(0.,-1.,0.));
#6512 = ORIENTED_EDGE('',*,*,#6513,.T.);
#6513 = EDGE_CURVE('',#6506,#6514,#6516,.T.);
#6514 = VERTEX_POINT('',#6515);
#6515 = CARTESIAN_POINT('',(49.92,-6.57,1.585));
#6516 = LINE('',#6517,#6518);
#6517 = CARTESIAN_POINT('',(50.,-6.57,1.585));
#6518 = VECTOR('',#6519,1.);
#6519 = DIRECTION('',(-1.,0.,0.));
#6520 = ORIENTED_EDGE('',*,*,#6521,.T.);
#6521 = EDGE_CURVE('',#6514,#6522,#6524,.T.);
#6522 = VERTEX_POINT('',#6523);
#6523 = CARTESIAN_POINT('',(49.92,-7.36,1.585));
#6524 = LINE('',#6525,#6526);
#6525 = CARTESIAN_POINT('',(49.92,-6.57,1.585));
#6526 = VECTOR('',#6527,1.);
#6527 = DIRECTION('',(0.,-1.,0.));
#6528 = ORIENTED_EDGE('',*,*,#6529,.T.);
#6529 = EDGE_CURVE('',#6522,#6530,#6532,.T.);
#6530 = VERTEX_POINT('',#6531);
#6531 = CARTESIAN_POINT('',(49.86,-7.42,1.585));
#6532 = CIRCLE('',#6533,5.99993201626E-02);
#6533 = AXIS2_PLACEMENT_3D('',#6534,#6535,#6536);
#6534 = CARTESIAN_POINT('',(49.860000679841,-7.360000679841,1.585));
#6535 = DIRECTION('',(0.,0.,-1.));
#6536 = DIRECTION('',(0.999999999936,1.133081585497E-05,0.));
#6537 = ORIENTED_EDGE('',*,*,#6538,.T.);
#6538 = EDGE_CURVE('',#6530,#6539,#6541,.T.);
#6539 = VERTEX_POINT('',#6540);
#6540 = CARTESIAN_POINT('',(44.25,-7.42,1.585));
#6541 = LINE('',#6542,#6543);
#6542 = CARTESIAN_POINT('',(49.86,-7.42,1.585));
#6543 = VECTOR('',#6544,1.);
#6544 = DIRECTION('',(-1.,0.,0.));
#6545 = ORIENTED_EDGE('',*,*,#6546,.T.);
#6546 = EDGE_CURVE('',#6539,#6547,#6549,.T.);
#6547 = VERTEX_POINT('',#6548);
#6548 = CARTESIAN_POINT('',(40.675612,-5.397708,1.585));
#6549 = CIRCLE('',#6550,4.169998621944);
#6550 = AXIS2_PLACEMENT_3D('',#6551,#6552,#6553);
#6551 = CARTESIAN_POINT('',(44.249999328351,-3.250001378056,1.585));
#6552 = DIRECTION('',(0.,0.,-1.));
#6553 = DIRECTION('',(1.610670324328E-07,-1.,0.));
#6554 = ORIENTED_EDGE('',*,*,#6555,.T.);
#6555 = EDGE_CURVE('',#6547,#6445,#6556,.T.);
#6556 = LINE('',#6557,#6558);
#6557 = CARTESIAN_POINT('',(40.675612,-5.397708,1.585));
#6558 = VECTOR('',#6559,1.);
#6559 = DIRECTION('',(-0.224963891311,0.974367101049,0.));
#6560 = PLANE('',#6561);
#6561 = AXIS2_PLACEMENT_3D('',#6562,#6563,#6564);
#6562 = CARTESIAN_POINT('',(0.,0.,1.585));
#6563 = DIRECTION('',(0.,0.,1.));
#6564 = DIRECTION('',(1.,0.,-0.));
#6565 = SHELL_BASED_SURFACE_MODEL('',(#6566));
#6566 = OPEN_SHELL('',(#6567));
#6567 = ADVANCED_FACE('',(#6568),#6612,.T.);
#6568 = FACE_BOUND('',#6569,.F.);
#6569 = EDGE_LOOP('',(#6570,#6581,#6589,#6598,#6606));
#6570 = ORIENTED_EDGE('',*,*,#6571,.T.);
#6571 = EDGE_CURVE('',#6572,#6574,#6576,.T.);
#6572 = VERTEX_POINT('',#6573);
#6573 = CARTESIAN_POINT('',(-17.046194,-5.980866,1.585));
#6574 = VERTEX_POINT('',#6575);
#6575 = CARTESIAN_POINT('',(-16.95,-6.,1.585));
#6576 = CIRCLE('',#6577,4.999998452109E-02);
#6577 = AXIS2_PLACEMENT_3D('',#6578,#6579,#6580);
#6578 = CARTESIAN_POINT('',(-16.99999998452,-6.000000037369,1.585));
#6579 = DIRECTION('',(0.,0.,-1.));
#6580 = DIRECTION('',(-0.923880595592,0.382680865851,0.));
#6581 = ORIENTED_EDGE('',*,*,#6582,.T.);
#6582 = EDGE_CURVE('',#6574,#6583,#6585,.T.);
#6583 = VERTEX_POINT('',#6584);
#6584 = CARTESIAN_POINT('',(-16.95,-7.1,1.585));
#6585 = LINE('',#6586,#6587);
#6586 = CARTESIAN_POINT('',(-16.95,-6.,1.585));
#6587 = VECTOR('',#6588,1.);
#6588 = DIRECTION('',(0.,-1.,0.));
#6589 = ORIENTED_EDGE('',*,*,#6590,.T.);
#6590 = EDGE_CURVE('',#6583,#6591,#6593,.T.);
#6591 = VERTEX_POINT('',#6592);
#6592 = CARTESIAN_POINT('',(-17.05,-7.1,1.585));
#6593 = CIRCLE('',#6594,5.000000000002E-02);
#6594 = AXIS2_PLACEMENT_3D('',#6595,#6596,#6597);
#6595 = CARTESIAN_POINT('',(-17.,-7.099999952288,1.585));
#6596 = DIRECTION('',(-0.,0.,-1.));
#6597 = DIRECTION('',(1.,-9.542365120292E-07,-0.));
#6598 = ORIENTED_EDGE('',*,*,#6599,.T.);
#6599 = EDGE_CURVE('',#6591,#6600,#6602,.T.);
#6600 = VERTEX_POINT('',#6601);
#6601 = CARTESIAN_POINT('',(-17.05,-6.,1.585));
#6602 = LINE('',#6603,#6604);
#6603 = CARTESIAN_POINT('',(-17.05,-7.1,1.585));
#6604 = VECTOR('',#6605,1.);
#6605 = DIRECTION('',(0.,1.,0.));
#6606 = ORIENTED_EDGE('',*,*,#6607,.T.);
#6607 = EDGE_CURVE('',#6600,#6572,#6608,.T.);
#6608 = LINE('',#6609,#6610);
#6609 = CARTESIAN_POINT('',(-17.05,-6.,1.585));
#6610 = VECTOR('',#6611,1.);
#6611 = DIRECTION('',(0.195090852695,0.980785174845,0.));
#6612 = PLANE('',#6613);
#6613 = AXIS2_PLACEMENT_3D('',#6614,#6615,#6616);
#6614 = CARTESIAN_POINT('',(0.,0.,1.585));
#6615 = DIRECTION('',(0.,0.,1.));
#6616 = DIRECTION('',(1.,0.,-0.));
#6617 = SHELL_BASED_SURFACE_MODEL('',(#6618));
#6618 = OPEN_SHELL('',(#6619));
#6619 = ADVANCED_FACE('',(#6620),#6664,.T.);
#6620 = FACE_BOUND('',#6621,.F.);
#6621 = EDGE_LOOP('',(#6622,#6633,#6641,#6650,#6658));
#6622 = ORIENTED_EDGE('',*,*,#6623,.T.);
#6623 = EDGE_CURVE('',#6624,#6626,#6628,.T.);
#6624 = VERTEX_POINT('',#6625);
#6625 = CARTESIAN_POINT('',(0.703806,-5.980866,1.585));
#6626 = VERTEX_POINT('',#6627);
#6627 = CARTESIAN_POINT('',(0.8,-6.,1.585));
#6628 = CIRCLE('',#6629,4.999998452109E-02);
#6629 = AXIS2_PLACEMENT_3D('',#6630,#6631,#6632);
#6630 = CARTESIAN_POINT('',(0.750000015479,-6.000000037369,1.585));
#6631 = DIRECTION('',(0.,0.,-1.));
#6632 = DIRECTION('',(-0.923880595592,0.382680865851,0.));
#6633 = ORIENTED_EDGE('',*,*,#6634,.T.);
#6634 = EDGE_CURVE('',#6626,#6635,#6637,.T.);
#6635 = VERTEX_POINT('',#6636);
#6636 = CARTESIAN_POINT('',(0.8,-7.1,1.585));
#6637 = LINE('',#6638,#6639);
#6638 = CARTESIAN_POINT('',(0.8,-6.,1.585));
#6639 = VECTOR('',#6640,1.);
#6640 = DIRECTION('',(0.,-1.,0.));
#6641 = ORIENTED_EDGE('',*,*,#6642,.T.);
#6642 = EDGE_CURVE('',#6635,#6643,#6645,.T.);
#6643 = VERTEX_POINT('',#6644);
#6644 = CARTESIAN_POINT('',(0.7,-7.1,1.585));
#6645 = CIRCLE('',#6646,5.000000000002E-02);
#6646 = AXIS2_PLACEMENT_3D('',#6647,#6648,#6649);
#6647 = CARTESIAN_POINT('',(0.75,-7.099999952288,1.585));
#6648 = DIRECTION('',(-0.,0.,-1.));
#6649 = DIRECTION('',(1.,-9.542364765021E-07,-0.));
#6650 = ORIENTED_EDGE('',*,*,#6651,.T.);
#6651 = EDGE_CURVE('',#6643,#6652,#6654,.T.);
#6652 = VERTEX_POINT('',#6653);
#6653 = CARTESIAN_POINT('',(0.7,-6.,1.585));
#6654 = LINE('',#6655,#6656);
#6655 = CARTESIAN_POINT('',(0.7,-7.1,1.585));
#6656 = VECTOR('',#6657,1.);
#6657 = DIRECTION('',(0.,1.,0.));
#6658 = ORIENTED_EDGE('',*,*,#6659,.T.);
#6659 = EDGE_CURVE('',#6652,#6624,#6660,.T.);
#6660 = LINE('',#6661,#6662);
#6661 = CARTESIAN_POINT('',(0.7,-6.,1.585));
#6662 = VECTOR('',#6663,1.);
#6663 = DIRECTION('',(0.195090852695,0.980785174845,0.));
#6664 = PLANE('',#6665);
#6665 = AXIS2_PLACEMENT_3D('',#6666,#6667,#6668);
#6666 = CARTESIAN_POINT('',(0.,0.,1.585));
#6667 = DIRECTION('',(0.,0.,1.));
#6668 = DIRECTION('',(1.,0.,-0.));
#6669 = SHELL_BASED_SURFACE_MODEL('',(#6670));
#6670 = OPEN_SHELL('',(#6671));
#6671 = ADVANCED_FACE('',(#6672),#6716,.T.);
#6672 = FACE_BOUND('',#6673,.F.);
#6673 = EDGE_LOOP('',(#6674,#6685,#6693,#6702,#6710));
#6674 = ORIENTED_EDGE('',*,*,#6675,.T.);
#6675 = EDGE_CURVE('',#6676,#6678,#6680,.T.);
#6676 = VERTEX_POINT('',#6677);
#6677 = CARTESIAN_POINT('',(18.453806,-5.980866,1.585));
#6678 = VERTEX_POINT('',#6679);
#6679 = CARTESIAN_POINT('',(18.55,-6.,1.585));
#6680 = CIRCLE('',#6681,4.999998452109E-02);
#6681 = AXIS2_PLACEMENT_3D('',#6682,#6683,#6684);
#6682 = CARTESIAN_POINT('',(18.500000015479,-6.000000037369,1.585));
#6683 = DIRECTION('',(0.,0.,-1.));
#6684 = DIRECTION('',(-0.923880595592,0.382680865851,0.));
#6685 = ORIENTED_EDGE('',*,*,#6686,.T.);
#6686 = EDGE_CURVE('',#6678,#6687,#6689,.T.);
#6687 = VERTEX_POINT('',#6688);
#6688 = CARTESIAN_POINT('',(18.55,-7.1,1.585));
#6689 = LINE('',#6690,#6691);
#6690 = CARTESIAN_POINT('',(18.55,-6.,1.585));
#6691 = VECTOR('',#6692,1.);
#6692 = DIRECTION('',(0.,-1.,0.));
#6693 = ORIENTED_EDGE('',*,*,#6694,.T.);
#6694 = EDGE_CURVE('',#6687,#6695,#6697,.T.);
#6695 = VERTEX_POINT('',#6696);
#6696 = CARTESIAN_POINT('',(18.45,-7.1,1.585));
#6697 = CIRCLE('',#6698,5.000000000002E-02);
#6698 = AXIS2_PLACEMENT_3D('',#6699,#6700,#6701);
#6699 = CARTESIAN_POINT('',(18.5,-7.099999952288,1.585));
#6700 = DIRECTION('',(-0.,0.,-1.));
#6701 = DIRECTION('',(1.,-9.542365120292E-07,-0.));
#6702 = ORIENTED_EDGE('',*,*,#6703,.T.);
#6703 = EDGE_CURVE('',#6695,#6704,#6706,.T.);
#6704 = VERTEX_POINT('',#6705);
#6705 = CARTESIAN_POINT('',(18.45,-6.,1.585));
#6706 = LINE('',#6707,#6708);
#6707 = CARTESIAN_POINT('',(18.45,-7.1,1.585));
#6708 = VECTOR('',#6709,1.);
#6709 = DIRECTION('',(0.,1.,0.));
#6710 = ORIENTED_EDGE('',*,*,#6711,.T.);
#6711 = EDGE_CURVE('',#6704,#6676,#6712,.T.);
#6712 = LINE('',#6713,#6714);
#6713 = CARTESIAN_POINT('',(18.45,-6.,1.585));
#6714 = VECTOR('',#6715,1.);
#6715 = DIRECTION('',(0.195090852695,0.980785174845,0.));
#6716 = PLANE('',#6717);
#6717 = AXIS2_PLACEMENT_3D('',#6718,#6719,#6720);
#6718 = CARTESIAN_POINT('',(0.,0.,1.585));
#6719 = DIRECTION('',(0.,0.,1.));
#6720 = DIRECTION('',(1.,0.,-0.));
#6721 = SHELL_BASED_SURFACE_MODEL('',(#6722));
#6722 = OPEN_SHELL('',(#6723));
#6723 = ADVANCED_FACE('',(#6724),#6768,.T.);
#6724 = FACE_BOUND('',#6725,.F.);
#6725 = EDGE_LOOP('',(#6726,#6737,#6745,#6754,#6762));
#6726 = ORIENTED_EDGE('',*,*,#6727,.T.);
#6727 = EDGE_CURVE('',#6728,#6730,#6732,.T.);
#6728 = VERTEX_POINT('',#6729);
#6729 = CARTESIAN_POINT('',(36.203806,-5.980866,1.585));
#6730 = VERTEX_POINT('',#6731);
#6731 = CARTESIAN_POINT('',(36.3,-6.,1.585));
#6732 = CIRCLE('',#6733,4.999998452108E-02);
#6733 = AXIS2_PLACEMENT_3D('',#6734,#6735,#6736);
#6734 = CARTESIAN_POINT('',(36.250000015479,-6.000000037369,1.585));
#6735 = DIRECTION('',(0.,0.,-1.));
#6736 = DIRECTION('',(-0.923880595592,0.382680865851,0.));
#6737 = ORIENTED_EDGE('',*,*,#6738,.T.);
#6738 = EDGE_CURVE('',#6730,#6739,#6741,.T.);
#6739 = VERTEX_POINT('',#6740);
#6740 = CARTESIAN_POINT('',(36.3,-7.1,1.585));
#6741 = LINE('',#6742,#6743);
#6742 = CARTESIAN_POINT('',(36.3,-6.,1.585));
#6743 = VECTOR('',#6744,1.);
#6744 = DIRECTION('',(0.,-1.,0.));
#6745 = ORIENTED_EDGE('',*,*,#6746,.T.);
#6746 = EDGE_CURVE('',#6739,#6747,#6749,.T.);
#6747 = VERTEX_POINT('',#6748);
#6748 = CARTESIAN_POINT('',(36.2,-7.1,1.585));
#6749 = CIRCLE('',#6750,5.000000000002E-02);
#6750 = AXIS2_PLACEMENT_3D('',#6751,#6752,#6753);
#6751 = CARTESIAN_POINT('',(36.25,-7.099999952288,1.585));
#6752 = DIRECTION('',(-0.,0.,-1.));
#6753 = DIRECTION('',(1.,-9.542364054478E-07,-0.));
#6754 = ORIENTED_EDGE('',*,*,#6755,.T.);
#6755 = EDGE_CURVE('',#6747,#6756,#6758,.T.);
#6756 = VERTEX_POINT('',#6757);
#6757 = CARTESIAN_POINT('',(36.2,-6.,1.585));
#6758 = LINE('',#6759,#6760);
#6759 = CARTESIAN_POINT('',(36.2,-7.1,1.585));
#6760 = VECTOR('',#6761,1.);
#6761 = DIRECTION('',(0.,1.,0.));
#6762 = ORIENTED_EDGE('',*,*,#6763,.T.);
#6763 = EDGE_CURVE('',#6756,#6728,#6764,.T.);
#6764 = LINE('',#6765,#6766);
#6765 = CARTESIAN_POINT('',(36.2,-6.,1.585));
#6766 = VECTOR('',#6767,1.);
#6767 = DIRECTION('',(0.195090852694,0.980785174845,0.));
#6768 = PLANE('',#6769);
#6769 = AXIS2_PLACEMENT_3D('',#6770,#6771,#6772);
#6770 = CARTESIAN_POINT('',(0.,0.,1.585));
#6771 = DIRECTION('',(0.,0.,1.));
#6772 = DIRECTION('',(1.,0.,-0.));
#6773 = SHELL_BASED_SURFACE_MODEL('',(#6774));
#6774 = OPEN_SHELL('',(#6775));
#6775 = ADVANCED_FACE('',(#6776),#6820,.T.);
#6776 = FACE_BOUND('',#6777,.F.);
#6777 = EDGE_LOOP('',(#6778,#6789,#6797,#6806,#6814));
#6778 = ORIENTED_EDGE('',*,*,#6779,.T.);
#6779 = EDGE_CURVE('',#6780,#6782,#6784,.T.);
#6780 = VERTEX_POINT('',#6781);
#6781 = CARTESIAN_POINT('',(-27.046194,-5.880866,1.585));
#6782 = VERTEX_POINT('',#6783);
#6783 = CARTESIAN_POINT('',(-26.95,-5.9,1.585));
#6784 = CIRCLE('',#6785,4.999998452109E-02);
#6785 = AXIS2_PLACEMENT_3D('',#6786,#6787,#6788);
#6786 = CARTESIAN_POINT('',(-26.99999998452,-5.900000037369,1.585));
#6787 = DIRECTION('',(0.,0.,-1.));
#6788 = DIRECTION('',(-0.923880595592,0.382680865851,0.));
#6789 = ORIENTED_EDGE('',*,*,#6790,.T.);
#6790 = EDGE_CURVE('',#6782,#6791,#6793,.T.);
#6791 = VERTEX_POINT('',#6792);
#6792 = CARTESIAN_POINT('',(-26.95,-7.,1.585));
#6793 = LINE('',#6794,#6795);
#6794 = CARTESIAN_POINT('',(-26.95,-5.9,1.585));
#6795 = VECTOR('',#6796,1.);
#6796 = DIRECTION('',(0.,-1.,0.));
#6797 = ORIENTED_EDGE('',*,*,#6798,.T.);
#6798 = EDGE_CURVE('',#6791,#6799,#6801,.T.);
#6799 = VERTEX_POINT('',#6800);
#6800 = CARTESIAN_POINT('',(-27.05,-7.,1.585));
#6801 = CIRCLE('',#6802,5.000000000002E-02);
#6802 = AXIS2_PLACEMENT_3D('',#6803,#6804,#6805);
#6803 = CARTESIAN_POINT('',(-27.,-6.999999952288,1.585));
#6804 = DIRECTION('',(-0.,0.,-1.));
#6805 = DIRECTION('',(1.,-9.542365297928E-07,-0.));
#6806 = ORIENTED_EDGE('',*,*,#6807,.T.);
#6807 = EDGE_CURVE('',#6799,#6808,#6810,.T.);
#6808 = VERTEX_POINT('',#6809);
#6809 = CARTESIAN_POINT('',(-27.05,-5.9,1.585));
#6810 = LINE('',#6811,#6812);
#6811 = CARTESIAN_POINT('',(-27.05,-7.,1.585));
#6812 = VECTOR('',#6813,1.);
#6813 = DIRECTION('',(0.,1.,0.));
#6814 = ORIENTED_EDGE('',*,*,#6815,.T.);
#6815 = EDGE_CURVE('',#6808,#6780,#6816,.T.);
#6816 = LINE('',#6817,#6818);
#6817 = CARTESIAN_POINT('',(-27.05,-5.9,1.585));
#6818 = VECTOR('',#6819,1.);
#6819 = DIRECTION('',(0.195090852695,0.980785174845,0.));
#6820 = PLANE('',#6821);
#6821 = AXIS2_PLACEMENT_3D('',#6822,#6823,#6824);
#6822 = CARTESIAN_POINT('',(0.,0.,1.585));
#6823 = DIRECTION('',(0.,0.,1.));
#6824 = DIRECTION('',(1.,0.,-0.));
#6825 = SHELL_BASED_SURFACE_MODEL('',(#6826));
#6826 = OPEN_SHELL('',(#6827));
#6827 = ADVANCED_FACE('',(#6828),#6872,.T.);
#6828 = FACE_BOUND('',#6829,.F.);
#6829 = EDGE_LOOP('',(#6830,#6841,#6849,#6858,#6866));
#6830 = ORIENTED_EDGE('',*,*,#6831,.T.);
#6831 = EDGE_CURVE('',#6832,#6834,#6836,.T.);
#6832 = VERTEX_POINT('',#6833);
#6833 = CARTESIAN_POINT('',(-9.296194,-5.880866,1.585));
#6834 = VERTEX_POINT('',#6835);
#6835 = CARTESIAN_POINT('',(-9.2,-5.9,1.585));
#6836 = CIRCLE('',#6837,4.999998452109E-02);
#6837 = AXIS2_PLACEMENT_3D('',#6838,#6839,#6840);
#6838 = CARTESIAN_POINT('',(-9.249999984521,-5.900000037369,1.585));
#6839 = DIRECTION('',(0.,0.,-1.));
#6840 = DIRECTION('',(-0.923880595592,0.382680865851,0.));
#6841 = ORIENTED_EDGE('',*,*,#6842,.T.);
#6842 = EDGE_CURVE('',#6834,#6843,#6845,.T.);
#6843 = VERTEX_POINT('',#6844);
#6844 = CARTESIAN_POINT('',(-9.2,-7.,1.585));
#6845 = LINE('',#6846,#6847);
#6846 = CARTESIAN_POINT('',(-9.2,-5.9,1.585));
#6847 = VECTOR('',#6848,1.);
#6848 = DIRECTION('',(0.,-1.,0.));
#6849 = ORIENTED_EDGE('',*,*,#6850,.T.);
#6850 = EDGE_CURVE('',#6843,#6851,#6853,.T.);
#6851 = VERTEX_POINT('',#6852);
#6852 = CARTESIAN_POINT('',(-9.3,-7.,1.585));
#6853 = CIRCLE('',#6854,5.000000000002E-02);
#6854 = AXIS2_PLACEMENT_3D('',#6855,#6856,#6857);
#6855 = CARTESIAN_POINT('',(-9.25,-6.999999952288,1.585));
#6856 = DIRECTION('',(-0.,0.,-1.));
#6857 = DIRECTION('',(1.,-9.542365120292E-07,-0.));
#6858 = ORIENTED_EDGE('',*,*,#6859,.T.);
#6859 = EDGE_CURVE('',#6851,#6860,#6862,.T.);
#6860 = VERTEX_POINT('',#6861);
#6861 = CARTESIAN_POINT('',(-9.3,-5.9,1.585));
#6862 = LINE('',#6863,#6864);
#6863 = CARTESIAN_POINT('',(-9.3,-7.,1.585));
#6864 = VECTOR('',#6865,1.);
#6865 = DIRECTION('',(0.,1.,0.));
#6866 = ORIENTED_EDGE('',*,*,#6867,.T.);
#6867 = EDGE_CURVE('',#6860,#6832,#6868,.T.);
#6868 = LINE('',#6869,#6870);
#6869 = CARTESIAN_POINT('',(-9.3,-5.9,1.585));
#6870 = VECTOR('',#6871,1.);
#6871 = DIRECTION('',(0.195090852695,0.980785174845,0.));
#6872 = PLANE('',#6873);
#6873 = AXIS2_PLACEMENT_3D('',#6874,#6875,#6876);
#6874 = CARTESIAN_POINT('',(0.,0.,1.585));
#6875 = DIRECTION('',(0.,0.,1.));
#6876 = DIRECTION('',(1.,0.,-0.));
#6877 = SHELL_BASED_SURFACE_MODEL('',(#6878));
#6878 = OPEN_SHELL('',(#6879));
#6879 = ADVANCED_FACE('',(#6880),#6924,.T.);
#6880 = FACE_BOUND('',#6881,.F.);
#6881 = EDGE_LOOP('',(#6882,#6893,#6901,#6910,#6918));
#6882 = ORIENTED_EDGE('',*,*,#6883,.T.);
#6883 = EDGE_CURVE('',#6884,#6886,#6888,.T.);
#6884 = VERTEX_POINT('',#6885);
#6885 = CARTESIAN_POINT('',(8.453806,-5.880866,1.585));
#6886 = VERTEX_POINT('',#6887);
#6887 = CARTESIAN_POINT('',(8.55,-5.9,1.585));
#6888 = CIRCLE('',#6889,4.999998452109E-02);
#6889 = AXIS2_PLACEMENT_3D('',#6890,#6891,#6892);
#6890 = CARTESIAN_POINT('',(8.500000015479,-5.900000037369,1.585));
#6891 = DIRECTION('',(0.,0.,-1.));
#6892 = DIRECTION('',(-0.923880595592,0.382680865851,0.));
#6893 = ORIENTED_EDGE('',*,*,#6894,.T.);
#6894 = EDGE_CURVE('',#6886,#6895,#6897,.T.);
#6895 = VERTEX_POINT('',#6896);
#6896 = CARTESIAN_POINT('',(8.55,-7.,1.585));
#6897 = LINE('',#6898,#6899);
#6898 = CARTESIAN_POINT('',(8.55,-5.9,1.585));
#6899 = VECTOR('',#6900,1.);
#6900 = DIRECTION('',(0.,-1.,0.));
#6901 = ORIENTED_EDGE('',*,*,#6902,.T.);
#6902 = EDGE_CURVE('',#6895,#6903,#6905,.T.);
#6903 = VERTEX_POINT('',#6904);
#6904 = CARTESIAN_POINT('',(8.45,-7.,1.585));
#6905 = CIRCLE('',#6906,5.000000000002E-02);
#6906 = AXIS2_PLACEMENT_3D('',#6907,#6908,#6909);
#6907 = CARTESIAN_POINT('',(8.5,-6.999999952288,1.585));
#6908 = DIRECTION('',(-0.,0.,-1.));
#6909 = DIRECTION('',(1.,-9.542365120292E-07,-0.));
#6910 = ORIENTED_EDGE('',*,*,#6911,.T.);
#6911 = EDGE_CURVE('',#6903,#6912,#6914,.T.);
#6912 = VERTEX_POINT('',#6913);
#6913 = CARTESIAN_POINT('',(8.45,-5.9,1.585));
#6914 = LINE('',#6915,#6916);
#6915 = CARTESIAN_POINT('',(8.45,-7.,1.585));
#6916 = VECTOR('',#6917,1.);
#6917 = DIRECTION('',(0.,1.,0.));
#6918 = ORIENTED_EDGE('',*,*,#6919,.T.);
#6919 = EDGE_CURVE('',#6912,#6884,#6920,.T.);
#6920 = LINE('',#6921,#6922);
#6921 = CARTESIAN_POINT('',(8.45,-5.9,1.585));
#6922 = VECTOR('',#6923,1.);
#6923 = DIRECTION('',(0.195090852695,0.980785174845,0.));
#6924 = PLANE('',#6925);
#6925 = AXIS2_PLACEMENT_3D('',#6926,#6927,#6928);
#6926 = CARTESIAN_POINT('',(0.,0.,1.585));
#6927 = DIRECTION('',(0.,0.,1.));
#6928 = DIRECTION('',(1.,0.,-0.));
#6929 = SHELL_BASED_SURFACE_MODEL('',(#6930));
#6930 = OPEN_SHELL('',(#6931));
#6931 = ADVANCED_FACE('',(#6932),#6976,.T.);
#6932 = FACE_BOUND('',#6933,.F.);
#6933 = EDGE_LOOP('',(#6934,#6945,#6953,#6962,#6970));
#6934 = ORIENTED_EDGE('',*,*,#6935,.T.);
#6935 = EDGE_CURVE('',#6936,#6938,#6940,.T.);
#6936 = VERTEX_POINT('',#6937);
#6937 = CARTESIAN_POINT('',(26.203806,-5.880866,1.585));
#6938 = VERTEX_POINT('',#6939);
#6939 = CARTESIAN_POINT('',(26.3,-5.9,1.585));
#6940 = CIRCLE('',#6941,4.999998452109E-02);
#6941 = AXIS2_PLACEMENT_3D('',#6942,#6943,#6944);
#6942 = CARTESIAN_POINT('',(26.250000015479,-5.900000037369,1.585));
#6943 = DIRECTION('',(0.,0.,-1.));
#6944 = DIRECTION('',(-0.923880595592,0.382680865851,0.));
#6945 = ORIENTED_EDGE('',*,*,#6946,.T.);
#6946 = EDGE_CURVE('',#6938,#6947,#6949,.T.);
#6947 = VERTEX_POINT('',#6948);
#6948 = CARTESIAN_POINT('',(26.3,-7.,1.585));
#6949 = LINE('',#6950,#6951);
#6950 = CARTESIAN_POINT('',(26.3,-5.9,1.585));
#6951 = VECTOR('',#6952,1.);
#6952 = DIRECTION('',(0.,-1.,0.));
#6953 = ORIENTED_EDGE('',*,*,#6954,.T.);
#6954 = EDGE_CURVE('',#6947,#6955,#6957,.T.);
#6955 = VERTEX_POINT('',#6956);
#6956 = CARTESIAN_POINT('',(26.2,-7.,1.585));
#6957 = CIRCLE('',#6958,5.000000000002E-02);
#6958 = AXIS2_PLACEMENT_3D('',#6959,#6960,#6961);
#6959 = CARTESIAN_POINT('',(26.25,-6.999999952288,1.585));
#6960 = DIRECTION('',(-0.,0.,-1.));
#6961 = DIRECTION('',(1.,-9.542365297928E-07,-0.));
#6962 = ORIENTED_EDGE('',*,*,#6963,.T.);
#6963 = EDGE_CURVE('',#6955,#6964,#6966,.T.);
#6964 = VERTEX_POINT('',#6965);
#6965 = CARTESIAN_POINT('',(26.2,-5.9,1.585));
#6966 = LINE('',#6967,#6968);
#6967 = CARTESIAN_POINT('',(26.2,-7.,1.585));
#6968 = VECTOR('',#6969,1.);
#6969 = DIRECTION('',(0.,1.,0.));
#6970 = ORIENTED_EDGE('',*,*,#6971,.T.);
#6971 = EDGE_CURVE('',#6964,#6936,#6972,.T.);
#6972 = LINE('',#6973,#6974);
#6973 = CARTESIAN_POINT('',(26.2,-5.9,1.585));
#6974 = VECTOR('',#6975,1.);
#6975 = DIRECTION('',(0.195090852695,0.980785174845,0.));
#6976 = PLANE('',#6977);
#6977 = AXIS2_PLACEMENT_3D('',#6978,#6979,#6980);
#6978 = CARTESIAN_POINT('',(0.,0.,1.585));
#6979 = DIRECTION('',(0.,0.,1.));
#6980 = DIRECTION('',(1.,0.,-0.));
#6981 = SHELL_BASED_SURFACE_MODEL('',(#6982));
#6982 = OPEN_SHELL('',(#6983));
#6983 = ADVANCED_FACE('',(#6984),#7028,.T.);
#6984 = FACE_BOUND('',#6985,.F.);
#6985 = EDGE_LOOP('',(#6986,#6997,#7005,#7014,#7022));
#6986 = ORIENTED_EDGE('',*,*,#6987,.T.);
#6987 = EDGE_CURVE('',#6988,#6990,#6992,.T.);
#6988 = VERTEX_POINT('',#6989);
#6989 = CARTESIAN_POINT('',(-17.046194,-4.480866,1.585));
#6990 = VERTEX_POINT('',#6991);
#6991 = CARTESIAN_POINT('',(-16.95,-4.5,1.585));
#6992 = CIRCLE('',#6993,4.999998452109E-02);
#6993 = AXIS2_PLACEMENT_3D('',#6994,#6995,#6996);
#6994 = CARTESIAN_POINT('',(-16.99999998452,-4.500000037369,1.585));
#6995 = DIRECTION('',(0.,0.,-1.));
#6996 = DIRECTION('',(-0.923880595592,0.382680865851,0.));
#6997 = ORIENTED_EDGE('',*,*,#6998,.T.);
#6998 = EDGE_CURVE('',#6990,#6999,#7001,.T.);
#6999 = VERTEX_POINT('',#7000);
#7000 = CARTESIAN_POINT('',(-16.95,-5.6,1.585));
#7001 = LINE('',#7002,#7003);
#7002 = CARTESIAN_POINT('',(-16.95,-4.5,1.585));
#7003 = VECTOR('',#7004,1.);
#7004 = DIRECTION('',(0.,-1.,0.));
#7005 = ORIENTED_EDGE('',*,*,#7006,.T.);
#7006 = EDGE_CURVE('',#6999,#7007,#7009,.T.);
#7007 = VERTEX_POINT('',#7008);
#7008 = CARTESIAN_POINT('',(-17.05,-5.6,1.585));
#7009 = CIRCLE('',#7010,5.000000000002E-02);
#7010 = AXIS2_PLACEMENT_3D('',#7011,#7012,#7013);
#7011 = CARTESIAN_POINT('',(-17.,-5.599999952288,1.585));
#7012 = DIRECTION('',(-0.,0.,-1.));
#7013 = DIRECTION('',(1.,-9.542365120292E-07,-0.));
#7014 = ORIENTED_EDGE('',*,*,#7015,.T.);
#7015 = EDGE_CURVE('',#7007,#7016,#7018,.T.);
#7016 = VERTEX_POINT('',#7017);
#7017 = CARTESIAN_POINT('',(-17.05,-4.5,1.585));
#7018 = LINE('',#7019,#7020);
#7019 = CARTESIAN_POINT('',(-17.05,-5.6,1.585));
#7020 = VECTOR('',#7021,1.);
#7021 = DIRECTION('',(0.,1.,0.));
#7022 = ORIENTED_EDGE('',*,*,#7023,.T.);
#7023 = EDGE_CURVE('',#7016,#6988,#7024,.T.);
#7024 = LINE('',#7025,#7026);
#7025 = CARTESIAN_POINT('',(-17.05,-4.5,1.585));
#7026 = VECTOR('',#7027,1.);
#7027 = DIRECTION('',(0.195090852695,0.980785174845,0.));
#7028 = PLANE('',#7029);
#7029 = AXIS2_PLACEMENT_3D('',#7030,#7031,#7032);
#7030 = CARTESIAN_POINT('',(0.,0.,1.585));
#7031 = DIRECTION('',(0.,0.,1.));
#7032 = DIRECTION('',(1.,0.,-0.));
#7033 = SHELL_BASED_SURFACE_MODEL('',(#7034));
#7034 = OPEN_SHELL('',(#7035));
#7035 = ADVANCED_FACE('',(#7036),#7080,.T.);
#7036 = FACE_BOUND('',#7037,.F.);
#7037 = EDGE_LOOP('',(#7038,#7049,#7057,#7066,#7074));
#7038 = ORIENTED_EDGE('',*,*,#7039,.T.);
#7039 = EDGE_CURVE('',#7040,#7042,#7044,.T.);
#7040 = VERTEX_POINT('',#7041);
#7041 = CARTESIAN_POINT('',(0.703806,-4.480866,1.585));
#7042 = VERTEX_POINT('',#7043);
#7043 = CARTESIAN_POINT('',(0.8,-4.5,1.585));
#7044 = CIRCLE('',#7045,4.999998452109E-02);
#7045 = AXIS2_PLACEMENT_3D('',#7046,#7047,#7048);
#7046 = CARTESIAN_POINT('',(0.750000015479,-4.500000037369,1.585));
#7047 = DIRECTION('',(0.,0.,-1.));
#7048 = DIRECTION('',(-0.923880595592,0.382680865851,0.));
#7049 = ORIENTED_EDGE('',*,*,#7050,.T.);
#7050 = EDGE_CURVE('',#7042,#7051,#7053,.T.);
#7051 = VERTEX_POINT('',#7052);
#7052 = CARTESIAN_POINT('',(0.8,-5.6,1.585));
#7053 = LINE('',#7054,#7055);
#7054 = CARTESIAN_POINT('',(0.8,-4.5,1.585));
#7055 = VECTOR('',#7056,1.);
#7056 = DIRECTION('',(0.,-1.,0.));
#7057 = ORIENTED_EDGE('',*,*,#7058,.T.);
#7058 = EDGE_CURVE('',#7051,#7059,#7061,.T.);
#7059 = VERTEX_POINT('',#7060);
#7060 = CARTESIAN_POINT('',(0.7,-5.6,1.585));
#7061 = CIRCLE('',#7062,5.000000000002E-02);
#7062 = AXIS2_PLACEMENT_3D('',#7063,#7064,#7065);
#7063 = CARTESIAN_POINT('',(0.75,-5.599999952288,1.585));
#7064 = DIRECTION('',(-0.,0.,-1.));
#7065 = DIRECTION('',(1.,-9.542364765021E-07,-0.));
#7066 = ORIENTED_EDGE('',*,*,#7067,.T.);
#7067 = EDGE_CURVE('',#7059,#7068,#7070,.T.);
#7068 = VERTEX_POINT('',#7069);
#7069 = CARTESIAN_POINT('',(0.7,-4.5,1.585));
#7070 = LINE('',#7071,#7072);
#7071 = CARTESIAN_POINT('',(0.7,-5.6,1.585));
#7072 = VECTOR('',#7073,1.);
#7073 = DIRECTION('',(0.,1.,0.));
#7074 = ORIENTED_EDGE('',*,*,#7075,.T.);
#7075 = EDGE_CURVE('',#7068,#7040,#7076,.T.);
#7076 = LINE('',#7077,#7078);
#7077 = CARTESIAN_POINT('',(0.7,-4.5,1.585));
#7078 = VECTOR('',#7079,1.);
#7079 = DIRECTION('',(0.195090852695,0.980785174845,0.));
#7080 = PLANE('',#7081);
#7081 = AXIS2_PLACEMENT_3D('',#7082,#7083,#7084);
#7082 = CARTESIAN_POINT('',(0.,0.,1.585));
#7083 = DIRECTION('',(0.,0.,1.));
#7084 = DIRECTION('',(1.,0.,-0.));
#7085 = SHELL_BASED_SURFACE_MODEL('',(#7086));
#7086 = OPEN_SHELL('',(#7087));
#7087 = ADVANCED_FACE('',(#7088),#7132,.T.);
#7088 = FACE_BOUND('',#7089,.F.);
#7089 = EDGE_LOOP('',(#7090,#7101,#7109,#7118,#7126));
#7090 = ORIENTED_EDGE('',*,*,#7091,.T.);
#7091 = EDGE_CURVE('',#7092,#7094,#7096,.T.);
#7092 = VERTEX_POINT('',#7093);
#7093 = CARTESIAN_POINT('',(18.453806,-4.480866,1.585));
#7094 = VERTEX_POINT('',#7095);
#7095 = CARTESIAN_POINT('',(18.55,-4.5,1.585));
#7096 = CIRCLE('',#7097,4.999998452109E-02);
#7097 = AXIS2_PLACEMENT_3D('',#7098,#7099,#7100);
#7098 = CARTESIAN_POINT('',(18.500000015479,-4.500000037369,1.585));
#7099 = DIRECTION('',(0.,0.,-1.));
#7100 = DIRECTION('',(-0.923880595592,0.382680865851,0.));
#7101 = ORIENTED_EDGE('',*,*,#7102,.T.);
#7102 = EDGE_CURVE('',#7094,#7103,#7105,.T.);
#7103 = VERTEX_POINT('',#7104);
#7104 = CARTESIAN_POINT('',(18.55,-5.6,1.585));
#7105 = LINE('',#7106,#7107);
#7106 = CARTESIAN_POINT('',(18.55,-4.5,1.585));
#7107 = VECTOR('',#7108,1.);
#7108 = DIRECTION('',(0.,-1.,0.));
#7109 = ORIENTED_EDGE('',*,*,#7110,.T.);
#7110 = EDGE_CURVE('',#7103,#7111,#7113,.T.);
#7111 = VERTEX_POINT('',#7112);
#7112 = CARTESIAN_POINT('',(18.45,-5.6,1.585));
#7113 = CIRCLE('',#7114,5.000000000002E-02);
#7114 = AXIS2_PLACEMENT_3D('',#7115,#7116,#7117);
#7115 = CARTESIAN_POINT('',(18.5,-5.599999952288,1.585));
#7116 = DIRECTION('',(-0.,0.,-1.));
#7117 = DIRECTION('',(1.,-9.542365120292E-07,-0.));
#7118 = ORIENTED_EDGE('',*,*,#7119,.T.);
#7119 = EDGE_CURVE('',#7111,#7120,#7122,.T.);
#7120 = VERTEX_POINT('',#7121);
#7121 = CARTESIAN_POINT('',(18.45,-4.5,1.585));
#7122 = LINE('',#7123,#7124);
#7123 = CARTESIAN_POINT('',(18.45,-5.6,1.585));
#7124 = VECTOR('',#7125,1.);
#7125 = DIRECTION('',(0.,1.,0.));
#7126 = ORIENTED_EDGE('',*,*,#7127,.T.);
#7127 = EDGE_CURVE('',#7120,#7092,#7128,.T.);
#7128 = LINE('',#7129,#7130);
#7129 = CARTESIAN_POINT('',(18.45,-4.5,1.585));
#7130 = VECTOR('',#7131,1.);
#7131 = DIRECTION('',(0.195090852695,0.980785174845,0.));
#7132 = PLANE('',#7133);
#7133 = AXIS2_PLACEMENT_3D('',#7134,#7135,#7136);
#7134 = CARTESIAN_POINT('',(0.,0.,1.585));
#7135 = DIRECTION('',(0.,0.,1.));
#7136 = DIRECTION('',(1.,0.,-0.));
#7137 = SHELL_BASED_SURFACE_MODEL('',(#7138));
#7138 = OPEN_SHELL('',(#7139));
#7139 = ADVANCED_FACE('',(#7140),#7184,.T.);
#7140 = FACE_BOUND('',#7141,.F.);
#7141 = EDGE_LOOP('',(#7142,#7153,#7161,#7170,#7178));
#7142 = ORIENTED_EDGE('',*,*,#7143,.T.);
#7143 = EDGE_CURVE('',#7144,#7146,#7148,.T.);
#7144 = VERTEX_POINT('',#7145);
#7145 = CARTESIAN_POINT('',(36.203806,-4.480866,1.585));
#7146 = VERTEX_POINT('',#7147);
#7147 = CARTESIAN_POINT('',(36.3,-4.5,1.585));
#7148 = CIRCLE('',#7149,4.999998452108E-02);
#7149 = AXIS2_PLACEMENT_3D('',#7150,#7151,#7152);
#7150 = CARTESIAN_POINT('',(36.250000015479,-4.500000037369,1.585));
#7151 = DIRECTION('',(0.,0.,-1.));
#7152 = DIRECTION('',(-0.923880595592,0.382680865851,0.));
#7153 = ORIENTED_EDGE('',*,*,#7154,.T.);
#7154 = EDGE_CURVE('',#7146,#7155,#7157,.T.);
#7155 = VERTEX_POINT('',#7156);
#7156 = CARTESIAN_POINT('',(36.3,-5.6,1.585));
#7157 = LINE('',#7158,#7159);
#7158 = CARTESIAN_POINT('',(36.3,-4.5,1.585));
#7159 = VECTOR('',#7160,1.);
#7160 = DIRECTION('',(0.,-1.,0.));
#7161 = ORIENTED_EDGE('',*,*,#7162,.T.);
#7162 = EDGE_CURVE('',#7155,#7163,#7165,.T.);
#7163 = VERTEX_POINT('',#7164);
#7164 = CARTESIAN_POINT('',(36.2,-5.6,1.585));
#7165 = CIRCLE('',#7166,5.000000000002E-02);
#7166 = AXIS2_PLACEMENT_3D('',#7167,#7168,#7169);
#7167 = CARTESIAN_POINT('',(36.25,-5.599999952288,1.585));
#7168 = DIRECTION('',(-0.,0.,-1.));
#7169 = DIRECTION('',(1.,-9.542364054478E-07,-0.));
#7170 = ORIENTED_EDGE('',*,*,#7171,.T.);
#7171 = EDGE_CURVE('',#7163,#7172,#7174,.T.);
#7172 = VERTEX_POINT('',#7173);
#7173 = CARTESIAN_POINT('',(36.2,-4.5,1.585));
#7174 = LINE('',#7175,#7176);
#7175 = CARTESIAN_POINT('',(36.2,-5.6,1.585));
#7176 = VECTOR('',#7177,1.);
#7177 = DIRECTION('',(0.,1.,0.));
#7178 = ORIENTED_EDGE('',*,*,#7179,.T.);
#7179 = EDGE_CURVE('',#7172,#7144,#7180,.T.);
#7180 = LINE('',#7181,#7182);
#7181 = CARTESIAN_POINT('',(36.2,-4.5,1.585));
#7182 = VECTOR('',#7183,1.);
#7183 = DIRECTION('',(0.195090852694,0.980785174845,0.));
#7184 = PLANE('',#7185);
#7185 = AXIS2_PLACEMENT_3D('',#7186,#7187,#7188);
#7186 = CARTESIAN_POINT('',(0.,0.,1.585));
#7187 = DIRECTION('',(0.,0.,1.));
#7188 = DIRECTION('',(1.,0.,-0.));
#7189 = SHELL_BASED_SURFACE_MODEL('',(#7190));
#7190 = OPEN_SHELL('',(#7191));
#7191 = ADVANCED_FACE('',(#7192),#7236,.T.);
#7192 = FACE_BOUND('',#7193,.F.);
#7193 = EDGE_LOOP('',(#7194,#7205,#7213,#7222,#7230));
#7194 = ORIENTED_EDGE('',*,*,#7195,.T.);
#7195 = EDGE_CURVE('',#7196,#7198,#7200,.T.);
#7196 = VERTEX_POINT('',#7197);
#7197 = CARTESIAN_POINT('',(-27.046194,-4.380866,1.585));
#7198 = VERTEX_POINT('',#7199);
#7199 = CARTESIAN_POINT('',(-26.95,-4.4,1.585));
#7200 = CIRCLE('',#7201,4.999998452109E-02);
#7201 = AXIS2_PLACEMENT_3D('',#7202,#7203,#7204);
#7202 = CARTESIAN_POINT('',(-26.99999998452,-4.400000037369,1.585));
#7203 = DIRECTION('',(0.,0.,-1.));
#7204 = DIRECTION('',(-0.923880595592,0.382680865851,0.));
#7205 = ORIENTED_EDGE('',*,*,#7206,.T.);
#7206 = EDGE_CURVE('',#7198,#7207,#7209,.T.);
#7207 = VERTEX_POINT('',#7208);
#7208 = CARTESIAN_POINT('',(-26.95,-5.5,1.585));
#7209 = LINE('',#7210,#7211);
#7210 = CARTESIAN_POINT('',(-26.95,-4.4,1.585));
#7211 = VECTOR('',#7212,1.);
#7212 = DIRECTION('',(0.,-1.,0.));
#7213 = ORIENTED_EDGE('',*,*,#7214,.T.);
#7214 = EDGE_CURVE('',#7207,#7215,#7217,.T.);
#7215 = VERTEX_POINT('',#7216);
#7216 = CARTESIAN_POINT('',(-27.05,-5.5,1.585));
#7217 = CIRCLE('',#7218,5.000000000002E-02);
#7218 = AXIS2_PLACEMENT_3D('',#7219,#7220,#7221);
#7219 = CARTESIAN_POINT('',(-27.,-5.499999952288,1.585));
#7220 = DIRECTION('',(-0.,0.,-1.));
#7221 = DIRECTION('',(1.,-9.542365297928E-07,-0.));
#7222 = ORIENTED_EDGE('',*,*,#7223,.T.);
#7223 = EDGE_CURVE('',#7215,#7224,#7226,.T.);
#7224 = VERTEX_POINT('',#7225);
#7225 = CARTESIAN_POINT('',(-27.05,-4.4,1.585));
#7226 = LINE('',#7227,#7228);
#7227 = CARTESIAN_POINT('',(-27.05,-5.5,1.585));
#7228 = VECTOR('',#7229,1.);
#7229 = DIRECTION('',(0.,1.,0.));
#7230 = ORIENTED_EDGE('',*,*,#7231,.T.);
#7231 = EDGE_CURVE('',#7224,#7196,#7232,.T.);
#7232 = LINE('',#7233,#7234);
#7233 = CARTESIAN_POINT('',(-27.05,-4.4,1.585));
#7234 = VECTOR('',#7235,1.);
#7235 = DIRECTION('',(0.195090852695,0.980785174845,0.));
#7236 = PLANE('',#7237);
#7237 = AXIS2_PLACEMENT_3D('',#7238,#7239,#7240);
#7238 = CARTESIAN_POINT('',(0.,0.,1.585));
#7239 = DIRECTION('',(0.,0.,1.));
#7240 = DIRECTION('',(1.,0.,-0.));
#7241 = SHELL_BASED_SURFACE_MODEL('',(#7242));
#7242 = OPEN_SHELL('',(#7243));
#7243 = ADVANCED_FACE('',(#7244),#7288,.T.);
#7244 = FACE_BOUND('',#7245,.F.);
#7245 = EDGE_LOOP('',(#7246,#7257,#7265,#7274,#7282));
#7246 = ORIENTED_EDGE('',*,*,#7247,.T.);
#7247 = EDGE_CURVE('',#7248,#7250,#7252,.T.);
#7248 = VERTEX_POINT('',#7249);
#7249 = CARTESIAN_POINT('',(-9.296194,-4.380866,1.585));
#7250 = VERTEX_POINT('',#7251);
#7251 = CARTESIAN_POINT('',(-9.2,-4.4,1.585));
#7252 = CIRCLE('',#7253,4.999998452109E-02);
#7253 = AXIS2_PLACEMENT_3D('',#7254,#7255,#7256);
#7254 = CARTESIAN_POINT('',(-9.249999984521,-4.400000037369,1.585));
#7255 = DIRECTION('',(0.,0.,-1.));
#7256 = DIRECTION('',(-0.923880595592,0.382680865851,0.));
#7257 = ORIENTED_EDGE('',*,*,#7258,.T.);
#7258 = EDGE_CURVE('',#7250,#7259,#7261,.T.);
#7259 = VERTEX_POINT('',#7260);
#7260 = CARTESIAN_POINT('',(-9.2,-5.5,1.585));
#7261 = LINE('',#7262,#7263);
#7262 = CARTESIAN_POINT('',(-9.2,-4.4,1.585));
#7263 = VECTOR('',#7264,1.);
#7264 = DIRECTION('',(0.,-1.,0.));
#7265 = ORIENTED_EDGE('',*,*,#7266,.T.);
#7266 = EDGE_CURVE('',#7259,#7267,#7269,.T.);
#7267 = VERTEX_POINT('',#7268);
#7268 = CARTESIAN_POINT('',(-9.3,-5.5,1.585));
#7269 = CIRCLE('',#7270,5.000000000002E-02);
#7270 = AXIS2_PLACEMENT_3D('',#7271,#7272,#7273);
#7271 = CARTESIAN_POINT('',(-9.25,-5.499999952288,1.585));
#7272 = DIRECTION('',(-0.,0.,-1.));
#7273 = DIRECTION('',(1.,-9.542365120292E-07,-0.));
#7274 = ORIENTED_EDGE('',*,*,#7275,.T.);
#7275 = EDGE_CURVE('',#7267,#7276,#7278,.T.);
#7276 = VERTEX_POINT('',#7277);
#7277 = CARTESIAN_POINT('',(-9.3,-4.4,1.585));
#7278 = LINE('',#7279,#7280);
#7279 = CARTESIAN_POINT('',(-9.3,-5.5,1.585));
#7280 = VECTOR('',#7281,1.);
#7281 = DIRECTION('',(0.,1.,0.));
#7282 = ORIENTED_EDGE('',*,*,#7283,.T.);
#7283 = EDGE_CURVE('',#7276,#7248,#7284,.T.);
#7284 = LINE('',#7285,#7286);
#7285 = CARTESIAN_POINT('',(-9.3,-4.4,1.585));
#7286 = VECTOR('',#7287,1.);
#7287 = DIRECTION('',(0.195090852695,0.980785174845,0.));
#7288 = PLANE('',#7289);
#7289 = AXIS2_PLACEMENT_3D('',#7290,#7291,#7292);
#7290 = CARTESIAN_POINT('',(0.,0.,1.585));
#7291 = DIRECTION('',(0.,0.,1.));
#7292 = DIRECTION('',(1.,0.,-0.));
#7293 = SHELL_BASED_SURFACE_MODEL('',(#7294));
#7294 = OPEN_SHELL('',(#7295));
#7295 = ADVANCED_FACE('',(#7296),#7340,.T.);
#7296 = FACE_BOUND('',#7297,.F.);
#7297 = EDGE_LOOP('',(#7298,#7309,#7317,#7326,#7334));
#7298 = ORIENTED_EDGE('',*,*,#7299,.T.);
#7299 = EDGE_CURVE('',#7300,#7302,#7304,.T.);
#7300 = VERTEX_POINT('',#7301);
#7301 = CARTESIAN_POINT('',(8.453806,-4.380866,1.585));
#7302 = VERTEX_POINT('',#7303);
#7303 = CARTESIAN_POINT('',(8.55,-4.4,1.585));
#7304 = CIRCLE('',#7305,4.999998452109E-02);
#7305 = AXIS2_PLACEMENT_3D('',#7306,#7307,#7308);
#7306 = CARTESIAN_POINT('',(8.500000015479,-4.400000037369,1.585));
#7307 = DIRECTION('',(0.,0.,-1.));
#7308 = DIRECTION('',(-0.923880595592,0.382680865851,0.));
#7309 = ORIENTED_EDGE('',*,*,#7310,.T.);
#7310 = EDGE_CURVE('',#7302,#7311,#7313,.T.);
#7311 = VERTEX_POINT('',#7312);
#7312 = CARTESIAN_POINT('',(8.55,-5.5,1.585));
#7313 = LINE('',#7314,#7315);
#7314 = CARTESIAN_POINT('',(8.55,-4.4,1.585));
#7315 = VECTOR('',#7316,1.);
#7316 = DIRECTION('',(0.,-1.,0.));
#7317 = ORIENTED_EDGE('',*,*,#7318,.T.);
#7318 = EDGE_CURVE('',#7311,#7319,#7321,.T.);
#7319 = VERTEX_POINT('',#7320);
#7320 = CARTESIAN_POINT('',(8.45,-5.5,1.585));
#7321 = CIRCLE('',#7322,5.000000000002E-02);
#7322 = AXIS2_PLACEMENT_3D('',#7323,#7324,#7325);
#7323 = CARTESIAN_POINT('',(8.5,-5.499999952288,1.585));
#7324 = DIRECTION('',(-0.,0.,-1.));
#7325 = DIRECTION('',(1.,-9.542365120292E-07,-0.));
#7326 = ORIENTED_EDGE('',*,*,#7327,.T.);
#7327 = EDGE_CURVE('',#7319,#7328,#7330,.T.);
#7328 = VERTEX_POINT('',#7329);
#7329 = CARTESIAN_POINT('',(8.45,-4.4,1.585));
#7330 = LINE('',#7331,#7332);
#7331 = CARTESIAN_POINT('',(8.45,-5.5,1.585));
#7332 = VECTOR('',#7333,1.);
#7333 = DIRECTION('',(0.,1.,0.));
#7334 = ORIENTED_EDGE('',*,*,#7335,.T.);
#7335 = EDGE_CURVE('',#7328,#7300,#7336,.T.);
#7336 = LINE('',#7337,#7338);
#7337 = CARTESIAN_POINT('',(8.45,-4.4,1.585));
#7338 = VECTOR('',#7339,1.);
#7339 = DIRECTION('',(0.195090852695,0.980785174845,0.));
#7340 = PLANE('',#7341);
#7341 = AXIS2_PLACEMENT_3D('',#7342,#7343,#7344);
#7342 = CARTESIAN_POINT('',(0.,0.,1.585));
#7343 = DIRECTION('',(0.,0.,1.));
#7344 = DIRECTION('',(1.,0.,-0.));
#7345 = SHELL_BASED_SURFACE_MODEL('',(#7346));
#7346 = OPEN_SHELL('',(#7347));
#7347 = ADVANCED_FACE('',(#7348),#7392,.T.);
#7348 = FACE_BOUND('',#7349,.F.);
#7349 = EDGE_LOOP('',(#7350,#7361,#7369,#7378,#7386));
#7350 = ORIENTED_EDGE('',*,*,#7351,.T.);
#7351 = EDGE_CURVE('',#7352,#7354,#7356,.T.);
#7352 = VERTEX_POINT('',#7353);
#7353 = CARTESIAN_POINT('',(26.203806,-4.380866,1.585));
#7354 = VERTEX_POINT('',#7355);
#7355 = CARTESIAN_POINT('',(26.3,-4.4,1.585));
#7356 = CIRCLE('',#7357,4.999998452109E-02);
#7357 = AXIS2_PLACEMENT_3D('',#7358,#7359,#7360);
#7358 = CARTESIAN_POINT('',(26.250000015479,-4.400000037369,1.585));
#7359 = DIRECTION('',(0.,0.,-1.));
#7360 = DIRECTION('',(-0.923880595592,0.382680865851,0.));
#7361 = ORIENTED_EDGE('',*,*,#7362,.T.);
#7362 = EDGE_CURVE('',#7354,#7363,#7365,.T.);
#7363 = VERTEX_POINT('',#7364);
#7364 = CARTESIAN_POINT('',(26.3,-5.5,1.585));
#7365 = LINE('',#7366,#7367);
#7366 = CARTESIAN_POINT('',(26.3,-4.4,1.585));
#7367 = VECTOR('',#7368,1.);
#7368 = DIRECTION('',(0.,-1.,0.));
#7369 = ORIENTED_EDGE('',*,*,#7370,.T.);
#7370 = EDGE_CURVE('',#7363,#7371,#7373,.T.);
#7371 = VERTEX_POINT('',#7372);
#7372 = CARTESIAN_POINT('',(26.2,-5.5,1.585));
#7373 = CIRCLE('',#7374,5.000000000002E-02);
#7374 = AXIS2_PLACEMENT_3D('',#7375,#7376,#7377);
#7375 = CARTESIAN_POINT('',(26.25,-5.499999952288,1.585));
#7376 = DIRECTION('',(-0.,0.,-1.));
#7377 = DIRECTION('',(1.,-9.542365297928E-07,-0.));
#7378 = ORIENTED_EDGE('',*,*,#7379,.T.);
#7379 = EDGE_CURVE('',#7371,#7380,#7382,.T.);
#7380 = VERTEX_POINT('',#7381);
#7381 = CARTESIAN_POINT('',(26.2,-4.4,1.585));
#7382 = LINE('',#7383,#7384);
#7383 = CARTESIAN_POINT('',(26.2,-5.5,1.585));
#7384 = VECTOR('',#7385,1.);
#7385 = DIRECTION('',(0.,1.,0.));
#7386 = ORIENTED_EDGE('',*,*,#7387,.T.);
#7387 = EDGE_CURVE('',#7380,#7352,#7388,.T.);
#7388 = LINE('',#7389,#7390);
#7389 = CARTESIAN_POINT('',(26.2,-4.4,1.585));
#7390 = VECTOR('',#7391,1.);
#7391 = DIRECTION('',(0.195090852695,0.980785174845,0.));
#7392 = PLANE('',#7393);
#7393 = AXIS2_PLACEMENT_3D('',#7394,#7395,#7396);
#7394 = CARTESIAN_POINT('',(0.,0.,1.585));
#7395 = DIRECTION('',(0.,0.,1.));
#7396 = DIRECTION('',(1.,0.,-0.));
#7397 = SHELL_BASED_SURFACE_MODEL('',(#7398));
#7398 = OPEN_SHELL('',(#7399));
#7399 = ADVANCED_FACE('',(#7400),#7444,.T.);
#7400 = FACE_BOUND('',#7401,.F.);
#7401 = EDGE_LOOP('',(#7402,#7413,#7421,#7430,#7438));
#7402 = ORIENTED_EDGE('',*,*,#7403,.T.);
#7403 = EDGE_CURVE('',#7404,#7406,#7408,.T.);
#7404 = VERTEX_POINT('',#7405);
#7405 = CARTESIAN_POINT('',(-17.046194,-2.980866,1.585));
#7406 = VERTEX_POINT('',#7407);
#7407 = CARTESIAN_POINT('',(-16.95,-3.,1.585));
#7408 = CIRCLE('',#7409,4.999998452109E-02);
#7409 = AXIS2_PLACEMENT_3D('',#7410,#7411,#7412);
#7410 = CARTESIAN_POINT('',(-16.99999998452,-3.000000037369,1.585));
#7411 = DIRECTION('',(0.,0.,-1.));
#7412 = DIRECTION('',(-0.923880595592,0.382680865851,0.));
#7413 = ORIENTED_EDGE('',*,*,#7414,.T.);
#7414 = EDGE_CURVE('',#7406,#7415,#7417,.T.);
#7415 = VERTEX_POINT('',#7416);
#7416 = CARTESIAN_POINT('',(-16.95,-4.1,1.585));
#7417 = LINE('',#7418,#7419);
#7418 = CARTESIAN_POINT('',(-16.95,-3.,1.585));
#7419 = VECTOR('',#7420,1.);
#7420 = DIRECTION('',(0.,-1.,0.));
#7421 = ORIENTED_EDGE('',*,*,#7422,.T.);
#7422 = EDGE_CURVE('',#7415,#7423,#7425,.T.);
#7423 = VERTEX_POINT('',#7424);
#7424 = CARTESIAN_POINT('',(-17.05,-4.1,1.585));
#7425 = CIRCLE('',#7426,5.000000000002E-02);
#7426 = AXIS2_PLACEMENT_3D('',#7427,#7428,#7429);
#7427 = CARTESIAN_POINT('',(-17.,-4.099999952288,1.585));
#7428 = DIRECTION('',(-0.,0.,-1.));
#7429 = DIRECTION('',(1.,-9.542365120292E-07,-0.));
#7430 = ORIENTED_EDGE('',*,*,#7431,.T.);
#7431 = EDGE_CURVE('',#7423,#7432,#7434,.T.);
#7432 = VERTEX_POINT('',#7433);
#7433 = CARTESIAN_POINT('',(-17.05,-3.,1.585));
#7434 = LINE('',#7435,#7436);
#7435 = CARTESIAN_POINT('',(-17.05,-4.1,1.585));
#7436 = VECTOR('',#7437,1.);
#7437 = DIRECTION('',(0.,1.,0.));
#7438 = ORIENTED_EDGE('',*,*,#7439,.T.);
#7439 = EDGE_CURVE('',#7432,#7404,#7440,.T.);
#7440 = LINE('',#7441,#7442);
#7441 = CARTESIAN_POINT('',(-17.05,-3.,1.585));
#7442 = VECTOR('',#7443,1.);
#7443 = DIRECTION('',(0.195090852695,0.980785174845,0.));
#7444 = PLANE('',#7445);
#7445 = AXIS2_PLACEMENT_3D('',#7446,#7447,#7448);
#7446 = CARTESIAN_POINT('',(0.,0.,1.585));
#7447 = DIRECTION('',(0.,0.,1.));
#7448 = DIRECTION('',(1.,0.,-0.));
#7449 = SHELL_BASED_SURFACE_MODEL('',(#7450));
#7450 = OPEN_SHELL('',(#7451));
#7451 = ADVANCED_FACE('',(#7452),#7496,.T.);
#7452 = FACE_BOUND('',#7453,.F.);
#7453 = EDGE_LOOP('',(#7454,#7465,#7473,#7482,#7490));
#7454 = ORIENTED_EDGE('',*,*,#7455,.T.);
#7455 = EDGE_CURVE('',#7456,#7458,#7460,.T.);
#7456 = VERTEX_POINT('',#7457);
#7457 = CARTESIAN_POINT('',(0.703806,-2.980866,1.585));
#7458 = VERTEX_POINT('',#7459);
#7459 = CARTESIAN_POINT('',(0.8,-3.,1.585));
#7460 = CIRCLE('',#7461,4.999998452109E-02);
#7461 = AXIS2_PLACEMENT_3D('',#7462,#7463,#7464);
#7462 = CARTESIAN_POINT('',(0.750000015479,-3.000000037369,1.585));
#7463 = DIRECTION('',(0.,0.,-1.));
#7464 = DIRECTION('',(-0.923880595592,0.382680865851,0.));
#7465 = ORIENTED_EDGE('',*,*,#7466,.T.);
#7466 = EDGE_CURVE('',#7458,#7467,#7469,.T.);
#7467 = VERTEX_POINT('',#7468);
#7468 = CARTESIAN_POINT('',(0.8,-4.1,1.585));
#7469 = LINE('',#7470,#7471);
#7470 = CARTESIAN_POINT('',(0.8,-3.,1.585));
#7471 = VECTOR('',#7472,1.);
#7472 = DIRECTION('',(0.,-1.,0.));
#7473 = ORIENTED_EDGE('',*,*,#7474,.T.);
#7474 = EDGE_CURVE('',#7467,#7475,#7477,.T.);
#7475 = VERTEX_POINT('',#7476);
#7476 = CARTESIAN_POINT('',(0.7,-4.1,1.585));
#7477 = CIRCLE('',#7478,5.000000000002E-02);
#7478 = AXIS2_PLACEMENT_3D('',#7479,#7480,#7481);
#7479 = CARTESIAN_POINT('',(0.75,-4.099999952288,1.585));
#7480 = DIRECTION('',(-0.,0.,-1.));
#7481 = DIRECTION('',(1.,-9.542364765021E-07,-0.));
#7482 = ORIENTED_EDGE('',*,*,#7483,.T.);
#7483 = EDGE_CURVE('',#7475,#7484,#7486,.T.);
#7484 = VERTEX_POINT('',#7485);
#7485 = CARTESIAN_POINT('',(0.7,-3.,1.585));
#7486 = LINE('',#7487,#7488);
#7487 = CARTESIAN_POINT('',(0.7,-4.1,1.585));
#7488 = VECTOR('',#7489,1.);
#7489 = DIRECTION('',(0.,1.,0.));
#7490 = ORIENTED_EDGE('',*,*,#7491,.T.);
#7491 = EDGE_CURVE('',#7484,#7456,#7492,.T.);
#7492 = LINE('',#7493,#7494);
#7493 = CARTESIAN_POINT('',(0.7,-3.,1.585));
#7494 = VECTOR('',#7495,1.);
#7495 = DIRECTION('',(0.195090852695,0.980785174845,0.));
#7496 = PLANE('',#7497);
#7497 = AXIS2_PLACEMENT_3D('',#7498,#7499,#7500);
#7498 = CARTESIAN_POINT('',(0.,0.,1.585));
#7499 = DIRECTION('',(0.,0.,1.));
#7500 = DIRECTION('',(1.,0.,-0.));
#7501 = SHELL_BASED_SURFACE_MODEL('',(#7502));
#7502 = OPEN_SHELL('',(#7503));
#7503 = ADVANCED_FACE('',(#7504),#7548,.T.);
#7504 = FACE_BOUND('',#7505,.F.);
#7505 = EDGE_LOOP('',(#7506,#7517,#7525,#7534,#7542));
#7506 = ORIENTED_EDGE('',*,*,#7507,.T.);
#7507 = EDGE_CURVE('',#7508,#7510,#7512,.T.);
#7508 = VERTEX_POINT('',#7509);
#7509 = CARTESIAN_POINT('',(18.453806,-2.980866,1.585));
#7510 = VERTEX_POINT('',#7511);
#7511 = CARTESIAN_POINT('',(18.55,-3.,1.585));
#7512 = CIRCLE('',#7513,4.999998452109E-02);
#7513 = AXIS2_PLACEMENT_3D('',#7514,#7515,#7516);
#7514 = CARTESIAN_POINT('',(18.500000015479,-3.000000037369,1.585));
#7515 = DIRECTION('',(0.,0.,-1.));
#7516 = DIRECTION('',(-0.923880595592,0.382680865851,0.));
#7517 = ORIENTED_EDGE('',*,*,#7518,.T.);
#7518 = EDGE_CURVE('',#7510,#7519,#7521,.T.);
#7519 = VERTEX_POINT('',#7520);
#7520 = CARTESIAN_POINT('',(18.55,-4.1,1.585));
#7521 = LINE('',#7522,#7523);
#7522 = CARTESIAN_POINT('',(18.55,-3.,1.585));
#7523 = VECTOR('',#7524,1.);
#7524 = DIRECTION('',(0.,-1.,0.));
#7525 = ORIENTED_EDGE('',*,*,#7526,.T.);
#7526 = EDGE_CURVE('',#7519,#7527,#7529,.T.);
#7527 = VERTEX_POINT('',#7528);
#7528 = CARTESIAN_POINT('',(18.45,-4.1,1.585));
#7529 = CIRCLE('',#7530,5.000000000002E-02);
#7530 = AXIS2_PLACEMENT_3D('',#7531,#7532,#7533);
#7531 = CARTESIAN_POINT('',(18.5,-4.099999952288,1.585));
#7532 = DIRECTION('',(-0.,0.,-1.));
#7533 = DIRECTION('',(1.,-9.542365120292E-07,-0.));
#7534 = ORIENTED_EDGE('',*,*,#7535,.T.);
#7535 = EDGE_CURVE('',#7527,#7536,#7538,.T.);
#7536 = VERTEX_POINT('',#7537);
#7537 = CARTESIAN_POINT('',(18.45,-3.,1.585));
#7538 = LINE('',#7539,#7540);
#7539 = CARTESIAN_POINT('',(18.45,-4.1,1.585));
#7540 = VECTOR('',#7541,1.);
#7541 = DIRECTION('',(0.,1.,0.));
#7542 = ORIENTED_EDGE('',*,*,#7543,.T.);
#7543 = EDGE_CURVE('',#7536,#7508,#7544,.T.);
#7544 = LINE('',#7545,#7546);
#7545 = CARTESIAN_POINT('',(18.45,-3.,1.585));
#7546 = VECTOR('',#7547,1.);
#7547 = DIRECTION('',(0.195090852695,0.980785174845,0.));
#7548 = PLANE('',#7549);
#7549 = AXIS2_PLACEMENT_3D('',#7550,#7551,#7552);
#7550 = CARTESIAN_POINT('',(0.,0.,1.585));
#7551 = DIRECTION('',(0.,0.,1.));
#7552 = DIRECTION('',(1.,0.,-0.));
#7553 = SHELL_BASED_SURFACE_MODEL('',(#7554));
#7554 = OPEN_SHELL('',(#7555));
#7555 = ADVANCED_FACE('',(#7556),#7600,.T.);
#7556 = FACE_BOUND('',#7557,.F.);
#7557 = EDGE_LOOP('',(#7558,#7569,#7577,#7586,#7594));
#7558 = ORIENTED_EDGE('',*,*,#7559,.T.);
#7559 = EDGE_CURVE('',#7560,#7562,#7564,.T.);
#7560 = VERTEX_POINT('',#7561);
#7561 = CARTESIAN_POINT('',(36.203806,-2.980866,1.585));
#7562 = VERTEX_POINT('',#7563);
#7563 = CARTESIAN_POINT('',(36.3,-3.,1.585));
#7564 = CIRCLE('',#7565,4.999998452108E-02);
#7565 = AXIS2_PLACEMENT_3D('',#7566,#7567,#7568);
#7566 = CARTESIAN_POINT('',(36.250000015479,-3.000000037369,1.585));
#7567 = DIRECTION('',(0.,0.,-1.));
#7568 = DIRECTION('',(-0.923880595592,0.382680865851,0.));
#7569 = ORIENTED_EDGE('',*,*,#7570,.T.);
#7570 = EDGE_CURVE('',#7562,#7571,#7573,.T.);
#7571 = VERTEX_POINT('',#7572);
#7572 = CARTESIAN_POINT('',(36.3,-4.1,1.585));
#7573 = LINE('',#7574,#7575);
#7574 = CARTESIAN_POINT('',(36.3,-3.,1.585));
#7575 = VECTOR('',#7576,1.);
#7576 = DIRECTION('',(0.,-1.,0.));
#7577 = ORIENTED_EDGE('',*,*,#7578,.T.);
#7578 = EDGE_CURVE('',#7571,#7579,#7581,.T.);
#7579 = VERTEX_POINT('',#7580);
#7580 = CARTESIAN_POINT('',(36.2,-4.1,1.585));
#7581 = CIRCLE('',#7582,5.000000000002E-02);
#7582 = AXIS2_PLACEMENT_3D('',#7583,#7584,#7585);
#7583 = CARTESIAN_POINT('',(36.25,-4.099999952288,1.585));
#7584 = DIRECTION('',(-0.,0.,-1.));
#7585 = DIRECTION('',(1.,-9.542364054478E-07,-0.));
#7586 = ORIENTED_EDGE('',*,*,#7587,.T.);
#7587 = EDGE_CURVE('',#7579,#7588,#7590,.T.);
#7588 = VERTEX_POINT('',#7589);
#7589 = CARTESIAN_POINT('',(36.2,-3.,1.585));
#7590 = LINE('',#7591,#7592);
#7591 = CARTESIAN_POINT('',(36.2,-4.1,1.585));
#7592 = VECTOR('',#7593,1.);
#7593 = DIRECTION('',(0.,1.,0.));
#7594 = ORIENTED_EDGE('',*,*,#7595,.T.);
#7595 = EDGE_CURVE('',#7588,#7560,#7596,.T.);
#7596 = LINE('',#7597,#7598);
#7597 = CARTESIAN_POINT('',(36.2,-3.,1.585));
#7598 = VECTOR('',#7599,1.);
#7599 = DIRECTION('',(0.195090852694,0.980785174845,0.));
#7600 = PLANE('',#7601);
#7601 = AXIS2_PLACEMENT_3D('',#7602,#7603,#7604);
#7602 = CARTESIAN_POINT('',(0.,0.,1.585));
#7603 = DIRECTION('',(0.,0.,1.));
#7604 = DIRECTION('',(1.,0.,-0.));
#7605 = SHELL_BASED_SURFACE_MODEL('',(#7606));
#7606 = OPEN_SHELL('',(#7607));
#7607 = ADVANCED_FACE('',(#7608),#7652,.T.);
#7608 = FACE_BOUND('',#7609,.F.);
#7609 = EDGE_LOOP('',(#7610,#7621,#7629,#7638,#7646));
#7610 = ORIENTED_EDGE('',*,*,#7611,.T.);
#7611 = EDGE_CURVE('',#7612,#7614,#7616,.T.);
#7612 = VERTEX_POINT('',#7613);
#7613 = CARTESIAN_POINT('',(-27.046194,-2.880866,1.585));
#7614 = VERTEX_POINT('',#7615);
#7615 = CARTESIAN_POINT('',(-26.95,-2.9,1.585));
#7616 = CIRCLE('',#7617,4.999998452109E-02);
#7617 = AXIS2_PLACEMENT_3D('',#7618,#7619,#7620);
#7618 = CARTESIAN_POINT('',(-26.99999998452,-2.900000037369,1.585));
#7619 = DIRECTION('',(0.,0.,-1.));
#7620 = DIRECTION('',(-0.923880595592,0.382680865851,0.));
#7621 = ORIENTED_EDGE('',*,*,#7622,.T.);
#7622 = EDGE_CURVE('',#7614,#7623,#7625,.T.);
#7623 = VERTEX_POINT('',#7624);
#7624 = CARTESIAN_POINT('',(-26.95,-4.,1.585));
#7625 = LINE('',#7626,#7627);
#7626 = CARTESIAN_POINT('',(-26.95,-2.9,1.585));
#7627 = VECTOR('',#7628,1.);
#7628 = DIRECTION('',(0.,-1.,0.));
#7629 = ORIENTED_EDGE('',*,*,#7630,.T.);
#7630 = EDGE_CURVE('',#7623,#7631,#7633,.T.);
#7631 = VERTEX_POINT('',#7632);
#7632 = CARTESIAN_POINT('',(-27.05,-4.,1.585));
#7633 = CIRCLE('',#7634,5.000000000002E-02);
#7634 = AXIS2_PLACEMENT_3D('',#7635,#7636,#7637);
#7635 = CARTESIAN_POINT('',(-27.,-3.999999952288,1.585));
#7636 = DIRECTION('',(-0.,0.,-1.));
#7637 = DIRECTION('',(1.,-9.54236520911E-07,-0.));
#7638 = ORIENTED_EDGE('',*,*,#7639,.T.);
#7639 = EDGE_CURVE('',#7631,#7640,#7642,.T.);
#7640 = VERTEX_POINT('',#7641);
#7641 = CARTESIAN_POINT('',(-27.05,-2.9,1.585));
#7642 = LINE('',#7643,#7644);
#7643 = CARTESIAN_POINT('',(-27.05,-4.,1.585));
#7644 = VECTOR('',#7645,1.);
#7645 = DIRECTION('',(0.,1.,0.));
#7646 = ORIENTED_EDGE('',*,*,#7647,.T.);
#7647 = EDGE_CURVE('',#7640,#7612,#7648,.T.);
#7648 = LINE('',#7649,#7650);
#7649 = CARTESIAN_POINT('',(-27.05,-2.9,1.585));
#7650 = VECTOR('',#7651,1.);
#7651 = DIRECTION('',(0.195090852695,0.980785174845,0.));
#7652 = PLANE('',#7653);
#7653 = AXIS2_PLACEMENT_3D('',#7654,#7655,#7656);
#7654 = CARTESIAN_POINT('',(0.,0.,1.585));
#7655 = DIRECTION('',(0.,0.,1.));
#7656 = DIRECTION('',(1.,0.,-0.));
#7657 = SHELL_BASED_SURFACE_MODEL('',(#7658));
#7658 = OPEN_SHELL('',(#7659));
#7659 = ADVANCED_FACE('',(#7660),#7704,.T.);
#7660 = FACE_BOUND('',#7661,.F.);
#7661 = EDGE_LOOP('',(#7662,#7673,#7681,#7690,#7698));
#7662 = ORIENTED_EDGE('',*,*,#7663,.T.);
#7663 = EDGE_CURVE('',#7664,#7666,#7668,.T.);
#7664 = VERTEX_POINT('',#7665);
#7665 = CARTESIAN_POINT('',(-9.296194,-2.880866,1.585));
#7666 = VERTEX_POINT('',#7667);
#7667 = CARTESIAN_POINT('',(-9.2,-2.9,1.585));
#7668 = CIRCLE('',#7669,4.999998452109E-02);
#7669 = AXIS2_PLACEMENT_3D('',#7670,#7671,#7672);
#7670 = CARTESIAN_POINT('',(-9.249999984521,-2.900000037369,1.585));
#7671 = DIRECTION('',(0.,0.,-1.));
#7672 = DIRECTION('',(-0.923880595592,0.382680865851,0.));
#7673 = ORIENTED_EDGE('',*,*,#7674,.T.);
#7674 = EDGE_CURVE('',#7666,#7675,#7677,.T.);
#7675 = VERTEX_POINT('',#7676);
#7676 = CARTESIAN_POINT('',(-9.2,-4.,1.585));
#7677 = LINE('',#7678,#7679);
#7678 = CARTESIAN_POINT('',(-9.2,-2.9,1.585));
#7679 = VECTOR('',#7680,1.);
#7680 = DIRECTION('',(0.,-1.,0.));
#7681 = ORIENTED_EDGE('',*,*,#7682,.T.);
#7682 = EDGE_CURVE('',#7675,#7683,#7685,.T.);
#7683 = VERTEX_POINT('',#7684);
#7684 = CARTESIAN_POINT('',(-9.3,-4.,1.585));
#7685 = CIRCLE('',#7686,5.000000000002E-02);
#7686 = AXIS2_PLACEMENT_3D('',#7687,#7688,#7689);
#7687 = CARTESIAN_POINT('',(-9.25,-3.999999952288,1.585));
#7688 = DIRECTION('',(-0.,0.,-1.));
#7689 = DIRECTION('',(1.,-9.542365031474E-07,-0.));
#7690 = ORIENTED_EDGE('',*,*,#7691,.T.);
#7691 = EDGE_CURVE('',#7683,#7692,#7694,.T.);
#7692 = VERTEX_POINT('',#7693);
#7693 = CARTESIAN_POINT('',(-9.3,-2.9,1.585));
#7694 = LINE('',#7695,#7696);
#7695 = CARTESIAN_POINT('',(-9.3,-4.,1.585));
#7696 = VECTOR('',#7697,1.);
#7697 = DIRECTION('',(0.,1.,0.));
#7698 = ORIENTED_EDGE('',*,*,#7699,.T.);
#7699 = EDGE_CURVE('',#7692,#7664,#7700,.T.);
#7700 = LINE('',#7701,#7702);
#7701 = CARTESIAN_POINT('',(-9.3,-2.9,1.585));
#7702 = VECTOR('',#7703,1.);
#7703 = DIRECTION('',(0.195090852695,0.980785174845,0.));
#7704 = PLANE('',#7705);
#7705 = AXIS2_PLACEMENT_3D('',#7706,#7707,#7708);
#7706 = CARTESIAN_POINT('',(0.,0.,1.585));
#7707 = DIRECTION('',(0.,0.,1.));
#7708 = DIRECTION('',(1.,0.,-0.));
#7709 = SHELL_BASED_SURFACE_MODEL('',(#7710));
#7710 = OPEN_SHELL('',(#7711));
#7711 = ADVANCED_FACE('',(#7712),#7756,.T.);
#7712 = FACE_BOUND('',#7713,.F.);
#7713 = EDGE_LOOP('',(#7714,#7725,#7733,#7742,#7750));
#7714 = ORIENTED_EDGE('',*,*,#7715,.T.);
#7715 = EDGE_CURVE('',#7716,#7718,#7720,.T.);
#7716 = VERTEX_POINT('',#7717);
#7717 = CARTESIAN_POINT('',(8.453806,-2.880866,1.585));
#7718 = VERTEX_POINT('',#7719);
#7719 = CARTESIAN_POINT('',(8.55,-2.9,1.585));
#7720 = CIRCLE('',#7721,4.999998452109E-02);
#7721 = AXIS2_PLACEMENT_3D('',#7722,#7723,#7724);
#7722 = CARTESIAN_POINT('',(8.500000015479,-2.900000037369,1.585));
#7723 = DIRECTION('',(0.,0.,-1.));
#7724 = DIRECTION('',(-0.923880595592,0.382680865851,0.));
#7725 = ORIENTED_EDGE('',*,*,#7726,.T.);
#7726 = EDGE_CURVE('',#7718,#7727,#7729,.T.);
#7727 = VERTEX_POINT('',#7728);
#7728 = CARTESIAN_POINT('',(8.55,-4.,1.585));
#7729 = LINE('',#7730,#7731);
#7730 = CARTESIAN_POINT('',(8.55,-2.9,1.585));
#7731 = VECTOR('',#7732,1.);
#7732 = DIRECTION('',(0.,-1.,0.));
#7733 = ORIENTED_EDGE('',*,*,#7734,.T.);
#7734 = EDGE_CURVE('',#7727,#7735,#7737,.T.);
#7735 = VERTEX_POINT('',#7736);
#7736 = CARTESIAN_POINT('',(8.45,-4.,1.585));
#7737 = CIRCLE('',#7738,5.000000000002E-02);
#7738 = AXIS2_PLACEMENT_3D('',#7739,#7740,#7741);
#7739 = CARTESIAN_POINT('',(8.5,-3.999999952288,1.585));
#7740 = DIRECTION('',(-0.,0.,-1.));
#7741 = DIRECTION('',(1.,-9.542365031474E-07,-0.));
#7742 = ORIENTED_EDGE('',*,*,#7743,.T.);
#7743 = EDGE_CURVE('',#7735,#7744,#7746,.T.);
#7744 = VERTEX_POINT('',#7745);
#7745 = CARTESIAN_POINT('',(8.45,-2.9,1.585));
#7746 = LINE('',#7747,#7748);
#7747 = CARTESIAN_POINT('',(8.45,-4.,1.585));
#7748 = VECTOR('',#7749,1.);
#7749 = DIRECTION('',(0.,1.,0.));
#7750 = ORIENTED_EDGE('',*,*,#7751,.T.);
#7751 = EDGE_CURVE('',#7744,#7716,#7752,.T.);
#7752 = LINE('',#7753,#7754);
#7753 = CARTESIAN_POINT('',(8.45,-2.9,1.585));
#7754 = VECTOR('',#7755,1.);
#7755 = DIRECTION('',(0.195090852695,0.980785174845,0.));
#7756 = PLANE('',#7757);
#7757 = AXIS2_PLACEMENT_3D('',#7758,#7759,#7760);
#7758 = CARTESIAN_POINT('',(0.,0.,1.585));
#7759 = DIRECTION('',(0.,0.,1.));
#7760 = DIRECTION('',(1.,0.,-0.));
#7761 = SHELL_BASED_SURFACE_MODEL('',(#7762));
#7762 = OPEN_SHELL('',(#7763));
#7763 = ADVANCED_FACE('',(#7764),#7808,.T.);
#7764 = FACE_BOUND('',#7765,.F.);
#7765 = EDGE_LOOP('',(#7766,#7777,#7785,#7794,#7802));
#7766 = ORIENTED_EDGE('',*,*,#7767,.T.);
#7767 = EDGE_CURVE('',#7768,#7770,#7772,.T.);
#7768 = VERTEX_POINT('',#7769);
#7769 = CARTESIAN_POINT('',(26.203806,-2.880866,1.585));
#7770 = VERTEX_POINT('',#7771);
#7771 = CARTESIAN_POINT('',(26.3,-2.9,1.585));
#7772 = CIRCLE('',#7773,4.999998452109E-02);
#7773 = AXIS2_PLACEMENT_3D('',#7774,#7775,#7776);
#7774 = CARTESIAN_POINT('',(26.250000015479,-2.900000037369,1.585));
#7775 = DIRECTION('',(0.,0.,-1.));
#7776 = DIRECTION('',(-0.923880595592,0.382680865851,0.));
#7777 = ORIENTED_EDGE('',*,*,#7778,.T.);
#7778 = EDGE_CURVE('',#7770,#7779,#7781,.T.);
#7779 = VERTEX_POINT('',#7780);
#7780 = CARTESIAN_POINT('',(26.3,-4.,1.585));
#7781 = LINE('',#7782,#7783);
#7782 = CARTESIAN_POINT('',(26.3,-2.9,1.585));
#7783 = VECTOR('',#7784,1.);
#7784 = DIRECTION('',(0.,-1.,0.));
#7785 = ORIENTED_EDGE('',*,*,#7786,.T.);
#7786 = EDGE_CURVE('',#7779,#7787,#7789,.T.);
#7787 = VERTEX_POINT('',#7788);
#7788 = CARTESIAN_POINT('',(26.2,-4.,1.585));
#7789 = CIRCLE('',#7790,5.000000000002E-02);
#7790 = AXIS2_PLACEMENT_3D('',#7791,#7792,#7793);
#7791 = CARTESIAN_POINT('',(26.25,-3.999999952288,1.585));
#7792 = DIRECTION('',(-0.,0.,-1.));
#7793 = DIRECTION('',(1.,-9.54236520911E-07,-0.));
#7794 = ORIENTED_EDGE('',*,*,#7795,.T.);
#7795 = EDGE_CURVE('',#7787,#7796,#7798,.T.);
#7796 = VERTEX_POINT('',#7797);
#7797 = CARTESIAN_POINT('',(26.2,-2.9,1.585));
#7798 = LINE('',#7799,#7800);
#7799 = CARTESIAN_POINT('',(26.2,-4.,1.585));
#7800 = VECTOR('',#7801,1.);
#7801 = DIRECTION('',(0.,1.,0.));
#7802 = ORIENTED_EDGE('',*,*,#7803,.T.);
#7803 = EDGE_CURVE('',#7796,#7768,#7804,.T.);
#7804 = LINE('',#7805,#7806);
#7805 = CARTESIAN_POINT('',(26.2,-2.9,1.585));
#7806 = VECTOR('',#7807,1.);
#7807 = DIRECTION('',(0.195090852695,0.980785174845,0.));
#7808 = PLANE('',#7809);
#7809 = AXIS2_PLACEMENT_3D('',#7810,#7811,#7812);
#7810 = CARTESIAN_POINT('',(0.,0.,1.585));
#7811 = DIRECTION('',(0.,0.,1.));
#7812 = DIRECTION('',(1.,0.,-0.));
#7813 = SHELL_BASED_SURFACE_MODEL('',(#7814));
#7814 = OPEN_SHELL('',(#7815));
#7815 = ADVANCED_FACE('',(#7816),#7860,.T.);
#7816 = FACE_BOUND('',#7817,.F.);
#7817 = EDGE_LOOP('',(#7818,#7829,#7837,#7846,#7854));
#7818 = ORIENTED_EDGE('',*,*,#7819,.T.);
#7819 = EDGE_CURVE('',#7820,#7822,#7824,.T.);
#7820 = VERTEX_POINT('',#7821);
#7821 = CARTESIAN_POINT('',(-17.046194,-1.480866,1.585));
#7822 = VERTEX_POINT('',#7823);
#7823 = CARTESIAN_POINT('',(-16.95,-1.5,1.585));
#7824 = CIRCLE('',#7825,4.999998452109E-02);
#7825 = AXIS2_PLACEMENT_3D('',#7826,#7827,#7828);
#7826 = CARTESIAN_POINT('',(-16.99999998452,-1.500000037369,1.585));
#7827 = DIRECTION('',(0.,0.,-1.));
#7828 = DIRECTION('',(-0.923880595592,0.382680865851,0.));
#7829 = ORIENTED_EDGE('',*,*,#7830,.T.);
#7830 = EDGE_CURVE('',#7822,#7831,#7833,.T.);
#7831 = VERTEX_POINT('',#7832);
#7832 = CARTESIAN_POINT('',(-16.95,-2.6,1.585));
#7833 = LINE('',#7834,#7835);
#7834 = CARTESIAN_POINT('',(-16.95,-1.5,1.585));
#7835 = VECTOR('',#7836,1.);
#7836 = DIRECTION('',(0.,-1.,0.));
#7837 = ORIENTED_EDGE('',*,*,#7838,.T.);
#7838 = EDGE_CURVE('',#7831,#7839,#7841,.T.);
#7839 = VERTEX_POINT('',#7840);
#7840 = CARTESIAN_POINT('',(-17.05,-2.6,1.585));
#7841 = CIRCLE('',#7842,5.000000000002E-02);
#7842 = AXIS2_PLACEMENT_3D('',#7843,#7844,#7845);
#7843 = CARTESIAN_POINT('',(-17.,-2.599999952288,1.585));
#7844 = DIRECTION('',(-0.,0.,-1.));
#7845 = DIRECTION('',(1.,-9.54236520911E-07,-0.));
#7846 = ORIENTED_EDGE('',*,*,#7847,.T.);
#7847 = EDGE_CURVE('',#7839,#7848,#7850,.T.);
#7848 = VERTEX_POINT('',#7849);
#7849 = CARTESIAN_POINT('',(-17.05,-1.5,1.585));
#7850 = LINE('',#7851,#7852);
#7851 = CARTESIAN_POINT('',(-17.05,-2.6,1.585));
#7852 = VECTOR('',#7853,1.);
#7853 = DIRECTION('',(0.,1.,0.));
#7854 = ORIENTED_EDGE('',*,*,#7855,.T.);
#7855 = EDGE_CURVE('',#7848,#7820,#7856,.T.);
#7856 = LINE('',#7857,#7858);
#7857 = CARTESIAN_POINT('',(-17.05,-1.5,1.585));
#7858 = VECTOR('',#7859,1.);
#7859 = DIRECTION('',(0.195090852695,0.980785174845,0.));
#7860 = PLANE('',#7861);
#7861 = AXIS2_PLACEMENT_3D('',#7862,#7863,#7864);
#7862 = CARTESIAN_POINT('',(0.,0.,1.585));
#7863 = DIRECTION('',(0.,0.,1.));
#7864 = DIRECTION('',(1.,0.,-0.));
#7865 = SHELL_BASED_SURFACE_MODEL('',(#7866));
#7866 = OPEN_SHELL('',(#7867));
#7867 = ADVANCED_FACE('',(#7868),#7912,.T.);
#7868 = FACE_BOUND('',#7869,.F.);
#7869 = EDGE_LOOP('',(#7870,#7881,#7889,#7898,#7906));
#7870 = ORIENTED_EDGE('',*,*,#7871,.T.);
#7871 = EDGE_CURVE('',#7872,#7874,#7876,.T.);
#7872 = VERTEX_POINT('',#7873);
#7873 = CARTESIAN_POINT('',(0.703806,-1.480866,1.585));
#7874 = VERTEX_POINT('',#7875);
#7875 = CARTESIAN_POINT('',(0.8,-1.5,1.585));
#7876 = CIRCLE('',#7877,4.999998452109E-02);
#7877 = AXIS2_PLACEMENT_3D('',#7878,#7879,#7880);
#7878 = CARTESIAN_POINT('',(0.750000015479,-1.500000037369,1.585));
#7879 = DIRECTION('',(0.,0.,-1.));
#7880 = DIRECTION('',(-0.923880595592,0.382680865851,0.));
#7881 = ORIENTED_EDGE('',*,*,#7882,.T.);
#7882 = EDGE_CURVE('',#7874,#7883,#7885,.T.);
#7883 = VERTEX_POINT('',#7884);
#7884 = CARTESIAN_POINT('',(0.8,-2.6,1.585));
#7885 = LINE('',#7886,#7887);
#7886 = CARTESIAN_POINT('',(0.8,-1.5,1.585));
#7887 = VECTOR('',#7888,1.);
#7888 = DIRECTION('',(0.,-1.,0.));
#7889 = ORIENTED_EDGE('',*,*,#7890,.T.);
#7890 = EDGE_CURVE('',#7883,#7891,#7893,.T.);
#7891 = VERTEX_POINT('',#7892);
#7892 = CARTESIAN_POINT('',(0.7,-2.6,1.585));
#7893 = CIRCLE('',#7894,5.000000000002E-02);
#7894 = AXIS2_PLACEMENT_3D('',#7895,#7896,#7897);
#7895 = CARTESIAN_POINT('',(0.75,-2.599999952288,1.585));
#7896 = DIRECTION('',(-0.,0.,-1.));
#7897 = DIRECTION('',(1.,-9.542364853839E-07,-0.));
#7898 = ORIENTED_EDGE('',*,*,#7899,.T.);
#7899 = EDGE_CURVE('',#7891,#7900,#7902,.T.);
#7900 = VERTEX_POINT('',#7901);
#7901 = CARTESIAN_POINT('',(0.7,-1.5,1.585));
#7902 = LINE('',#7903,#7904);
#7903 = CARTESIAN_POINT('',(0.7,-2.6,1.585));
#7904 = VECTOR('',#7905,1.);
#7905 = DIRECTION('',(0.,1.,0.));
#7906 = ORIENTED_EDGE('',*,*,#7907,.T.);
#7907 = EDGE_CURVE('',#7900,#7872,#7908,.T.);
#7908 = LINE('',#7909,#7910);
#7909 = CARTESIAN_POINT('',(0.7,-1.5,1.585));
#7910 = VECTOR('',#7911,1.);
#7911 = DIRECTION('',(0.195090852695,0.980785174845,0.));
#7912 = PLANE('',#7913);
#7913 = AXIS2_PLACEMENT_3D('',#7914,#7915,#7916);
#7914 = CARTESIAN_POINT('',(0.,0.,1.585));
#7915 = DIRECTION('',(0.,0.,1.));
#7916 = DIRECTION('',(1.,0.,-0.));
#7917 = SHELL_BASED_SURFACE_MODEL('',(#7918));
#7918 = OPEN_SHELL('',(#7919));
#7919 = ADVANCED_FACE('',(#7920),#7964,.T.);
#7920 = FACE_BOUND('',#7921,.F.);
#7921 = EDGE_LOOP('',(#7922,#7933,#7941,#7950,#7958));
#7922 = ORIENTED_EDGE('',*,*,#7923,.T.);
#7923 = EDGE_CURVE('',#7924,#7926,#7928,.T.);
#7924 = VERTEX_POINT('',#7925);
#7925 = CARTESIAN_POINT('',(18.453806,-1.480866,1.585));
#7926 = VERTEX_POINT('',#7927);
#7927 = CARTESIAN_POINT('',(18.55,-1.5,1.585));
#7928 = CIRCLE('',#7929,4.999998452109E-02);
#7929 = AXIS2_PLACEMENT_3D('',#7930,#7931,#7932);
#7930 = CARTESIAN_POINT('',(18.500000015479,-1.500000037369,1.585));
#7931 = DIRECTION('',(0.,0.,-1.));
#7932 = DIRECTION('',(-0.923880595592,0.382680865851,0.));
#7933 = ORIENTED_EDGE('',*,*,#7934,.T.);
#7934 = EDGE_CURVE('',#7926,#7935,#7937,.T.);
#7935 = VERTEX_POINT('',#7936);
#7936 = CARTESIAN_POINT('',(18.55,-2.6,1.585));
#7937 = LINE('',#7938,#7939);
#7938 = CARTESIAN_POINT('',(18.55,-1.5,1.585));
#7939 = VECTOR('',#7940,1.);
#7940 = DIRECTION('',(0.,-1.,0.));
#7941 = ORIENTED_EDGE('',*,*,#7942,.T.);
#7942 = EDGE_CURVE('',#7935,#7943,#7945,.T.);
#7943 = VERTEX_POINT('',#7944);
#7944 = CARTESIAN_POINT('',(18.45,-2.6,1.585));
#7945 = CIRCLE('',#7946,5.000000000002E-02);
#7946 = AXIS2_PLACEMENT_3D('',#7947,#7948,#7949);
#7947 = CARTESIAN_POINT('',(18.5,-2.599999952288,1.585));
#7948 = DIRECTION('',(-0.,0.,-1.));
#7949 = DIRECTION('',(1.,-9.54236520911E-07,-0.));
#7950 = ORIENTED_EDGE('',*,*,#7951,.T.);
#7951 = EDGE_CURVE('',#7943,#7952,#7954,.T.);
#7952 = VERTEX_POINT('',#7953);
#7953 = CARTESIAN_POINT('',(18.45,-1.5,1.585));
#7954 = LINE('',#7955,#7956);
#7955 = CARTESIAN_POINT('',(18.45,-2.6,1.585));
#7956 = VECTOR('',#7957,1.);
#7957 = DIRECTION('',(0.,1.,0.));
#7958 = ORIENTED_EDGE('',*,*,#7959,.T.);
#7959 = EDGE_CURVE('',#7952,#7924,#7960,.T.);
#7960 = LINE('',#7961,#7962);
#7961 = CARTESIAN_POINT('',(18.45,-1.5,1.585));
#7962 = VECTOR('',#7963,1.);
#7963 = DIRECTION('',(0.195090852695,0.980785174845,0.));
#7964 = PLANE('',#7965);
#7965 = AXIS2_PLACEMENT_3D('',#7966,#7967,#7968);
#7966 = CARTESIAN_POINT('',(0.,0.,1.585));
#7967 = DIRECTION('',(0.,0.,1.));
#7968 = DIRECTION('',(1.,0.,-0.));
#7969 = SHELL_BASED_SURFACE_MODEL('',(#7970));
#7970 = OPEN_SHELL('',(#7971));
#7971 = ADVANCED_FACE('',(#7972),#8016,.T.);
#7972 = FACE_BOUND('',#7973,.F.);
#7973 = EDGE_LOOP('',(#7974,#7985,#7993,#8002,#8010));
#7974 = ORIENTED_EDGE('',*,*,#7975,.T.);
#7975 = EDGE_CURVE('',#7976,#7978,#7980,.T.);
#7976 = VERTEX_POINT('',#7977);
#7977 = CARTESIAN_POINT('',(36.203806,-1.480866,1.585));
#7978 = VERTEX_POINT('',#7979);
#7979 = CARTESIAN_POINT('',(36.3,-1.5,1.585));
#7980 = CIRCLE('',#7981,4.999998452108E-02);
#7981 = AXIS2_PLACEMENT_3D('',#7982,#7983,#7984);
#7982 = CARTESIAN_POINT('',(36.250000015479,-1.500000037369,1.585));
#7983 = DIRECTION('',(0.,0.,-1.));
#7984 = DIRECTION('',(-0.923880595592,0.382680865851,0.));
#7985 = ORIENTED_EDGE('',*,*,#7986,.T.);
#7986 = EDGE_CURVE('',#7978,#7987,#7989,.T.);
#7987 = VERTEX_POINT('',#7988);
#7988 = CARTESIAN_POINT('',(36.3,-2.6,1.585));
#7989 = LINE('',#7990,#7991);
#7990 = CARTESIAN_POINT('',(36.3,-1.5,1.585));
#7991 = VECTOR('',#7992,1.);
#7992 = DIRECTION('',(0.,-1.,0.));
#7993 = ORIENTED_EDGE('',*,*,#7994,.T.);
#7994 = EDGE_CURVE('',#7987,#7995,#7997,.T.);
#7995 = VERTEX_POINT('',#7996);
#7996 = CARTESIAN_POINT('',(36.2,-2.6,1.585));
#7997 = CIRCLE('',#7998,5.000000000002E-02);
#7998 = AXIS2_PLACEMENT_3D('',#7999,#8000,#8001);
#7999 = CARTESIAN_POINT('',(36.25,-2.599999952288,1.585));
#8000 = DIRECTION('',(-0.,0.,-1.));
#8001 = DIRECTION('',(1.,-9.542364143296E-07,-0.));
#8002 = ORIENTED_EDGE('',*,*,#8003,.T.);
#8003 = EDGE_CURVE('',#7995,#8004,#8006,.T.);
#8004 = VERTEX_POINT('',#8005);
#8005 = CARTESIAN_POINT('',(36.2,-1.5,1.585));
#8006 = LINE('',#8007,#8008);
#8007 = CARTESIAN_POINT('',(36.2,-2.6,1.585));
#8008 = VECTOR('',#8009,1.);
#8009 = DIRECTION('',(0.,1.,0.));
#8010 = ORIENTED_EDGE('',*,*,#8011,.T.);
#8011 = EDGE_CURVE('',#8004,#7976,#8012,.T.);
#8012 = LINE('',#8013,#8014);
#8013 = CARTESIAN_POINT('',(36.2,-1.5,1.585));
#8014 = VECTOR('',#8015,1.);
#8015 = DIRECTION('',(0.195090852694,0.980785174845,0.));
#8016 = PLANE('',#8017);
#8017 = AXIS2_PLACEMENT_3D('',#8018,#8019,#8020);
#8018 = CARTESIAN_POINT('',(0.,0.,1.585));
#8019 = DIRECTION('',(0.,0.,1.));
#8020 = DIRECTION('',(1.,0.,-0.));
#8021 = SHELL_BASED_SURFACE_MODEL('',(#8022));
#8022 = OPEN_SHELL('',(#8023));
#8023 = ADVANCED_FACE('',(#8024),#8068,.T.);
#8024 = FACE_BOUND('',#8025,.F.);
#8025 = EDGE_LOOP('',(#8026,#8037,#8045,#8054,#8062));
#8026 = ORIENTED_EDGE('',*,*,#8027,.T.);
#8027 = EDGE_CURVE('',#8028,#8030,#8032,.T.);
#8028 = VERTEX_POINT('',#8029);
#8029 = CARTESIAN_POINT('',(-27.046194,-1.380866,1.585));
#8030 = VERTEX_POINT('',#8031);
#8031 = CARTESIAN_POINT('',(-26.95,-1.4,1.585));
#8032 = CIRCLE('',#8033,4.999998452109E-02);
#8033 = AXIS2_PLACEMENT_3D('',#8034,#8035,#8036);
#8034 = CARTESIAN_POINT('',(-26.99999998452,-1.400000037369,1.585));
#8035 = DIRECTION('',(0.,0.,-1.));
#8036 = DIRECTION('',(-0.923880595592,0.382680865851,0.));
#8037 = ORIENTED_EDGE('',*,*,#8038,.T.);
#8038 = EDGE_CURVE('',#8030,#8039,#8041,.T.);
#8039 = VERTEX_POINT('',#8040);
#8040 = CARTESIAN_POINT('',(-26.95,-2.5,1.585));
#8041 = LINE('',#8042,#8043);
#8042 = CARTESIAN_POINT('',(-26.95,-1.4,1.585));
#8043 = VECTOR('',#8044,1.);
#8044 = DIRECTION('',(0.,-1.,0.));
#8045 = ORIENTED_EDGE('',*,*,#8046,.T.);
#8046 = EDGE_CURVE('',#8039,#8047,#8049,.T.);
#8047 = VERTEX_POINT('',#8048);
#8048 = CARTESIAN_POINT('',(-27.05,-2.5,1.585));
#8049 = CIRCLE('',#8050,5.000000000002E-02);
#8050 = AXIS2_PLACEMENT_3D('',#8051,#8052,#8053);
#8051 = CARTESIAN_POINT('',(-27.,-2.499999952288,1.585));
#8052 = DIRECTION('',(-0.,0.,-1.));
#8053 = DIRECTION('',(1.,-9.54236520911E-07,-0.));
#8054 = ORIENTED_EDGE('',*,*,#8055,.T.);
#8055 = EDGE_CURVE('',#8047,#8056,#8058,.T.);
#8056 = VERTEX_POINT('',#8057);
#8057 = CARTESIAN_POINT('',(-27.05,-1.4,1.585));
#8058 = LINE('',#8059,#8060);
#8059 = CARTESIAN_POINT('',(-27.05,-2.5,1.585));
#8060 = VECTOR('',#8061,1.);
#8061 = DIRECTION('',(0.,1.,0.));
#8062 = ORIENTED_EDGE('',*,*,#8063,.T.);
#8063 = EDGE_CURVE('',#8056,#8028,#8064,.T.);
#8064 = LINE('',#8065,#8066);
#8065 = CARTESIAN_POINT('',(-27.05,-1.4,1.585));
#8066 = VECTOR('',#8067,1.);
#8067 = DIRECTION('',(0.195090852695,0.980785174845,0.));
#8068 = PLANE('',#8069);
#8069 = AXIS2_PLACEMENT_3D('',#8070,#8071,#8072);
#8070 = CARTESIAN_POINT('',(0.,0.,1.585));
#8071 = DIRECTION('',(0.,0.,1.));
#8072 = DIRECTION('',(1.,0.,-0.));
#8073 = SHELL_BASED_SURFACE_MODEL('',(#8074));
#8074 = OPEN_SHELL('',(#8075));
#8075 = ADVANCED_FACE('',(#8076),#8120,.T.);
#8076 = FACE_BOUND('',#8077,.F.);
#8077 = EDGE_LOOP('',(#8078,#8089,#8097,#8106,#8114));
#8078 = ORIENTED_EDGE('',*,*,#8079,.T.);
#8079 = EDGE_CURVE('',#8080,#8082,#8084,.T.);
#8080 = VERTEX_POINT('',#8081);
#8081 = CARTESIAN_POINT('',(-9.296194,-1.380866,1.585));
#8082 = VERTEX_POINT('',#8083);
#8083 = CARTESIAN_POINT('',(-9.2,-1.4,1.585));
#8084 = CIRCLE('',#8085,4.999998452109E-02);
#8085 = AXIS2_PLACEMENT_3D('',#8086,#8087,#8088);
#8086 = CARTESIAN_POINT('',(-9.249999984521,-1.400000037369,1.585));
#8087 = DIRECTION('',(0.,0.,-1.));
#8088 = DIRECTION('',(-0.923880595592,0.382680865851,0.));
#8089 = ORIENTED_EDGE('',*,*,#8090,.T.);
#8090 = EDGE_CURVE('',#8082,#8091,#8093,.T.);
#8091 = VERTEX_POINT('',#8092);
#8092 = CARTESIAN_POINT('',(-9.2,-2.5,1.585));
#8093 = LINE('',#8094,#8095);
#8094 = CARTESIAN_POINT('',(-9.2,-1.4,1.585));
#8095 = VECTOR('',#8096,1.);
#8096 = DIRECTION('',(0.,-1.,0.));
#8097 = ORIENTED_EDGE('',*,*,#8098,.T.);
#8098 = EDGE_CURVE('',#8091,#8099,#8101,.T.);
#8099 = VERTEX_POINT('',#8100);
#8100 = CARTESIAN_POINT('',(-9.3,-2.5,1.585));
#8101 = CIRCLE('',#8102,5.000000000002E-02);
#8102 = AXIS2_PLACEMENT_3D('',#8103,#8104,#8105);
#8103 = CARTESIAN_POINT('',(-9.25,-2.499999952288,1.585));
#8104 = DIRECTION('',(-0.,0.,-1.));
#8105 = DIRECTION('',(1.,-9.542365031474E-07,-0.));
#8106 = ORIENTED_EDGE('',*,*,#8107,.T.);
#8107 = EDGE_CURVE('',#8099,#8108,#8110,.T.);
#8108 = VERTEX_POINT('',#8109);
#8109 = CARTESIAN_POINT('',(-9.3,-1.4,1.585));
#8110 = LINE('',#8111,#8112);
#8111 = CARTESIAN_POINT('',(-9.3,-2.5,1.585));
#8112 = VECTOR('',#8113,1.);
#8113 = DIRECTION('',(0.,1.,0.));
#8114 = ORIENTED_EDGE('',*,*,#8115,.T.);
#8115 = EDGE_CURVE('',#8108,#8080,#8116,.T.);
#8116 = LINE('',#8117,#8118);
#8117 = CARTESIAN_POINT('',(-9.3,-1.4,1.585));
#8118 = VECTOR('',#8119,1.);
#8119 = DIRECTION('',(0.195090852695,0.980785174845,0.));
#8120 = PLANE('',#8121);
#8121 = AXIS2_PLACEMENT_3D('',#8122,#8123,#8124);
#8122 = CARTESIAN_POINT('',(0.,0.,1.585));
#8123 = DIRECTION('',(0.,0.,1.));
#8124 = DIRECTION('',(1.,0.,-0.));
#8125 = SHELL_BASED_SURFACE_MODEL('',(#8126));
#8126 = OPEN_SHELL('',(#8127));
#8127 = ADVANCED_FACE('',(#8128),#8172,.T.);
#8128 = FACE_BOUND('',#8129,.F.);
#8129 = EDGE_LOOP('',(#8130,#8141,#8149,#8158,#8166));
#8130 = ORIENTED_EDGE('',*,*,#8131,.T.);
#8131 = EDGE_CURVE('',#8132,#8134,#8136,.T.);
#8132 = VERTEX_POINT('',#8133);
#8133 = CARTESIAN_POINT('',(8.453806,-1.380866,1.585));
#8134 = VERTEX_POINT('',#8135);
#8135 = CARTESIAN_POINT('',(8.55,-1.4,1.585));
#8136 = CIRCLE('',#8137,4.999998452109E-02);
#8137 = AXIS2_PLACEMENT_3D('',#8138,#8139,#8140);
#8138 = CARTESIAN_POINT('',(8.500000015479,-1.400000037369,1.585));
#8139 = DIRECTION('',(0.,0.,-1.));
#8140 = DIRECTION('',(-0.923880595592,0.382680865851,0.));
#8141 = ORIENTED_EDGE('',*,*,#8142,.T.);
#8142 = EDGE_CURVE('',#8134,#8143,#8145,.T.);
#8143 = VERTEX_POINT('',#8144);
#8144 = CARTESIAN_POINT('',(8.55,-2.5,1.585));
#8145 = LINE('',#8146,#8147);
#8146 = CARTESIAN_POINT('',(8.55,-1.4,1.585));
#8147 = VECTOR('',#8148,1.);
#8148 = DIRECTION('',(0.,-1.,0.));
#8149 = ORIENTED_EDGE('',*,*,#8150,.T.);
#8150 = EDGE_CURVE('',#8143,#8151,#8153,.T.);
#8151 = VERTEX_POINT('',#8152);
#8152 = CARTESIAN_POINT('',(8.45,-2.5,1.585));
#8153 = CIRCLE('',#8154,5.000000000002E-02);
#8154 = AXIS2_PLACEMENT_3D('',#8155,#8156,#8157);
#8155 = CARTESIAN_POINT('',(8.5,-2.499999952288,1.585));
#8156 = DIRECTION('',(-0.,0.,-1.));
#8157 = DIRECTION('',(1.,-9.542365031474E-07,-0.));
#8158 = ORIENTED_EDGE('',*,*,#8159,.T.);
#8159 = EDGE_CURVE('',#8151,#8160,#8162,.T.);
#8160 = VERTEX_POINT('',#8161);
#8161 = CARTESIAN_POINT('',(8.45,-1.4,1.585));
#8162 = LINE('',#8163,#8164);
#8163 = CARTESIAN_POINT('',(8.45,-2.5,1.585));
#8164 = VECTOR('',#8165,1.);
#8165 = DIRECTION('',(0.,1.,0.));
#8166 = ORIENTED_EDGE('',*,*,#8167,.T.);
#8167 = EDGE_CURVE('',#8160,#8132,#8168,.T.);
#8168 = LINE('',#8169,#8170);
#8169 = CARTESIAN_POINT('',(8.45,-1.4,1.585));
#8170 = VECTOR('',#8171,1.);
#8171 = DIRECTION('',(0.195090852695,0.980785174845,0.));
#8172 = PLANE('',#8173);
#8173 = AXIS2_PLACEMENT_3D('',#8174,#8175,#8176);
#8174 = CARTESIAN_POINT('',(0.,0.,1.585));
#8175 = DIRECTION('',(0.,0.,1.));
#8176 = DIRECTION('',(1.,0.,-0.));
#8177 = SHELL_BASED_SURFACE_MODEL('',(#8178));
#8178 = OPEN_SHELL('',(#8179));
#8179 = ADVANCED_FACE('',(#8180),#8224,.T.);
#8180 = FACE_BOUND('',#8181,.F.);
#8181 = EDGE_LOOP('',(#8182,#8193,#8201,#8210,#8218));
#8182 = ORIENTED_EDGE('',*,*,#8183,.T.);
#8183 = EDGE_CURVE('',#8184,#8186,#8188,.T.);
#8184 = VERTEX_POINT('',#8185);
#8185 = CARTESIAN_POINT('',(26.203806,-1.380866,1.585));
#8186 = VERTEX_POINT('',#8187);
#8187 = CARTESIAN_POINT('',(26.3,-1.4,1.585));
#8188 = CIRCLE('',#8189,4.999998452109E-02);
#8189 = AXIS2_PLACEMENT_3D('',#8190,#8191,#8192);
#8190 = CARTESIAN_POINT('',(26.250000015479,-1.400000037369,1.585));
#8191 = DIRECTION('',(0.,0.,-1.));
#8192 = DIRECTION('',(-0.923880595592,0.382680865851,0.));
#8193 = ORIENTED_EDGE('',*,*,#8194,.T.);
#8194 = EDGE_CURVE('',#8186,#8195,#8197,.T.);
#8195 = VERTEX_POINT('',#8196);
#8196 = CARTESIAN_POINT('',(26.3,-2.5,1.585));
#8197 = LINE('',#8198,#8199);
#8198 = CARTESIAN_POINT('',(26.3,-1.4,1.585));
#8199 = VECTOR('',#8200,1.);
#8200 = DIRECTION('',(0.,-1.,0.));
#8201 = ORIENTED_EDGE('',*,*,#8202,.T.);
#8202 = EDGE_CURVE('',#8195,#8203,#8205,.T.);
#8203 = VERTEX_POINT('',#8204);
#8204 = CARTESIAN_POINT('',(26.2,-2.5,1.585));
#8205 = CIRCLE('',#8206,5.000000000002E-02);
#8206 = AXIS2_PLACEMENT_3D('',#8207,#8208,#8209);
#8207 = CARTESIAN_POINT('',(26.25,-2.499999952288,1.585));
#8208 = DIRECTION('',(-0.,0.,-1.));
#8209 = DIRECTION('',(1.,-9.54236520911E-07,-0.));
#8210 = ORIENTED_EDGE('',*,*,#8211,.T.);
#8211 = EDGE_CURVE('',#8203,#8212,#8214,.T.);
#8212 = VERTEX_POINT('',#8213);
#8213 = CARTESIAN_POINT('',(26.2,-1.4,1.585));
#8214 = LINE('',#8215,#8216);
#8215 = CARTESIAN_POINT('',(26.2,-2.5,1.585));
#8216 = VECTOR('',#8217,1.);
#8217 = DIRECTION('',(0.,1.,0.));
#8218 = ORIENTED_EDGE('',*,*,#8219,.T.);
#8219 = EDGE_CURVE('',#8212,#8184,#8220,.T.);
#8220 = LINE('',#8221,#8222);
#8221 = CARTESIAN_POINT('',(26.2,-1.4,1.585));
#8222 = VECTOR('',#8223,1.);
#8223 = DIRECTION('',(0.195090852695,0.980785174845,0.));
#8224 = PLANE('',#8225);
#8225 = AXIS2_PLACEMENT_3D('',#8226,#8227,#8228);
#8226 = CARTESIAN_POINT('',(0.,0.,1.585));
#8227 = DIRECTION('',(0.,0.,1.));
#8228 = DIRECTION('',(1.,0.,-0.));
#8229 = SHELL_BASED_SURFACE_MODEL('',(#8230));
#8230 = OPEN_SHELL('',(#8231));
#8231 = ADVANCED_FACE('',(#8232),#8276,.T.);
#8232 = FACE_BOUND('',#8233,.F.);
#8233 = EDGE_LOOP('',(#8234,#8245,#8253,#8262,#8270));
#8234 = ORIENTED_EDGE('',*,*,#8235,.T.);
#8235 = EDGE_CURVE('',#8236,#8238,#8240,.T.);
#8236 = VERTEX_POINT('',#8237);
#8237 = CARTESIAN_POINT('',(-17.046194,1.9134E-02,1.585));
#8238 = VERTEX_POINT('',#8239);
#8239 = CARTESIAN_POINT('',(-16.95,7.806255641896E-18,1.585));
#8240 = CIRCLE('',#8241,4.999998452109E-02);
#8241 = AXIS2_PLACEMENT_3D('',#8242,#8243,#8244);
#8242 = CARTESIAN_POINT('',(-16.99999998452,-3.736908393663E-08,1.585));
#8243 = DIRECTION('',(0.,0.,-1.));
#8244 = DIRECTION('',(-0.923880595592,0.382680865851,0.));
#8245 = ORIENTED_EDGE('',*,*,#8246,.T.);
#8246 = EDGE_CURVE('',#8238,#8247,#8249,.T.);
#8247 = VERTEX_POINT('',#8248);
#8248 = CARTESIAN_POINT('',(-16.95,-1.1,1.585));
#8249 = LINE('',#8250,#8251);
#8250 = CARTESIAN_POINT('',(-16.95,-0.,1.585));
#8251 = VECTOR('',#8252,1.);
#8252 = DIRECTION('',(0.,-1.,0.));
#8253 = ORIENTED_EDGE('',*,*,#8254,.T.);
#8254 = EDGE_CURVE('',#8247,#8255,#8257,.T.);
#8255 = VERTEX_POINT('',#8256);
#8256 = CARTESIAN_POINT('',(-17.05,-1.1,1.585));
#8257 = CIRCLE('',#8258,5.000000000002E-02);
#8258 = AXIS2_PLACEMENT_3D('',#8259,#8260,#8261);
#8259 = CARTESIAN_POINT('',(-17.,-1.099999952288,1.585));
#8260 = DIRECTION('',(-0.,0.,-1.));
#8261 = DIRECTION('',(1.,-9.542365253519E-07,-0.));
#8262 = ORIENTED_EDGE('',*,*,#8263,.T.);
#8263 = EDGE_CURVE('',#8255,#8264,#8266,.T.);
#8264 = VERTEX_POINT('',#8265);
#8265 = CARTESIAN_POINT('',(-17.05,-0.,1.585));
#8266 = LINE('',#8267,#8268);
#8267 = CARTESIAN_POINT('',(-17.05,-1.1,1.585));
#8268 = VECTOR('',#8269,1.);
#8269 = DIRECTION('',(0.,1.,0.));
#8270 = ORIENTED_EDGE('',*,*,#8271,.T.);
#8271 = EDGE_CURVE('',#8264,#8236,#8272,.T.);
#8272 = LINE('',#8273,#8274);
#8273 = CARTESIAN_POINT('',(-17.05,-0.,1.585));
#8274 = VECTOR('',#8275,1.);
#8275 = DIRECTION('',(0.195090852695,0.980785174845,0.));
#8276 = PLANE('',#8277);
#8277 = AXIS2_PLACEMENT_3D('',#8278,#8279,#8280);
#8278 = CARTESIAN_POINT('',(0.,0.,1.585));
#8279 = DIRECTION('',(0.,0.,1.));
#8280 = DIRECTION('',(1.,0.,-0.));
#8281 = SHELL_BASED_SURFACE_MODEL('',(#8282));
#8282 = OPEN_SHELL('',(#8283));
#8283 = ADVANCED_FACE('',(#8284),#8328,.T.);
#8284 = FACE_BOUND('',#8285,.F.);
#8285 = EDGE_LOOP('',(#8286,#8297,#8305,#8314,#8322));
#8286 = ORIENTED_EDGE('',*,*,#8287,.T.);
#8287 = EDGE_CURVE('',#8288,#8290,#8292,.T.);
#8288 = VERTEX_POINT('',#8289);
#8289 = CARTESIAN_POINT('',(0.703806,1.9134E-02,1.585));
#8290 = VERTEX_POINT('',#8291);
#8291 = CARTESIAN_POINT('',(0.8,5.20417042793E-18,1.585));
#8292 = CIRCLE('',#8293,4.999998452109E-02);
#8293 = AXIS2_PLACEMENT_3D('',#8294,#8295,#8296);
#8294 = CARTESIAN_POINT('',(0.750000015479,-3.736908304325E-08,1.585));
#8295 = DIRECTION('',(0.,0.,-1.));
#8296 = DIRECTION('',(-0.923880595592,0.382680865851,0.));
#8297 = ORIENTED_EDGE('',*,*,#8298,.T.);
#8298 = EDGE_CURVE('',#8290,#8299,#8301,.T.);
#8299 = VERTEX_POINT('',#8300);
#8300 = CARTESIAN_POINT('',(0.8,-1.1,1.585));
#8301 = LINE('',#8302,#8303);
#8302 = CARTESIAN_POINT('',(0.8,-0.,1.585));
#8303 = VECTOR('',#8304,1.);
#8304 = DIRECTION('',(0.,-1.,0.));
#8305 = ORIENTED_EDGE('',*,*,#8306,.T.);
#8306 = EDGE_CURVE('',#8299,#8307,#8309,.T.);
#8307 = VERTEX_POINT('',#8308);
#8308 = CARTESIAN_POINT('',(0.7,-1.1,1.585));
#8309 = CIRCLE('',#8310,5.000000000002E-02);
#8310 = AXIS2_PLACEMENT_3D('',#8311,#8312,#8313);
#8311 = CARTESIAN_POINT('',(0.75,-1.099999952288,1.585));
#8312 = DIRECTION('',(-0.,0.,-1.));
#8313 = DIRECTION('',(1.,-9.542364853839E-07,-0.));
#8314 = ORIENTED_EDGE('',*,*,#8315,.T.);
#8315 = EDGE_CURVE('',#8307,#8316,#8318,.T.);
#8316 = VERTEX_POINT('',#8317);
#8317 = CARTESIAN_POINT('',(0.7,-0.,1.585));
#8318 = LINE('',#8319,#8320);
#8319 = CARTESIAN_POINT('',(0.7,-1.1,1.585));
#8320 = VECTOR('',#8321,1.);
#8321 = DIRECTION('',(0.,1.,0.));
#8322 = ORIENTED_EDGE('',*,*,#8323,.T.);
#8323 = EDGE_CURVE('',#8316,#8288,#8324,.T.);
#8324 = LINE('',#8325,#8326);
#8325 = CARTESIAN_POINT('',(0.7,-0.,1.585));
#8326 = VECTOR('',#8327,1.);
#8327 = DIRECTION('',(0.195090852695,0.980785174845,0.));
#8328 = PLANE('',#8329);
#8329 = AXIS2_PLACEMENT_3D('',#8330,#8331,#8332);
#8330 = CARTESIAN_POINT('',(0.,0.,1.585));
#8331 = DIRECTION('',(0.,0.,1.));
#8332 = DIRECTION('',(1.,0.,-0.));
#8333 = SHELL_BASED_SURFACE_MODEL('',(#8334));
#8334 = OPEN_SHELL('',(#8335));
#8335 = ADVANCED_FACE('',(#8336),#8380,.T.);
#8336 = FACE_BOUND('',#8337,.F.);
#8337 = EDGE_LOOP('',(#8338,#8349,#8357,#8366,#8374));
#8338 = ORIENTED_EDGE('',*,*,#8339,.T.);
#8339 = EDGE_CURVE('',#8340,#8342,#8344,.T.);
#8340 = VERTEX_POINT('',#8341);
#8341 = CARTESIAN_POINT('',(18.453806,1.9134E-02,1.585));
#8342 = VERTEX_POINT('',#8343);
#8343 = CARTESIAN_POINT('',(18.55,7.806255641896E-18,1.585));
#8344 = CIRCLE('',#8345,4.999998452109E-02);
#8345 = AXIS2_PLACEMENT_3D('',#8346,#8347,#8348);
#8346 = CARTESIAN_POINT('',(18.500000015479,-3.736908393663E-08,1.585));
#8347 = DIRECTION('',(0.,0.,-1.));
#8348 = DIRECTION('',(-0.923880595592,0.382680865851,0.));
#8349 = ORIENTED_EDGE('',*,*,#8350,.T.);
#8350 = EDGE_CURVE('',#8342,#8351,#8353,.T.);
#8351 = VERTEX_POINT('',#8352);
#8352 = CARTESIAN_POINT('',(18.55,-1.1,1.585));
#8353 = LINE('',#8354,#8355);
#8354 = CARTESIAN_POINT('',(18.55,-0.,1.585));
#8355 = VECTOR('',#8356,1.);
#8356 = DIRECTION('',(0.,-1.,0.));
#8357 = ORIENTED_EDGE('',*,*,#8358,.T.);
#8358 = EDGE_CURVE('',#8351,#8359,#8361,.T.);
#8359 = VERTEX_POINT('',#8360);
#8360 = CARTESIAN_POINT('',(18.45,-1.1,1.585));
#8361 = CIRCLE('',#8362,5.000000000002E-02);
#8362 = AXIS2_PLACEMENT_3D('',#8363,#8364,#8365);
#8363 = CARTESIAN_POINT('',(18.5,-1.099999952288,1.585));
#8364 = DIRECTION('',(-0.,0.,-1.));
#8365 = DIRECTION('',(1.,-9.542365253519E-07,-0.));
#8366 = ORIENTED_EDGE('',*,*,#8367,.T.);
#8367 = EDGE_CURVE('',#8359,#8368,#8370,.T.);
#8368 = VERTEX_POINT('',#8369);
#8369 = CARTESIAN_POINT('',(18.45,-0.,1.585));
#8370 = LINE('',#8371,#8372);
#8371 = CARTESIAN_POINT('',(18.45,-1.1,1.585));
#8372 = VECTOR('',#8373,1.);
#8373 = DIRECTION('',(0.,1.,0.));
#8374 = ORIENTED_EDGE('',*,*,#8375,.T.);
#8375 = EDGE_CURVE('',#8368,#8340,#8376,.T.);
#8376 = LINE('',#8377,#8378);
#8377 = CARTESIAN_POINT('',(18.45,-0.,1.585));
#8378 = VECTOR('',#8379,1.);
#8379 = DIRECTION('',(0.195090852695,0.980785174845,0.));
#8380 = PLANE('',#8381);
#8381 = AXIS2_PLACEMENT_3D('',#8382,#8383,#8384);
#8382 = CARTESIAN_POINT('',(0.,0.,1.585));
#8383 = DIRECTION('',(0.,0.,1.));
#8384 = DIRECTION('',(1.,0.,-0.));
#8385 = SHELL_BASED_SURFACE_MODEL('',(#8386));
#8386 = OPEN_SHELL('',(#8387));
#8387 = ADVANCED_FACE('',(#8388),#8432,.T.);
#8388 = FACE_BOUND('',#8389,.F.);
#8389 = EDGE_LOOP('',(#8390,#8401,#8409,#8418,#8426));
#8390 = ORIENTED_EDGE('',*,*,#8391,.T.);
#8391 = EDGE_CURVE('',#8392,#8394,#8396,.T.);
#8392 = VERTEX_POINT('',#8393);
#8393 = CARTESIAN_POINT('',(36.203806,1.9134E-02,1.585));
#8394 = VERTEX_POINT('',#8395);
#8395 = CARTESIAN_POINT('',(36.3,5.20417042793E-18,1.585));
#8396 = CIRCLE('',#8397,4.999998452108E-02);
#8397 = AXIS2_PLACEMENT_3D('',#8398,#8399,#8400);
#8398 = CARTESIAN_POINT('',(36.250000015479,-3.736908000054E-08,1.585));
#8399 = DIRECTION('',(0.,0.,-1.));
#8400 = DIRECTION('',(-0.923880595592,0.382680865851,0.));
#8401 = ORIENTED_EDGE('',*,*,#8402,.T.);
#8402 = EDGE_CURVE('',#8394,#8403,#8405,.T.);
#8403 = VERTEX_POINT('',#8404);
#8404 = CARTESIAN_POINT('',(36.3,-1.1,1.585));
#8405 = LINE('',#8406,#8407);
#8406 = CARTESIAN_POINT('',(36.3,-0.,1.585));
#8407 = VECTOR('',#8408,1.);
#8408 = DIRECTION('',(0.,-1.,0.));
#8409 = ORIENTED_EDGE('',*,*,#8410,.T.);
#8410 = EDGE_CURVE('',#8403,#8411,#8413,.T.);
#8411 = VERTEX_POINT('',#8412);
#8412 = CARTESIAN_POINT('',(36.2,-1.1,1.585));
#8413 = CIRCLE('',#8414,5.000000000002E-02);
#8414 = AXIS2_PLACEMENT_3D('',#8415,#8416,#8417);
#8415 = CARTESIAN_POINT('',(36.25,-1.099999952288,1.585));
#8416 = DIRECTION('',(-0.,0.,-1.));
#8417 = DIRECTION('',(1.,-9.542364143296E-07,-0.));
#8418 = ORIENTED_EDGE('',*,*,#8419,.T.);
#8419 = EDGE_CURVE('',#8411,#8420,#8422,.T.);
#8420 = VERTEX_POINT('',#8421);
#8421 = CARTESIAN_POINT('',(36.2,-0.,1.585));
#8422 = LINE('',#8423,#8424);
#8423 = CARTESIAN_POINT('',(36.2,-1.1,1.585));
#8424 = VECTOR('',#8425,1.);
#8425 = DIRECTION('',(0.,1.,0.));
#8426 = ORIENTED_EDGE('',*,*,#8427,.T.);
#8427 = EDGE_CURVE('',#8420,#8392,#8428,.T.);
#8428 = LINE('',#8429,#8430);
#8429 = CARTESIAN_POINT('',(36.2,-0.,1.585));
#8430 = VECTOR('',#8431,1.);
#8431 = DIRECTION('',(0.195090852694,0.980785174845,0.));
#8432 = PLANE('',#8433);
#8433 = AXIS2_PLACEMENT_3D('',#8434,#8435,#8436);
#8434 = CARTESIAN_POINT('',(0.,0.,1.585));
#8435 = DIRECTION('',(0.,0.,1.));
#8436 = DIRECTION('',(1.,0.,-0.));
#8437 = SHELL_BASED_SURFACE_MODEL('',(#8438));
#8438 = OPEN_SHELL('',(#8439));
#8439 = ADVANCED_FACE('',(#8440),#8484,.T.);
#8440 = FACE_BOUND('',#8441,.F.);
#8441 = EDGE_LOOP('',(#8442,#8453,#8461,#8470,#8478));
#8442 = ORIENTED_EDGE('',*,*,#8443,.T.);
#8443 = EDGE_CURVE('',#8444,#8446,#8448,.T.);
#8444 = VERTEX_POINT('',#8445);
#8445 = CARTESIAN_POINT('',(-27.046194,0.119134,1.585));
#8446 = VERTEX_POINT('',#8447);
#8447 = CARTESIAN_POINT('',(-26.95,0.1,1.585));
#8448 = CIRCLE('',#8449,4.999998452109E-02);
#8449 = AXIS2_PLACEMENT_3D('',#8450,#8451,#8452);
#8450 = CARTESIAN_POINT('',(-26.99999998452,9.999996263092E-02,1.585));
#8451 = DIRECTION('',(0.,0.,-1.));
#8452 = DIRECTION('',(-0.923880595592,0.382680865851,0.));
#8453 = ORIENTED_EDGE('',*,*,#8454,.T.);
#8454 = EDGE_CURVE('',#8446,#8455,#8457,.T.);
#8455 = VERTEX_POINT('',#8456);
#8456 = CARTESIAN_POINT('',(-26.95,-1.,1.585));
#8457 = LINE('',#8458,#8459);
#8458 = CARTESIAN_POINT('',(-26.95,0.1,1.585));
#8459 = VECTOR('',#8460,1.);
#8460 = DIRECTION('',(0.,-1.,0.));
#8461 = ORIENTED_EDGE('',*,*,#8462,.T.);
#8462 = EDGE_CURVE('',#8455,#8463,#8465,.T.);
#8463 = VERTEX_POINT('',#8464);
#8464 = CARTESIAN_POINT('',(-27.05,-1.,1.585));
#8465 = CIRCLE('',#8466,5.000000000002E-02);
#8466 = AXIS2_PLACEMENT_3D('',#8467,#8468,#8469);
#8467 = CARTESIAN_POINT('',(-27.,-0.999999952288,1.585));
#8468 = DIRECTION('',(-0.,0.,-1.));
#8469 = DIRECTION('',(1.,-9.54236520911E-07,-0.));
#8470 = ORIENTED_EDGE('',*,*,#8471,.T.);
#8471 = EDGE_CURVE('',#8463,#8472,#8474,.T.);
#8472 = VERTEX_POINT('',#8473);
#8473 = CARTESIAN_POINT('',(-27.05,0.1,1.585));
#8474 = LINE('',#8475,#8476);
#8475 = CARTESIAN_POINT('',(-27.05,-1.,1.585));
#8476 = VECTOR('',#8477,1.);
#8477 = DIRECTION('',(0.,1.,0.));
#8478 = ORIENTED_EDGE('',*,*,#8479,.T.);
#8479 = EDGE_CURVE('',#8472,#8444,#8480,.T.);
#8480 = LINE('',#8481,#8482);
#8481 = CARTESIAN_POINT('',(-27.05,0.1,1.585));
#8482 = VECTOR('',#8483,1.);
#8483 = DIRECTION('',(0.195090852695,0.980785174845,0.));
#8484 = PLANE('',#8485);
#8485 = AXIS2_PLACEMENT_3D('',#8486,#8487,#8488);
#8486 = CARTESIAN_POINT('',(0.,0.,1.585));
#8487 = DIRECTION('',(0.,0.,1.));
#8488 = DIRECTION('',(1.,0.,-0.));
#8489 = SHELL_BASED_SURFACE_MODEL('',(#8490));
#8490 = OPEN_SHELL('',(#8491));
#8491 = ADVANCED_FACE('',(#8492),#8536,.T.);
#8492 = FACE_BOUND('',#8493,.F.);
#8493 = EDGE_LOOP('',(#8494,#8505,#8513,#8522,#8530));
#8494 = ORIENTED_EDGE('',*,*,#8495,.T.);
#8495 = EDGE_CURVE('',#8496,#8498,#8500,.T.);
#8496 = VERTEX_POINT('',#8497);
#8497 = CARTESIAN_POINT('',(-9.296194,0.119134,1.585));
#8498 = VERTEX_POINT('',#8499);
#8499 = CARTESIAN_POINT('',(-9.2,0.1,1.585));
#8500 = CIRCLE('',#8501,4.999998452109E-02);
#8501 = AXIS2_PLACEMENT_3D('',#8502,#8503,#8504);
#8502 = CARTESIAN_POINT('',(-9.249999984521,9.999996263092E-02,1.585));
#8503 = DIRECTION('',(0.,0.,-1.));
#8504 = DIRECTION('',(-0.923880595592,0.382680865851,0.));
#8505 = ORIENTED_EDGE('',*,*,#8506,.T.);
#8506 = EDGE_CURVE('',#8498,#8507,#8509,.T.);
#8507 = VERTEX_POINT('',#8508);
#8508 = CARTESIAN_POINT('',(-9.2,-1.,1.585));
#8509 = LINE('',#8510,#8511);
#8510 = CARTESIAN_POINT('',(-9.2,0.1,1.585));
#8511 = VECTOR('',#8512,1.);
#8512 = DIRECTION('',(0.,-1.,0.));
#8513 = ORIENTED_EDGE('',*,*,#8514,.T.);
#8514 = EDGE_CURVE('',#8507,#8515,#8517,.T.);
#8515 = VERTEX_POINT('',#8516);
#8516 = CARTESIAN_POINT('',(-9.3,-1.,1.585));
#8517 = CIRCLE('',#8518,5.000000000002E-02);
#8518 = AXIS2_PLACEMENT_3D('',#8519,#8520,#8521);
#8519 = CARTESIAN_POINT('',(-9.25,-0.999999952288,1.585));
#8520 = DIRECTION('',(-0.,0.,-1.));
#8521 = DIRECTION('',(1.,-9.542365031474E-07,-0.));
#8522 = ORIENTED_EDGE('',*,*,#8523,.T.);
#8523 = EDGE_CURVE('',#8515,#8524,#8526,.T.);
#8524 = VERTEX_POINT('',#8525);
#8525 = CARTESIAN_POINT('',(-9.3,0.1,1.585));
#8526 = LINE('',#8527,#8528);
#8527 = CARTESIAN_POINT('',(-9.3,-1.,1.585));
#8528 = VECTOR('',#8529,1.);
#8529 = DIRECTION('',(0.,1.,0.));
#8530 = ORIENTED_EDGE('',*,*,#8531,.T.);
#8531 = EDGE_CURVE('',#8524,#8496,#8532,.T.);
#8532 = LINE('',#8533,#8534);
#8533 = CARTESIAN_POINT('',(-9.3,0.1,1.585));
#8534 = VECTOR('',#8535,1.);
#8535 = DIRECTION('',(0.195090852695,0.980785174845,0.));
#8536 = PLANE('',#8537);
#8537 = AXIS2_PLACEMENT_3D('',#8538,#8539,#8540);
#8538 = CARTESIAN_POINT('',(0.,0.,1.585));
#8539 = DIRECTION('',(0.,0.,1.));
#8540 = DIRECTION('',(1.,0.,-0.));
#8541 = SHELL_BASED_SURFACE_MODEL('',(#8542));
#8542 = OPEN_SHELL('',(#8543));
#8543 = ADVANCED_FACE('',(#8544),#8588,.T.);
#8544 = FACE_BOUND('',#8545,.F.);
#8545 = EDGE_LOOP('',(#8546,#8557,#8565,#8574,#8582));
#8546 = ORIENTED_EDGE('',*,*,#8547,.T.);
#8547 = EDGE_CURVE('',#8548,#8550,#8552,.T.);
#8548 = VERTEX_POINT('',#8549);
#8549 = CARTESIAN_POINT('',(8.453806,0.119134,1.585));
#8550 = VERTEX_POINT('',#8551);
#8551 = CARTESIAN_POINT('',(8.55,0.1,1.585));
#8552 = CIRCLE('',#8553,4.999998452109E-02);
#8553 = AXIS2_PLACEMENT_3D('',#8554,#8555,#8556);
#8554 = CARTESIAN_POINT('',(8.500000015479,9.999996263092E-02,1.585));
#8555 = DIRECTION('',(0.,0.,-1.));
#8556 = DIRECTION('',(-0.923880595592,0.382680865851,0.));
#8557 = ORIENTED_EDGE('',*,*,#8558,.T.);
#8558 = EDGE_CURVE('',#8550,#8559,#8561,.T.);
#8559 = VERTEX_POINT('',#8560);
#8560 = CARTESIAN_POINT('',(8.55,-1.,1.585));
#8561 = LINE('',#8562,#8563);
#8562 = CARTESIAN_POINT('',(8.55,0.1,1.585));
#8563 = VECTOR('',#8564,1.);
#8564 = DIRECTION('',(0.,-1.,0.));
#8565 = ORIENTED_EDGE('',*,*,#8566,.T.);
#8566 = EDGE_CURVE('',#8559,#8567,#8569,.T.);
#8567 = VERTEX_POINT('',#8568);
#8568 = CARTESIAN_POINT('',(8.45,-1.,1.585));
#8569 = CIRCLE('',#8570,5.000000000002E-02);
#8570 = AXIS2_PLACEMENT_3D('',#8571,#8572,#8573);
#8571 = CARTESIAN_POINT('',(8.5,-0.999999952288,1.585));
#8572 = DIRECTION('',(-0.,0.,-1.));
#8573 = DIRECTION('',(1.,-9.542365031474E-07,-0.));
#8574 = ORIENTED_EDGE('',*,*,#8575,.T.);
#8575 = EDGE_CURVE('',#8567,#8576,#8578,.T.);
#8576 = VERTEX_POINT('',#8577);
#8577 = CARTESIAN_POINT('',(8.45,0.1,1.585));
#8578 = LINE('',#8579,#8580);
#8579 = CARTESIAN_POINT('',(8.45,-1.,1.585));
#8580 = VECTOR('',#8581,1.);
#8581 = DIRECTION('',(0.,1.,0.));
#8582 = ORIENTED_EDGE('',*,*,#8583,.T.);
#8583 = EDGE_CURVE('',#8576,#8548,#8584,.T.);
#8584 = LINE('',#8585,#8586);
#8585 = CARTESIAN_POINT('',(8.45,0.1,1.585));
#8586 = VECTOR('',#8587,1.);
#8587 = DIRECTION('',(0.195090852695,0.980785174845,0.));
#8588 = PLANE('',#8589);
#8589 = AXIS2_PLACEMENT_3D('',#8590,#8591,#8592);
#8590 = CARTESIAN_POINT('',(0.,0.,1.585));
#8591 = DIRECTION('',(0.,0.,1.));
#8592 = DIRECTION('',(1.,0.,-0.));
#8593 = SHELL_BASED_SURFACE_MODEL('',(#8594));
#8594 = OPEN_SHELL('',(#8595));
#8595 = ADVANCED_FACE('',(#8596),#8640,.T.);
#8596 = FACE_BOUND('',#8597,.F.);
#8597 = EDGE_LOOP('',(#8598,#8609,#8617,#8626,#8634));
#8598 = ORIENTED_EDGE('',*,*,#8599,.T.);
#8599 = EDGE_CURVE('',#8600,#8602,#8604,.T.);
#8600 = VERTEX_POINT('',#8601);
#8601 = CARTESIAN_POINT('',(26.203806,0.119134,1.585));
#8602 = VERTEX_POINT('',#8603);
#8603 = CARTESIAN_POINT('',(26.3,0.1,1.585));
#8604 = CIRCLE('',#8605,4.999998452109E-02);
#8605 = AXIS2_PLACEMENT_3D('',#8606,#8607,#8608);
#8606 = CARTESIAN_POINT('',(26.250000015479,9.999996263092E-02,1.585));
#8607 = DIRECTION('',(0.,0.,-1.));
#8608 = DIRECTION('',(-0.923880595592,0.382680865851,0.));
#8609 = ORIENTED_EDGE('',*,*,#8610,.T.);
#8610 = EDGE_CURVE('',#8602,#8611,#8613,.T.);
#8611 = VERTEX_POINT('',#8612);
#8612 = CARTESIAN_POINT('',(26.3,-1.,1.585));
#8613 = LINE('',#8614,#8615);
#8614 = CARTESIAN_POINT('',(26.3,0.1,1.585));
#8615 = VECTOR('',#8616,1.);
#8616 = DIRECTION('',(0.,-1.,0.));
#8617 = ORIENTED_EDGE('',*,*,#8618,.T.);
#8618 = EDGE_CURVE('',#8611,#8619,#8621,.T.);
#8619 = VERTEX_POINT('',#8620);
#8620 = CARTESIAN_POINT('',(26.2,-1.,1.585));
#8621 = CIRCLE('',#8622,5.000000000002E-02);
#8622 = AXIS2_PLACEMENT_3D('',#8623,#8624,#8625);
#8623 = CARTESIAN_POINT('',(26.25,-0.999999952288,1.585));
#8624 = DIRECTION('',(-0.,0.,-1.));
#8625 = DIRECTION('',(1.,-9.54236520911E-07,-0.));
#8626 = ORIENTED_EDGE('',*,*,#8627,.T.);
#8627 = EDGE_CURVE('',#8619,#8628,#8630,.T.);
#8628 = VERTEX_POINT('',#8629);
#8629 = CARTESIAN_POINT('',(26.2,0.1,1.585));
#8630 = LINE('',#8631,#8632);
#8631 = CARTESIAN_POINT('',(26.2,-1.,1.585));
#8632 = VECTOR('',#8633,1.);
#8633 = DIRECTION('',(0.,1.,0.));
#8634 = ORIENTED_EDGE('',*,*,#8635,.T.);
#8635 = EDGE_CURVE('',#8628,#8600,#8636,.T.);
#8636 = LINE('',#8637,#8638);
#8637 = CARTESIAN_POINT('',(26.2,0.1,1.585));
#8638 = VECTOR('',#8639,1.);
#8639 = DIRECTION('',(0.195090852695,0.980785174845,0.));
#8640 = PLANE('',#8641);
#8641 = AXIS2_PLACEMENT_3D('',#8642,#8643,#8644);
#8642 = CARTESIAN_POINT('',(0.,0.,1.585));
#8643 = DIRECTION('',(0.,0.,1.));
#8644 = DIRECTION('',(1.,0.,-0.));
#8645 = SHELL_BASED_SURFACE_MODEL('',(#8646));
#8646 = OPEN_SHELL('',(#8647));
#8647 = ADVANCED_FACE('',(#8648),#8692,.T.);
#8648 = FACE_BOUND('',#8649,.F.);
#8649 = EDGE_LOOP('',(#8650,#8661,#8669,#8678,#8686));
#8650 = ORIENTED_EDGE('',*,*,#8651,.T.);
#8651 = EDGE_CURVE('',#8652,#8654,#8656,.T.);
#8652 = VERTEX_POINT('',#8653);
#8653 = CARTESIAN_POINT('',(-30.945433,2.972961,1.585));
#8654 = VERTEX_POINT('',#8655);
#8655 = CARTESIAN_POINT('',(-30.83,2.95,1.585));
#8656 = CIRCLE('',#8657,6.000007318647E-02);
#8657 = AXIS2_PLACEMENT_3D('',#8658,#8659,#8660);
#8658 = CARTESIAN_POINT('',(-30.89000007318,2.950000176686,1.585));
#8659 = DIRECTION('',(0.,0.,-1.));
#8660 = DIRECTION('',(-0.923880986637,0.382679921777,0.));
#8661 = ORIENTED_EDGE('',*,*,#8662,.T.);
#8662 = EDGE_CURVE('',#8654,#8663,#8665,.T.);
#8663 = VERTEX_POINT('',#8664);
#8664 = CARTESIAN_POINT('',(-30.83,-0.79,1.585));
#8665 = LINE('',#8666,#8667);
#8666 = CARTESIAN_POINT('',(-30.83,2.95,1.585));
#8667 = VECTOR('',#8668,1.);
#8668 = DIRECTION('',(0.,-1.,0.));
#8669 = ORIENTED_EDGE('',*,*,#8670,.T.);
#8670 = EDGE_CURVE('',#8663,#8671,#8673,.T.);
#8671 = VERTEX_POINT('',#8672);
#8672 = CARTESIAN_POINT('',(-30.95,-0.79,1.585));
#8673 = CIRCLE('',#8674,6.000000000042E-02);
#8674 = AXIS2_PLACEMENT_3D('',#8675,#8676,#8677);
#8675 = CARTESIAN_POINT('',(-30.89,-0.790000225588,1.585));
#8676 = DIRECTION('',(0.,0.,-1.));
#8677 = DIRECTION('',(0.999999999993,3.759794111205E-06,0.));
#8678 = ORIENTED_EDGE('',*,*,#8679,.T.);
#8679 = EDGE_CURVE('',#8671,#8680,#8682,.T.);
#8680 = VERTEX_POINT('',#8681);
#8681 = CARTESIAN_POINT('',(-30.95,2.95,1.585));
#8682 = LINE('',#8683,#8684);
#8683 = CARTESIAN_POINT('',(-30.95,-0.79,1.585));
#8684 = VECTOR('',#8685,1.);
#8685 = DIRECTION('',(0.,1.,0.));
#8686 = ORIENTED_EDGE('',*,*,#8687,.T.);
#8687 = EDGE_CURVE('',#8680,#8652,#8688,.T.);
#8688 = LINE('',#8689,#8690);
#8689 = CARTESIAN_POINT('',(-30.95,2.95,1.585));
#8690 = VECTOR('',#8691,1.);
#8691 = DIRECTION('',(0.195081000118,0.980787134598,0.));
#8692 = PLANE('',#8693);
#8693 = AXIS2_PLACEMENT_3D('',#8694,#8695,#8696);
#8694 = CARTESIAN_POINT('',(0.,0.,1.585));
#8695 = DIRECTION('',(0.,0.,1.));
#8696 = DIRECTION('',(1.,0.,-0.));
#8697 = SHELL_BASED_SURFACE_MODEL('',(#8698));
#8698 = OPEN_SHELL('',(#8699));
#8699 = ADVANCED_FACE('',(#8700),#8744,.T.);
#8700 = FACE_BOUND('',#8701,.F.);
#8701 = EDGE_LOOP('',(#8702,#8713,#8721,#8730,#8738));
#8702 = ORIENTED_EDGE('',*,*,#8703,.T.);
#8703 = EDGE_CURVE('',#8704,#8706,#8708,.T.);
#8704 = VERTEX_POINT('',#8705);
#8705 = CARTESIAN_POINT('',(40.084567,2.972961,1.585));
#8706 = VERTEX_POINT('',#8707);
#8707 = CARTESIAN_POINT('',(40.2,2.95,1.585));
#8708 = CIRCLE('',#8709,6.000007318648E-02);
#8709 = AXIS2_PLACEMENT_3D('',#8710,#8711,#8712);
#8710 = CARTESIAN_POINT('',(40.139999926814,2.950000176686,1.585));
#8711 = DIRECTION('',(0.,0.,-1.));
#8712 = DIRECTION('',(-0.923880986637,0.382679921777,0.));
#8713 = ORIENTED_EDGE('',*,*,#8714,.T.);
#8714 = EDGE_CURVE('',#8706,#8715,#8717,.T.);
#8715 = VERTEX_POINT('',#8716);
#8716 = CARTESIAN_POINT('',(40.2,-0.79,1.585));
#8717 = LINE('',#8718,#8719);
#8718 = CARTESIAN_POINT('',(40.2,2.95,1.585));
#8719 = VECTOR('',#8720,1.);
#8720 = DIRECTION('',(0.,-1.,0.));
#8721 = ORIENTED_EDGE('',*,*,#8722,.T.);
#8722 = EDGE_CURVE('',#8715,#8723,#8725,.T.);
#8723 = VERTEX_POINT('',#8724);
#8724 = CARTESIAN_POINT('',(40.08,-0.79,1.585));
#8725 = CIRCLE('',#8726,6.000000000043E-02);
#8726 = AXIS2_PLACEMENT_3D('',#8727,#8728,#8729);
#8727 = CARTESIAN_POINT('',(40.14,-0.790000225588,1.585));
#8728 = DIRECTION('',(0.,0.,-1.));
#8729 = DIRECTION('',(0.999999999993,3.759794077898E-06,0.));
#8730 = ORIENTED_EDGE('',*,*,#8731,.T.);
#8731 = EDGE_CURVE('',#8723,#8732,#8734,.T.);
#8732 = VERTEX_POINT('',#8733);
#8733 = CARTESIAN_POINT('',(40.08,2.95,1.585));
#8734 = LINE('',#8735,#8736);
#8735 = CARTESIAN_POINT('',(40.08,-0.79,1.585));
#8736 = VECTOR('',#8737,1.);
#8737 = DIRECTION('',(0.,1.,0.));
#8738 = ORIENTED_EDGE('',*,*,#8739,.T.);
#8739 = EDGE_CURVE('',#8732,#8704,#8740,.T.);
#8740 = LINE('',#8741,#8742);
#8741 = CARTESIAN_POINT('',(40.08,2.95,1.585));
#8742 = VECTOR('',#8743,1.);
#8743 = DIRECTION('',(0.195081000118,0.980787134598,0.));
#8744 = PLANE('',#8745);
#8745 = AXIS2_PLACEMENT_3D('',#8746,#8747,#8748);
#8746 = CARTESIAN_POINT('',(0.,0.,1.585));
#8747 = DIRECTION('',(0.,0.,1.));
#8748 = DIRECTION('',(1.,0.,-0.));
#8749 = SHELL_BASED_SURFACE_MODEL('',(#8750));
#8750 = OPEN_SHELL('',(#8751));
#8751 = ADVANCED_FACE('',(#8752),#8911,.T.);
#8752 = FACE_BOUND('',#8753,.F.);
#8753 = EDGE_LOOP('',(#8754,#8765,#8773,#8781,#8789,#8797,#8805,#8813,
    #8822,#8830,#8839,#8847,#8855,#8863,#8872,#8880,#8888,#8896,#8905));
#8754 = ORIENTED_EDGE('',*,*,#8755,.T.);
#8755 = EDGE_CURVE('',#8756,#8758,#8760,.T.);
#8756 = VERTEX_POINT('',#8757);
#8757 = CARTESIAN_POINT('',(-14.890684,1.064644,1.585));
#8758 = VERTEX_POINT('',#8759);
#8759 = CARTESIAN_POINT('',(-14.381289,1.055314,1.585));
#8760 = CIRCLE('',#8761,0.450326844012);
#8761 = AXIS2_PLACEMENT_3D('',#8762,#8763,#8764);
#8762 = CARTESIAN_POINT('',(-14.64278696989,0.688690108009,1.585));
#8763 = DIRECTION('',(0.,0.,-1.));
#8764 = DIRECTION('',(-0.550482462684,0.834846727416,0.));
#8765 = ORIENTED_EDGE('',*,*,#8766,.T.);
#8766 = EDGE_CURVE('',#8758,#8767,#8769,.T.);
#8767 = VERTEX_POINT('',#8768);
#8768 = CARTESIAN_POINT('',(-14.317836,0.989784,1.585));
#8769 = LINE('',#8770,#8771);
#8770 = CARTESIAN_POINT('',(-14.381289,1.055314,1.585));
#8771 = VECTOR('',#8772,1.);
#8772 = DIRECTION('',(0.695630129574,-0.718400113328,0.));
#8773 = ORIENTED_EDGE('',*,*,#8774,.T.);
#8774 = EDGE_CURVE('',#8767,#8775,#8777,.T.);
#8775 = VERTEX_POINT('',#8776);
#8776 = CARTESIAN_POINT('',(-14.259775,0.869337,1.585));
#8777 = LINE('',#8778,#8779);
#8778 = CARTESIAN_POINT('',(-14.317836,0.989784,1.585));
#8779 = VECTOR('',#8780,1.);
#8780 = DIRECTION('',(0.434228424707,-0.900802794832,0.));
#8781 = ORIENTED_EDGE('',*,*,#8782,.T.);
#8782 = EDGE_CURVE('',#8775,#8783,#8785,.T.);
#8783 = VERTEX_POINT('',#8784);
#8784 = CARTESIAN_POINT('',(-14.260534,0.743005,1.585));
#8785 = LINE('',#8786,#8787);
#8786 = CARTESIAN_POINT('',(-14.259775,0.869337,1.585));
#8787 = VECTOR('',#8788,1.);
#8788 = DIRECTION('',(-6.007870547532E-03,-0.999981952583,0.));
#8789 = ORIENTED_EDGE('',*,*,#8790,.T.);
#8790 = EDGE_CURVE('',#8783,#8791,#8793,.T.);
#8791 = VERTEX_POINT('',#8792);
#8792 = CARTESIAN_POINT('',(-14.318592,0.574942,1.585));
#8793 = LINE('',#8794,#8795);
#8794 = CARTESIAN_POINT('',(-14.260534,0.743005,1.585));
#8795 = VECTOR('',#8796,1.);
#8796 = DIRECTION('',(-0.326519613327,-0.945190426376,0.));
#8797 = ORIENTED_EDGE('',*,*,#8798,.T.);
#8798 = EDGE_CURVE('',#8791,#8799,#8801,.T.);
#8799 = VERTEX_POINT('',#8800);
#8800 = CARTESIAN_POINT('',(-14.771315,0.120181,1.585));
#8801 = LINE('',#8802,#8803);
#8802 = CARTESIAN_POINT('',(-14.318592,0.574942,1.585));
#8803 = VECTOR('',#8804,1.);
#8804 = DIRECTION('',(-0.705517003129,-0.708692992978,0.));
#8805 = ORIENTED_EDGE('',*,*,#8806,.T.);
#8806 = EDGE_CURVE('',#8799,#8807,#8809,.T.);
#8807 = VERTEX_POINT('',#8808);
#8808 = CARTESIAN_POINT('',(-14.318702,0.11874,1.585));
#8809 = LINE('',#8810,#8811);
#8810 = CARTESIAN_POINT('',(-14.771315,0.120181,1.585));
#8811 = VECTOR('',#8812,1.);
#8812 = DIRECTION('',(0.999994931953,-3.183719197072E-03,0.));
#8813 = ORIENTED_EDGE('',*,*,#8814,.T.);
#8814 = EDGE_CURVE('',#8807,#8815,#8817,.T.);
#8815 = VERTEX_POINT('',#8816);
#8816 = CARTESIAN_POINT('',(-14.333334,-2.9819E-02,1.585));
#8817 = CIRCLE('',#8818,7.500006711464E-02);
#8818 = AXIS2_PLACEMENT_3D('',#8819,#8820,#8821);
#8819 = CARTESIAN_POINT('',(-14.33333393288,4.518106711461E-02,1.585));
#8820 = DIRECTION('',(0.,0.,-1.));
#8821 = DIRECTION('',(0.195092263891,0.980784894138,0.));
#8822 = ORIENTED_EDGE('',*,*,#8823,.T.);
#8823 = EDGE_CURVE('',#8815,#8824,#8826,.T.);
#8824 = VERTEX_POINT('',#8825);
#8825 = CARTESIAN_POINT('',(-14.967013,-2.8378E-02,1.585));
#8826 = LINE('',#8827,#8828);
#8827 = CARTESIAN_POINT('',(-14.333334,-2.9819E-02,1.585));
#8828 = VECTOR('',#8829,1.);
#8829 = DIRECTION('',(-0.999997414422,2.274016140952E-03,0.));
#8830 = ORIENTED_EDGE('',*,*,#8831,.T.);
#8831 = EDGE_CURVE('',#8824,#8832,#8834,.T.);
#8832 = VERTEX_POINT('',#8833);
#8833 = CARTESIAN_POINT('',(-15.005414,9.8214E-02,1.585));
#8834 = CIRCLE('',#8835,7.50002101311E-02);
#8835 = AXIS2_PLACEMENT_3D('',#8836,#8837,#8838);
#8836 = CARTESIAN_POINT('',(-14.95238068329,4.518100235589E-02,1.585));
#8837 = DIRECTION('',(0.,0.,-1.));
#8838 = DIRECTION('',(-0.195097009436,-0.980783950169,-0.));
#8839 = ORIENTED_EDGE('',*,*,#8840,.T.);
#8840 = EDGE_CURVE('',#8832,#8841,#8843,.T.);
#8841 = VERTEX_POINT('',#8842);
#8842 = CARTESIAN_POINT('',(-14.446506,0.657124,1.585));
#8843 = LINE('',#8844,#8845);
#8844 = CARTESIAN_POINT('',(-15.005414,9.8214E-02,1.585));
#8845 = VECTOR('',#8846,1.);
#8846 = DIRECTION('',(0.70710551603,0.707108046341,0.));
#8847 = ORIENTED_EDGE('',*,*,#8848,.T.);
#8848 = EDGE_CURVE('',#8841,#8849,#8851,.T.);
#8849 = VERTEX_POINT('',#8850);
#8850 = CARTESIAN_POINT('',(-14.408334,0.771637,1.585));
#8851 = LINE('',#8852,#8853);
#8852 = CARTESIAN_POINT('',(-14.446506,0.657124,1.585));
#8853 = VECTOR('',#8854,1.);
#8854 = DIRECTION('',(0.31623522204,0.948680812677,0.));
#8855 = ORIENTED_EDGE('',*,*,#8856,.T.);
#8856 = EDGE_CURVE('',#8849,#8857,#8859,.T.);
#8857 = VERTEX_POINT('',#8858);
#8858 = CARTESIAN_POINT('',(-14.408334,0.837,1.585));
#8859 = LINE('',#8860,#8861);
#8860 = CARTESIAN_POINT('',(-14.408334,0.771637,1.585));
#8861 = VECTOR('',#8862,1.);
#8862 = DIRECTION('',(0.,1.,0.));
#8863 = ORIENTED_EDGE('',*,*,#8864,.T.);
#8864 = EDGE_CURVE('',#8857,#8865,#8867,.T.);
#8865 = VERTEX_POINT('',#8866);
#8866 = CARTESIAN_POINT('',(-14.541515,0.970181,1.585));
#8867 = CIRCLE('',#8868,0.18686440374);
#8868 = AXIS2_PLACEMENT_3D('',#8869,#8870,#8871);
#8869 = CARTESIAN_POINT('',(-14.589051,0.789464,1.585));
#8870 = DIRECTION('',(0.,0.,1.));
#8871 = DIRECTION('',(0.967102328658,0.254387668538,-0.));
#8872 = ORIENTED_EDGE('',*,*,#8873,.T.);
#8873 = EDGE_CURVE('',#8865,#8874,#8876,.T.);
#8874 = VERTEX_POINT('',#8875);
#8875 = CARTESIAN_POINT('',(-14.7442,0.970181,1.585));
#8876 = LINE('',#8877,#8878);
#8877 = CARTESIAN_POINT('',(-14.541515,0.970181,1.585));
#8878 = VECTOR('',#8879,1.);
#8879 = DIRECTION('',(-1.,0.,0.));
#8880 = ORIENTED_EDGE('',*,*,#8881,.T.);
#8881 = EDGE_CURVE('',#8874,#8882,#8884,.T.);
#8882 = VERTEX_POINT('',#8883);
#8883 = CARTESIAN_POINT('',(-14.812716,0.935923,1.585));
#8884 = LINE('',#8885,#8886);
#8885 = CARTESIAN_POINT('',(-14.7442,0.970181,1.585));
#8886 = VECTOR('',#8887,1.);
#8887 = DIRECTION('',(-0.894427191,-0.4472135955,0.));
#8888 = ORIENTED_EDGE('',*,*,#8889,.T.);
#8889 = EDGE_CURVE('',#8882,#8890,#8892,.T.);
#8890 = VERTEX_POINT('',#8891);
#8891 = CARTESIAN_POINT('',(-14.863094,0.887583,1.585));
#8892 = LINE('',#8893,#8894);
#8893 = CARTESIAN_POINT('',(-14.812716,0.935923,1.585));
#8894 = VECTOR('',#8895,1.);
#8895 = DIRECTION('',(-0.721551016594,-0.692361271629,0.));
#8896 = ORIENTED_EDGE('',*,*,#8897,.T.);
#8897 = EDGE_CURVE('',#8890,#8898,#8900,.T.);
#8898 = VERTEX_POINT('',#8899);
#8899 = CARTESIAN_POINT('',(-14.957795,1.002976,1.585));
#8900 = CIRCLE('',#8901,7.499996838527E-02);
#8901 = AXIS2_PLACEMENT_3D('',#8902,#8903,#8904);
#8902 = CARTESIAN_POINT('',(-14.904762,0.949943027532,1.585));
#8903 = DIRECTION('',(0.,0.,-1.));
#8904 = DIRECTION('',(0.555573567524,-0.831467384248,0.));
#8905 = ORIENTED_EDGE('',*,*,#8906,.T.);
#8906 = EDGE_CURVE('',#8898,#8756,#8907,.T.);
#8907 = LINE('',#8908,#8909);
#8908 = CARTESIAN_POINT('',(-14.957795,1.002976,1.585));
#8909 = VECTOR('',#8910,1.);
#8910 = DIRECTION('',(0.736336089652,0.676615964248,0.));
#8911 = PLANE('',#8912);
#8912 = AXIS2_PLACEMENT_3D('',#8913,#8914,#8915);
#8913 = CARTESIAN_POINT('',(0.,0.,1.585));
#8914 = DIRECTION('',(0.,0.,1.));
#8915 = DIRECTION('',(1.,0.,-0.));
#8916 = SHELL_BASED_SURFACE_MODEL('',(#8917));
#8917 = OPEN_SHELL('',(#8918));
#8918 = ADVANCED_FACE('',(#8919),#9005,.T.);
#8919 = FACE_BOUND('',#8920,.F.);
#8920 = EDGE_LOOP('',(#8921,#8932,#8940,#8949,#8957,#8966,#8974,#8983,
    #8991,#8999));
#8921 = ORIENTED_EDGE('',*,*,#8922,.T.);
#8922 = EDGE_CURVE('',#8923,#8925,#8927,.T.);
#8923 = VERTEX_POINT('',#8924);
#8924 = CARTESIAN_POINT('',(-15.375002,1.107541,1.585));
#8925 = VERTEX_POINT('',#8926);
#8926 = CARTESIAN_POINT('',(-15.258334,1.045181,1.585));
#8927 = CIRCLE('',#8928,7.500000000003E-02);
#8928 = AXIS2_PLACEMENT_3D('',#8929,#8930,#8931);
#8929 = CARTESIAN_POINT('',(-15.333334,1.045180934445,1.585));
#8930 = DIRECTION('',(0.,0.,-1.));
#8931 = DIRECTION('',(-0.555573333333,0.831467540731,0.));
#8932 = ORIENTED_EDGE('',*,*,#8933,.T.);
#8933 = EDGE_CURVE('',#8925,#8934,#8936,.T.);
#8934 = VERTEX_POINT('',#8935);
#8935 = CARTESIAN_POINT('',(-15.260534,0.314434,1.585));
#8936 = LINE('',#8937,#8938);
#8937 = CARTESIAN_POINT('',(-15.258334,1.045181,1.585));
#8938 = VECTOR('',#8939,1.);
#8939 = DIRECTION('',(-3.010604258199E-03,-0.999995468121,0.));
#8940 = ORIENTED_EDGE('',*,*,#8941,.T.);
#8941 = EDGE_CURVE('',#8934,#8942,#8944,.T.);
#8942 = VERTEX_POINT('',#8943);
#8943 = CARTESIAN_POINT('',(-15.611643,-2.9089E-02,1.585));
#8944 = CIRCLE('',#8945,0.38184101318);
#8945 = AXIS2_PLACEMENT_3D('',#8946,#8947,#8948);
#8946 = CARTESIAN_POINT('',(-15.64055649967,0.351655755556,1.585));
#8947 = DIRECTION('',(0.,0.,-1.));
#8948 = DIRECTION('',(0.995237511316,-9.747972132588E-02,0.));
#8949 = ORIENTED_EDGE('',*,*,#8950,.T.);
#8950 = EDGE_CURVE('',#8942,#8951,#8953,.T.);
#8951 = VERTEX_POINT('',#8952);
#8952 = CARTESIAN_POINT('',(-15.728918,-2.8378E-02,1.585));
#8953 = LINE('',#8954,#8955);
#8954 = CARTESIAN_POINT('',(-15.611643,-2.9089E-02,1.585));
#8955 = VECTOR('',#8956,1.);
#8956 = DIRECTION('',(-0.999981622503,6.062561787252E-03,0.));
#8957 = ORIENTED_EDGE('',*,*,#8958,.T.);
#8958 = EDGE_CURVE('',#8951,#8959,#8961,.T.);
#8959 = VERTEX_POINT('',#8960);
#8960 = CARTESIAN_POINT('',(-15.714286,0.120181,1.585));
#8961 = CIRCLE('',#8962,7.500006711464E-02);
#8962 = AXIS2_PLACEMENT_3D('',#8963,#8964,#8965);
#8963 = CARTESIAN_POINT('',(-15.71428606711,4.518093288539E-02,1.585));
#8964 = DIRECTION('',(0.,0.,-1.));
#8965 = DIRECTION('',(-0.195092263891,-0.980784894138,-0.));
#8966 = ORIENTED_EDGE('',*,*,#8967,.T.);
#8967 = EDGE_CURVE('',#8959,#8968,#8970,.T.);
#8968 = VERTEX_POINT('',#8969);
#8969 = CARTESIAN_POINT('',(-15.631218,0.120181,1.585));
#8970 = LINE('',#8971,#8972);
#8971 = CARTESIAN_POINT('',(-15.714286,0.120181,1.585));
#8972 = VECTOR('',#8973,1.);
#8973 = DIRECTION('',(1.,0.,0.));
#8974 = ORIENTED_EDGE('',*,*,#8975,.T.);
#8975 = EDGE_CURVE('',#8968,#8976,#8978,.T.);
#8976 = VERTEX_POINT('',#8977);
#8977 = CARTESIAN_POINT('',(-15.408334,0.343066,1.585));
#8978 = CIRCLE('',#8979,0.239437351684);
#8979 = AXIS2_PLACEMENT_3D('',#8980,#8981,#8982);
#8980 = CARTESIAN_POINT('',(-15.64723509341,0.359082021555,1.585));
#8981 = DIRECTION('',(0.,0.,1.));
#8982 = DIRECTION('',(6.689471506013E-02,-0.997760039838,0.));
#8983 = ORIENTED_EDGE('',*,*,#8984,.T.);
#8984 = EDGE_CURVE('',#8976,#8985,#8987,.T.);
#8985 = VERTEX_POINT('',#8986);
#8986 = CARTESIAN_POINT('',(-15.406893,1.059813,1.585));
#8987 = LINE('',#8988,#8989);
#8988 = CARTESIAN_POINT('',(-15.408334,0.343066,1.585));
#8989 = VECTOR('',#8990,1.);
#8990 = DIRECTION('',(2.010468251347E-03,0.999997979007,0.));
#8991 = ORIENTED_EDGE('',*,*,#8992,.T.);
#8992 = EDGE_CURVE('',#8985,#8993,#8995,.T.);
#8993 = VERTEX_POINT('',#8994);
#8994 = CARTESIAN_POINT('',(-15.395694,1.086849,1.585));
#8995 = LINE('',#8996,#8997);
#8996 = CARTESIAN_POINT('',(-15.406893,1.059813,1.585));
#8997 = VECTOR('',#8998,1.);
#8998 = DIRECTION('',(0.38269282806,0.923875640631,0.));
#8999 = ORIENTED_EDGE('',*,*,#9000,.T.);
#9000 = EDGE_CURVE('',#8993,#8923,#9001,.T.);
#9001 = LINE('',#9002,#9003);
#9002 = CARTESIAN_POINT('',(-15.395694,1.086849,1.585));
#9003 = VECTOR('',#9004,1.);
#9004 = DIRECTION('',(0.707106781187,0.707106781187,0.));
#9005 = PLANE('',#9006);
#9006 = AXIS2_PLACEMENT_3D('',#9007,#9008,#9009);
#9007 = CARTESIAN_POINT('',(0.,0.,1.585));
#9008 = DIRECTION('',(0.,0.,1.));
#9009 = DIRECTION('',(1.,0.,-0.));
#9010 = SHELL_BASED_SURFACE_MODEL('',(#9011));
#9011 = OPEN_SHELL('',(#9012));
#9012 = ADVANCED_FACE('',(#9013),#9099,.T.);
#9013 = FACE_BOUND('',#9014,.F.);
#9014 = EDGE_LOOP('',(#9015,#9026,#9034,#9043,#9051,#9060,#9068,#9077,
    #9085,#9093));
#9015 = ORIENTED_EDGE('',*,*,#9016,.T.);
#9016 = EDGE_CURVE('',#9017,#9019,#9021,.T.);
#9017 = VERTEX_POINT('',#9018);
#9018 = CARTESIAN_POINT('',(2.374998,1.107541,1.585));
#9019 = VERTEX_POINT('',#9020);
#9020 = CARTESIAN_POINT('',(2.491666,1.045181,1.585));
#9021 = CIRCLE('',#9022,7.500000000003E-02);
#9022 = AXIS2_PLACEMENT_3D('',#9023,#9024,#9025);
#9023 = CARTESIAN_POINT('',(2.416666,1.045180934445,1.585));
#9024 = DIRECTION('',(0.,0.,-1.));
#9025 = DIRECTION('',(-0.555573333333,0.831467540731,0.));
#9026 = ORIENTED_EDGE('',*,*,#9027,.T.);
#9027 = EDGE_CURVE('',#9019,#9028,#9030,.T.);
#9028 = VERTEX_POINT('',#9029);
#9029 = CARTESIAN_POINT('',(2.489466,0.314434,1.585));
#9030 = LINE('',#9031,#9032);
#9031 = CARTESIAN_POINT('',(2.491666,1.045181,1.585));
#9032 = VECTOR('',#9033,1.);
#9033 = DIRECTION('',(-3.010604258198E-03,-0.999995468121,0.));
#9034 = ORIENTED_EDGE('',*,*,#9035,.T.);
#9035 = EDGE_CURVE('',#9028,#9036,#9038,.T.);
#9036 = VERTEX_POINT('',#9037);
#9037 = CARTESIAN_POINT('',(2.138357,-2.9089E-02,1.585));
#9038 = CIRCLE('',#9039,0.38184101318);
#9039 = AXIS2_PLACEMENT_3D('',#9040,#9041,#9042);
#9040 = CARTESIAN_POINT('',(2.109443500324,0.351655755556,1.585));
#9041 = DIRECTION('',(0.,0.,-1.));
#9042 = DIRECTION('',(0.995237511316,-9.747972132588E-02,0.));
#9043 = ORIENTED_EDGE('',*,*,#9044,.T.);
#9044 = EDGE_CURVE('',#9036,#9045,#9047,.T.);
#9045 = VERTEX_POINT('',#9046);
#9046 = CARTESIAN_POINT('',(2.021082,-2.8378E-02,1.585));
#9047 = LINE('',#9048,#9049);
#9048 = CARTESIAN_POINT('',(2.138357,-2.9089E-02,1.585));
#9049 = VECTOR('',#9050,1.);
#9050 = DIRECTION('',(-0.999981622503,6.062561787252E-03,0.));
#9051 = ORIENTED_EDGE('',*,*,#9052,.T.);
#9052 = EDGE_CURVE('',#9045,#9053,#9055,.T.);
#9053 = VERTEX_POINT('',#9054);
#9054 = CARTESIAN_POINT('',(2.035714,0.120181,1.585));
#9055 = CIRCLE('',#9056,7.500006711464E-02);
#9056 = AXIS2_PLACEMENT_3D('',#9057,#9058,#9059);
#9057 = CARTESIAN_POINT('',(2.035713932885,4.518093288539E-02,1.585));
#9058 = DIRECTION('',(0.,0.,-1.));
#9059 = DIRECTION('',(-0.195092263891,-0.980784894138,-0.));
#9060 = ORIENTED_EDGE('',*,*,#9061,.T.);
#9061 = EDGE_CURVE('',#9053,#9062,#9064,.T.);
#9062 = VERTEX_POINT('',#9063);
#9063 = CARTESIAN_POINT('',(2.118782,0.120181,1.585));
#9064 = LINE('',#9065,#9066);
#9065 = CARTESIAN_POINT('',(2.035714,0.120181,1.585));
#9066 = VECTOR('',#9067,1.);
#9067 = DIRECTION('',(1.,0.,0.));
#9068 = ORIENTED_EDGE('',*,*,#9069,.T.);
#9069 = EDGE_CURVE('',#9062,#9070,#9072,.T.);
#9070 = VERTEX_POINT('',#9071);
#9071 = CARTESIAN_POINT('',(2.341666,0.343066,1.585));
#9072 = CIRCLE('',#9073,0.239437351684);
#9073 = AXIS2_PLACEMENT_3D('',#9074,#9075,#9076);
#9074 = CARTESIAN_POINT('',(2.102764906584,0.359082021555,1.585));
#9075 = DIRECTION('',(0.,0.,1.));
#9076 = DIRECTION('',(6.689471506013E-02,-0.997760039838,0.));
#9077 = ORIENTED_EDGE('',*,*,#9078,.T.);
#9078 = EDGE_CURVE('',#9070,#9079,#9081,.T.);
#9079 = VERTEX_POINT('',#9080);
#9080 = CARTESIAN_POINT('',(2.343107,1.059813,1.585));
#9081 = LINE('',#9082,#9083);
#9082 = CARTESIAN_POINT('',(2.341666,0.343066,1.585));
#9083 = VECTOR('',#9084,1.);
#9084 = DIRECTION('',(2.010468251347E-03,0.999997979007,0.));
#9085 = ORIENTED_EDGE('',*,*,#9086,.T.);
#9086 = EDGE_CURVE('',#9079,#9087,#9089,.T.);
#9087 = VERTEX_POINT('',#9088);
#9088 = CARTESIAN_POINT('',(2.354306,1.086849,1.585));
#9089 = LINE('',#9090,#9091);
#9090 = CARTESIAN_POINT('',(2.343107,1.059813,1.585));
#9091 = VECTOR('',#9092,1.);
#9092 = DIRECTION('',(0.38269282806,0.923875640631,0.));
#9093 = ORIENTED_EDGE('',*,*,#9094,.T.);
#9094 = EDGE_CURVE('',#9087,#9017,#9095,.T.);
#9095 = LINE('',#9096,#9097);
#9096 = CARTESIAN_POINT('',(2.354306,1.086849,1.585));
#9097 = VECTOR('',#9098,1.);
#9098 = DIRECTION('',(0.707106781187,0.707106781187,0.));
#9099 = PLANE('',#9100);
#9100 = AXIS2_PLACEMENT_3D('',#9101,#9102,#9103);
#9101 = CARTESIAN_POINT('',(0.,0.,1.585));
#9102 = DIRECTION('',(0.,0.,1.));
#9103 = DIRECTION('',(1.,0.,-0.));
#9104 = SHELL_BASED_SURFACE_MODEL('',(#9105));
#9105 = OPEN_SHELL('',(#9106));
#9106 = ADVANCED_FACE('',(#9107),#9193,.T.);
#9107 = FACE_BOUND('',#9108,.F.);
#9108 = EDGE_LOOP('',(#9109,#9120,#9128,#9137,#9145,#9154,#9162,#9171,
    #9179,#9187));
#9109 = ORIENTED_EDGE('',*,*,#9110,.T.);
#9110 = EDGE_CURVE('',#9111,#9113,#9115,.T.);
#9111 = VERTEX_POINT('',#9112);
#9112 = CARTESIAN_POINT('',(20.124998,1.107541,1.585));
#9113 = VERTEX_POINT('',#9114);
#9114 = CARTESIAN_POINT('',(20.241666,1.045181,1.585));
#9115 = CIRCLE('',#9116,7.500000000003E-02);
#9116 = AXIS2_PLACEMENT_3D('',#9117,#9118,#9119);
#9117 = CARTESIAN_POINT('',(20.166666,1.045180934445,1.585));
#9118 = DIRECTION('',(0.,0.,-1.));
#9119 = DIRECTION('',(-0.555573333333,0.831467540731,0.));
#9120 = ORIENTED_EDGE('',*,*,#9121,.T.);
#9121 = EDGE_CURVE('',#9113,#9122,#9124,.T.);
#9122 = VERTEX_POINT('',#9123);
#9123 = CARTESIAN_POINT('',(20.239466,0.314434,1.585));
#9124 = LINE('',#9125,#9126);
#9125 = CARTESIAN_POINT('',(20.241666,1.045181,1.585));
#9126 = VECTOR('',#9127,1.);
#9127 = DIRECTION('',(-3.010604258196E-03,-0.999995468121,0.));
#9128 = ORIENTED_EDGE('',*,*,#9129,.T.);
#9129 = EDGE_CURVE('',#9122,#9130,#9132,.T.);
#9130 = VERTEX_POINT('',#9131);
#9131 = CARTESIAN_POINT('',(19.888357,-2.9089E-02,1.585));
#9132 = CIRCLE('',#9133,0.38184101318);
#9133 = AXIS2_PLACEMENT_3D('',#9134,#9135,#9136);
#9134 = CARTESIAN_POINT('',(19.859443500324,0.351655755556,1.585));
#9135 = DIRECTION('',(0.,0.,-1.));
#9136 = DIRECTION('',(0.995237511316,-9.747972132587E-02,0.));
#9137 = ORIENTED_EDGE('',*,*,#9138,.T.);
#9138 = EDGE_CURVE('',#9130,#9139,#9141,.T.);
#9139 = VERTEX_POINT('',#9140);
#9140 = CARTESIAN_POINT('',(19.771082,-2.8378E-02,1.585));
#9141 = LINE('',#9142,#9143);
#9142 = CARTESIAN_POINT('',(19.888357,-2.9089E-02,1.585));
#9143 = VECTOR('',#9144,1.);
#9144 = DIRECTION('',(-0.999981622503,6.062561787252E-03,0.));
#9145 = ORIENTED_EDGE('',*,*,#9146,.T.);
#9146 = EDGE_CURVE('',#9139,#9147,#9149,.T.);
#9147 = VERTEX_POINT('',#9148);
#9148 = CARTESIAN_POINT('',(19.785714,0.120181,1.585));
#9149 = CIRCLE('',#9150,7.500006711464E-02);
#9150 = AXIS2_PLACEMENT_3D('',#9151,#9152,#9153);
#9151 = CARTESIAN_POINT('',(19.785713932885,4.518093288539E-02,1.585));
#9152 = DIRECTION('',(0.,0.,-1.));
#9153 = DIRECTION('',(-0.195092263891,-0.980784894138,-0.));
#9154 = ORIENTED_EDGE('',*,*,#9155,.T.);
#9155 = EDGE_CURVE('',#9147,#9156,#9158,.T.);
#9156 = VERTEX_POINT('',#9157);
#9157 = CARTESIAN_POINT('',(19.868782,0.120181,1.585));
#9158 = LINE('',#9159,#9160);
#9159 = CARTESIAN_POINT('',(19.785714,0.120181,1.585));
#9160 = VECTOR('',#9161,1.);
#9161 = DIRECTION('',(1.,0.,0.));
#9162 = ORIENTED_EDGE('',*,*,#9163,.T.);
#9163 = EDGE_CURVE('',#9156,#9164,#9166,.T.);
#9164 = VERTEX_POINT('',#9165);
#9165 = CARTESIAN_POINT('',(20.091666,0.343066,1.585));
#9166 = CIRCLE('',#9167,0.239437351684);
#9167 = AXIS2_PLACEMENT_3D('',#9168,#9169,#9170);
#9168 = CARTESIAN_POINT('',(19.852764906584,0.359082021555,1.585));
#9169 = DIRECTION('',(0.,0.,1.));
#9170 = DIRECTION('',(6.689471506015E-02,-0.997760039838,0.));
#9171 = ORIENTED_EDGE('',*,*,#9172,.T.);
#9172 = EDGE_CURVE('',#9164,#9173,#9175,.T.);
#9173 = VERTEX_POINT('',#9174);
#9174 = CARTESIAN_POINT('',(20.093107,1.059813,1.585));
#9175 = LINE('',#9176,#9177);
#9176 = CARTESIAN_POINT('',(20.091666,0.343066,1.585));
#9177 = VECTOR('',#9178,1.);
#9178 = DIRECTION('',(2.010468251347E-03,0.999997979007,0.));
#9179 = ORIENTED_EDGE('',*,*,#9180,.T.);
#9180 = EDGE_CURVE('',#9173,#9181,#9183,.T.);
#9181 = VERTEX_POINT('',#9182);
#9182 = CARTESIAN_POINT('',(20.104306,1.086849,1.585));
#9183 = LINE('',#9184,#9185);
#9184 = CARTESIAN_POINT('',(20.093107,1.059813,1.585));
#9185 = VECTOR('',#9186,1.);
#9186 = DIRECTION('',(0.38269282806,0.923875640631,0.));
#9187 = ORIENTED_EDGE('',*,*,#9188,.T.);
#9188 = EDGE_CURVE('',#9181,#9111,#9189,.T.);
#9189 = LINE('',#9190,#9191);
#9190 = CARTESIAN_POINT('',(20.104306,1.086849,1.585));
#9191 = VECTOR('',#9192,1.);
#9192 = DIRECTION('',(0.707106781187,0.707106781187,0.));
#9193 = PLANE('',#9194);
#9194 = AXIS2_PLACEMENT_3D('',#9195,#9196,#9197);
#9195 = CARTESIAN_POINT('',(0.,0.,1.585));
#9196 = DIRECTION('',(0.,0.,1.));
#9197 = DIRECTION('',(1.,0.,-0.));
#9198 = SHELL_BASED_SURFACE_MODEL('',(#9199));
#9199 = OPEN_SHELL('',(#9200));
#9200 = ADVANCED_FACE('',(#9201),#9287,.T.);
#9201 = FACE_BOUND('',#9202,.F.);
#9202 = EDGE_LOOP('',(#9203,#9214,#9222,#9231,#9239,#9248,#9256,#9265,
    #9273,#9281));
#9203 = ORIENTED_EDGE('',*,*,#9204,.T.);
#9204 = EDGE_CURVE('',#9205,#9207,#9209,.T.);
#9205 = VERTEX_POINT('',#9206);
#9206 = CARTESIAN_POINT('',(37.874998,1.107541,1.585));
#9207 = VERTEX_POINT('',#9208);
#9208 = CARTESIAN_POINT('',(37.991666,1.045181,1.585));
#9209 = CIRCLE('',#9210,7.500000000003E-02);
#9210 = AXIS2_PLACEMENT_3D('',#9211,#9212,#9213);
#9211 = CARTESIAN_POINT('',(37.916666,1.045180934445,1.585));
#9212 = DIRECTION('',(0.,0.,-1.));
#9213 = DIRECTION('',(-0.555573333333,0.831467540731,0.));
#9214 = ORIENTED_EDGE('',*,*,#9215,.T.);
#9215 = EDGE_CURVE('',#9207,#9216,#9218,.T.);
#9216 = VERTEX_POINT('',#9217);
#9217 = CARTESIAN_POINT('',(37.989466,0.314434,1.585));
#9218 = LINE('',#9219,#9220);
#9219 = CARTESIAN_POINT('',(37.991666,1.045181,1.585));
#9220 = VECTOR('',#9221,1.);
#9221 = DIRECTION('',(-3.010604258201E-03,-0.999995468121,0.));
#9222 = ORIENTED_EDGE('',*,*,#9223,.T.);
#9223 = EDGE_CURVE('',#9216,#9224,#9226,.T.);
#9224 = VERTEX_POINT('',#9225);
#9225 = CARTESIAN_POINT('',(37.638357,-2.9089E-02,1.585));
#9226 = CIRCLE('',#9227,0.38184101318);
#9227 = AXIS2_PLACEMENT_3D('',#9228,#9229,#9230);
#9228 = CARTESIAN_POINT('',(37.609443500324,0.351655755556,1.585));
#9229 = DIRECTION('',(0.,0.,-1.));
#9230 = DIRECTION('',(0.995237511316,-9.74797213259E-02,0.));
#9231 = ORIENTED_EDGE('',*,*,#9232,.T.);
#9232 = EDGE_CURVE('',#9224,#9233,#9235,.T.);
#9233 = VERTEX_POINT('',#9234);
#9234 = CARTESIAN_POINT('',(37.521082,-2.8378E-02,1.585));
#9235 = LINE('',#9236,#9237);
#9236 = CARTESIAN_POINT('',(37.638357,-2.9089E-02,1.585));
#9237 = VECTOR('',#9238,1.);
#9238 = DIRECTION('',(-0.999981622503,6.062561787252E-03,0.));
#9239 = ORIENTED_EDGE('',*,*,#9240,.T.);
#9240 = EDGE_CURVE('',#9233,#9241,#9243,.T.);
#9241 = VERTEX_POINT('',#9242);
#9242 = CARTESIAN_POINT('',(37.535714,0.120181,1.585));
#9243 = CIRCLE('',#9244,7.500006711464E-02);
#9244 = AXIS2_PLACEMENT_3D('',#9245,#9246,#9247);
#9245 = CARTESIAN_POINT('',(37.535713932885,4.518093288539E-02,1.585));
#9246 = DIRECTION('',(0.,0.,-1.));
#9247 = DIRECTION('',(-0.195092263891,-0.980784894138,-0.));
#9248 = ORIENTED_EDGE('',*,*,#9249,.T.);
#9249 = EDGE_CURVE('',#9241,#9250,#9252,.T.);
#9250 = VERTEX_POINT('',#9251);
#9251 = CARTESIAN_POINT('',(37.618782,0.120181,1.585));
#9252 = LINE('',#9253,#9254);
#9253 = CARTESIAN_POINT('',(37.535714,0.120181,1.585));
#9254 = VECTOR('',#9255,1.);
#9255 = DIRECTION('',(1.,0.,0.));
#9256 = ORIENTED_EDGE('',*,*,#9257,.T.);
#9257 = EDGE_CURVE('',#9250,#9258,#9260,.T.);
#9258 = VERTEX_POINT('',#9259);
#9259 = CARTESIAN_POINT('',(37.841666,0.343066,1.585));
#9260 = CIRCLE('',#9261,0.239437351684);
#9261 = AXIS2_PLACEMENT_3D('',#9262,#9263,#9264);
#9262 = CARTESIAN_POINT('',(37.602764906584,0.359082021555,1.585));
#9263 = DIRECTION('',(0.,0.,1.));
#9264 = DIRECTION('',(6.689471506013E-02,-0.997760039838,0.));
#9265 = ORIENTED_EDGE('',*,*,#9266,.T.);
#9266 = EDGE_CURVE('',#9258,#9267,#9269,.T.);
#9267 = VERTEX_POINT('',#9268);
#9268 = CARTESIAN_POINT('',(37.843107,1.059813,1.585));
#9269 = LINE('',#9270,#9271);
#9270 = CARTESIAN_POINT('',(37.841666,0.343066,1.585));
#9271 = VECTOR('',#9272,1.);
#9272 = DIRECTION('',(2.010468251357E-03,0.999997979007,0.));
#9273 = ORIENTED_EDGE('',*,*,#9274,.T.);
#9274 = EDGE_CURVE('',#9267,#9275,#9277,.T.);
#9275 = VERTEX_POINT('',#9276);
#9276 = CARTESIAN_POINT('',(37.854306,1.086849,1.585));
#9277 = LINE('',#9278,#9279);
#9278 = CARTESIAN_POINT('',(37.843107,1.059813,1.585));
#9279 = VECTOR('',#9280,1.);
#9280 = DIRECTION('',(0.38269282806,0.923875640631,0.));
#9281 = ORIENTED_EDGE('',*,*,#9282,.T.);
#9282 = EDGE_CURVE('',#9275,#9205,#9283,.T.);
#9283 = LINE('',#9284,#9285);
#9284 = CARTESIAN_POINT('',(37.854306,1.086849,1.585));
#9285 = VECTOR('',#9286,1.);
#9286 = DIRECTION('',(0.707106781186,0.707106781187,0.));
#9287 = PLANE('',#9288);
#9288 = AXIS2_PLACEMENT_3D('',#9289,#9290,#9291);
#9289 = CARTESIAN_POINT('',(0.,0.,1.585));
#9290 = DIRECTION('',(0.,0.,1.));
#9291 = DIRECTION('',(1.,0.,-0.));
#9292 = SHELL_BASED_SURFACE_MODEL('',(#9293));
#9293 = OPEN_SHELL('',(#9294));
#9294 = ADVANCED_FACE('',(#9295),#9481,.T.);
#9295 = FACE_BOUND('',#9296,.F.);
#9296 = EDGE_LOOP('',(#9297,#9308,#9316,#9325,#9333,#9341,#9350,#9358,
    #9367,#9375,#9383,#9391,#9400,#9408,#9417,#9425,#9434,#9442,#9450,
    #9458,#9467,#9475));
#9297 = ORIENTED_EDGE('',*,*,#9298,.T.);
#9298 = EDGE_CURVE('',#9299,#9301,#9303,.T.);
#9299 = VERTEX_POINT('',#9300);
#9300 = CARTESIAN_POINT('',(2.782987,0.971622,1.585));
#9301 = VERTEX_POINT('',#9302);
#9302 = CARTESIAN_POINT('',(2.797619,1.120181,1.585));
#9303 = CIRCLE('',#9304,7.500006711464E-02);
#9304 = AXIS2_PLACEMENT_3D('',#9305,#9306,#9307);
#9305 = CARTESIAN_POINT('',(2.797618932885,1.045180932885,1.585));
#9306 = DIRECTION('',(0.,0.,-1.));
#9307 = DIRECTION('',(-0.195092263891,-0.980784894138,-0.));
#9308 = ORIENTED_EDGE('',*,*,#9309,.T.);
#9309 = EDGE_CURVE('',#9301,#9310,#9312,.T.);
#9310 = VERTEX_POINT('',#9311);
#9311 = CARTESIAN_POINT('',(3.424404,1.119419,1.585));
#9312 = LINE('',#9313,#9314);
#9313 = CARTESIAN_POINT('',(2.797619,1.120181,1.585));
#9314 = VECTOR('',#9315,1.);
#9315 = DIRECTION('',(0.999999261004,-1.215726982753E-03,0.));
#9316 = ORIENTED_EDGE('',*,*,#9317,.T.);
#9317 = EDGE_CURVE('',#9310,#9318,#9320,.T.);
#9318 = VERTEX_POINT('',#9319);
#9319 = CARTESIAN_POINT('',(3.490225,1.030549,1.585));
#9320 = CIRCLE('',#9321,7.447391611625E-02);
#9321 = AXIS2_PLACEMENT_3D('',#9322,#9323,#9324);
#9322 = CARTESIAN_POINT('',(3.417224926644,1.045291912593,1.585));
#9323 = DIRECTION('',(0.,0.,-1.));
#9324 = DIRECTION('',(9.639715124793E-02,0.995342950561,0.));
#9325 = ORIENTED_EDGE('',*,*,#9326,.T.);
#9326 = EDGE_CURVE('',#9318,#9327,#9329,.T.);
#9327 = VERTEX_POINT('',#9328);
#9328 = CARTESIAN_POINT('',(3.473109,0.995793,1.585));
#9329 = LINE('',#9330,#9331);
#9330 = CARTESIAN_POINT('',(3.490225,1.030549,1.585));
#9331 = VECTOR('',#9332,1.);
#9332 = DIRECTION('',(-0.441795255027,-0.897115908139,0.));
#9333 = ORIENTED_EDGE('',*,*,#9334,.T.);
#9334 = EDGE_CURVE('',#9327,#9335,#9337,.T.);
#9335 = VERTEX_POINT('',#9336);
#9336 = CARTESIAN_POINT('',(3.246213,0.736484,1.585));
#9337 = LINE('',#9338,#9339);
#9338 = CARTESIAN_POINT('',(3.473109,0.995793,1.585));
#9339 = VECTOR('',#9340,1.);
#9340 = DIRECTION('',(-0.658505635208,-0.752575795784,0.));
#9341 = ORIENTED_EDGE('',*,*,#9342,.T.);
#9342 = EDGE_CURVE('',#9335,#9343,#9345,.T.);
#9343 = VERTEX_POINT('',#9344);
#9344 = CARTESIAN_POINT('',(3.490225,0.488385,1.585));
#9345 = CIRCLE('',#9346,0.348520834816);
#9346 = AXIS2_PLACEMENT_3D('',#9347,#9348,#9349);
#9347 = CARTESIAN_POINT('',(3.1529196174,0.400681800686,1.585));
#9348 = DIRECTION('',(0.,0.,-1.));
#9349 = DIRECTION('',(0.267683803321,0.963506814423,0.));
#9350 = ORIENTED_EDGE('',*,*,#9351,.T.);
#9351 = EDGE_CURVE('',#9343,#9352,#9354,.T.);
#9352 = VERTEX_POINT('',#9353);
#9353 = CARTESIAN_POINT('',(3.489003,0.215848,1.585));
#9354 = LINE('',#9355,#9356);
#9355 = CARTESIAN_POINT('',(3.490225,0.488385,1.585));
#9356 = VECTOR('',#9357,1.);
#9357 = DIRECTION('',(-4.483749789523E-03,-0.999989947943,0.));
#9358 = ORIENTED_EDGE('',*,*,#9359,.T.);
#9359 = EDGE_CURVE('',#9352,#9360,#9362,.T.);
#9360 = VERTEX_POINT('',#9361);
#9361 = CARTESIAN_POINT('',(3.240822,-2.8378E-02,1.585));
#9362 = CIRCLE('',#9363,0.348635327447);
#9363 = AXIS2_PLACEMENT_3D('',#9364,#9365,#9366);
#9364 = CARTESIAN_POINT('',(3.153050481291,0.309027915845,1.585));
#9365 = DIRECTION('',(0.,0.,-1.));
#9366 = DIRECTION('',(0.963621561732,-0.267270435638,0.));
#9367 = ORIENTED_EDGE('',*,*,#9368,.T.);
#9368 = EDGE_CURVE('',#9360,#9369,#9371,.T.);
#9369 = VERTEX_POINT('',#9370);
#9370 = CARTESIAN_POINT('',(2.920666,-2.7156E-02,1.585));
#9371 = LINE('',#9372,#9373);
#9372 = CARTESIAN_POINT('',(3.240822,-2.8378E-02,1.585));
#9373 = VECTOR('',#9374,1.);
#9374 = DIRECTION('',(-0.999992715758,3.816861463337E-03,0.));
#9375 = ORIENTED_EDGE('',*,*,#9376,.T.);
#9376 = EDGE_CURVE('',#9369,#9377,#9379,.T.);
#9377 = VERTEX_POINT('',#9378);
#9378 = CARTESIAN_POINT('',(2.797953,3.505E-02,1.585));
#9379 = LINE('',#9380,#9381);
#9380 = CARTESIAN_POINT('',(2.920666,-2.7156E-02,1.585));
#9381 = VECTOR('',#9382,1.);
#9382 = DIRECTION('',(-0.891943702445,0.452146471476,0.));
#9383 = ORIENTED_EDGE('',*,*,#9384,.T.);
#9384 = EDGE_CURVE('',#9377,#9385,#9387,.T.);
#9385 = VERTEX_POINT('',#9386);
#9386 = CARTESIAN_POINT('',(2.735258,9.8753E-02,1.585));
#9387 = LINE('',#9388,#9389);
#9388 = CARTESIAN_POINT('',(2.797953,3.505E-02,1.585));
#9389 = VECTOR('',#9390,1.);
#9390 = DIRECTION('',(-0.701445434384,0.712723159846,0.));
#9391 = ORIENTED_EDGE('',*,*,#9392,.T.);
#9392 = EDGE_CURVE('',#9385,#9393,#9395,.T.);
#9393 = VERTEX_POINT('',#9394);
#9394 = CARTESIAN_POINT('',(2.850653,0.193452,1.585));
#9395 = CIRCLE('',#9396,7.50001266804E-02);
#9396 = AXIS2_PLACEMENT_3D('',#9397,#9398,#9399);
#9397 = CARTESIAN_POINT('',(2.797619051994,0.140419751688,1.585));
#9398 = DIRECTION('',(0.,0.,-1.));
#9399 = DIRECTION('',(-0.831479288827,-0.555555750804,-0.));
#9400 = ORIENTED_EDGE('',*,*,#9401,.T.);
#9401 = EDGE_CURVE('',#9393,#9402,#9404,.T.);
#9402 = VERTEX_POINT('',#9403);
#9403 = CARTESIAN_POINT('',(2.889665,0.154439,1.585));
#9404 = LINE('',#9405,#9406);
#9405 = CARTESIAN_POINT('',(2.850653,0.193452,1.585));
#9406 = VECTOR('',#9407,1.);
#9407 = DIRECTION('',(0.707097718562,-0.707115843695,0.));
#9408 = ORIENTED_EDGE('',*,*,#9409,.T.);
#9409 = EDGE_CURVE('',#9402,#9410,#9412,.T.);
#9410 = VERTEX_POINT('',#9411);
#9411 = CARTESIAN_POINT('',(3.277,0.154439,1.585));
#9412 = CIRCLE('',#9413,0.358502380266);
#9413 = AXIS2_PLACEMENT_3D('',#9414,#9415,#9416);
#9414 = CARTESIAN_POINT('',(3.0833325,0.456129,1.585));
#9415 = DIRECTION('',(0.,0.,1.));
#9416 = DIRECTION('',(-0.540212591772,-0.841528582813,0.));
#9417 = ORIENTED_EDGE('',*,*,#9418,.T.);
#9418 = EDGE_CURVE('',#9410,#9419,#9421,.T.);
#9419 = VERTEX_POINT('',#9420);
#9420 = CARTESIAN_POINT('',(3.307407,0.184847,1.585));
#9421 = LINE('',#9422,#9423);
#9422 = CARTESIAN_POINT('',(3.277,0.154439,1.585));
#9423 = VECTOR('',#9424,1.);
#9424 = DIRECTION('',(0.707095153914,0.707118408268,0.));
#9425 = ORIENTED_EDGE('',*,*,#9426,.T.);
#9426 = EDGE_CURVE('',#9419,#9427,#9429,.T.);
#9427 = VERTEX_POINT('',#9428);
#9428 = CARTESIAN_POINT('',(3.307408,0.524564,1.585));
#9429 = CIRCLE('',#9430,0.305616146029);
#9430 = AXIS2_PLACEMENT_3D('',#9431,#9432,#9433);
#9431 = CARTESIAN_POINT('',(3.053341920492,0.354706247874,1.585));
#9432 = DIRECTION('',(0.,-0.,1.));
#9433 = DIRECTION('',(0.831320867071,-0.555792781505,-0.));
#9434 = ORIENTED_EDGE('',*,*,#9435,.T.);
#9435 = EDGE_CURVE('',#9427,#9436,#9438,.T.);
#9436 = VERTEX_POINT('',#9437);
#9437 = CARTESIAN_POINT('',(3.277001,0.554971,1.585));
#9438 = LINE('',#9439,#9440);
#9439 = CARTESIAN_POINT('',(3.307408,0.524564,1.585));
#9440 = VECTOR('',#9441,1.);
#9441 = DIRECTION('',(-0.707106781187,0.707106781187,0.));
#9442 = ORIENTED_EDGE('',*,*,#9443,.T.);
#9443 = EDGE_CURVE('',#9436,#9444,#9446,.T.);
#9444 = VERTEX_POINT('',#9445);
#9445 = CARTESIAN_POINT('',(3.208485,0.589229,1.585));
#9446 = LINE('',#9447,#9448);
#9447 = CARTESIAN_POINT('',(3.277001,0.554971,1.585));
#9448 = VECTOR('',#9449,1.);
#9449 = DIRECTION('',(-0.894427191,0.4472135955,0.));
#9450 = ORIENTED_EDGE('',*,*,#9451,.T.);
#9451 = EDGE_CURVE('',#9444,#9452,#9454,.T.);
#9452 = VERTEX_POINT('',#9453);
#9453 = CARTESIAN_POINT('',(3.068701,0.59067,1.585));
#9454 = LINE('',#9455,#9456);
#9455 = CARTESIAN_POINT('',(3.208485,0.589229,1.585));
#9456 = VECTOR('',#9457,1.);
#9457 = DIRECTION('',(-0.999946868947,1.030821437469E-02,0.));
#9458 = ORIENTED_EDGE('',*,*,#9459,.T.);
#9459 = EDGE_CURVE('',#9452,#9460,#9462,.T.);
#9460 = VERTEX_POINT('',#9461);
#9461 = CARTESIAN_POINT('',(3.02689,0.713617,1.585));
#9462 = CIRCLE('',#9463,7.500015628755E-02);
#9463 = AXIS2_PLACEMENT_3D('',#9464,#9465,#9466);
#9464 = CARTESIAN_POINT('',(3.083333284325,0.664228953898,1.585));
#9465 = DIRECTION('',(0.,0.,-1.));
#9466 = DIRECTION('',(-0.195096717785,-0.980784008184,-0.));
#9467 = ORIENTED_EDGE('',*,*,#9468,.T.);
#9468 = EDGE_CURVE('',#9460,#9469,#9471,.T.);
#9469 = VERTEX_POINT('',#9470);
#9470 = CARTESIAN_POINT('',(3.251384,0.970181,1.585));
#9471 = LINE('',#9472,#9473);
#9472 = CARTESIAN_POINT('',(3.02689,0.713617,1.585));
#9473 = VECTOR('',#9474,1.);
#9474 = DIRECTION('',(0.658505438534,0.752575967874,0.));
#9475 = ORIENTED_EDGE('',*,*,#9476,.T.);
#9476 = EDGE_CURVE('',#9469,#9299,#9477,.T.);
#9477 = LINE('',#9478,#9479);
#9478 = CARTESIAN_POINT('',(3.251384,0.970181,1.585));
#9479 = VECTOR('',#9480,1.);
#9480 = DIRECTION('',(-0.999995267761,3.076435546862E-03,0.));
#9481 = PLANE('',#9482);
#9482 = AXIS2_PLACEMENT_3D('',#9483,#9484,#9485);
#9483 = CARTESIAN_POINT('',(0.,0.,1.585));
#9484 = DIRECTION('',(0.,0.,1.));
#9485 = DIRECTION('',(1.,0.,-0.));
#9486 = SHELL_BASED_SURFACE_MODEL('',(#9487));
#9487 = OPEN_SHELL('',(#9488));
#9488 = ADVANCED_FACE('',(#9489),#9624,.T.);
#9489 = FACE_BOUND('',#9490,.F.);
#9490 = EDGE_LOOP('',(#9491,#9502,#9510,#9518,#9526,#9535,#9543,#9551,
    #9560,#9568,#9576,#9585,#9593,#9601,#9610,#9618));
#9491 = ORIENTED_EDGE('',*,*,#9492,.T.);
#9492 = EDGE_CURVE('',#9493,#9495,#9497,.T.);
#9493 = VERTEX_POINT('',#9494);
#9494 = CARTESIAN_POINT('',(20.78735,1.152049,1.585));
#9495 = VERTEX_POINT('',#9496);
#9496 = CARTESIAN_POINT('',(20.904484,1.069082,1.585));
#9497 = CIRCLE('',#9498,7.499955990672E-02);
#9498 = AXIS2_PLACEMENT_3D('',#9499,#9500,#9501);
#9499 = CARTESIAN_POINT('',(20.833333500953,1.09279993565,1.585));
#9500 = DIRECTION('',(0.,0.,-1.));
#9501 = DIRECTION('',(-0.613116943749,0.78999216027,0.));
#9502 = ORIENTED_EDGE('',*,*,#9503,.T.);
#9503 = EDGE_CURVE('',#9495,#9504,#9506,.T.);
#9504 = VERTEX_POINT('',#9505);
#9505 = CARTESIAN_POINT('',(20.699295,0.453515,1.585));
#9506 = LINE('',#9507,#9508);
#9507 = CARTESIAN_POINT('',(20.904484,1.069082,1.585));
#9508 = VECTOR('',#9509,1.);
#9509 = DIRECTION('',(-0.316227766017,-0.948683298051,0.));
#9510 = ORIENTED_EDGE('',*,*,#9511,.T.);
#9511 = EDGE_CURVE('',#9504,#9512,#9514,.T.);
#9512 = VERTEX_POINT('',#9513);
#9513 = CARTESIAN_POINT('',(20.996428,0.453515,1.585));
#9514 = LINE('',#9515,#9516);
#9515 = CARTESIAN_POINT('',(20.699295,0.453515,1.585));
#9516 = VECTOR('',#9517,1.);
#9517 = DIRECTION('',(1.,0.,0.));
#9518 = ORIENTED_EDGE('',*,*,#9519,.T.);
#9519 = EDGE_CURVE('',#9512,#9520,#9522,.T.);
#9520 = VERTEX_POINT('',#9521);
#9521 = CARTESIAN_POINT('',(20.997869,0.72648,1.585));
#9522 = LINE('',#9523,#9524);
#9523 = CARTESIAN_POINT('',(20.996428,0.453515,1.585));
#9524 = VECTOR('',#9525,1.);
#9525 = DIRECTION('',(5.278991523254E-03,0.999986066027,0.));
#9526 = ORIENTED_EDGE('',*,*,#9527,.T.);
#9527 = EDGE_CURVE('',#9520,#9528,#9530,.T.);
#9528 = VERTEX_POINT('',#9529);
#9529 = CARTESIAN_POINT('',(21.146428,0.711848,1.585));
#9530 = CIRCLE('',#9531,7.500006711464E-02);
#9531 = AXIS2_PLACEMENT_3D('',#9532,#9533,#9534);
#9532 = CARTESIAN_POINT('',(21.071427932885,0.711848067115,1.585));
#9533 = DIRECTION('',(0.,0.,-1.));
#9534 = DIRECTION('',(-0.980784894138,0.195092263891,0.));
#9535 = ORIENTED_EDGE('',*,*,#9536,.T.);
#9536 = EDGE_CURVE('',#9528,#9537,#9539,.T.);
#9537 = VERTEX_POINT('',#9538);
#9538 = CARTESIAN_POINT('',(21.146428,0.453515,1.585));
#9539 = LINE('',#9540,#9541);
#9540 = CARTESIAN_POINT('',(21.146428,0.711848,1.585));
#9541 = VECTOR('',#9542,1.);
#9542 = DIRECTION('',(0.,-1.,0.));
#9543 = ORIENTED_EDGE('',*,*,#9544,.T.);
#9544 = EDGE_CURVE('',#9537,#9545,#9547,.T.);
#9545 = VERTEX_POINT('',#9546);
#9546 = CARTESIAN_POINT('',(21.228917,0.452074,1.585));
#9547 = LINE('',#9548,#9549);
#9548 = CARTESIAN_POINT('',(21.146428,0.453515,1.585));
#9549 = VECTOR('',#9550,1.);
#9550 = DIRECTION('',(0.999847452005,-1.746633100582E-02,0.));
#9551 = ORIENTED_EDGE('',*,*,#9552,.T.);
#9552 = EDGE_CURVE('',#9545,#9553,#9555,.T.);
#9553 = VERTEX_POINT('',#9554);
#9554 = CARTESIAN_POINT('',(21.214285,0.303515,1.585));
#9555 = CIRCLE('',#9556,7.500006711464E-02);
#9556 = AXIS2_PLACEMENT_3D('',#9557,#9558,#9559);
#9557 = CARTESIAN_POINT('',(21.214285067115,0.378515067115,1.585));
#9558 = DIRECTION('',(0.,0.,-1.));
#9559 = DIRECTION('',(0.195092263891,0.980784894138,0.));
#9560 = ORIENTED_EDGE('',*,*,#9561,.T.);
#9561 = EDGE_CURVE('',#9553,#9562,#9564,.T.);
#9562 = VERTEX_POINT('',#9563);
#9563 = CARTESIAN_POINT('',(21.146428,0.303515,1.585));
#9564 = LINE('',#9565,#9566);
#9565 = CARTESIAN_POINT('',(21.214285,0.303515,1.585));
#9566 = VECTOR('',#9567,1.);
#9567 = DIRECTION('',(-1.,0.,0.));
#9568 = ORIENTED_EDGE('',*,*,#9569,.T.);
#9569 = EDGE_CURVE('',#9562,#9570,#9572,.T.);
#9570 = VERTEX_POINT('',#9571);
#9571 = CARTESIAN_POINT('',(21.144987,3.0549E-02,1.585));
#9572 = LINE('',#9573,#9574);
#9573 = CARTESIAN_POINT('',(21.146428,0.303515,1.585));
#9574 = VECTOR('',#9575,1.);
#9575 = DIRECTION('',(-5.278972184419E-03,-0.999986066129,0.));
#9576 = ORIENTED_EDGE('',*,*,#9577,.T.);
#9577 = EDGE_CURVE('',#9570,#9578,#9580,.T.);
#9578 = VERTEX_POINT('',#9579);
#9579 = CARTESIAN_POINT('',(20.996428,4.5181E-02,1.585));
#9580 = CIRCLE('',#9581,7.500006711464E-02);
#9581 = AXIS2_PLACEMENT_3D('',#9582,#9583,#9584);
#9582 = CARTESIAN_POINT('',(21.071428067115,4.518093288539E-02,1.585));
#9583 = DIRECTION('',(-0.,0.,-1.));
#9584 = DIRECTION('',(0.980784894138,-0.195092263891,-0.));
#9585 = ORIENTED_EDGE('',*,*,#9586,.T.);
#9586 = EDGE_CURVE('',#9578,#9587,#9589,.T.);
#9587 = VERTEX_POINT('',#9588);
#9588 = CARTESIAN_POINT('',(20.996428,0.303515,1.585));
#9589 = LINE('',#9590,#9591);
#9590 = CARTESIAN_POINT('',(20.996428,4.5181E-02,1.585));
#9591 = VECTOR('',#9592,1.);
#9592 = DIRECTION('',(0.,1.,0.));
#9593 = ORIENTED_EDGE('',*,*,#9594,.T.);
#9594 = EDGE_CURVE('',#9587,#9595,#9597,.T.);
#9595 = VERTEX_POINT('',#9596);
#9596 = CARTESIAN_POINT('',(20.580606,0.304956,1.585));
#9597 = LINE('',#9598,#9599);
#9598 = CARTESIAN_POINT('',(20.996428,0.303515,1.585));
#9599 = VECTOR('',#9600,1.);
#9600 = DIRECTION('',(-0.999993995468,3.465404301528E-03,0.));
#9601 = ORIENTED_EDGE('',*,*,#9602,.T.);
#9602 = EDGE_CURVE('',#9595,#9603,#9605,.T.);
#9603 = VERTEX_POINT('',#9604);
#9604 = CARTESIAN_POINT('',(20.524087,0.402232,1.585));
#9605 = CIRCLE('',#9606,7.499997045037E-02);
#9606 = AXIS2_PLACEMENT_3D('',#9607,#9608,#9609);
#9607 = CARTESIAN_POINT('',(20.595238172573,0.37851478665,1.585));
#9608 = DIRECTION('',(0.,0.,-1.));
#9609 = DIRECTION('',(-0.195095711168,-0.980784208419,-0.));
#9610 = ORIENTED_EDGE('',*,*,#9611,.T.);
#9611 = EDGE_CURVE('',#9603,#9612,#9614,.T.);
#9612 = VERTEX_POINT('',#9613);
#9613 = CARTESIAN_POINT('',(20.768176,1.129942,1.585));
#9614 = LINE('',#9615,#9616);
#9615 = CARTESIAN_POINT('',(20.524087,0.402232,1.585));
#9616 = VECTOR('',#9617,1.);
#9617 = DIRECTION('',(0.318008317924,0.948087922996,0.));
#9618 = ORIENTED_EDGE('',*,*,#9619,.T.);
#9619 = EDGE_CURVE('',#9612,#9493,#9620,.T.);
#9620 = LINE('',#9621,#9622);
#9621 = CARTESIAN_POINT('',(20.768176,1.129942,1.585));
#9622 = VECTOR('',#9623,1.);
#9623 = DIRECTION('',(0.65521540373,0.755442105469,0.));
#9624 = PLANE('',#9625);
#9625 = AXIS2_PLACEMENT_3D('',#9626,#9627,#9628);
#9626 = CARTESIAN_POINT('',(0.,0.,1.585));
#9627 = DIRECTION('',(0.,0.,1.));
#9628 = DIRECTION('',(1.,0.,-0.));
#9629 = SHELL_BASED_SURFACE_MODEL('',(#9630));
#9630 = OPEN_SHELL('',(#9631));
#9631 = ADVANCED_FACE('',(#9632),#9827,.T.);
#9632 = FACE_BOUND('',#9633,.F.);
#9633 = EDGE_LOOP('',(#9634,#9645,#9653,#9662,#9670,#9678,#9686,#9694,
    #9703,#9711,#9720,#9728,#9736,#9744,#9753,#9761,#9770,#9778,#9787,
    #9795,#9804,#9812,#9821));
#9634 = ORIENTED_EDGE('',*,*,#9635,.T.);
#9635 = EDGE_CURVE('',#9636,#9638,#9640,.T.);
#9636 = VERTEX_POINT('',#9637);
#9637 = CARTESIAN_POINT('',(38.321119,1.06706,1.585));
#9638 = VERTEX_POINT('',#9639);
#9639 = CARTESIAN_POINT('',(38.392857,1.120181,1.585));
#9640 = CIRCLE('',#9641,7.500336100769E-02);
#9641 = AXIS2_PLACEMENT_3D('',#9642,#9643,#9644);
#9642 = CARTESIAN_POINT('',(38.392859270704,1.045177639027,1.585));
#9643 = DIRECTION('',(0.,0.,-1.));
#9644 = DIRECTION('',(-0.956494078934,0.29175173858,0.));
#9645 = ORIENTED_EDGE('',*,*,#9646,.T.);
#9646 = EDGE_CURVE('',#9638,#9647,#9649,.T.);
#9647 = VERTEX_POINT('',#9648);
#9648 = CARTESIAN_POINT('',(38.883679,1.11874,1.585));
#9649 = LINE('',#9650,#9651);
#9650 = CARTESIAN_POINT('',(38.392857,1.120181,1.585));
#9651 = VECTOR('',#9652,1.);
#9652 = DIRECTION('',(0.999995690299,-2.935878566407E-03,0.));
#9653 = ORIENTED_EDGE('',*,*,#9654,.T.);
#9654 = EDGE_CURVE('',#9647,#9655,#9657,.T.);
#9655 = VERTEX_POINT('',#9656);
#9656 = CARTESIAN_POINT('',(38.869047,0.970181,1.585));
#9657 = CIRCLE('',#9658,7.500006711464E-02);
#9658 = AXIS2_PLACEMENT_3D('',#9659,#9660,#9661);
#9659 = CARTESIAN_POINT('',(38.869047067115,1.045181067115,1.585));
#9660 = DIRECTION('',(0.,0.,-1.));
#9661 = DIRECTION('',(0.195092263891,0.980784894138,0.));
#9662 = ORIENTED_EDGE('',*,*,#9663,.T.);
#9663 = EDGE_CURVE('',#9655,#9664,#9666,.T.);
#9664 = VERTEX_POINT('',#9665);
#9665 = CARTESIAN_POINT('',(38.460731,0.970181,1.585));
#9666 = LINE('',#9667,#9668);
#9667 = CARTESIAN_POINT('',(38.869047,0.970181,1.585));
#9668 = VECTOR('',#9669,1.);
#9669 = DIRECTION('',(-1.,0.,0.));
#9670 = ORIENTED_EDGE('',*,*,#9671,.T.);
#9671 = EDGE_CURVE('',#9664,#9672,#9674,.T.);
#9672 = VERTEX_POINT('',#9673);
#9673 = CARTESIAN_POINT('',(38.435912,0.721991,1.585));
#9674 = LINE('',#9675,#9676);
#9675 = CARTESIAN_POINT('',(38.460731,0.970181,1.585));
#9676 = VECTOR('',#9677,1.);
#9677 = DIRECTION('',(-9.9503719021E-02,-0.99503719021,0.));
#9678 = ORIENTED_EDGE('',*,*,#9679,.T.);
#9679 = EDGE_CURVE('',#9672,#9680,#9682,.T.);
#9680 = VERTEX_POINT('',#9681);
#9681 = CARTESIAN_POINT('',(38.473463,0.737788,1.585));
#9682 = LINE('',#9683,#9684);
#9683 = CARTESIAN_POINT('',(38.435912,0.721991,1.585));
#9684 = VECTOR('',#9685,1.);
#9685 = DIRECTION('',(0.92175777459,0.387766173077,0.));
#9686 = ORIENTED_EDGE('',*,*,#9687,.T.);
#9687 = EDGE_CURVE('',#9680,#9688,#9690,.T.);
#9688 = VERTEX_POINT('',#9689);
#9689 = CARTESIAN_POINT('',(38.745999,0.736566,1.585));
#9690 = LINE('',#9691,#9692);
#9691 = CARTESIAN_POINT('',(38.473463,0.737788,1.585));
#9692 = VECTOR('',#9693,1.);
#9693 = DIRECTION('',(0.99998994787,-4.483766241145E-03,0.));
#9694 = ORIENTED_EDGE('',*,*,#9695,.T.);
#9695 = EDGE_CURVE('',#9688,#9696,#9698,.T.);
#9696 = VERTEX_POINT('',#9697);
#9697 = CARTESIAN_POINT('',(38.990225,0.488385,1.585));
#9698 = CIRCLE('',#9699,0.348625649748);
#9699 = AXIS2_PLACEMENT_3D('',#9700,#9701,#9702);
#9700 = CARTESIAN_POINT('',(38.652827045865,0.400621316123,1.585));
#9701 = DIRECTION('',(0.,0.,-1.));
#9702 = DIRECTION('',(0.267255017531,0.96362583797,0.));
#9703 = ORIENTED_EDGE('',*,*,#9704,.T.);
#9704 = EDGE_CURVE('',#9696,#9705,#9707,.T.);
#9705 = VERTEX_POINT('',#9706);
#9706 = CARTESIAN_POINT('',(38.989003,0.215848,1.585));
#9707 = LINE('',#9708,#9709);
#9708 = CARTESIAN_POINT('',(38.990225,0.488385,1.585));
#9709 = VECTOR('',#9710,1.);
#9710 = DIRECTION('',(-4.483749789542E-03,-0.999989947943,0.));
#9711 = ORIENTED_EDGE('',*,*,#9712,.T.);
#9712 = EDGE_CURVE('',#9705,#9713,#9715,.T.);
#9713 = VERTEX_POINT('',#9714);
#9714 = CARTESIAN_POINT('',(38.740822,-2.8378E-02,1.585));
#9715 = CIRCLE('',#9716,0.348635327447);
#9716 = AXIS2_PLACEMENT_3D('',#9717,#9718,#9719);
#9717 = CARTESIAN_POINT('',(38.653050481291,0.309027915845,1.585));
#9718 = DIRECTION('',(0.,0.,-1.));
#9719 = DIRECTION('',(0.963621561732,-0.267270435638,0.));
#9720 = ORIENTED_EDGE('',*,*,#9721,.T.);
#9721 = EDGE_CURVE('',#9713,#9722,#9724,.T.);
#9722 = VERTEX_POINT('',#9723);
#9723 = CARTESIAN_POINT('',(38.468285,-2.7156E-02,1.585));
#9724 = LINE('',#9725,#9726);
#9725 = CARTESIAN_POINT('',(38.740822,-2.8378E-02,1.585));
#9726 = VECTOR('',#9727,1.);
#9727 = DIRECTION('',(-0.999989947943,4.483749789522E-03,0.));
#9728 = ORIENTED_EDGE('',*,*,#9729,.T.);
#9729 = EDGE_CURVE('',#9722,#9730,#9732,.T.);
#9730 = VERTEX_POINT('',#9731);
#9731 = CARTESIAN_POINT('',(38.345572,3.505E-02,1.585));
#9732 = LINE('',#9733,#9734);
#9733 = CARTESIAN_POINT('',(38.468285,-2.7156E-02,1.585));
#9734 = VECTOR('',#9735,1.);
#9735 = DIRECTION('',(-0.891943702445,0.452146471476,0.));
#9736 = ORIENTED_EDGE('',*,*,#9737,.T.);
#9737 = EDGE_CURVE('',#9730,#9738,#9740,.T.);
#9738 = VERTEX_POINT('',#9739);
#9739 = CARTESIAN_POINT('',(38.282877,9.8753E-02,1.585));
#9740 = LINE('',#9741,#9742);
#9741 = CARTESIAN_POINT('',(38.345572,3.505E-02,1.585));
#9742 = VECTOR('',#9743,1.);
#9743 = DIRECTION('',(-0.701445434384,0.712723159847,0.));
#9744 = ORIENTED_EDGE('',*,*,#9745,.T.);
#9745 = EDGE_CURVE('',#9738,#9746,#9748,.T.);
#9746 = VERTEX_POINT('',#9747);
#9747 = CARTESIAN_POINT('',(38.398272,0.193452,1.585));
#9748 = CIRCLE('',#9749,7.50001266804E-02);
#9749 = AXIS2_PLACEMENT_3D('',#9750,#9751,#9752);
#9750 = CARTESIAN_POINT('',(38.345238051994,0.140419751688,1.585));
#9751 = DIRECTION('',(0.,0.,-1.));
#9752 = DIRECTION('',(-0.831479288827,-0.555555750804,-0.));
#9753 = ORIENTED_EDGE('',*,*,#9754,.T.);
#9754 = EDGE_CURVE('',#9746,#9755,#9757,.T.);
#9755 = VERTEX_POINT('',#9756);
#9756 = CARTESIAN_POINT('',(38.437284,0.154439,1.585));
#9757 = LINE('',#9758,#9759);
#9758 = CARTESIAN_POINT('',(38.398272,0.193452,1.585));
#9759 = VECTOR('',#9760,1.);
#9760 = DIRECTION('',(0.707097718562,-0.707115843695,0.));
#9761 = ORIENTED_EDGE('',*,*,#9762,.T.);
#9762 = EDGE_CURVE('',#9755,#9763,#9765,.T.);
#9763 = VERTEX_POINT('',#9764);
#9764 = CARTESIAN_POINT('',(38.777,0.154439,1.585));
#9765 = CIRCLE('',#9766,0.305620374329);
#9766 = AXIS2_PLACEMENT_3D('',#9767,#9768,#9769);
#9767 = CARTESIAN_POINT('',(38.607142,0.40851,1.585));
#9768 = DIRECTION('',(0.,0.,1.));
#9769 = DIRECTION('',(-0.555781008949,-0.831328737679,0.));
#9770 = ORIENTED_EDGE('',*,*,#9771,.T.);
#9771 = EDGE_CURVE('',#9763,#9772,#9774,.T.);
#9772 = VERTEX_POINT('',#9773);
#9773 = CARTESIAN_POINT('',(38.807407,0.184847,1.585));
#9774 = LINE('',#9775,#9776);
#9775 = CARTESIAN_POINT('',(38.777,0.154439,1.585));
#9776 = VECTOR('',#9777,1.);
#9777 = DIRECTION('',(0.707095153914,0.707118408268,0.));
#9778 = ORIENTED_EDGE('',*,*,#9779,.T.);
#9779 = EDGE_CURVE('',#9772,#9780,#9782,.T.);
#9780 = VERTEX_POINT('',#9781);
#9781 = CARTESIAN_POINT('',(38.807408,0.524564,1.585));
#9782 = CIRCLE('',#9783,0.305616146029);
#9783 = AXIS2_PLACEMENT_3D('',#9784,#9785,#9786);
#9784 = CARTESIAN_POINT('',(38.553341920492,0.354706247874,1.585));
#9785 = DIRECTION('',(0.,-0.,1.));
#9786 = DIRECTION('',(0.831320867071,-0.555792781505,-0.));
#9787 = ORIENTED_EDGE('',*,*,#9788,.T.);
#9788 = EDGE_CURVE('',#9780,#9789,#9791,.T.);
#9789 = VERTEX_POINT('',#9790);
#9790 = CARTESIAN_POINT('',(38.777001,0.554971,1.585));
#9791 = LINE('',#9792,#9793);
#9792 = CARTESIAN_POINT('',(38.807408,0.524564,1.585));
#9793 = VECTOR('',#9794,1.);
#9794 = DIRECTION('',(-0.707106781187,0.707106781187,0.));
#9795 = ORIENTED_EDGE('',*,*,#9796,.T.);
#9796 = EDGE_CURVE('',#9789,#9797,#9799,.T.);
#9797 = VERTEX_POINT('',#9798);
#9798 = CARTESIAN_POINT('',(38.437284,0.554971,1.585));
#9799 = CIRCLE('',#9800,0.305621483548);
#9800 = AXIS2_PLACEMENT_3D('',#9801,#9802,#9803);
#9801 = CARTESIAN_POINT('',(38.6071425,0.300899,1.585));
#9802 = DIRECTION('',(0.,0.,1.));
#9803 = DIRECTION('',(0.555780627814,0.831328992485,-0.));
#9804 = ORIENTED_EDGE('',*,*,#9805,.T.);
#9805 = EDGE_CURVE('',#9797,#9806,#9808,.T.);
#9806 = VERTEX_POINT('',#9807);
#9807 = CARTESIAN_POINT('',(38.380494,0.502794,1.585));
#9808 = LINE('',#9809,#9810);
#9809 = CARTESIAN_POINT('',(38.437284,0.554971,1.585));
#9810 = VECTOR('',#9811,1.);
#9811 = DIRECTION('',(-0.736381819545,-0.676566194724,0.));
#9812 = ORIENTED_EDGE('',*,*,#9813,.T.);
#9813 = EDGE_CURVE('',#9806,#9814,#9816,.T.);
#9814 = VERTEX_POINT('',#9815);
#9815 = CARTESIAN_POINT('',(38.270588,0.561751,1.585));
#9816 = CIRCLE('',#9817,7.500024172472E-02);
#9817 = AXIS2_PLACEMENT_3D('',#9818,#9819,#9820);
#9818 = CARTESIAN_POINT('',(38.345237970023,0.568991043809,1.585));
#9819 = DIRECTION('',(-0.,0.,-1.));
#9820 = DIRECTION('',(0.470078884633,-0.882624406088,-0.));
#9821 = ORIENTED_EDGE('',*,*,#9822,.T.);
#9822 = EDGE_CURVE('',#9814,#9636,#9823,.T.);
#9823 = LINE('',#9824,#9825);
#9824 = CARTESIAN_POINT('',(38.270588,0.561751,1.585));
#9825 = VECTOR('',#9826,1.);
#9826 = DIRECTION('',(9.950391398791E-02,0.995037170713,0.));
#9827 = PLANE('',#9828);
#9828 = AXIS2_PLACEMENT_3D('',#9829,#9830,#9831);
#9829 = CARTESIAN_POINT('',(0.,0.,1.585));
#9830 = DIRECTION('',(0.,0.,1.));
#9831 = DIRECTION('',(1.,0.,-0.));
#9832 = SHELL_BASED_SURFACE_MODEL('',(#9833));
#9833 = OPEN_SHELL('',(#9834));
#9834 = ADVANCED_FACE('',(#9835),#9896,.T.);
#9835 = FACE_BOUND('',#9836,.F.);
#9836 = EDGE_LOOP('',(#9837,#9848,#9856,#9865,#9873,#9882,#9890));
#9837 = ORIENTED_EDGE('',*,*,#9838,.T.);
#9838 = EDGE_CURVE('',#9839,#9841,#9843,.T.);
#9839 = VERTEX_POINT('',#9840);
#9840 = CARTESIAN_POINT('',(-18.,1.45,1.585));
#9841 = VERTEX_POINT('',#9842);
#9842 = CARTESIAN_POINT('',(-18.,1.55,1.585));
#9843 = CIRCLE('',#9844,5.000000000002E-02);
#9844 = AXIS2_PLACEMENT_3D('',#9845,#9846,#9847);
#9845 = CARTESIAN_POINT('',(-17.99999995228,1.5,1.585));
#9846 = DIRECTION('',(0.,0.,-1.));
#9847 = DIRECTION('',(-9.542365120292E-07,-1.,-0.));
#9848 = ORIENTED_EDGE('',*,*,#9849,.T.);
#9849 = EDGE_CURVE('',#9841,#9850,#9852,.T.);
#9850 = VERTEX_POINT('',#9851);
#9851 = CARTESIAN_POINT('',(-17.,1.55,1.585));
#9852 = LINE('',#9853,#9854);
#9853 = CARTESIAN_POINT('',(-18.,1.55,1.585));
#9854 = VECTOR('',#9855,1.);
#9855 = DIRECTION('',(1.,0.,0.));
#9856 = ORIENTED_EDGE('',*,*,#9857,.T.);
#9857 = EDGE_CURVE('',#9850,#9858,#9860,.T.);
#9858 = VERTEX_POINT('',#9859);
#9859 = CARTESIAN_POINT('',(-16.95,1.5,1.585));
#9860 = CIRCLE('',#9861,5.000014378935E-02);
#9861 = AXIS2_PLACEMENT_3D('',#9862,#9863,#9864);
#9862 = CARTESIAN_POINT('',(-17.00000014378,1.499999856211,1.585));
#9863 = DIRECTION('',(0.,0.,-1.));
#9864 = DIRECTION('',(2.875774612823E-06,0.999999999996,0.));
#9865 = ORIENTED_EDGE('',*,*,#9866,.T.);
#9866 = EDGE_CURVE('',#9858,#9867,#9869,.T.);
#9867 = VERTEX_POINT('',#9868);
#9868 = CARTESIAN_POINT('',(-16.95,0.4,1.585));
#9869 = LINE('',#9870,#9871);
#9870 = CARTESIAN_POINT('',(-16.95,1.5,1.585));
#9871 = VECTOR('',#9872,1.);
#9872 = DIRECTION('',(0.,-1.,0.));
#9873 = ORIENTED_EDGE('',*,*,#9874,.T.);
#9874 = EDGE_CURVE('',#9867,#9875,#9877,.T.);
#9875 = VERTEX_POINT('',#9876);
#9876 = CARTESIAN_POINT('',(-17.05,0.4,1.585));
#9877 = CIRCLE('',#9878,5.000000000002E-02);
#9878 = AXIS2_PLACEMENT_3D('',#9879,#9880,#9881);
#9879 = CARTESIAN_POINT('',(-17.,0.400000047712,1.585));
#9880 = DIRECTION('',(-0.,0.,-1.));
#9881 = DIRECTION('',(1.,-9.542365186905E-07,-0.));
#9882 = ORIENTED_EDGE('',*,*,#9883,.T.);
#9883 = EDGE_CURVE('',#9875,#9884,#9886,.T.);
#9884 = VERTEX_POINT('',#9885);
#9885 = CARTESIAN_POINT('',(-17.05,1.45,1.585));
#9886 = LINE('',#9887,#9888);
#9887 = CARTESIAN_POINT('',(-17.05,0.4,1.585));
#9888 = VECTOR('',#9889,1.);
#9889 = DIRECTION('',(0.,1.,0.));
#9890 = ORIENTED_EDGE('',*,*,#9891,.T.);
#9891 = EDGE_CURVE('',#9884,#9839,#9892,.T.);
#9892 = LINE('',#9893,#9894);
#9893 = CARTESIAN_POINT('',(-17.05,1.45,1.585));
#9894 = VECTOR('',#9895,1.);
#9895 = DIRECTION('',(-1.,0.,0.));
#9896 = PLANE('',#9897);
#9897 = AXIS2_PLACEMENT_3D('',#9898,#9899,#9900);
#9898 = CARTESIAN_POINT('',(0.,0.,1.585));
#9899 = DIRECTION('',(0.,0.,1.));
#9900 = DIRECTION('',(1.,0.,-0.));
#9901 = SHELL_BASED_SURFACE_MODEL('',(#9902));
#9902 = OPEN_SHELL('',(#9903));
#9903 = ADVANCED_FACE('',(#9904),#9965,.T.);
#9904 = FACE_BOUND('',#9905,.F.);
#9905 = EDGE_LOOP('',(#9906,#9917,#9925,#9934,#9942,#9951,#9959));
#9906 = ORIENTED_EDGE('',*,*,#9907,.T.);
#9907 = EDGE_CURVE('',#9908,#9910,#9912,.T.);
#9908 = VERTEX_POINT('',#9909);
#9909 = CARTESIAN_POINT('',(-0.25,1.45,1.585));
#9910 = VERTEX_POINT('',#9911);
#9911 = CARTESIAN_POINT('',(-0.25,1.55,1.585));
#9912 = CIRCLE('',#9913,5.000000000002E-02);
#9913 = AXIS2_PLACEMENT_3D('',#9914,#9915,#9916);
#9914 = CARTESIAN_POINT('',(-0.249999952288,1.5,1.585));
#9915 = DIRECTION('',(0.,0.,-1.));
#9916 = DIRECTION('',(-9.542364814981E-07,-1.,-0.));
#9917 = ORIENTED_EDGE('',*,*,#9918,.T.);
#9918 = EDGE_CURVE('',#9910,#9919,#9921,.T.);
#9919 = VERTEX_POINT('',#9920);
#9920 = CARTESIAN_POINT('',(0.75,1.55,1.585));
#9921 = LINE('',#9922,#9923);
#9922 = CARTESIAN_POINT('',(-0.25,1.55,1.585));
#9923 = VECTOR('',#9924,1.);
#9924 = DIRECTION('',(1.,0.,0.));
#9925 = ORIENTED_EDGE('',*,*,#9926,.T.);
#9926 = EDGE_CURVE('',#9919,#9927,#9929,.T.);
#9927 = VERTEX_POINT('',#9928);
#9928 = CARTESIAN_POINT('',(0.8,1.5,1.585));
#9929 = CIRCLE('',#9930,5.000014378935E-02);
#9930 = AXIS2_PLACEMENT_3D('',#9931,#9932,#9933);
#9931 = CARTESIAN_POINT('',(0.749999856211,1.499999856211,1.585));
#9932 = DIRECTION('',(0.,0.,-1.));
#9933 = DIRECTION('',(2.875774610603E-06,0.999999999996,0.));
#9934 = ORIENTED_EDGE('',*,*,#9935,.T.);
#9935 = EDGE_CURVE('',#9927,#9936,#9938,.T.);
#9936 = VERTEX_POINT('',#9937);
#9937 = CARTESIAN_POINT('',(0.8,0.4,1.585));
#9938 = LINE('',#9939,#9940);
#9939 = CARTESIAN_POINT('',(0.8,1.5,1.585));
#9940 = VECTOR('',#9941,1.);
#9941 = DIRECTION('',(0.,-1.,0.));
#9942 = ORIENTED_EDGE('',*,*,#9943,.T.);
#9943 = EDGE_CURVE('',#9936,#9944,#9946,.T.);
#9944 = VERTEX_POINT('',#9945);
#9945 = CARTESIAN_POINT('',(0.7,0.4,1.585));
#9946 = CIRCLE('',#9947,5.000000000002E-02);
#9947 = AXIS2_PLACEMENT_3D('',#9948,#9949,#9950);
#9948 = CARTESIAN_POINT('',(0.75,0.400000047712,1.585));
#9949 = DIRECTION('',(-0.,0.,-1.));
#9950 = DIRECTION('',(1.,-9.54236480943E-07,-0.));
#9951 = ORIENTED_EDGE('',*,*,#9952,.T.);
#9952 = EDGE_CURVE('',#9944,#9953,#9955,.T.);
#9953 = VERTEX_POINT('',#9954);
#9954 = CARTESIAN_POINT('',(0.7,1.45,1.585));
#9955 = LINE('',#9956,#9957);
#9956 = CARTESIAN_POINT('',(0.7,0.4,1.585));
#9957 = VECTOR('',#9958,1.);
#9958 = DIRECTION('',(0.,1.,0.));
#9959 = ORIENTED_EDGE('',*,*,#9960,.T.);
#9960 = EDGE_CURVE('',#9953,#9908,#9961,.T.);
#9961 = LINE('',#9962,#9963);
#9962 = CARTESIAN_POINT('',(0.7,1.45,1.585));
#9963 = VECTOR('',#9964,1.);
#9964 = DIRECTION('',(-1.,0.,0.));
#9965 = PLANE('',#9966);
#9966 = AXIS2_PLACEMENT_3D('',#9967,#9968,#9969);
#9967 = CARTESIAN_POINT('',(0.,0.,1.585));
#9968 = DIRECTION('',(0.,0.,1.));
#9969 = DIRECTION('',(1.,0.,-0.));
#9970 = SHELL_BASED_SURFACE_MODEL('',(#9971));
#9971 = OPEN_SHELL('',(#9972));
#9972 = ADVANCED_FACE('',(#9973),#10034,.T.);
#9973 = FACE_BOUND('',#9974,.F.);
#9974 = EDGE_LOOP('',(#9975,#9986,#9994,#10003,#10011,#10020,#10028));
#9975 = ORIENTED_EDGE('',*,*,#9976,.T.);
#9976 = EDGE_CURVE('',#9977,#9979,#9981,.T.);
#9977 = VERTEX_POINT('',#9978);
#9978 = CARTESIAN_POINT('',(17.5,1.45,1.585));
#9979 = VERTEX_POINT('',#9980);
#9980 = CARTESIAN_POINT('',(17.5,1.55,1.585));
#9981 = CIRCLE('',#9982,5.000000000002E-02);
#9982 = AXIS2_PLACEMENT_3D('',#9983,#9984,#9985);
#9983 = CARTESIAN_POINT('',(17.500000047712,1.5,1.585));
#9984 = DIRECTION('',(0.,0.,-1.));
#9985 = DIRECTION('',(-9.542365120292E-07,-1.,-0.));
#9986 = ORIENTED_EDGE('',*,*,#9987,.T.);
#9987 = EDGE_CURVE('',#9979,#9988,#9990,.T.);
#9988 = VERTEX_POINT('',#9989);
#9989 = CARTESIAN_POINT('',(18.5,1.55,1.585));
#9990 = LINE('',#9991,#9992);
#9991 = CARTESIAN_POINT('',(17.5,1.55,1.585));
#9992 = VECTOR('',#9993,1.);
#9993 = DIRECTION('',(1.,0.,0.));
#9994 = ORIENTED_EDGE('',*,*,#9995,.T.);
#9995 = EDGE_CURVE('',#9988,#9996,#9998,.T.);
#9996 = VERTEX_POINT('',#9997);
#9997 = CARTESIAN_POINT('',(18.55,1.5,1.585));
#9998 = CIRCLE('',#9999,5.000014378935E-02);
#9999 = AXIS2_PLACEMENT_3D('',#10000,#10001,#10002);
#10000 = CARTESIAN_POINT('',(18.499999856211,1.499999856211,1.585));
#10001 = DIRECTION('',(0.,0.,-1.));
#10002 = DIRECTION('',(2.875774612823E-06,0.999999999996,0.));
#10003 = ORIENTED_EDGE('',*,*,#10004,.T.);
#10004 = EDGE_CURVE('',#9996,#10005,#10007,.T.);
#10005 = VERTEX_POINT('',#10006);
#10006 = CARTESIAN_POINT('',(18.55,0.4,1.585));
#10007 = LINE('',#10008,#10009);
#10008 = CARTESIAN_POINT('',(18.55,1.5,1.585));
#10009 = VECTOR('',#10010,1.);
#10010 = DIRECTION('',(0.,-1.,0.));
#10011 = ORIENTED_EDGE('',*,*,#10012,.T.);
#10012 = EDGE_CURVE('',#10005,#10013,#10015,.T.);
#10013 = VERTEX_POINT('',#10014);
#10014 = CARTESIAN_POINT('',(18.45,0.4,1.585));
#10015 = CIRCLE('',#10016,5.000000000002E-02);
#10016 = AXIS2_PLACEMENT_3D('',#10017,#10018,#10019);
#10017 = CARTESIAN_POINT('',(18.5,0.400000047712,1.585));
#10018 = DIRECTION('',(-0.,0.,-1.));
#10019 = DIRECTION('',(1.,-9.542365186905E-07,-0.));
#10020 = ORIENTED_EDGE('',*,*,#10021,.T.);
#10021 = EDGE_CURVE('',#10013,#10022,#10024,.T.);
#10022 = VERTEX_POINT('',#10023);
#10023 = CARTESIAN_POINT('',(18.45,1.45,1.585));
#10024 = LINE('',#10025,#10026);
#10025 = CARTESIAN_POINT('',(18.45,0.4,1.585));
#10026 = VECTOR('',#10027,1.);
#10027 = DIRECTION('',(0.,1.,0.));
#10028 = ORIENTED_EDGE('',*,*,#10029,.T.);
#10029 = EDGE_CURVE('',#10022,#9977,#10030,.T.);
#10030 = LINE('',#10031,#10032);
#10031 = CARTESIAN_POINT('',(18.45,1.45,1.585));
#10032 = VECTOR('',#10033,1.);
#10033 = DIRECTION('',(-1.,0.,0.));
#10034 = PLANE('',#10035);
#10035 = AXIS2_PLACEMENT_3D('',#10036,#10037,#10038);
#10036 = CARTESIAN_POINT('',(0.,0.,1.585));
#10037 = DIRECTION('',(0.,0.,1.));
#10038 = DIRECTION('',(1.,0.,-0.));
#10039 = SHELL_BASED_SURFACE_MODEL('',(#10040));
#10040 = OPEN_SHELL('',(#10041));
#10041 = ADVANCED_FACE('',(#10042),#10103,.T.);
#10042 = FACE_BOUND('',#10043,.F.);
#10043 = EDGE_LOOP('',(#10044,#10055,#10063,#10072,#10080,#10089,#10097)
  );
#10044 = ORIENTED_EDGE('',*,*,#10045,.T.);
#10045 = EDGE_CURVE('',#10046,#10048,#10050,.T.);
#10046 = VERTEX_POINT('',#10047);
#10047 = CARTESIAN_POINT('',(35.25,1.45,1.585));
#10048 = VERTEX_POINT('',#10049);
#10049 = CARTESIAN_POINT('',(35.25,1.55,1.585));
#10050 = CIRCLE('',#10051,5.000000000002E-02);
#10051 = AXIS2_PLACEMENT_3D('',#10052,#10053,#10054);
#10052 = CARTESIAN_POINT('',(35.250000047712,1.5,1.585));
#10053 = DIRECTION('',(0.,0.,-1.));
#10054 = DIRECTION('',(-9.542364409749E-07,-1.,-0.));
#10055 = ORIENTED_EDGE('',*,*,#10056,.T.);
#10056 = EDGE_CURVE('',#10048,#10057,#10059,.T.);
#10057 = VERTEX_POINT('',#10058);
#10058 = CARTESIAN_POINT('',(36.25,1.55,1.585));
#10059 = LINE('',#10060,#10061);
#10060 = CARTESIAN_POINT('',(35.25,1.55,1.585));
#10061 = VECTOR('',#10062,1.);
#10062 = DIRECTION('',(1.,0.,0.));
#10063 = ORIENTED_EDGE('',*,*,#10064,.T.);
#10064 = EDGE_CURVE('',#10057,#10065,#10067,.T.);
#10065 = VERTEX_POINT('',#10066);
#10066 = CARTESIAN_POINT('',(36.3,1.5,1.585));
#10067 = CIRCLE('',#10068,5.000014378934E-02);
#10068 = AXIS2_PLACEMENT_3D('',#10069,#10070,#10071);
#10069 = CARTESIAN_POINT('',(36.249999856211,1.499999856211,1.585));
#10070 = DIRECTION('',(0.,0.,-1.));
#10071 = DIRECTION('',(2.875774470716E-06,0.999999999996,0.));
#10072 = ORIENTED_EDGE('',*,*,#10073,.T.);
#10073 = EDGE_CURVE('',#10065,#10074,#10076,.T.);
#10074 = VERTEX_POINT('',#10075);
#10075 = CARTESIAN_POINT('',(36.3,0.4,1.585));
#10076 = LINE('',#10077,#10078);
#10077 = CARTESIAN_POINT('',(36.3,1.5,1.585));
#10078 = VECTOR('',#10079,1.);
#10079 = DIRECTION('',(0.,-1.,0.));
#10080 = ORIENTED_EDGE('',*,*,#10081,.T.);
#10081 = EDGE_CURVE('',#10074,#10082,#10084,.T.);
#10082 = VERTEX_POINT('',#10083);
#10083 = CARTESIAN_POINT('',(36.2,0.4,1.585));
#10084 = CIRCLE('',#10085,5.000000000002E-02);
#10085 = AXIS2_PLACEMENT_3D('',#10086,#10087,#10088);
#10086 = CARTESIAN_POINT('',(36.25,0.400000047712,1.585));
#10087 = DIRECTION('',(-0.,0.,-1.));
#10088 = DIRECTION('',(1.,-9.542364098887E-07,-0.));
#10089 = ORIENTED_EDGE('',*,*,#10090,.T.);
#10090 = EDGE_CURVE('',#10082,#10091,#10093,.T.);
#10091 = VERTEX_POINT('',#10092);
#10092 = CARTESIAN_POINT('',(36.2,1.45,1.585));
#10093 = LINE('',#10094,#10095);
#10094 = CARTESIAN_POINT('',(36.2,0.4,1.585));
#10095 = VECTOR('',#10096,1.);
#10096 = DIRECTION('',(0.,1.,0.));
#10097 = ORIENTED_EDGE('',*,*,#10098,.T.);
#10098 = EDGE_CURVE('',#10091,#10046,#10099,.T.);
#10099 = LINE('',#10100,#10101);
#10100 = CARTESIAN_POINT('',(36.2,1.45,1.585));
#10101 = VECTOR('',#10102,1.);
#10102 = DIRECTION('',(-1.,0.,0.));
#10103 = PLANE('',#10104);
#10104 = AXIS2_PLACEMENT_3D('',#10105,#10106,#10107);
#10105 = CARTESIAN_POINT('',(0.,0.,1.585));
#10106 = DIRECTION('',(0.,0.,1.));
#10107 = DIRECTION('',(1.,0.,-0.));
#10108 = SHELL_BASED_SURFACE_MODEL('',(#10109));
#10109 = OPEN_SHELL('',(#10110));
#10110 = ADVANCED_FACE('',(#10111),#10172,.T.);
#10111 = FACE_BOUND('',#10112,.F.);
#10112 = EDGE_LOOP('',(#10113,#10124,#10132,#10141,#10149,#10157,#10166)
  );
#10113 = ORIENTED_EDGE('',*,*,#10114,.T.);
#10114 = EDGE_CURVE('',#10115,#10117,#10119,.T.);
#10115 = VERTEX_POINT('',#10116);
#10116 = CARTESIAN_POINT('',(-27.05,1.5,1.585));
#10117 = VERTEX_POINT('',#10118);
#10118 = CARTESIAN_POINT('',(-27.,1.55,1.585));
#10119 = CIRCLE('',#10120,5.000014378935E-02);
#10120 = AXIS2_PLACEMENT_3D('',#10121,#10122,#10123);
#10121 = CARTESIAN_POINT('',(-26.99999985621,1.499999856211,1.585));
#10122 = DIRECTION('',(0.,0.,-1.));
#10123 = DIRECTION('',(-0.999999999996,2.875774652791E-06,0.));
#10124 = ORIENTED_EDGE('',*,*,#10125,.T.);
#10125 = EDGE_CURVE('',#10117,#10126,#10128,.T.);
#10126 = VERTEX_POINT('',#10127);
#10127 = CARTESIAN_POINT('',(-25.9,1.55,1.585));
#10128 = LINE('',#10129,#10130);
#10129 = CARTESIAN_POINT('',(-27.,1.55,1.585));
#10130 = VECTOR('',#10131,1.);
#10131 = DIRECTION('',(1.,0.,0.));
#10132 = ORIENTED_EDGE('',*,*,#10133,.T.);
#10133 = EDGE_CURVE('',#10126,#10134,#10136,.T.);
#10134 = VERTEX_POINT('',#10135);
#10135 = CARTESIAN_POINT('',(-25.9,1.45,1.585));
#10136 = CIRCLE('',#10137,5.000000000002E-02);
#10137 = AXIS2_PLACEMENT_3D('',#10138,#10139,#10140);
#10138 = CARTESIAN_POINT('',(-25.90000004771,1.5,1.585));
#10139 = DIRECTION('',(0.,0.,-1.));
#10140 = DIRECTION('',(9.542365120292E-07,1.,0.));
#10141 = ORIENTED_EDGE('',*,*,#10142,.T.);
#10142 = EDGE_CURVE('',#10134,#10143,#10145,.T.);
#10143 = VERTEX_POINT('',#10144);
#10144 = CARTESIAN_POINT('',(-26.95,1.45,1.585));
#10145 = LINE('',#10146,#10147);
#10146 = CARTESIAN_POINT('',(-25.9,1.45,1.585));
#10147 = VECTOR('',#10148,1.);
#10148 = DIRECTION('',(-1.,0.,0.));
#10149 = ORIENTED_EDGE('',*,*,#10150,.T.);
#10150 = EDGE_CURVE('',#10143,#10151,#10153,.T.);
#10151 = VERTEX_POINT('',#10152);
#10152 = CARTESIAN_POINT('',(-26.95,0.5,1.585));
#10153 = LINE('',#10154,#10155);
#10154 = CARTESIAN_POINT('',(-26.95,1.45,1.585));
#10155 = VECTOR('',#10156,1.);
#10156 = DIRECTION('',(0.,-1.,0.));
#10157 = ORIENTED_EDGE('',*,*,#10158,.T.);
#10158 = EDGE_CURVE('',#10151,#10159,#10161,.T.);
#10159 = VERTEX_POINT('',#10160);
#10160 = CARTESIAN_POINT('',(-27.05,0.5,1.585));
#10161 = CIRCLE('',#10162,5.000000000002E-02);
#10162 = AXIS2_PLACEMENT_3D('',#10163,#10164,#10165);
#10163 = CARTESIAN_POINT('',(-27.,0.500000047712,1.585));
#10164 = DIRECTION('',(-0.,0.,-1.));
#10165 = DIRECTION('',(1.,-9.542365186905E-07,-0.));
#10166 = ORIENTED_EDGE('',*,*,#10167,.T.);
#10167 = EDGE_CURVE('',#10159,#10115,#10168,.T.);
#10168 = LINE('',#10169,#10170);
#10169 = CARTESIAN_POINT('',(-27.05,0.5,1.585));
#10170 = VECTOR('',#10171,1.);
#10171 = DIRECTION('',(0.,1.,0.));
#10172 = PLANE('',#10173);
#10173 = AXIS2_PLACEMENT_3D('',#10174,#10175,#10176);
#10174 = CARTESIAN_POINT('',(0.,0.,1.585));
#10175 = DIRECTION('',(0.,0.,1.));
#10176 = DIRECTION('',(1.,0.,-0.));
#10177 = SHELL_BASED_SURFACE_MODEL('',(#10178));
#10178 = OPEN_SHELL('',(#10179));
#10179 = ADVANCED_FACE('',(#10180),#10241,.T.);
#10180 = FACE_BOUND('',#10181,.F.);
#10181 = EDGE_LOOP('',(#10182,#10193,#10201,#10210,#10218,#10226,#10235)
  );
#10182 = ORIENTED_EDGE('',*,*,#10183,.T.);
#10183 = EDGE_CURVE('',#10184,#10186,#10188,.T.);
#10184 = VERTEX_POINT('',#10185);
#10185 = CARTESIAN_POINT('',(-9.3,1.5,1.585));
#10186 = VERTEX_POINT('',#10187);
#10187 = CARTESIAN_POINT('',(-9.25,1.55,1.585));
#10188 = CIRCLE('',#10189,5.000014378935E-02);
#10189 = AXIS2_PLACEMENT_3D('',#10190,#10191,#10192);
#10190 = CARTESIAN_POINT('',(-9.249999856211,1.499999856211,1.585));
#10191 = DIRECTION('',(0.,0.,-1.));
#10192 = DIRECTION('',(-0.999999999996,2.875774661673E-06,0.));
#10193 = ORIENTED_EDGE('',*,*,#10194,.T.);
#10194 = EDGE_CURVE('',#10186,#10195,#10197,.T.);
#10195 = VERTEX_POINT('',#10196);
#10196 = CARTESIAN_POINT('',(-8.15,1.55,1.585));
#10197 = LINE('',#10198,#10199);
#10198 = CARTESIAN_POINT('',(-9.25,1.55,1.585));
#10199 = VECTOR('',#10200,1.);
#10200 = DIRECTION('',(1.,0.,0.));
#10201 = ORIENTED_EDGE('',*,*,#10202,.T.);
#10202 = EDGE_CURVE('',#10195,#10203,#10205,.T.);
#10203 = VERTEX_POINT('',#10204);
#10204 = CARTESIAN_POINT('',(-8.15,1.45,1.585));
#10205 = CIRCLE('',#10206,5.000000000002E-02);
#10206 = AXIS2_PLACEMENT_3D('',#10207,#10208,#10209);
#10207 = CARTESIAN_POINT('',(-8.150000047712,1.5,1.585));
#10208 = DIRECTION('',(0.,0.,-1.));
#10209 = DIRECTION('',(9.542364765021E-07,1.,0.));
#10210 = ORIENTED_EDGE('',*,*,#10211,.T.);
#10211 = EDGE_CURVE('',#10203,#10212,#10214,.T.);
#10212 = VERTEX_POINT('',#10213);
#10213 = CARTESIAN_POINT('',(-9.2,1.45,1.585));
#10214 = LINE('',#10215,#10216);
#10215 = CARTESIAN_POINT('',(-8.15,1.45,1.585));
#10216 = VECTOR('',#10217,1.);
#10217 = DIRECTION('',(-1.,0.,0.));
#10218 = ORIENTED_EDGE('',*,*,#10219,.T.);
#10219 = EDGE_CURVE('',#10212,#10220,#10222,.T.);
#10220 = VERTEX_POINT('',#10221);
#10221 = CARTESIAN_POINT('',(-9.2,0.5,1.585));
#10222 = LINE('',#10223,#10224);
#10223 = CARTESIAN_POINT('',(-9.2,1.45,1.585));
#10224 = VECTOR('',#10225,1.);
#10225 = DIRECTION('',(0.,-1.,0.));
#10226 = ORIENTED_EDGE('',*,*,#10227,.T.);
#10227 = EDGE_CURVE('',#10220,#10228,#10230,.T.);
#10228 = VERTEX_POINT('',#10229);
#10229 = CARTESIAN_POINT('',(-9.3,0.5,1.585));
#10230 = CIRCLE('',#10231,5.000000000002E-02);
#10231 = AXIS2_PLACEMENT_3D('',#10232,#10233,#10234);
#10232 = CARTESIAN_POINT('',(-9.25,0.500000047712,1.585));
#10233 = DIRECTION('',(-0.,0.,-1.));
#10234 = DIRECTION('',(1.,-9.54236500927E-07,-0.));
#10235 = ORIENTED_EDGE('',*,*,#10236,.T.);
#10236 = EDGE_CURVE('',#10228,#10184,#10237,.T.);
#10237 = LINE('',#10238,#10239);
#10238 = CARTESIAN_POINT('',(-9.3,0.5,1.585));
#10239 = VECTOR('',#10240,1.);
#10240 = DIRECTION('',(0.,1.,0.));
#10241 = PLANE('',#10242);
#10242 = AXIS2_PLACEMENT_3D('',#10243,#10244,#10245);
#10243 = CARTESIAN_POINT('',(0.,0.,1.585));
#10244 = DIRECTION('',(0.,0.,1.));
#10245 = DIRECTION('',(1.,0.,-0.));
#10246 = SHELL_BASED_SURFACE_MODEL('',(#10247));
#10247 = OPEN_SHELL('',(#10248));
#10248 = ADVANCED_FACE('',(#10249),#10310,.T.);
#10249 = FACE_BOUND('',#10250,.F.);
#10250 = EDGE_LOOP('',(#10251,#10262,#10270,#10279,#10287,#10295,#10304)
  );
#10251 = ORIENTED_EDGE('',*,*,#10252,.T.);
#10252 = EDGE_CURVE('',#10253,#10255,#10257,.T.);
#10253 = VERTEX_POINT('',#10254);
#10254 = CARTESIAN_POINT('',(8.45,1.5,1.585));
#10255 = VERTEX_POINT('',#10256);
#10256 = CARTESIAN_POINT('',(8.5,1.55,1.585));
#10257 = CIRCLE('',#10258,5.000014378935E-02);
#10258 = AXIS2_PLACEMENT_3D('',#10259,#10260,#10261);
#10259 = CARTESIAN_POINT('',(8.500000143789,1.499999856211,1.585));
#10260 = DIRECTION('',(0.,0.,-1.));
#10261 = DIRECTION('',(-0.999999999996,2.875774661673E-06,0.));
#10262 = ORIENTED_EDGE('',*,*,#10263,.T.);
#10263 = EDGE_CURVE('',#10255,#10264,#10266,.T.);
#10264 = VERTEX_POINT('',#10265);
#10265 = CARTESIAN_POINT('',(9.6,1.55,1.585));
#10266 = LINE('',#10267,#10268);
#10267 = CARTESIAN_POINT('',(8.5,1.55,1.585));
#10268 = VECTOR('',#10269,1.);
#10269 = DIRECTION('',(1.,0.,0.));
#10270 = ORIENTED_EDGE('',*,*,#10271,.T.);
#10271 = EDGE_CURVE('',#10264,#10272,#10274,.T.);
#10272 = VERTEX_POINT('',#10273);
#10273 = CARTESIAN_POINT('',(9.6,1.45,1.585));
#10274 = CIRCLE('',#10275,5.000000000002E-02);
#10275 = AXIS2_PLACEMENT_3D('',#10276,#10277,#10278);
#10276 = CARTESIAN_POINT('',(9.599999952288,1.5,1.585));
#10277 = DIRECTION('',(0.,0.,-1.));
#10278 = DIRECTION('',(9.542364765021E-07,1.,0.));
#10279 = ORIENTED_EDGE('',*,*,#10280,.T.);
#10280 = EDGE_CURVE('',#10272,#10281,#10283,.T.);
#10281 = VERTEX_POINT('',#10282);
#10282 = CARTESIAN_POINT('',(8.55,1.45,1.585));
#10283 = LINE('',#10284,#10285);
#10284 = CARTESIAN_POINT('',(9.6,1.45,1.585));
#10285 = VECTOR('',#10286,1.);
#10286 = DIRECTION('',(-1.,0.,0.));
#10287 = ORIENTED_EDGE('',*,*,#10288,.T.);
#10288 = EDGE_CURVE('',#10281,#10289,#10291,.T.);
#10289 = VERTEX_POINT('',#10290);
#10290 = CARTESIAN_POINT('',(8.55,0.5,1.585));
#10291 = LINE('',#10292,#10293);
#10292 = CARTESIAN_POINT('',(8.55,1.45,1.585));
#10293 = VECTOR('',#10294,1.);
#10294 = DIRECTION('',(0.,-1.,0.));
#10295 = ORIENTED_EDGE('',*,*,#10296,.T.);
#10296 = EDGE_CURVE('',#10289,#10297,#10299,.T.);
#10297 = VERTEX_POINT('',#10298);
#10298 = CARTESIAN_POINT('',(8.45,0.5,1.585));
#10299 = CIRCLE('',#10300,5.000000000002E-02);
#10300 = AXIS2_PLACEMENT_3D('',#10301,#10302,#10303);
#10301 = CARTESIAN_POINT('',(8.5,0.500000047712,1.585));
#10302 = DIRECTION('',(-0.,0.,-1.));
#10303 = DIRECTION('',(1.,-9.54236500927E-07,-0.));
#10304 = ORIENTED_EDGE('',*,*,#10305,.T.);
#10305 = EDGE_CURVE('',#10297,#10253,#10306,.T.);
#10306 = LINE('',#10307,#10308);
#10307 = CARTESIAN_POINT('',(8.45,0.5,1.585));
#10308 = VECTOR('',#10309,1.);
#10309 = DIRECTION('',(0.,1.,0.));
#10310 = PLANE('',#10311);
#10311 = AXIS2_PLACEMENT_3D('',#10312,#10313,#10314);
#10312 = CARTESIAN_POINT('',(0.,0.,1.585));
#10313 = DIRECTION('',(0.,0.,1.));
#10314 = DIRECTION('',(1.,0.,-0.));
#10315 = SHELL_BASED_SURFACE_MODEL('',(#10316));
#10316 = OPEN_SHELL('',(#10317));
#10317 = ADVANCED_FACE('',(#10318),#10379,.T.);
#10318 = FACE_BOUND('',#10319,.F.);
#10319 = EDGE_LOOP('',(#10320,#10331,#10339,#10348,#10356,#10364,#10373)
  );
#10320 = ORIENTED_EDGE('',*,*,#10321,.T.);
#10321 = EDGE_CURVE('',#10322,#10324,#10326,.T.);
#10322 = VERTEX_POINT('',#10323);
#10323 = CARTESIAN_POINT('',(26.2,1.5,1.585));
#10324 = VERTEX_POINT('',#10325);
#10325 = CARTESIAN_POINT('',(26.25,1.55,1.585));
#10326 = CIRCLE('',#10327,5.000014378935E-02);
#10327 = AXIS2_PLACEMENT_3D('',#10328,#10329,#10330);
#10328 = CARTESIAN_POINT('',(26.250000143789,1.499999856211,1.585));
#10329 = DIRECTION('',(0.,0.,-1.));
#10330 = DIRECTION('',(-0.999999999996,2.875774652791E-06,0.));
#10331 = ORIENTED_EDGE('',*,*,#10332,.T.);
#10332 = EDGE_CURVE('',#10324,#10333,#10335,.T.);
#10333 = VERTEX_POINT('',#10334);
#10334 = CARTESIAN_POINT('',(27.35,1.55,1.585));
#10335 = LINE('',#10336,#10337);
#10336 = CARTESIAN_POINT('',(26.25,1.55,1.585));
#10337 = VECTOR('',#10338,1.);
#10338 = DIRECTION('',(1.,0.,0.));
#10339 = ORIENTED_EDGE('',*,*,#10340,.T.);
#10340 = EDGE_CURVE('',#10333,#10341,#10343,.T.);
#10341 = VERTEX_POINT('',#10342);
#10342 = CARTESIAN_POINT('',(27.35,1.45,1.585));
#10343 = CIRCLE('',#10344,5.000000000002E-02);
#10344 = AXIS2_PLACEMENT_3D('',#10345,#10346,#10347);
#10345 = CARTESIAN_POINT('',(27.349999952288,1.5,1.585));
#10346 = DIRECTION('',(0.,0.,-1.));
#10347 = DIRECTION('',(9.542365120292E-07,1.,0.));
#10348 = ORIENTED_EDGE('',*,*,#10349,.T.);
#10349 = EDGE_CURVE('',#10341,#10350,#10352,.T.);
#10350 = VERTEX_POINT('',#10351);
#10351 = CARTESIAN_POINT('',(26.3,1.45,1.585));
#10352 = LINE('',#10353,#10354);
#10353 = CARTESIAN_POINT('',(27.35,1.45,1.585));
#10354 = VECTOR('',#10355,1.);
#10355 = DIRECTION('',(-1.,0.,0.));
#10356 = ORIENTED_EDGE('',*,*,#10357,.T.);
#10357 = EDGE_CURVE('',#10350,#10358,#10360,.T.);
#10358 = VERTEX_POINT('',#10359);
#10359 = CARTESIAN_POINT('',(26.3,0.5,1.585));
#10360 = LINE('',#10361,#10362);
#10361 = CARTESIAN_POINT('',(26.3,1.45,1.585));
#10362 = VECTOR('',#10363,1.);
#10363 = DIRECTION('',(0.,-1.,0.));
#10364 = ORIENTED_EDGE('',*,*,#10365,.T.);
#10365 = EDGE_CURVE('',#10358,#10366,#10368,.T.);
#10366 = VERTEX_POINT('',#10367);
#10367 = CARTESIAN_POINT('',(26.2,0.5,1.585));
#10368 = CIRCLE('',#10369,5.000000000002E-02);
#10369 = AXIS2_PLACEMENT_3D('',#10370,#10371,#10372);
#10370 = CARTESIAN_POINT('',(26.25,0.500000047712,1.585));
#10371 = DIRECTION('',(-0.,0.,-1.));
#10372 = DIRECTION('',(1.,-9.542365186905E-07,-0.));
#10373 = ORIENTED_EDGE('',*,*,#10374,.T.);
#10374 = EDGE_CURVE('',#10366,#10322,#10375,.T.);
#10375 = LINE('',#10376,#10377);
#10376 = CARTESIAN_POINT('',(26.2,0.5,1.585));
#10377 = VECTOR('',#10378,1.);
#10378 = DIRECTION('',(0.,1.,0.));
#10379 = PLANE('',#10380);
#10380 = AXIS2_PLACEMENT_3D('',#10381,#10382,#10383);
#10381 = CARTESIAN_POINT('',(0.,0.,1.585));
#10382 = DIRECTION('',(0.,0.,1.));
#10383 = DIRECTION('',(1.,0.,-0.));
#10384 = SHELL_BASED_SURFACE_MODEL('',(#10385));
#10385 = OPEN_SHELL('',(#10386));
#10386 = ADVANCED_FACE('',(#10387),#10423,.T.);
#10387 = FACE_BOUND('',#10388,.F.);
#10388 = EDGE_LOOP('',(#10389,#10400,#10408,#10417));
#10389 = ORIENTED_EDGE('',*,*,#10390,.T.);
#10390 = EDGE_CURVE('',#10391,#10393,#10395,.T.);
#10391 = VERTEX_POINT('',#10392);
#10392 = CARTESIAN_POINT('',(-25.5,1.45,1.585));
#10393 = VERTEX_POINT('',#10394);
#10394 = CARTESIAN_POINT('',(-25.5,1.55,1.585));
#10395 = CIRCLE('',#10396,5.000000000002E-02);
#10396 = AXIS2_PLACEMENT_3D('',#10397,#10398,#10399);
#10397 = CARTESIAN_POINT('',(-25.49999995228,1.5,1.585));
#10398 = DIRECTION('',(0.,0.,-1.));
#10399 = DIRECTION('',(-9.542365120292E-07,-1.,-0.));
#10400 = ORIENTED_EDGE('',*,*,#10401,.T.);
#10401 = EDGE_CURVE('',#10393,#10402,#10404,.T.);
#10402 = VERTEX_POINT('',#10403);
#10403 = CARTESIAN_POINT('',(-24.4,1.55,1.585));
#10404 = LINE('',#10405,#10406);
#10405 = CARTESIAN_POINT('',(-25.5,1.55,1.585));
#10406 = VECTOR('',#10407,1.);
#10407 = DIRECTION('',(1.,0.,0.));
#10408 = ORIENTED_EDGE('',*,*,#10409,.T.);
#10409 = EDGE_CURVE('',#10402,#10410,#10412,.T.);
#10410 = VERTEX_POINT('',#10411);
#10411 = CARTESIAN_POINT('',(-24.4,1.45,1.585));
#10412 = CIRCLE('',#10413,5.000000000002E-02);
#10413 = AXIS2_PLACEMENT_3D('',#10414,#10415,#10416);
#10414 = CARTESIAN_POINT('',(-24.40000004771,1.5,1.585));
#10415 = DIRECTION('',(0.,0.,-1.));
#10416 = DIRECTION('',(9.542365120292E-07,1.,0.));
#10417 = ORIENTED_EDGE('',*,*,#10418,.T.);
#10418 = EDGE_CURVE('',#10410,#10391,#10419,.T.);
#10419 = LINE('',#10420,#10421);
#10420 = CARTESIAN_POINT('',(-24.4,1.45,1.585));
#10421 = VECTOR('',#10422,1.);
#10422 = DIRECTION('',(-1.,0.,0.));
#10423 = PLANE('',#10424);
#10424 = AXIS2_PLACEMENT_3D('',#10425,#10426,#10427);
#10425 = CARTESIAN_POINT('',(0.,0.,1.585));
#10426 = DIRECTION('',(0.,0.,1.));
#10427 = DIRECTION('',(1.,0.,-0.));
#10428 = SHELL_BASED_SURFACE_MODEL('',(#10429));
#10429 = OPEN_SHELL('',(#10430));
#10430 = ADVANCED_FACE('',(#10431),#10467,.T.);
#10431 = FACE_BOUND('',#10432,.F.);
#10432 = EDGE_LOOP('',(#10433,#10444,#10452,#10461));
#10433 = ORIENTED_EDGE('',*,*,#10434,.T.);
#10434 = EDGE_CURVE('',#10435,#10437,#10439,.T.);
#10435 = VERTEX_POINT('',#10436);
#10436 = CARTESIAN_POINT('',(-24.,1.45,1.585));
#10437 = VERTEX_POINT('',#10438);
#10438 = CARTESIAN_POINT('',(-24.,1.55,1.585));
#10439 = CIRCLE('',#10440,5.000000000002E-02);
#10440 = AXIS2_PLACEMENT_3D('',#10441,#10442,#10443);
#10441 = CARTESIAN_POINT('',(-23.99999995228,1.5,1.585));
#10442 = DIRECTION('',(0.,0.,-1.));
#10443 = DIRECTION('',(-9.542365120292E-07,-1.,-0.));
#10444 = ORIENTED_EDGE('',*,*,#10445,.T.);
#10445 = EDGE_CURVE('',#10437,#10446,#10448,.T.);
#10446 = VERTEX_POINT('',#10447);
#10447 = CARTESIAN_POINT('',(-22.9,1.55,1.585));
#10448 = LINE('',#10449,#10450);
#10449 = CARTESIAN_POINT('',(-24.,1.55,1.585));
#10450 = VECTOR('',#10451,1.);
#10451 = DIRECTION('',(1.,0.,0.));
#10452 = ORIENTED_EDGE('',*,*,#10453,.T.);
#10453 = EDGE_CURVE('',#10446,#10454,#10456,.T.);
#10454 = VERTEX_POINT('',#10455);
#10455 = CARTESIAN_POINT('',(-22.9,1.45,1.585));
#10456 = CIRCLE('',#10457,5.000000000002E-02);
#10457 = AXIS2_PLACEMENT_3D('',#10458,#10459,#10460);
#10458 = CARTESIAN_POINT('',(-22.90000004771,1.5,1.585));
#10459 = DIRECTION('',(0.,0.,-1.));
#10460 = DIRECTION('',(9.542365120292E-07,1.,0.));
#10461 = ORIENTED_EDGE('',*,*,#10462,.T.);
#10462 = EDGE_CURVE('',#10454,#10435,#10463,.T.);
#10463 = LINE('',#10464,#10465);
#10464 = CARTESIAN_POINT('',(-22.9,1.45,1.585));
#10465 = VECTOR('',#10466,1.);
#10466 = DIRECTION('',(-1.,0.,0.));
#10467 = PLANE('',#10468);
#10468 = AXIS2_PLACEMENT_3D('',#10469,#10470,#10471);
#10469 = CARTESIAN_POINT('',(0.,0.,1.585));
#10470 = DIRECTION('',(0.,0.,1.));
#10471 = DIRECTION('',(1.,0.,-0.));
#10472 = SHELL_BASED_SURFACE_MODEL('',(#10473));
#10473 = OPEN_SHELL('',(#10474));
#10474 = ADVANCED_FACE('',(#10475),#10511,.T.);
#10475 = FACE_BOUND('',#10476,.F.);
#10476 = EDGE_LOOP('',(#10477,#10488,#10496,#10505));
#10477 = ORIENTED_EDGE('',*,*,#10478,.T.);
#10478 = EDGE_CURVE('',#10479,#10481,#10483,.T.);
#10479 = VERTEX_POINT('',#10480);
#10480 = CARTESIAN_POINT('',(-22.5,1.45,1.585));
#10481 = VERTEX_POINT('',#10482);
#10482 = CARTESIAN_POINT('',(-22.5,1.55,1.585));
#10483 = CIRCLE('',#10484,5.000000000002E-02);
#10484 = AXIS2_PLACEMENT_3D('',#10485,#10486,#10487);
#10485 = CARTESIAN_POINT('',(-22.49999995228,1.5,1.585));
#10486 = DIRECTION('',(0.,0.,-1.));
#10487 = DIRECTION('',(-9.542365120292E-07,-1.,-0.));
#10488 = ORIENTED_EDGE('',*,*,#10489,.T.);
#10489 = EDGE_CURVE('',#10481,#10490,#10492,.T.);
#10490 = VERTEX_POINT('',#10491);
#10491 = CARTESIAN_POINT('',(-21.4,1.55,1.585));
#10492 = LINE('',#10493,#10494);
#10493 = CARTESIAN_POINT('',(-22.5,1.55,1.585));
#10494 = VECTOR('',#10495,1.);
#10495 = DIRECTION('',(1.,0.,0.));
#10496 = ORIENTED_EDGE('',*,*,#10497,.T.);
#10497 = EDGE_CURVE('',#10490,#10498,#10500,.T.);
#10498 = VERTEX_POINT('',#10499);
#10499 = CARTESIAN_POINT('',(-21.4,1.45,1.585));
#10500 = CIRCLE('',#10501,5.000000000002E-02);
#10501 = AXIS2_PLACEMENT_3D('',#10502,#10503,#10504);
#10502 = CARTESIAN_POINT('',(-21.40000004771,1.5,1.585));
#10503 = DIRECTION('',(0.,0.,-1.));
#10504 = DIRECTION('',(9.542365120292E-07,1.,0.));
#10505 = ORIENTED_EDGE('',*,*,#10506,.T.);
#10506 = EDGE_CURVE('',#10498,#10479,#10507,.T.);
#10507 = LINE('',#10508,#10509);
#10508 = CARTESIAN_POINT('',(-21.4,1.45,1.585));
#10509 = VECTOR('',#10510,1.);
#10510 = DIRECTION('',(-1.,0.,0.));
#10511 = PLANE('',#10512);
#10512 = AXIS2_PLACEMENT_3D('',#10513,#10514,#10515);
#10513 = CARTESIAN_POINT('',(0.,0.,1.585));
#10514 = DIRECTION('',(0.,0.,1.));
#10515 = DIRECTION('',(1.,0.,-0.));
#10516 = SHELL_BASED_SURFACE_MODEL('',(#10517));
#10517 = OPEN_SHELL('',(#10518));
#10518 = ADVANCED_FACE('',(#10519),#10555,.T.);
#10519 = FACE_BOUND('',#10520,.F.);
#10520 = EDGE_LOOP('',(#10521,#10532,#10540,#10549));
#10521 = ORIENTED_EDGE('',*,*,#10522,.T.);
#10522 = EDGE_CURVE('',#10523,#10525,#10527,.T.);
#10523 = VERTEX_POINT('',#10524);
#10524 = CARTESIAN_POINT('',(-21.,1.45,1.585));
#10525 = VERTEX_POINT('',#10526);
#10526 = CARTESIAN_POINT('',(-21.,1.55,1.585));
#10527 = CIRCLE('',#10528,5.000000000002E-02);
#10528 = AXIS2_PLACEMENT_3D('',#10529,#10530,#10531);
#10529 = CARTESIAN_POINT('',(-20.99999995228,1.5,1.585));
#10530 = DIRECTION('',(0.,0.,-1.));
#10531 = DIRECTION('',(-9.542365120292E-07,-1.,-0.));
#10532 = ORIENTED_EDGE('',*,*,#10533,.T.);
#10533 = EDGE_CURVE('',#10525,#10534,#10536,.T.);
#10534 = VERTEX_POINT('',#10535);
#10535 = CARTESIAN_POINT('',(-19.9,1.55,1.585));
#10536 = LINE('',#10537,#10538);
#10537 = CARTESIAN_POINT('',(-21.,1.55,1.585));
#10538 = VECTOR('',#10539,1.);
#10539 = DIRECTION('',(1.,0.,0.));
#10540 = ORIENTED_EDGE('',*,*,#10541,.T.);
#10541 = EDGE_CURVE('',#10534,#10542,#10544,.T.);
#10542 = VERTEX_POINT('',#10543);
#10543 = CARTESIAN_POINT('',(-19.9,1.45,1.585));
#10544 = CIRCLE('',#10545,5.000000000002E-02);
#10545 = AXIS2_PLACEMENT_3D('',#10546,#10547,#10548);
#10546 = CARTESIAN_POINT('',(-19.90000004771,1.5,1.585));
#10547 = DIRECTION('',(0.,0.,-1.));
#10548 = DIRECTION('',(9.542365120292E-07,1.,0.));
#10549 = ORIENTED_EDGE('',*,*,#10550,.T.);
#10550 = EDGE_CURVE('',#10542,#10523,#10551,.T.);
#10551 = LINE('',#10552,#10553);
#10552 = CARTESIAN_POINT('',(-19.9,1.45,1.585));
#10553 = VECTOR('',#10554,1.);
#10554 = DIRECTION('',(-1.,0.,0.));
#10555 = PLANE('',#10556);
#10556 = AXIS2_PLACEMENT_3D('',#10557,#10558,#10559);
#10557 = CARTESIAN_POINT('',(0.,0.,1.585));
#10558 = DIRECTION('',(0.,0.,1.));
#10559 = DIRECTION('',(1.,0.,-0.));
#10560 = SHELL_BASED_SURFACE_MODEL('',(#10561));
#10561 = OPEN_SHELL('',(#10562));
#10562 = ADVANCED_FACE('',(#10563),#10599,.T.);
#10563 = FACE_BOUND('',#10564,.F.);
#10564 = EDGE_LOOP('',(#10565,#10576,#10584,#10593));
#10565 = ORIENTED_EDGE('',*,*,#10566,.T.);
#10566 = EDGE_CURVE('',#10567,#10569,#10571,.T.);
#10567 = VERTEX_POINT('',#10568);
#10568 = CARTESIAN_POINT('',(-19.5,1.45,1.585));
#10569 = VERTEX_POINT('',#10570);
#10570 = CARTESIAN_POINT('',(-19.5,1.55,1.585));
#10571 = CIRCLE('',#10572,5.000000000002E-02);
#10572 = AXIS2_PLACEMENT_3D('',#10573,#10574,#10575);
#10573 = CARTESIAN_POINT('',(-19.49999995228,1.5,1.585));
#10574 = DIRECTION('',(0.,0.,-1.));
#10575 = DIRECTION('',(-9.542365120292E-07,-1.,-0.));
#10576 = ORIENTED_EDGE('',*,*,#10577,.T.);
#10577 = EDGE_CURVE('',#10569,#10578,#10580,.T.);
#10578 = VERTEX_POINT('',#10579);
#10579 = CARTESIAN_POINT('',(-18.4,1.55,1.585));
#10580 = LINE('',#10581,#10582);
#10581 = CARTESIAN_POINT('',(-19.5,1.55,1.585));
#10582 = VECTOR('',#10583,1.);
#10583 = DIRECTION('',(1.,0.,0.));
#10584 = ORIENTED_EDGE('',*,*,#10585,.T.);
#10585 = EDGE_CURVE('',#10578,#10586,#10588,.T.);
#10586 = VERTEX_POINT('',#10587);
#10587 = CARTESIAN_POINT('',(-18.4,1.45,1.585));
#10588 = CIRCLE('',#10589,5.000000000002E-02);
#10589 = AXIS2_PLACEMENT_3D('',#10590,#10591,#10592);
#10590 = CARTESIAN_POINT('',(-18.40000004771,1.5,1.585));
#10591 = DIRECTION('',(0.,0.,-1.));
#10592 = DIRECTION('',(9.542365120292E-07,1.,0.));
#10593 = ORIENTED_EDGE('',*,*,#10594,.T.);
#10594 = EDGE_CURVE('',#10586,#10567,#10595,.T.);
#10595 = LINE('',#10596,#10597);
#10596 = CARTESIAN_POINT('',(-18.4,1.45,1.585));
#10597 = VECTOR('',#10598,1.);
#10598 = DIRECTION('',(-1.,0.,0.));
#10599 = PLANE('',#10600);
#10600 = AXIS2_PLACEMENT_3D('',#10601,#10602,#10603);
#10601 = CARTESIAN_POINT('',(0.,0.,1.585));
#10602 = DIRECTION('',(0.,0.,1.));
#10603 = DIRECTION('',(1.,0.,-0.));
#10604 = SHELL_BASED_SURFACE_MODEL('',(#10605));
#10605 = OPEN_SHELL('',(#10606));
#10606 = ADVANCED_FACE('',(#10607),#10643,.T.);
#10607 = FACE_BOUND('',#10608,.F.);
#10608 = EDGE_LOOP('',(#10609,#10620,#10628,#10637));
#10609 = ORIENTED_EDGE('',*,*,#10610,.T.);
#10610 = EDGE_CURVE('',#10611,#10613,#10615,.T.);
#10611 = VERTEX_POINT('',#10612);
#10612 = CARTESIAN_POINT('',(-7.75,1.45,1.585));
#10613 = VERTEX_POINT('',#10614);
#10614 = CARTESIAN_POINT('',(-7.75,1.55,1.585));
#10615 = CIRCLE('',#10616,5.000000000002E-02);
#10616 = AXIS2_PLACEMENT_3D('',#10617,#10618,#10619);
#10617 = CARTESIAN_POINT('',(-7.749999952288,1.5,1.585));
#10618 = DIRECTION('',(0.,0.,-1.));
#10619 = DIRECTION('',(-9.542364765021E-07,-1.,-0.));
#10620 = ORIENTED_EDGE('',*,*,#10621,.T.);
#10621 = EDGE_CURVE('',#10613,#10622,#10624,.T.);
#10622 = VERTEX_POINT('',#10623);
#10623 = CARTESIAN_POINT('',(-6.65,1.55,1.585));
#10624 = LINE('',#10625,#10626);
#10625 = CARTESIAN_POINT('',(-7.75,1.55,1.585));
#10626 = VECTOR('',#10627,1.);
#10627 = DIRECTION('',(1.,0.,0.));
#10628 = ORIENTED_EDGE('',*,*,#10629,.T.);
#10629 = EDGE_CURVE('',#10622,#10630,#10632,.T.);
#10630 = VERTEX_POINT('',#10631);
#10631 = CARTESIAN_POINT('',(-6.65,1.45,1.585));
#10632 = CIRCLE('',#10633,5.000000000002E-02);
#10633 = AXIS2_PLACEMENT_3D('',#10634,#10635,#10636);
#10634 = CARTESIAN_POINT('',(-6.650000047712,1.5,1.585));
#10635 = DIRECTION('',(0.,0.,-1.));
#10636 = DIRECTION('',(9.542364765021E-07,1.,0.));
#10637 = ORIENTED_EDGE('',*,*,#10638,.T.);
#10638 = EDGE_CURVE('',#10630,#10611,#10639,.T.);
#10639 = LINE('',#10640,#10641);
#10640 = CARTESIAN_POINT('',(-6.65,1.45,1.585));
#10641 = VECTOR('',#10642,1.);
#10642 = DIRECTION('',(-1.,0.,0.));
#10643 = PLANE('',#10644);
#10644 = AXIS2_PLACEMENT_3D('',#10645,#10646,#10647);
#10645 = CARTESIAN_POINT('',(0.,0.,1.585));
#10646 = DIRECTION('',(0.,0.,1.));
#10647 = DIRECTION('',(1.,0.,-0.));
#10648 = SHELL_BASED_SURFACE_MODEL('',(#10649));
#10649 = OPEN_SHELL('',(#10650));
#10650 = ADVANCED_FACE('',(#10651),#10687,.T.);
#10651 = FACE_BOUND('',#10652,.F.);
#10652 = EDGE_LOOP('',(#10653,#10664,#10672,#10681));
#10653 = ORIENTED_EDGE('',*,*,#10654,.T.);
#10654 = EDGE_CURVE('',#10655,#10657,#10659,.T.);
#10655 = VERTEX_POINT('',#10656);
#10656 = CARTESIAN_POINT('',(-6.25,1.45,1.585));
#10657 = VERTEX_POINT('',#10658);
#10658 = CARTESIAN_POINT('',(-6.25,1.55,1.585));
#10659 = CIRCLE('',#10660,5.000000000002E-02);
#10660 = AXIS2_PLACEMENT_3D('',#10661,#10662,#10663);
#10661 = CARTESIAN_POINT('',(-6.249999952288,1.5,1.585));
#10662 = DIRECTION('',(0.,0.,-1.));
#10663 = DIRECTION('',(-9.542364765021E-07,-1.,-0.));
#10664 = ORIENTED_EDGE('',*,*,#10665,.T.);
#10665 = EDGE_CURVE('',#10657,#10666,#10668,.T.);
#10666 = VERTEX_POINT('',#10667);
#10667 = CARTESIAN_POINT('',(-5.15,1.55,1.585));
#10668 = LINE('',#10669,#10670);
#10669 = CARTESIAN_POINT('',(-6.25,1.55,1.585));
#10670 = VECTOR('',#10671,1.);
#10671 = DIRECTION('',(1.,0.,0.));
#10672 = ORIENTED_EDGE('',*,*,#10673,.T.);
#10673 = EDGE_CURVE('',#10666,#10674,#10676,.T.);
#10674 = VERTEX_POINT('',#10675);
#10675 = CARTESIAN_POINT('',(-5.15,1.45,1.585));
#10676 = CIRCLE('',#10677,5.000000000002E-02);
#10677 = AXIS2_PLACEMENT_3D('',#10678,#10679,#10680);
#10678 = CARTESIAN_POINT('',(-5.150000047712,1.5,1.585));
#10679 = DIRECTION('',(0.,0.,-1.));
#10680 = DIRECTION('',(9.542364765021E-07,1.,0.));
#10681 = ORIENTED_EDGE('',*,*,#10682,.T.);
#10682 = EDGE_CURVE('',#10674,#10655,#10683,.T.);
#10683 = LINE('',#10684,#10685);
#10684 = CARTESIAN_POINT('',(-5.15,1.45,1.585));
#10685 = VECTOR('',#10686,1.);
#10686 = DIRECTION('',(-1.,0.,0.));
#10687 = PLANE('',#10688);
#10688 = AXIS2_PLACEMENT_3D('',#10689,#10690,#10691);
#10689 = CARTESIAN_POINT('',(0.,0.,1.585));
#10690 = DIRECTION('',(0.,0.,1.));
#10691 = DIRECTION('',(1.,0.,-0.));
#10692 = SHELL_BASED_SURFACE_MODEL('',(#10693));
#10693 = OPEN_SHELL('',(#10694));
#10694 = ADVANCED_FACE('',(#10695),#10731,.T.);
#10695 = FACE_BOUND('',#10696,.F.);
#10696 = EDGE_LOOP('',(#10697,#10708,#10716,#10725));
#10697 = ORIENTED_EDGE('',*,*,#10698,.T.);
#10698 = EDGE_CURVE('',#10699,#10701,#10703,.T.);
#10699 = VERTEX_POINT('',#10700);
#10700 = CARTESIAN_POINT('',(-4.75,1.45,1.585));
#10701 = VERTEX_POINT('',#10702);
#10702 = CARTESIAN_POINT('',(-4.75,1.55,1.585));
#10703 = CIRCLE('',#10704,5.000000000002E-02);
#10704 = AXIS2_PLACEMENT_3D('',#10705,#10706,#10707);
#10705 = CARTESIAN_POINT('',(-4.749999952288,1.5,1.585));
#10706 = DIRECTION('',(0.,0.,-1.));
#10707 = DIRECTION('',(-9.542364765021E-07,-1.,-0.));
#10708 = ORIENTED_EDGE('',*,*,#10709,.T.);
#10709 = EDGE_CURVE('',#10701,#10710,#10712,.T.);
#10710 = VERTEX_POINT('',#10711);
#10711 = CARTESIAN_POINT('',(-3.65,1.55,1.585));
#10712 = LINE('',#10713,#10714);
#10713 = CARTESIAN_POINT('',(-4.75,1.55,1.585));
#10714 = VECTOR('',#10715,1.);
#10715 = DIRECTION('',(1.,0.,0.));
#10716 = ORIENTED_EDGE('',*,*,#10717,.T.);
#10717 = EDGE_CURVE('',#10710,#10718,#10720,.T.);
#10718 = VERTEX_POINT('',#10719);
#10719 = CARTESIAN_POINT('',(-3.65,1.45,1.585));
#10720 = CIRCLE('',#10721,5.000000000002E-02);
#10721 = AXIS2_PLACEMENT_3D('',#10722,#10723,#10724);
#10722 = CARTESIAN_POINT('',(-3.650000047712,1.5,1.585));
#10723 = DIRECTION('',(0.,0.,-1.));
#10724 = DIRECTION('',(9.542364853839E-07,1.,0.));
#10725 = ORIENTED_EDGE('',*,*,#10726,.T.);
#10726 = EDGE_CURVE('',#10718,#10699,#10727,.T.);
#10727 = LINE('',#10728,#10729);
#10728 = CARTESIAN_POINT('',(-3.65,1.45,1.585));
#10729 = VECTOR('',#10730,1.);
#10730 = DIRECTION('',(-1.,0.,0.));
#10731 = PLANE('',#10732);
#10732 = AXIS2_PLACEMENT_3D('',#10733,#10734,#10735);
#10733 = CARTESIAN_POINT('',(0.,0.,1.585));
#10734 = DIRECTION('',(0.,0.,1.));
#10735 = DIRECTION('',(1.,0.,-0.));
#10736 = SHELL_BASED_SURFACE_MODEL('',(#10737));
#10737 = OPEN_SHELL('',(#10738));
#10738 = ADVANCED_FACE('',(#10739),#10775,.T.);
#10739 = FACE_BOUND('',#10740,.F.);
#10740 = EDGE_LOOP('',(#10741,#10752,#10760,#10769));
#10741 = ORIENTED_EDGE('',*,*,#10742,.T.);
#10742 = EDGE_CURVE('',#10743,#10745,#10747,.T.);
#10743 = VERTEX_POINT('',#10744);
#10744 = CARTESIAN_POINT('',(-3.25,1.45,1.585));
#10745 = VERTEX_POINT('',#10746);
#10746 = CARTESIAN_POINT('',(-3.25,1.55,1.585));
#10747 = CIRCLE('',#10748,5.000000000002E-02);
#10748 = AXIS2_PLACEMENT_3D('',#10749,#10750,#10751);
#10749 = CARTESIAN_POINT('',(-3.249999952288,1.5,1.585));
#10750 = DIRECTION('',(0.,0.,-1.));
#10751 = DIRECTION('',(-9.542364853839E-07,-1.,-0.));
#10752 = ORIENTED_EDGE('',*,*,#10753,.T.);
#10753 = EDGE_CURVE('',#10745,#10754,#10756,.T.);
#10754 = VERTEX_POINT('',#10755);
#10755 = CARTESIAN_POINT('',(-2.15,1.55,1.585));
#10756 = LINE('',#10757,#10758);
#10757 = CARTESIAN_POINT('',(-3.25,1.55,1.585));
#10758 = VECTOR('',#10759,1.);
#10759 = DIRECTION('',(1.,0.,0.));
#10760 = ORIENTED_EDGE('',*,*,#10761,.T.);
#10761 = EDGE_CURVE('',#10754,#10762,#10764,.T.);
#10762 = VERTEX_POINT('',#10763);
#10763 = CARTESIAN_POINT('',(-2.15,1.45,1.585));
#10764 = CIRCLE('',#10765,5.000000000002E-02);
#10765 = AXIS2_PLACEMENT_3D('',#10766,#10767,#10768);
#10766 = CARTESIAN_POINT('',(-2.150000047712,1.5,1.585));
#10767 = DIRECTION('',(0.,0.,-1.));
#10768 = DIRECTION('',(9.542364853839E-07,1.,0.));
#10769 = ORIENTED_EDGE('',*,*,#10770,.T.);
#10770 = EDGE_CURVE('',#10762,#10743,#10771,.T.);
#10771 = LINE('',#10772,#10773);
#10772 = CARTESIAN_POINT('',(-2.15,1.45,1.585));
#10773 = VECTOR('',#10774,1.);
#10774 = DIRECTION('',(-1.,0.,0.));
#10775 = PLANE('',#10776);
#10776 = AXIS2_PLACEMENT_3D('',#10777,#10778,#10779);
#10777 = CARTESIAN_POINT('',(0.,0.,1.585));
#10778 = DIRECTION('',(0.,0.,1.));
#10779 = DIRECTION('',(1.,0.,-0.));
#10780 = SHELL_BASED_SURFACE_MODEL('',(#10781));
#10781 = OPEN_SHELL('',(#10782));
#10782 = ADVANCED_FACE('',(#10783),#10819,.T.);
#10783 = FACE_BOUND('',#10784,.F.);
#10784 = EDGE_LOOP('',(#10785,#10796,#10804,#10813));
#10785 = ORIENTED_EDGE('',*,*,#10786,.T.);
#10786 = EDGE_CURVE('',#10787,#10789,#10791,.T.);
#10787 = VERTEX_POINT('',#10788);
#10788 = CARTESIAN_POINT('',(-1.75,1.45,1.585));
#10789 = VERTEX_POINT('',#10790);
#10790 = CARTESIAN_POINT('',(-1.75,1.55,1.585));
#10791 = CIRCLE('',#10792,5.000000000002E-02);
#10792 = AXIS2_PLACEMENT_3D('',#10793,#10794,#10795);
#10793 = CARTESIAN_POINT('',(-1.749999952288,1.5,1.585));
#10794 = DIRECTION('',(0.,0.,-1.));
#10795 = DIRECTION('',(-9.54236480943E-07,-1.,-0.));
#10796 = ORIENTED_EDGE('',*,*,#10797,.T.);
#10797 = EDGE_CURVE('',#10789,#10798,#10800,.T.);
#10798 = VERTEX_POINT('',#10799);
#10799 = CARTESIAN_POINT('',(-0.65,1.55,1.585));
#10800 = LINE('',#10801,#10802);
#10801 = CARTESIAN_POINT('',(-1.75,1.55,1.585));
#10802 = VECTOR('',#10803,1.);
#10803 = DIRECTION('',(1.,0.,0.));
#10804 = ORIENTED_EDGE('',*,*,#10805,.T.);
#10805 = EDGE_CURVE('',#10798,#10806,#10808,.T.);
#10806 = VERTEX_POINT('',#10807);
#10807 = CARTESIAN_POINT('',(-0.65,1.45,1.585));
#10808 = CIRCLE('',#10809,5.000000000002E-02);
#10809 = AXIS2_PLACEMENT_3D('',#10810,#10811,#10812);
#10810 = CARTESIAN_POINT('',(-0.650000047712,1.5,1.585));
#10811 = DIRECTION('',(0.,0.,-1.));
#10812 = DIRECTION('',(9.54236480943E-07,1.,0.));
#10813 = ORIENTED_EDGE('',*,*,#10814,.T.);
#10814 = EDGE_CURVE('',#10806,#10787,#10815,.T.);
#10815 = LINE('',#10816,#10817);
#10816 = CARTESIAN_POINT('',(-0.65,1.45,1.585));
#10817 = VECTOR('',#10818,1.);
#10818 = DIRECTION('',(-1.,0.,0.));
#10819 = PLANE('',#10820);
#10820 = AXIS2_PLACEMENT_3D('',#10821,#10822,#10823);
#10821 = CARTESIAN_POINT('',(0.,0.,1.585));
#10822 = DIRECTION('',(0.,0.,1.));
#10823 = DIRECTION('',(1.,0.,-0.));
#10824 = SHELL_BASED_SURFACE_MODEL('',(#10825));
#10825 = OPEN_SHELL('',(#10826));
#10826 = ADVANCED_FACE('',(#10827),#10863,.T.);
#10827 = FACE_BOUND('',#10828,.F.);
#10828 = EDGE_LOOP('',(#10829,#10840,#10848,#10857));
#10829 = ORIENTED_EDGE('',*,*,#10830,.T.);
#10830 = EDGE_CURVE('',#10831,#10833,#10835,.T.);
#10831 = VERTEX_POINT('',#10832);
#10832 = CARTESIAN_POINT('',(10.,1.45,1.585));
#10833 = VERTEX_POINT('',#10834);
#10834 = CARTESIAN_POINT('',(10.,1.55,1.585));
#10835 = CIRCLE('',#10836,5.000000000002E-02);
#10836 = AXIS2_PLACEMENT_3D('',#10837,#10838,#10839);
#10837 = CARTESIAN_POINT('',(10.000000047712,1.5,1.585));
#10838 = DIRECTION('',(0.,0.,-1.));
#10839 = DIRECTION('',(-9.542364765021E-07,-1.,-0.));
#10840 = ORIENTED_EDGE('',*,*,#10841,.T.);
#10841 = EDGE_CURVE('',#10833,#10842,#10844,.T.);
#10842 = VERTEX_POINT('',#10843);
#10843 = CARTESIAN_POINT('',(11.1,1.55,1.585));
#10844 = LINE('',#10845,#10846);
#10845 = CARTESIAN_POINT('',(10.,1.55,1.585));
#10846 = VECTOR('',#10847,1.);
#10847 = DIRECTION('',(1.,0.,0.));
#10848 = ORIENTED_EDGE('',*,*,#10849,.T.);
#10849 = EDGE_CURVE('',#10842,#10850,#10852,.T.);
#10850 = VERTEX_POINT('',#10851);
#10851 = CARTESIAN_POINT('',(11.1,1.45,1.585));
#10852 = CIRCLE('',#10853,5.000000000002E-02);
#10853 = AXIS2_PLACEMENT_3D('',#10854,#10855,#10856);
#10854 = CARTESIAN_POINT('',(11.099999952288,1.5,1.585));
#10855 = DIRECTION('',(0.,0.,-1.));
#10856 = DIRECTION('',(9.542364765021E-07,1.,0.));
#10857 = ORIENTED_EDGE('',*,*,#10858,.T.);
#10858 = EDGE_CURVE('',#10850,#10831,#10859,.T.);
#10859 = LINE('',#10860,#10861);
#10860 = CARTESIAN_POINT('',(11.1,1.45,1.585));
#10861 = VECTOR('',#10862,1.);
#10862 = DIRECTION('',(-1.,0.,0.));
#10863 = PLANE('',#10864);
#10864 = AXIS2_PLACEMENT_3D('',#10865,#10866,#10867);
#10865 = CARTESIAN_POINT('',(0.,0.,1.585));
#10866 = DIRECTION('',(0.,0.,1.));
#10867 = DIRECTION('',(1.,0.,-0.));
#10868 = SHELL_BASED_SURFACE_MODEL('',(#10869));
#10869 = OPEN_SHELL('',(#10870));
#10870 = ADVANCED_FACE('',(#10871),#10907,.T.);
#10871 = FACE_BOUND('',#10872,.F.);
#10872 = EDGE_LOOP('',(#10873,#10884,#10892,#10901));
#10873 = ORIENTED_EDGE('',*,*,#10874,.T.);
#10874 = EDGE_CURVE('',#10875,#10877,#10879,.T.);
#10875 = VERTEX_POINT('',#10876);
#10876 = CARTESIAN_POINT('',(11.5,1.45,1.585));
#10877 = VERTEX_POINT('',#10878);
#10878 = CARTESIAN_POINT('',(11.5,1.55,1.585));
#10879 = CIRCLE('',#10880,5.000000000002E-02);
#10880 = AXIS2_PLACEMENT_3D('',#10881,#10882,#10883);
#10881 = CARTESIAN_POINT('',(11.500000047712,1.5,1.585));
#10882 = DIRECTION('',(0.,0.,-1.));
#10883 = DIRECTION('',(-9.542364765021E-07,-1.,-0.));
#10884 = ORIENTED_EDGE('',*,*,#10885,.T.);
#10885 = EDGE_CURVE('',#10877,#10886,#10888,.T.);
#10886 = VERTEX_POINT('',#10887);
#10887 = CARTESIAN_POINT('',(12.6,1.55,1.585));
#10888 = LINE('',#10889,#10890);
#10889 = CARTESIAN_POINT('',(11.5,1.55,1.585));
#10890 = VECTOR('',#10891,1.);
#10891 = DIRECTION('',(1.,0.,0.));
#10892 = ORIENTED_EDGE('',*,*,#10893,.T.);
#10893 = EDGE_CURVE('',#10886,#10894,#10896,.T.);
#10894 = VERTEX_POINT('',#10895);
#10895 = CARTESIAN_POINT('',(12.6,1.45,1.585));
#10896 = CIRCLE('',#10897,5.000000000002E-02);
#10897 = AXIS2_PLACEMENT_3D('',#10898,#10899,#10900);
#10898 = CARTESIAN_POINT('',(12.599999952288,1.5,1.585));
#10899 = DIRECTION('',(0.,0.,-1.));
#10900 = DIRECTION('',(9.542364765021E-07,1.,0.));
#10901 = ORIENTED_EDGE('',*,*,#10902,.T.);
#10902 = EDGE_CURVE('',#10894,#10875,#10903,.T.);
#10903 = LINE('',#10904,#10905);
#10904 = CARTESIAN_POINT('',(12.6,1.45,1.585));
#10905 = VECTOR('',#10906,1.);
#10906 = DIRECTION('',(-1.,0.,0.));
#10907 = PLANE('',#10908);
#10908 = AXIS2_PLACEMENT_3D('',#10909,#10910,#10911);
#10909 = CARTESIAN_POINT('',(0.,0.,1.585));
#10910 = DIRECTION('',(0.,0.,1.));
#10911 = DIRECTION('',(1.,0.,-0.));
#10912 = SHELL_BASED_SURFACE_MODEL('',(#10913));
#10913 = OPEN_SHELL('',(#10914));
#10914 = ADVANCED_FACE('',(#10915),#10951,.T.);
#10915 = FACE_BOUND('',#10916,.F.);
#10916 = EDGE_LOOP('',(#10917,#10928,#10936,#10945));
#10917 = ORIENTED_EDGE('',*,*,#10918,.T.);
#10918 = EDGE_CURVE('',#10919,#10921,#10923,.T.);
#10919 = VERTEX_POINT('',#10920);
#10920 = CARTESIAN_POINT('',(13.,1.45,1.585));
#10921 = VERTEX_POINT('',#10922);
#10922 = CARTESIAN_POINT('',(13.,1.55,1.585));
#10923 = CIRCLE('',#10924,5.000000000002E-02);
#10924 = AXIS2_PLACEMENT_3D('',#10925,#10926,#10927);
#10925 = CARTESIAN_POINT('',(13.000000047712,1.5,1.585));
#10926 = DIRECTION('',(0.,0.,-1.));
#10927 = DIRECTION('',(-9.542364765021E-07,-1.,-0.));
#10928 = ORIENTED_EDGE('',*,*,#10929,.T.);
#10929 = EDGE_CURVE('',#10921,#10930,#10932,.T.);
#10930 = VERTEX_POINT('',#10931);
#10931 = CARTESIAN_POINT('',(14.1,1.55,1.585));
#10932 = LINE('',#10933,#10934);
#10933 = CARTESIAN_POINT('',(13.,1.55,1.585));
#10934 = VECTOR('',#10935,1.);
#10935 = DIRECTION('',(1.,0.,0.));
#10936 = ORIENTED_EDGE('',*,*,#10937,.T.);
#10937 = EDGE_CURVE('',#10930,#10938,#10940,.T.);
#10938 = VERTEX_POINT('',#10939);
#10939 = CARTESIAN_POINT('',(14.1,1.45,1.585));
#10940 = CIRCLE('',#10941,5.000000000002E-02);
#10941 = AXIS2_PLACEMENT_3D('',#10942,#10943,#10944);
#10942 = CARTESIAN_POINT('',(14.099999952288,1.5,1.585));
#10943 = DIRECTION('',(0.,0.,-1.));
#10944 = DIRECTION('',(9.542364765021E-07,1.,0.));
#10945 = ORIENTED_EDGE('',*,*,#10946,.T.);
#10946 = EDGE_CURVE('',#10938,#10919,#10947,.T.);
#10947 = LINE('',#10948,#10949);
#10948 = CARTESIAN_POINT('',(14.1,1.45,1.585));
#10949 = VECTOR('',#10950,1.);
#10950 = DIRECTION('',(-1.,0.,0.));
#10951 = PLANE('',#10952);
#10952 = AXIS2_PLACEMENT_3D('',#10953,#10954,#10955);
#10953 = CARTESIAN_POINT('',(0.,0.,1.585));
#10954 = DIRECTION('',(0.,0.,1.));
#10955 = DIRECTION('',(1.,0.,-0.));
#10956 = SHELL_BASED_SURFACE_MODEL('',(#10957));
#10957 = OPEN_SHELL('',(#10958));
#10958 = ADVANCED_FACE('',(#10959),#10995,.T.);
#10959 = FACE_BOUND('',#10960,.F.);
#10960 = EDGE_LOOP('',(#10961,#10972,#10980,#10989));
#10961 = ORIENTED_EDGE('',*,*,#10962,.T.);
#10962 = EDGE_CURVE('',#10963,#10965,#10967,.T.);
#10963 = VERTEX_POINT('',#10964);
#10964 = CARTESIAN_POINT('',(14.5,1.45,1.585));
#10965 = VERTEX_POINT('',#10966);
#10966 = CARTESIAN_POINT('',(14.5,1.55,1.585));
#10967 = CIRCLE('',#10968,5.000000000002E-02);
#10968 = AXIS2_PLACEMENT_3D('',#10969,#10970,#10971);
#10969 = CARTESIAN_POINT('',(14.500000047712,1.5,1.585));
#10970 = DIRECTION('',(0.,0.,-1.));
#10971 = DIRECTION('',(-9.542364765021E-07,-1.,-0.));
#10972 = ORIENTED_EDGE('',*,*,#10973,.T.);
#10973 = EDGE_CURVE('',#10965,#10974,#10976,.T.);
#10974 = VERTEX_POINT('',#10975);
#10975 = CARTESIAN_POINT('',(15.6,1.55,1.585));
#10976 = LINE('',#10977,#10978);
#10977 = CARTESIAN_POINT('',(14.5,1.55,1.585));
#10978 = VECTOR('',#10979,1.);
#10979 = DIRECTION('',(1.,0.,0.));
#10980 = ORIENTED_EDGE('',*,*,#10981,.T.);
#10981 = EDGE_CURVE('',#10974,#10982,#10984,.T.);
#10982 = VERTEX_POINT('',#10983);
#10983 = CARTESIAN_POINT('',(15.6,1.45,1.585));
#10984 = CIRCLE('',#10985,5.000000000002E-02);
#10985 = AXIS2_PLACEMENT_3D('',#10986,#10987,#10988);
#10986 = CARTESIAN_POINT('',(15.599999952288,1.5,1.585));
#10987 = DIRECTION('',(0.,0.,-1.));
#10988 = DIRECTION('',(9.542364765021E-07,1.,0.));
#10989 = ORIENTED_EDGE('',*,*,#10990,.T.);
#10990 = EDGE_CURVE('',#10982,#10963,#10991,.T.);
#10991 = LINE('',#10992,#10993);
#10992 = CARTESIAN_POINT('',(15.6,1.45,1.585));
#10993 = VECTOR('',#10994,1.);
#10994 = DIRECTION('',(-1.,0.,0.));
#10995 = PLANE('',#10996);
#10996 = AXIS2_PLACEMENT_3D('',#10997,#10998,#10999);
#10997 = CARTESIAN_POINT('',(0.,0.,1.585));
#10998 = DIRECTION('',(0.,0.,1.));
#10999 = DIRECTION('',(1.,0.,-0.));
#11000 = SHELL_BASED_SURFACE_MODEL('',(#11001));
#11001 = OPEN_SHELL('',(#11002));
#11002 = ADVANCED_FACE('',(#11003),#11039,.T.);
#11003 = FACE_BOUND('',#11004,.F.);
#11004 = EDGE_LOOP('',(#11005,#11016,#11024,#11033));
#11005 = ORIENTED_EDGE('',*,*,#11006,.T.);
#11006 = EDGE_CURVE('',#11007,#11009,#11011,.T.);
#11007 = VERTEX_POINT('',#11008);
#11008 = CARTESIAN_POINT('',(16.,1.45,1.585));
#11009 = VERTEX_POINT('',#11010);
#11010 = CARTESIAN_POINT('',(16.,1.55,1.585));
#11011 = CIRCLE('',#11012,5.000000000002E-02);
#11012 = AXIS2_PLACEMENT_3D('',#11013,#11014,#11015);
#11013 = CARTESIAN_POINT('',(16.000000047712,1.5,1.585));
#11014 = DIRECTION('',(0.,0.,-1.));
#11015 = DIRECTION('',(-9.542365120292E-07,-1.,-0.));
#11016 = ORIENTED_EDGE('',*,*,#11017,.T.);
#11017 = EDGE_CURVE('',#11009,#11018,#11020,.T.);
#11018 = VERTEX_POINT('',#11019);
#11019 = CARTESIAN_POINT('',(17.1,1.55,1.585));
#11020 = LINE('',#11021,#11022);
#11021 = CARTESIAN_POINT('',(16.,1.55,1.585));
#11022 = VECTOR('',#11023,1.);
#11023 = DIRECTION('',(1.,0.,0.));
#11024 = ORIENTED_EDGE('',*,*,#11025,.T.);
#11025 = EDGE_CURVE('',#11018,#11026,#11028,.T.);
#11026 = VERTEX_POINT('',#11027);
#11027 = CARTESIAN_POINT('',(17.1,1.45,1.585));
#11028 = CIRCLE('',#11029,5.000000000002E-02);
#11029 = AXIS2_PLACEMENT_3D('',#11030,#11031,#11032);
#11030 = CARTESIAN_POINT('',(17.099999952288,1.5,1.585));
#11031 = DIRECTION('',(0.,0.,-1.));
#11032 = DIRECTION('',(9.542365120292E-07,1.,0.));
#11033 = ORIENTED_EDGE('',*,*,#11034,.T.);
#11034 = EDGE_CURVE('',#11026,#11007,#11035,.T.);
#11035 = LINE('',#11036,#11037);
#11036 = CARTESIAN_POINT('',(17.1,1.45,1.585));
#11037 = VECTOR('',#11038,1.);
#11038 = DIRECTION('',(-1.,0.,0.));
#11039 = PLANE('',#11040);
#11040 = AXIS2_PLACEMENT_3D('',#11041,#11042,#11043);
#11041 = CARTESIAN_POINT('',(0.,0.,1.585));
#11042 = DIRECTION('',(0.,0.,1.));
#11043 = DIRECTION('',(1.,0.,-0.));
#11044 = SHELL_BASED_SURFACE_MODEL('',(#11045));
#11045 = OPEN_SHELL('',(#11046));
#11046 = ADVANCED_FACE('',(#11047),#11083,.T.);
#11047 = FACE_BOUND('',#11048,.F.);
#11048 = EDGE_LOOP('',(#11049,#11060,#11068,#11077));
#11049 = ORIENTED_EDGE('',*,*,#11050,.T.);
#11050 = EDGE_CURVE('',#11051,#11053,#11055,.T.);
#11051 = VERTEX_POINT('',#11052);
#11052 = CARTESIAN_POINT('',(27.75,1.45,1.585));
#11053 = VERTEX_POINT('',#11054);
#11054 = CARTESIAN_POINT('',(27.75,1.55,1.585));
#11055 = CIRCLE('',#11056,5.000000000002E-02);
#11056 = AXIS2_PLACEMENT_3D('',#11057,#11058,#11059);
#11057 = CARTESIAN_POINT('',(27.750000047712,1.5,1.585));
#11058 = DIRECTION('',(0.,0.,-1.));
#11059 = DIRECTION('',(-9.542365120292E-07,-1.,-0.));
#11060 = ORIENTED_EDGE('',*,*,#11061,.T.);
#11061 = EDGE_CURVE('',#11053,#11062,#11064,.T.);
#11062 = VERTEX_POINT('',#11063);
#11063 = CARTESIAN_POINT('',(28.85,1.55,1.585));
#11064 = LINE('',#11065,#11066);
#11065 = CARTESIAN_POINT('',(27.75,1.55,1.585));
#11066 = VECTOR('',#11067,1.);
#11067 = DIRECTION('',(1.,0.,0.));
#11068 = ORIENTED_EDGE('',*,*,#11069,.T.);
#11069 = EDGE_CURVE('',#11062,#11070,#11072,.T.);
#11070 = VERTEX_POINT('',#11071);
#11071 = CARTESIAN_POINT('',(28.85,1.45,1.585));
#11072 = CIRCLE('',#11073,5.000000000002E-02);
#11073 = AXIS2_PLACEMENT_3D('',#11074,#11075,#11076);
#11074 = CARTESIAN_POINT('',(28.849999952288,1.5,1.585));
#11075 = DIRECTION('',(0.,0.,-1.));
#11076 = DIRECTION('',(9.542365120292E-07,1.,0.));
#11077 = ORIENTED_EDGE('',*,*,#11078,.T.);
#11078 = EDGE_CURVE('',#11070,#11051,#11079,.T.);
#11079 = LINE('',#11080,#11081);
#11080 = CARTESIAN_POINT('',(28.85,1.45,1.585));
#11081 = VECTOR('',#11082,1.);
#11082 = DIRECTION('',(-1.,0.,0.));
#11083 = PLANE('',#11084);
#11084 = AXIS2_PLACEMENT_3D('',#11085,#11086,#11087);
#11085 = CARTESIAN_POINT('',(0.,0.,1.585));
#11086 = DIRECTION('',(0.,0.,1.));
#11087 = DIRECTION('',(1.,0.,-0.));
#11088 = SHELL_BASED_SURFACE_MODEL('',(#11089));
#11089 = OPEN_SHELL('',(#11090));
#11090 = ADVANCED_FACE('',(#11091),#11127,.T.);
#11091 = FACE_BOUND('',#11092,.F.);
#11092 = EDGE_LOOP('',(#11093,#11104,#11112,#11121));
#11093 = ORIENTED_EDGE('',*,*,#11094,.T.);
#11094 = EDGE_CURVE('',#11095,#11097,#11099,.T.);
#11095 = VERTEX_POINT('',#11096);
#11096 = CARTESIAN_POINT('',(29.25,1.45,1.585));
#11097 = VERTEX_POINT('',#11098);
#11098 = CARTESIAN_POINT('',(29.25,1.55,1.585));
#11099 = CIRCLE('',#11100,5.000000000002E-02);
#11100 = AXIS2_PLACEMENT_3D('',#11101,#11102,#11103);
#11101 = CARTESIAN_POINT('',(29.250000047712,1.5,1.585));
#11102 = DIRECTION('',(0.,0.,-1.));
#11103 = DIRECTION('',(-9.542365120292E-07,-1.,-0.));
#11104 = ORIENTED_EDGE('',*,*,#11105,.T.);
#11105 = EDGE_CURVE('',#11097,#11106,#11108,.T.);
#11106 = VERTEX_POINT('',#11107);
#11107 = CARTESIAN_POINT('',(30.35,1.55,1.585));
#11108 = LINE('',#11109,#11110);
#11109 = CARTESIAN_POINT('',(29.25,1.55,1.585));
#11110 = VECTOR('',#11111,1.);
#11111 = DIRECTION('',(1.,0.,0.));
#11112 = ORIENTED_EDGE('',*,*,#11113,.T.);
#11113 = EDGE_CURVE('',#11106,#11114,#11116,.T.);
#11114 = VERTEX_POINT('',#11115);
#11115 = CARTESIAN_POINT('',(30.35,1.45,1.585));
#11116 = CIRCLE('',#11117,5.000000000002E-02);
#11117 = AXIS2_PLACEMENT_3D('',#11118,#11119,#11120);
#11118 = CARTESIAN_POINT('',(30.349999952288,1.5,1.585));
#11119 = DIRECTION('',(0.,0.,-1.));
#11120 = DIRECTION('',(9.542365120292E-07,1.,0.));
#11121 = ORIENTED_EDGE('',*,*,#11122,.T.);
#11122 = EDGE_CURVE('',#11114,#11095,#11123,.T.);
#11123 = LINE('',#11124,#11125);
#11124 = CARTESIAN_POINT('',(30.35,1.45,1.585));
#11125 = VECTOR('',#11126,1.);
#11126 = DIRECTION('',(-1.,0.,0.));
#11127 = PLANE('',#11128);
#11128 = AXIS2_PLACEMENT_3D('',#11129,#11130,#11131);
#11129 = CARTESIAN_POINT('',(0.,0.,1.585));
#11130 = DIRECTION('',(0.,0.,1.));
#11131 = DIRECTION('',(1.,0.,-0.));
#11132 = SHELL_BASED_SURFACE_MODEL('',(#11133));
#11133 = OPEN_SHELL('',(#11134));
#11134 = ADVANCED_FACE('',(#11135),#11171,.T.);
#11135 = FACE_BOUND('',#11136,.F.);
#11136 = EDGE_LOOP('',(#11137,#11148,#11156,#11165));
#11137 = ORIENTED_EDGE('',*,*,#11138,.T.);
#11138 = EDGE_CURVE('',#11139,#11141,#11143,.T.);
#11139 = VERTEX_POINT('',#11140);
#11140 = CARTESIAN_POINT('',(30.75,1.45,1.585));
#11141 = VERTEX_POINT('',#11142);
#11142 = CARTESIAN_POINT('',(30.75,1.55,1.585));
#11143 = CIRCLE('',#11144,5.000000000002E-02);
#11144 = AXIS2_PLACEMENT_3D('',#11145,#11146,#11147);
#11145 = CARTESIAN_POINT('',(30.750000047712,1.5,1.585));
#11146 = DIRECTION('',(0.,0.,-1.));
#11147 = DIRECTION('',(-9.542365120292E-07,-1.,-0.));
#11148 = ORIENTED_EDGE('',*,*,#11149,.T.);
#11149 = EDGE_CURVE('',#11141,#11150,#11152,.T.);
#11150 = VERTEX_POINT('',#11151);
#11151 = CARTESIAN_POINT('',(31.85,1.55,1.585));
#11152 = LINE('',#11153,#11154);
#11153 = CARTESIAN_POINT('',(30.75,1.55,1.585));
#11154 = VECTOR('',#11155,1.);
#11155 = DIRECTION('',(1.,0.,0.));
#11156 = ORIENTED_EDGE('',*,*,#11157,.T.);
#11157 = EDGE_CURVE('',#11150,#11158,#11160,.T.);
#11158 = VERTEX_POINT('',#11159);
#11159 = CARTESIAN_POINT('',(31.85,1.45,1.585));
#11160 = CIRCLE('',#11161,5.000000000002E-02);
#11161 = AXIS2_PLACEMENT_3D('',#11162,#11163,#11164);
#11162 = CARTESIAN_POINT('',(31.849999952288,1.5,1.585));
#11163 = DIRECTION('',(0.,0.,-1.));
#11164 = DIRECTION('',(9.542365120292E-07,1.,0.));
#11165 = ORIENTED_EDGE('',*,*,#11166,.T.);
#11166 = EDGE_CURVE('',#11158,#11139,#11167,.T.);
#11167 = LINE('',#11168,#11169);
#11168 = CARTESIAN_POINT('',(31.85,1.45,1.585));
#11169 = VECTOR('',#11170,1.);
#11170 = DIRECTION('',(-1.,0.,0.));
#11171 = PLANE('',#11172);
#11172 = AXIS2_PLACEMENT_3D('',#11173,#11174,#11175);
#11173 = CARTESIAN_POINT('',(0.,0.,1.585));
#11174 = DIRECTION('',(0.,0.,1.));
#11175 = DIRECTION('',(1.,0.,-0.));
#11176 = SHELL_BASED_SURFACE_MODEL('',(#11177));
#11177 = OPEN_SHELL('',(#11178));
#11178 = ADVANCED_FACE('',(#11179),#11215,.T.);
#11179 = FACE_BOUND('',#11180,.F.);
#11180 = EDGE_LOOP('',(#11181,#11192,#11200,#11209));
#11181 = ORIENTED_EDGE('',*,*,#11182,.T.);
#11182 = EDGE_CURVE('',#11183,#11185,#11187,.T.);
#11183 = VERTEX_POINT('',#11184);
#11184 = CARTESIAN_POINT('',(32.25,1.45,1.585));
#11185 = VERTEX_POINT('',#11186);
#11186 = CARTESIAN_POINT('',(32.25,1.55,1.585));
#11187 = CIRCLE('',#11188,5.000000000002E-02);
#11188 = AXIS2_PLACEMENT_3D('',#11189,#11190,#11191);
#11189 = CARTESIAN_POINT('',(32.250000047712,1.5,1.585));
#11190 = DIRECTION('',(0.,0.,-1.));
#11191 = DIRECTION('',(-9.542364409749E-07,-1.,-0.));
#11192 = ORIENTED_EDGE('',*,*,#11193,.T.);
#11193 = EDGE_CURVE('',#11185,#11194,#11196,.T.);
#11194 = VERTEX_POINT('',#11195);
#11195 = CARTESIAN_POINT('',(33.35,1.55,1.585));
#11196 = LINE('',#11197,#11198);
#11197 = CARTESIAN_POINT('',(32.25,1.55,1.585));
#11198 = VECTOR('',#11199,1.);
#11199 = DIRECTION('',(1.,0.,0.));
#11200 = ORIENTED_EDGE('',*,*,#11201,.T.);
#11201 = EDGE_CURVE('',#11194,#11202,#11204,.T.);
#11202 = VERTEX_POINT('',#11203);
#11203 = CARTESIAN_POINT('',(33.35,1.45,1.585));
#11204 = CIRCLE('',#11205,5.000000000002E-02);
#11205 = AXIS2_PLACEMENT_3D('',#11206,#11207,#11208);
#11206 = CARTESIAN_POINT('',(33.349999952288,1.5,1.585));
#11207 = DIRECTION('',(0.,0.,-1.));
#11208 = DIRECTION('',(9.542364409749E-07,1.,0.));
#11209 = ORIENTED_EDGE('',*,*,#11210,.T.);
#11210 = EDGE_CURVE('',#11202,#11183,#11211,.T.);
#11211 = LINE('',#11212,#11213);
#11212 = CARTESIAN_POINT('',(33.35,1.45,1.585));
#11213 = VECTOR('',#11214,1.);
#11214 = DIRECTION('',(-1.,0.,0.));
#11215 = PLANE('',#11216);
#11216 = AXIS2_PLACEMENT_3D('',#11217,#11218,#11219);
#11217 = CARTESIAN_POINT('',(0.,0.,1.585));
#11218 = DIRECTION('',(0.,0.,1.));
#11219 = DIRECTION('',(1.,0.,-0.));
#11220 = SHELL_BASED_SURFACE_MODEL('',(#11221));
#11221 = OPEN_SHELL('',(#11222));
#11222 = ADVANCED_FACE('',(#11223),#11259,.T.);
#11223 = FACE_BOUND('',#11224,.F.);
#11224 = EDGE_LOOP('',(#11225,#11236,#11244,#11253));
#11225 = ORIENTED_EDGE('',*,*,#11226,.T.);
#11226 = EDGE_CURVE('',#11227,#11229,#11231,.T.);
#11227 = VERTEX_POINT('',#11228);
#11228 = CARTESIAN_POINT('',(33.75,1.45,1.585));
#11229 = VERTEX_POINT('',#11230);
#11230 = CARTESIAN_POINT('',(33.75,1.55,1.585));
#11231 = CIRCLE('',#11232,5.000000000002E-02);
#11232 = AXIS2_PLACEMENT_3D('',#11233,#11234,#11235);
#11233 = CARTESIAN_POINT('',(33.750000047712,1.5,1.585));
#11234 = DIRECTION('',(0.,0.,-1.));
#11235 = DIRECTION('',(-9.542364409749E-07,-1.,-0.));
#11236 = ORIENTED_EDGE('',*,*,#11237,.T.);
#11237 = EDGE_CURVE('',#11229,#11238,#11240,.T.);
#11238 = VERTEX_POINT('',#11239);
#11239 = CARTESIAN_POINT('',(34.85,1.55,1.585));
#11240 = LINE('',#11241,#11242);
#11241 = CARTESIAN_POINT('',(33.75,1.55,1.585));
#11242 = VECTOR('',#11243,1.);
#11243 = DIRECTION('',(1.,0.,0.));
#11244 = ORIENTED_EDGE('',*,*,#11245,.T.);
#11245 = EDGE_CURVE('',#11238,#11246,#11248,.T.);
#11246 = VERTEX_POINT('',#11247);
#11247 = CARTESIAN_POINT('',(34.85,1.45,1.585));
#11248 = CIRCLE('',#11249,5.000000000002E-02);
#11249 = AXIS2_PLACEMENT_3D('',#11250,#11251,#11252);
#11250 = CARTESIAN_POINT('',(34.849999952288,1.5,1.585));
#11251 = DIRECTION('',(0.,0.,-1.));
#11252 = DIRECTION('',(9.542364409749E-07,1.,0.));
#11253 = ORIENTED_EDGE('',*,*,#11254,.T.);
#11254 = EDGE_CURVE('',#11246,#11227,#11255,.T.);
#11255 = LINE('',#11256,#11257);
#11256 = CARTESIAN_POINT('',(34.85,1.45,1.585));
#11257 = VECTOR('',#11258,1.);
#11258 = DIRECTION('',(-1.,0.,0.));
#11259 = PLANE('',#11260);
#11260 = AXIS2_PLACEMENT_3D('',#11261,#11262,#11263);
#11261 = CARTESIAN_POINT('',(0.,0.,1.585));
#11262 = DIRECTION('',(0.,0.,1.));
#11263 = DIRECTION('',(1.,0.,-0.));
#11264 = SHELL_BASED_SURFACE_MODEL('',(#11265));
#11265 = OPEN_SHELL('',(#11266));
#11266 = ADVANCED_FACE('',(#11267),#11385,.T.);
#11267 = FACE_BOUND('',#11268,.F.);
#11268 = EDGE_LOOP('',(#11269,#11280,#11288,#11296,#11305,#11313,#11321,
    #11330,#11338,#11346,#11355,#11363,#11371,#11379));
#11269 = ORIENTED_EDGE('',*,*,#11270,.T.);
#11270 = EDGE_CURVE('',#11271,#11273,#11275,.T.);
#11271 = VERTEX_POINT('',#11272);
#11272 = CARTESIAN_POINT('',(-27.941668,2.869089,1.585));
#11273 = VERTEX_POINT('',#11274);
#11274 = CARTESIAN_POINT('',(-27.825,2.806729,1.585));
#11275 = CIRCLE('',#11276,7.500000000003E-02);
#11276 = AXIS2_PLACEMENT_3D('',#11277,#11278,#11279);
#11277 = CARTESIAN_POINT('',(-27.9,2.806728934445,1.585));
#11278 = DIRECTION('',(0.,0.,-1.));
#11279 = DIRECTION('',(-0.555573333333,0.831467540731,0.));
#11280 = ORIENTED_EDGE('',*,*,#11281,.T.);
#11281 = EDGE_CURVE('',#11273,#11282,#11284,.T.);
#11282 = VERTEX_POINT('',#11283);
#11283 = CARTESIAN_POINT('',(-27.825,2.3103,1.585));
#11284 = LINE('',#11285,#11286);
#11285 = CARTESIAN_POINT('',(-27.825,2.806729,1.585));
#11286 = VECTOR('',#11287,1.);
#11287 = DIRECTION('',(0.,-1.,0.));
#11288 = ORIENTED_EDGE('',*,*,#11289,.T.);
#11289 = EDGE_CURVE('',#11282,#11290,#11292,.T.);
#11290 = VERTEX_POINT('',#11291);
#11291 = CARTESIAN_POINT('',(-27.313939,2.308859,1.585));
#11292 = LINE('',#11293,#11294);
#11293 = CARTESIAN_POINT('',(-27.825,2.3103,1.585));
#11294 = VECTOR('',#11295,1.);
#11295 = DIRECTION('',(0.999996024883,-2.819613063522E-03,0.));
#11296 = ORIENTED_EDGE('',*,*,#11297,.T.);
#11297 = EDGE_CURVE('',#11290,#11298,#11300,.T.);
#11298 = VERTEX_POINT('',#11299);
#11299 = CARTESIAN_POINT('',(-27.328571,2.1603,1.585));
#11300 = CIRCLE('',#11301,7.500006711464E-02);
#11301 = AXIS2_PLACEMENT_3D('',#11302,#11303,#11304);
#11302 = CARTESIAN_POINT('',(-27.32857093288,2.235300067115,1.585));
#11303 = DIRECTION('',(0.,0.,-1.));
#11304 = DIRECTION('',(0.195092263891,0.980784894138,0.));
#11305 = ORIENTED_EDGE('',*,*,#11306,.T.);
#11306 = EDGE_CURVE('',#11298,#11307,#11309,.T.);
#11307 = VERTEX_POINT('',#11308);
#11308 = CARTESIAN_POINT('',(-27.825,2.1603,1.585));
#11309 = LINE('',#11310,#11311);
#11310 = CARTESIAN_POINT('',(-27.328571,2.1603,1.585));
#11311 = VECTOR('',#11312,1.);
#11312 = DIRECTION('',(-1.,0.,0.));
#11313 = ORIENTED_EDGE('',*,*,#11314,.T.);
#11314 = EDGE_CURVE('',#11307,#11315,#11317,.T.);
#11315 = VERTEX_POINT('',#11316);
#11316 = CARTESIAN_POINT('',(-27.826441,1.64924,1.585));
#11317 = LINE('',#11318,#11319);
#11318 = CARTESIAN_POINT('',(-27.825,2.1603,1.585));
#11319 = VECTOR('',#11320,1.);
#11320 = DIRECTION('',(-2.819618580664E-03,-0.999996024868,0.));
#11321 = ORIENTED_EDGE('',*,*,#11322,.T.);
#11322 = EDGE_CURVE('',#11315,#11323,#11325,.T.);
#11323 = VERTEX_POINT('',#11324);
#11324 = CARTESIAN_POINT('',(-27.975,1.663872,1.585));
#11325 = CIRCLE('',#11326,7.500006711464E-02);
#11326 = AXIS2_PLACEMENT_3D('',#11327,#11328,#11329);
#11327 = CARTESIAN_POINT('',(-27.89999993288,1.663871932885,1.585));
#11328 = DIRECTION('',(-0.,0.,-1.));
#11329 = DIRECTION('',(0.980784894138,-0.195092263891,-0.));
#11330 = ORIENTED_EDGE('',*,*,#11331,.T.);
#11331 = EDGE_CURVE('',#11323,#11332,#11334,.T.);
#11332 = VERTEX_POINT('',#11333);
#11333 = CARTESIAN_POINT('',(-27.975,2.1603,1.585));
#11334 = LINE('',#11335,#11336);
#11335 = CARTESIAN_POINT('',(-27.975,1.663872,1.585));
#11336 = VECTOR('',#11337,1.);
#11337 = DIRECTION('',(0.,1.,0.));
#11338 = ORIENTED_EDGE('',*,*,#11339,.T.);
#11339 = EDGE_CURVE('',#11332,#11340,#11342,.T.);
#11340 = VERTEX_POINT('',#11341);
#11341 = CARTESIAN_POINT('',(-28.486061,2.161741,1.585));
#11342 = LINE('',#11343,#11344);
#11343 = CARTESIAN_POINT('',(-27.975,2.1603,1.585));
#11344 = VECTOR('',#11345,1.);
#11345 = DIRECTION('',(-0.999996024883,2.819613063523E-03,0.));
#11346 = ORIENTED_EDGE('',*,*,#11347,.T.);
#11347 = EDGE_CURVE('',#11340,#11348,#11350,.T.);
#11348 = VERTEX_POINT('',#11349);
#11349 = CARTESIAN_POINT('',(-28.471429,2.3103,1.585));
#11350 = CIRCLE('',#11351,7.500006711464E-02);
#11351 = AXIS2_PLACEMENT_3D('',#11352,#11353,#11354);
#11352 = CARTESIAN_POINT('',(-28.47142906711,2.235299932885,1.585));
#11353 = DIRECTION('',(0.,0.,-1.));
#11354 = DIRECTION('',(-0.195092263891,-0.980784894138,-0.));
#11355 = ORIENTED_EDGE('',*,*,#11356,.T.);
#11356 = EDGE_CURVE('',#11348,#11357,#11359,.T.);
#11357 = VERTEX_POINT('',#11358);
#11358 = CARTESIAN_POINT('',(-27.975,2.3103,1.585));
#11359 = LINE('',#11360,#11361);
#11360 = CARTESIAN_POINT('',(-28.471429,2.3103,1.585));
#11361 = VECTOR('',#11362,1.);
#11362 = DIRECTION('',(1.,0.,0.));
#11363 = ORIENTED_EDGE('',*,*,#11364,.T.);
#11364 = EDGE_CURVE('',#11357,#11365,#11367,.T.);
#11365 = VERTEX_POINT('',#11366);
#11366 = CARTESIAN_POINT('',(-27.973559,2.821361,1.585));
#11367 = LINE('',#11368,#11369);
#11368 = CARTESIAN_POINT('',(-27.975,2.3103,1.585));
#11369 = VECTOR('',#11370,1.);
#11370 = DIRECTION('',(2.819613063522E-03,0.999996024883,0.));
#11371 = ORIENTED_EDGE('',*,*,#11372,.T.);
#11372 = EDGE_CURVE('',#11365,#11373,#11375,.T.);
#11373 = VERTEX_POINT('',#11374);
#11374 = CARTESIAN_POINT('',(-27.96236,2.848397,1.585));
#11375 = LINE('',#11376,#11377);
#11376 = CARTESIAN_POINT('',(-27.973559,2.821361,1.585));
#11377 = VECTOR('',#11378,1.);
#11378 = DIRECTION('',(0.38269282806,0.923875640631,0.));
#11379 = ORIENTED_EDGE('',*,*,#11380,.T.);
#11380 = EDGE_CURVE('',#11373,#11271,#11381,.T.);
#11381 = LINE('',#11382,#11383);
#11382 = CARTESIAN_POINT('',(-27.96236,2.848397,1.585));
#11383 = VECTOR('',#11384,1.);
#11384 = DIRECTION('',(0.707106781187,0.707106781187,0.));
#11385 = PLANE('',#11386);
#11386 = AXIS2_PLACEMENT_3D('',#11387,#11388,#11389);
#11387 = CARTESIAN_POINT('',(0.,0.,1.585));
#11388 = DIRECTION('',(0.,0.,1.));
#11389 = DIRECTION('',(1.,0.,-0.));
#11390 = SHELL_BASED_SURFACE_MODEL('',(#11391));
#11391 = OPEN_SHELL('',(#11392));
#11392 = ADVANCED_FACE('',(#11393),#11511,.T.);
#11393 = FACE_BOUND('',#11394,.F.);
#11394 = EDGE_LOOP('',(#11395,#11406,#11414,#11422,#11431,#11439,#11447,
    #11456,#11464,#11472,#11481,#11489,#11497,#11505));
#11395 = ORIENTED_EDGE('',*,*,#11396,.T.);
#11396 = EDGE_CURVE('',#11397,#11399,#11401,.T.);
#11397 = VERTEX_POINT('',#11398);
#11398 = CARTESIAN_POINT('',(-10.191668,2.869089,1.585));
#11399 = VERTEX_POINT('',#11400);
#11400 = CARTESIAN_POINT('',(-10.075,2.806729,1.585));
#11401 = CIRCLE('',#11402,7.500000000003E-02);
#11402 = AXIS2_PLACEMENT_3D('',#11403,#11404,#11405);
#11403 = CARTESIAN_POINT('',(-10.15,2.806728934445,1.585));
#11404 = DIRECTION('',(0.,0.,-1.));
#11405 = DIRECTION('',(-0.555573333333,0.831467540731,0.));
#11406 = ORIENTED_EDGE('',*,*,#11407,.T.);
#11407 = EDGE_CURVE('',#11399,#11408,#11410,.T.);
#11408 = VERTEX_POINT('',#11409);
#11409 = CARTESIAN_POINT('',(-10.075,2.3103,1.585));
#11410 = LINE('',#11411,#11412);
#11411 = CARTESIAN_POINT('',(-10.075,2.806729,1.585));
#11412 = VECTOR('',#11413,1.);
#11413 = DIRECTION('',(0.,-1.,0.));
#11414 = ORIENTED_EDGE('',*,*,#11415,.T.);
#11415 = EDGE_CURVE('',#11408,#11416,#11418,.T.);
#11416 = VERTEX_POINT('',#11417);
#11417 = CARTESIAN_POINT('',(-9.563939,2.308859,1.585));
#11418 = LINE('',#11419,#11420);
#11419 = CARTESIAN_POINT('',(-10.075,2.3103,1.585));
#11420 = VECTOR('',#11421,1.);
#11421 = DIRECTION('',(0.999996024883,-2.819613063522E-03,0.));
#11422 = ORIENTED_EDGE('',*,*,#11423,.T.);
#11423 = EDGE_CURVE('',#11416,#11424,#11426,.T.);
#11424 = VERTEX_POINT('',#11425);
#11425 = CARTESIAN_POINT('',(-9.578571,2.1603,1.585));
#11426 = CIRCLE('',#11427,7.500006711464E-02);
#11427 = AXIS2_PLACEMENT_3D('',#11428,#11429,#11430);
#11428 = CARTESIAN_POINT('',(-9.578570932885,2.235300067115,1.585));
#11429 = DIRECTION('',(0.,0.,-1.));
#11430 = DIRECTION('',(0.195092263891,0.980784894138,0.));
#11431 = ORIENTED_EDGE('',*,*,#11432,.T.);
#11432 = EDGE_CURVE('',#11424,#11433,#11435,.T.);
#11433 = VERTEX_POINT('',#11434);
#11434 = CARTESIAN_POINT('',(-10.075,2.1603,1.585));
#11435 = LINE('',#11436,#11437);
#11436 = CARTESIAN_POINT('',(-9.578571,2.1603,1.585));
#11437 = VECTOR('',#11438,1.);
#11438 = DIRECTION('',(-1.,0.,0.));
#11439 = ORIENTED_EDGE('',*,*,#11440,.T.);
#11440 = EDGE_CURVE('',#11433,#11441,#11443,.T.);
#11441 = VERTEX_POINT('',#11442);
#11442 = CARTESIAN_POINT('',(-10.076441,1.64924,1.585));
#11443 = LINE('',#11444,#11445);
#11444 = CARTESIAN_POINT('',(-10.075,2.1603,1.585));
#11445 = VECTOR('',#11446,1.);
#11446 = DIRECTION('',(-2.819618580667E-03,-0.999996024868,0.));
#11447 = ORIENTED_EDGE('',*,*,#11448,.T.);
#11448 = EDGE_CURVE('',#11441,#11449,#11451,.T.);
#11449 = VERTEX_POINT('',#11450);
#11450 = CARTESIAN_POINT('',(-10.225,1.663872,1.585));
#11451 = CIRCLE('',#11452,7.500006711464E-02);
#11452 = AXIS2_PLACEMENT_3D('',#11453,#11454,#11455);
#11453 = CARTESIAN_POINT('',(-10.14999993288,1.663871932885,1.585));
#11454 = DIRECTION('',(-0.,0.,-1.));
#11455 = DIRECTION('',(0.980784894138,-0.195092263891,-0.));
#11456 = ORIENTED_EDGE('',*,*,#11457,.T.);
#11457 = EDGE_CURVE('',#11449,#11458,#11460,.T.);
#11458 = VERTEX_POINT('',#11459);
#11459 = CARTESIAN_POINT('',(-10.225,2.1603,1.585));
#11460 = LINE('',#11461,#11462);
#11461 = CARTESIAN_POINT('',(-10.225,1.663872,1.585));
#11462 = VECTOR('',#11463,1.);
#11463 = DIRECTION('',(0.,1.,0.));
#11464 = ORIENTED_EDGE('',*,*,#11465,.T.);
#11465 = EDGE_CURVE('',#11458,#11466,#11468,.T.);
#11466 = VERTEX_POINT('',#11467);
#11467 = CARTESIAN_POINT('',(-10.736061,2.161741,1.585));
#11468 = LINE('',#11469,#11470);
#11469 = CARTESIAN_POINT('',(-10.225,2.1603,1.585));
#11470 = VECTOR('',#11471,1.);
#11471 = DIRECTION('',(-0.999996024883,2.819613063523E-03,0.));
#11472 = ORIENTED_EDGE('',*,*,#11473,.T.);
#11473 = EDGE_CURVE('',#11466,#11474,#11476,.T.);
#11474 = VERTEX_POINT('',#11475);
#11475 = CARTESIAN_POINT('',(-10.721429,2.3103,1.585));
#11476 = CIRCLE('',#11477,7.500006711464E-02);
#11477 = AXIS2_PLACEMENT_3D('',#11478,#11479,#11480);
#11478 = CARTESIAN_POINT('',(-10.72142906711,2.235299932885,1.585));
#11479 = DIRECTION('',(0.,0.,-1.));
#11480 = DIRECTION('',(-0.195092263891,-0.980784894138,-0.));
#11481 = ORIENTED_EDGE('',*,*,#11482,.T.);
#11482 = EDGE_CURVE('',#11474,#11483,#11485,.T.);
#11483 = VERTEX_POINT('',#11484);
#11484 = CARTESIAN_POINT('',(-10.225,2.3103,1.585));
#11485 = LINE('',#11486,#11487);
#11486 = CARTESIAN_POINT('',(-10.721429,2.3103,1.585));
#11487 = VECTOR('',#11488,1.);
#11488 = DIRECTION('',(1.,0.,0.));
#11489 = ORIENTED_EDGE('',*,*,#11490,.T.);
#11490 = EDGE_CURVE('',#11483,#11491,#11493,.T.);
#11491 = VERTEX_POINT('',#11492);
#11492 = CARTESIAN_POINT('',(-10.223559,2.821361,1.585));
#11493 = LINE('',#11494,#11495);
#11494 = CARTESIAN_POINT('',(-10.225,2.3103,1.585));
#11495 = VECTOR('',#11496,1.);
#11496 = DIRECTION('',(2.819613063522E-03,0.999996024883,0.));
#11497 = ORIENTED_EDGE('',*,*,#11498,.T.);
#11498 = EDGE_CURVE('',#11491,#11499,#11501,.T.);
#11499 = VERTEX_POINT('',#11500);
#11500 = CARTESIAN_POINT('',(-10.21236,2.848397,1.585));
#11501 = LINE('',#11502,#11503);
#11502 = CARTESIAN_POINT('',(-10.223559,2.821361,1.585));
#11503 = VECTOR('',#11504,1.);
#11504 = DIRECTION('',(0.38269282806,0.923875640631,0.));
#11505 = ORIENTED_EDGE('',*,*,#11506,.T.);
#11506 = EDGE_CURVE('',#11499,#11397,#11507,.T.);
#11507 = LINE('',#11508,#11509);
#11508 = CARTESIAN_POINT('',(-10.21236,2.848397,1.585));
#11509 = VECTOR('',#11510,1.);
#11510 = DIRECTION('',(0.707106781187,0.707106781187,0.));
#11511 = PLANE('',#11512);
#11512 = AXIS2_PLACEMENT_3D('',#11513,#11514,#11515);
#11513 = CARTESIAN_POINT('',(0.,0.,1.585));
#11514 = DIRECTION('',(0.,0.,1.));
#11515 = DIRECTION('',(1.,0.,-0.));
#11516 = SHELL_BASED_SURFACE_MODEL('',(#11517));
#11517 = OPEN_SHELL('',(#11518));
#11518 = ADVANCED_FACE('',(#11519),#11637,.T.);
#11519 = FACE_BOUND('',#11520,.F.);
#11520 = EDGE_LOOP('',(#11521,#11532,#11540,#11548,#11557,#11565,#11573,
    #11582,#11590,#11598,#11607,#11615,#11623,#11631));
#11521 = ORIENTED_EDGE('',*,*,#11522,.T.);
#11522 = EDGE_CURVE('',#11523,#11525,#11527,.T.);
#11523 = VERTEX_POINT('',#11524);
#11524 = CARTESIAN_POINT('',(7.558332,2.869089,1.585));
#11525 = VERTEX_POINT('',#11526);
#11526 = CARTESIAN_POINT('',(7.675,2.806729,1.585));
#11527 = CIRCLE('',#11528,7.500000000003E-02);
#11528 = AXIS2_PLACEMENT_3D('',#11529,#11530,#11531);
#11529 = CARTESIAN_POINT('',(7.6,2.806728934445,1.585));
#11530 = DIRECTION('',(0.,0.,-1.));
#11531 = DIRECTION('',(-0.555573333333,0.831467540731,0.));
#11532 = ORIENTED_EDGE('',*,*,#11533,.T.);
#11533 = EDGE_CURVE('',#11525,#11534,#11536,.T.);
#11534 = VERTEX_POINT('',#11535);
#11535 = CARTESIAN_POINT('',(7.675,2.3103,1.585));
#11536 = LINE('',#11537,#11538);
#11537 = CARTESIAN_POINT('',(7.675,2.806729,1.585));
#11538 = VECTOR('',#11539,1.);
#11539 = DIRECTION('',(0.,-1.,0.));
#11540 = ORIENTED_EDGE('',*,*,#11541,.T.);
#11541 = EDGE_CURVE('',#11534,#11542,#11544,.T.);
#11542 = VERTEX_POINT('',#11543);
#11543 = CARTESIAN_POINT('',(8.186061,2.308859,1.585));
#11544 = LINE('',#11545,#11546);
#11545 = CARTESIAN_POINT('',(7.675,2.3103,1.585));
#11546 = VECTOR('',#11547,1.);
#11547 = DIRECTION('',(0.999996024883,-2.819613063522E-03,0.));
#11548 = ORIENTED_EDGE('',*,*,#11549,.T.);
#11549 = EDGE_CURVE('',#11542,#11550,#11552,.T.);
#11550 = VERTEX_POINT('',#11551);
#11551 = CARTESIAN_POINT('',(8.171429,2.1603,1.585));
#11552 = CIRCLE('',#11553,7.500006711464E-02);
#11553 = AXIS2_PLACEMENT_3D('',#11554,#11555,#11556);
#11554 = CARTESIAN_POINT('',(8.171429067115,2.235300067115,1.585));
#11555 = DIRECTION('',(0.,0.,-1.));
#11556 = DIRECTION('',(0.195092263891,0.980784894138,0.));
#11557 = ORIENTED_EDGE('',*,*,#11558,.T.);
#11558 = EDGE_CURVE('',#11550,#11559,#11561,.T.);
#11559 = VERTEX_POINT('',#11560);
#11560 = CARTESIAN_POINT('',(7.675,2.1603,1.585));
#11561 = LINE('',#11562,#11563);
#11562 = CARTESIAN_POINT('',(8.171429,2.1603,1.585));
#11563 = VECTOR('',#11564,1.);
#11564 = DIRECTION('',(-1.,0.,0.));
#11565 = ORIENTED_EDGE('',*,*,#11566,.T.);
#11566 = EDGE_CURVE('',#11559,#11567,#11569,.T.);
#11567 = VERTEX_POINT('',#11568);
#11568 = CARTESIAN_POINT('',(7.673559,1.64924,1.585));
#11569 = LINE('',#11570,#11571);
#11570 = CARTESIAN_POINT('',(7.675,2.1603,1.585));
#11571 = VECTOR('',#11572,1.);
#11572 = DIRECTION('',(-2.819618580664E-03,-0.999996024868,0.));
#11573 = ORIENTED_EDGE('',*,*,#11574,.T.);
#11574 = EDGE_CURVE('',#11567,#11575,#11577,.T.);
#11575 = VERTEX_POINT('',#11576);
#11576 = CARTESIAN_POINT('',(7.525,1.663872,1.585));
#11577 = CIRCLE('',#11578,7.500006711464E-02);
#11578 = AXIS2_PLACEMENT_3D('',#11579,#11580,#11581);
#11579 = CARTESIAN_POINT('',(7.600000067115,1.663871932885,1.585));
#11580 = DIRECTION('',(-0.,0.,-1.));
#11581 = DIRECTION('',(0.980784894138,-0.195092263891,-0.));
#11582 = ORIENTED_EDGE('',*,*,#11583,.T.);
#11583 = EDGE_CURVE('',#11575,#11584,#11586,.T.);
#11584 = VERTEX_POINT('',#11585);
#11585 = CARTESIAN_POINT('',(7.525,2.1603,1.585));
#11586 = LINE('',#11587,#11588);
#11587 = CARTESIAN_POINT('',(7.525,1.663872,1.585));
#11588 = VECTOR('',#11589,1.);
#11589 = DIRECTION('',(0.,1.,0.));
#11590 = ORIENTED_EDGE('',*,*,#11591,.T.);
#11591 = EDGE_CURVE('',#11584,#11592,#11594,.T.);
#11592 = VERTEX_POINT('',#11593);
#11593 = CARTESIAN_POINT('',(7.013939,2.161741,1.585));
#11594 = LINE('',#11595,#11596);
#11595 = CARTESIAN_POINT('',(7.525,2.1603,1.585));
#11596 = VECTOR('',#11597,1.);
#11597 = DIRECTION('',(-0.999996024883,2.819613063523E-03,0.));
#11598 = ORIENTED_EDGE('',*,*,#11599,.T.);
#11599 = EDGE_CURVE('',#11592,#11600,#11602,.T.);
#11600 = VERTEX_POINT('',#11601);
#11601 = CARTESIAN_POINT('',(7.028571,2.3103,1.585));
#11602 = CIRCLE('',#11603,7.500006711464E-02);
#11603 = AXIS2_PLACEMENT_3D('',#11604,#11605,#11606);
#11604 = CARTESIAN_POINT('',(7.028570932885,2.235299932885,1.585));
#11605 = DIRECTION('',(0.,0.,-1.));
#11606 = DIRECTION('',(-0.195092263891,-0.980784894138,-0.));
#11607 = ORIENTED_EDGE('',*,*,#11608,.T.);
#11608 = EDGE_CURVE('',#11600,#11609,#11611,.T.);
#11609 = VERTEX_POINT('',#11610);
#11610 = CARTESIAN_POINT('',(7.525,2.3103,1.585));
#11611 = LINE('',#11612,#11613);
#11612 = CARTESIAN_POINT('',(7.028571,2.3103,1.585));
#11613 = VECTOR('',#11614,1.);
#11614 = DIRECTION('',(1.,0.,0.));
#11615 = ORIENTED_EDGE('',*,*,#11616,.T.);
#11616 = EDGE_CURVE('',#11609,#11617,#11619,.T.);
#11617 = VERTEX_POINT('',#11618);
#11618 = CARTESIAN_POINT('',(7.526441,2.821361,1.585));
#11619 = LINE('',#11620,#11621);
#11620 = CARTESIAN_POINT('',(7.525,2.3103,1.585));
#11621 = VECTOR('',#11622,1.);
#11622 = DIRECTION('',(2.819613063522E-03,0.999996024883,0.));
#11623 = ORIENTED_EDGE('',*,*,#11624,.T.);
#11624 = EDGE_CURVE('',#11617,#11625,#11627,.T.);
#11625 = VERTEX_POINT('',#11626);
#11626 = CARTESIAN_POINT('',(7.53764,2.848397,1.585));
#11627 = LINE('',#11628,#11629);
#11628 = CARTESIAN_POINT('',(7.526441,2.821361,1.585));
#11629 = VECTOR('',#11630,1.);
#11630 = DIRECTION('',(0.38269282806,0.923875640631,0.));
#11631 = ORIENTED_EDGE('',*,*,#11632,.T.);
#11632 = EDGE_CURVE('',#11625,#11523,#11633,.T.);
#11633 = LINE('',#11634,#11635);
#11634 = CARTESIAN_POINT('',(7.53764,2.848397,1.585));
#11635 = VECTOR('',#11636,1.);
#11636 = DIRECTION('',(0.707106781187,0.707106781187,0.));
#11637 = PLANE('',#11638);
#11638 = AXIS2_PLACEMENT_3D('',#11639,#11640,#11641);
#11639 = CARTESIAN_POINT('',(0.,0.,1.585));
#11640 = DIRECTION('',(0.,0.,1.));
#11641 = DIRECTION('',(1.,0.,-0.));
#11642 = SHELL_BASED_SURFACE_MODEL('',(#11643));
#11643 = OPEN_SHELL('',(#11644));
#11644 = ADVANCED_FACE('',(#11645),#11763,.T.);
#11645 = FACE_BOUND('',#11646,.F.);
#11646 = EDGE_LOOP('',(#11647,#11658,#11666,#11674,#11683,#11691,#11699,
    #11708,#11716,#11724,#11733,#11741,#11749,#11757));
#11647 = ORIENTED_EDGE('',*,*,#11648,.T.);
#11648 = EDGE_CURVE('',#11649,#11651,#11653,.T.);
#11649 = VERTEX_POINT('',#11650);
#11650 = CARTESIAN_POINT('',(25.308332,2.869089,1.585));
#11651 = VERTEX_POINT('',#11652);
#11652 = CARTESIAN_POINT('',(25.425,2.806729,1.585));
#11653 = CIRCLE('',#11654,7.500000000003E-02);
#11654 = AXIS2_PLACEMENT_3D('',#11655,#11656,#11657);
#11655 = CARTESIAN_POINT('',(25.35,2.806728934445,1.585));
#11656 = DIRECTION('',(0.,0.,-1.));
#11657 = DIRECTION('',(-0.555573333333,0.831467540731,0.));
#11658 = ORIENTED_EDGE('',*,*,#11659,.T.);
#11659 = EDGE_CURVE('',#11651,#11660,#11662,.T.);
#11660 = VERTEX_POINT('',#11661);
#11661 = CARTESIAN_POINT('',(25.425,2.3103,1.585));
#11662 = LINE('',#11663,#11664);
#11663 = CARTESIAN_POINT('',(25.425,2.806729,1.585));
#11664 = VECTOR('',#11665,1.);
#11665 = DIRECTION('',(0.,-1.,0.));
#11666 = ORIENTED_EDGE('',*,*,#11667,.T.);
#11667 = EDGE_CURVE('',#11660,#11668,#11670,.T.);
#11668 = VERTEX_POINT('',#11669);
#11669 = CARTESIAN_POINT('',(25.936061,2.308859,1.585));
#11670 = LINE('',#11671,#11672);
#11671 = CARTESIAN_POINT('',(25.425,2.3103,1.585));
#11672 = VECTOR('',#11673,1.);
#11673 = DIRECTION('',(0.999996024883,-2.819613063522E-03,0.));
#11674 = ORIENTED_EDGE('',*,*,#11675,.T.);
#11675 = EDGE_CURVE('',#11668,#11676,#11678,.T.);
#11676 = VERTEX_POINT('',#11677);
#11677 = CARTESIAN_POINT('',(25.921429,2.1603,1.585));
#11678 = CIRCLE('',#11679,7.500006711464E-02);
#11679 = AXIS2_PLACEMENT_3D('',#11680,#11681,#11682);
#11680 = CARTESIAN_POINT('',(25.921429067115,2.235300067115,1.585));
#11681 = DIRECTION('',(0.,0.,-1.));
#11682 = DIRECTION('',(0.195092263891,0.980784894138,0.));
#11683 = ORIENTED_EDGE('',*,*,#11684,.T.);
#11684 = EDGE_CURVE('',#11676,#11685,#11687,.T.);
#11685 = VERTEX_POINT('',#11686);
#11686 = CARTESIAN_POINT('',(25.425,2.1603,1.585));
#11687 = LINE('',#11688,#11689);
#11688 = CARTESIAN_POINT('',(25.921429,2.1603,1.585));
#11689 = VECTOR('',#11690,1.);
#11690 = DIRECTION('',(-1.,0.,0.));
#11691 = ORIENTED_EDGE('',*,*,#11692,.T.);
#11692 = EDGE_CURVE('',#11685,#11693,#11695,.T.);
#11693 = VERTEX_POINT('',#11694);
#11694 = CARTESIAN_POINT('',(25.423559,1.64924,1.585));
#11695 = LINE('',#11696,#11697);
#11696 = CARTESIAN_POINT('',(25.425,2.1603,1.585));
#11697 = VECTOR('',#11698,1.);
#11698 = DIRECTION('',(-2.819618580664E-03,-0.999996024868,0.));
#11699 = ORIENTED_EDGE('',*,*,#11700,.T.);
#11700 = EDGE_CURVE('',#11693,#11701,#11703,.T.);
#11701 = VERTEX_POINT('',#11702);
#11702 = CARTESIAN_POINT('',(25.275,1.663872,1.585));
#11703 = CIRCLE('',#11704,7.500006711464E-02);
#11704 = AXIS2_PLACEMENT_3D('',#11705,#11706,#11707);
#11705 = CARTESIAN_POINT('',(25.350000067115,1.663871932885,1.585));
#11706 = DIRECTION('',(-0.,0.,-1.));
#11707 = DIRECTION('',(0.980784894138,-0.195092263891,-0.));
#11708 = ORIENTED_EDGE('',*,*,#11709,.T.);
#11709 = EDGE_CURVE('',#11701,#11710,#11712,.T.);
#11710 = VERTEX_POINT('',#11711);
#11711 = CARTESIAN_POINT('',(25.275,2.1603,1.585));
#11712 = LINE('',#11713,#11714);
#11713 = CARTESIAN_POINT('',(25.275,1.663872,1.585));
#11714 = VECTOR('',#11715,1.);
#11715 = DIRECTION('',(0.,1.,0.));
#11716 = ORIENTED_EDGE('',*,*,#11717,.T.);
#11717 = EDGE_CURVE('',#11710,#11718,#11720,.T.);
#11718 = VERTEX_POINT('',#11719);
#11719 = CARTESIAN_POINT('',(24.763939,2.161741,1.585));
#11720 = LINE('',#11721,#11722);
#11721 = CARTESIAN_POINT('',(25.275,2.1603,1.585));
#11722 = VECTOR('',#11723,1.);
#11723 = DIRECTION('',(-0.999996024883,2.819613063523E-03,0.));
#11724 = ORIENTED_EDGE('',*,*,#11725,.T.);
#11725 = EDGE_CURVE('',#11718,#11726,#11728,.T.);
#11726 = VERTEX_POINT('',#11727);
#11727 = CARTESIAN_POINT('',(24.778571,2.3103,1.585));
#11728 = CIRCLE('',#11729,7.500006711464E-02);
#11729 = AXIS2_PLACEMENT_3D('',#11730,#11731,#11732);
#11730 = CARTESIAN_POINT('',(24.778570932885,2.235299932885,1.585));
#11731 = DIRECTION('',(0.,0.,-1.));
#11732 = DIRECTION('',(-0.195092263891,-0.980784894138,-0.));
#11733 = ORIENTED_EDGE('',*,*,#11734,.T.);
#11734 = EDGE_CURVE('',#11726,#11735,#11737,.T.);
#11735 = VERTEX_POINT('',#11736);
#11736 = CARTESIAN_POINT('',(25.275,2.3103,1.585));
#11737 = LINE('',#11738,#11739);
#11738 = CARTESIAN_POINT('',(24.778571,2.3103,1.585));
#11739 = VECTOR('',#11740,1.);
#11740 = DIRECTION('',(1.,0.,0.));
#11741 = ORIENTED_EDGE('',*,*,#11742,.T.);
#11742 = EDGE_CURVE('',#11735,#11743,#11745,.T.);
#11743 = VERTEX_POINT('',#11744);
#11744 = CARTESIAN_POINT('',(25.276441,2.821361,1.585));
#11745 = LINE('',#11746,#11747);
#11746 = CARTESIAN_POINT('',(25.275,2.3103,1.585));
#11747 = VECTOR('',#11748,1.);
#11748 = DIRECTION('',(2.819613063522E-03,0.999996024883,0.));
#11749 = ORIENTED_EDGE('',*,*,#11750,.T.);
#11750 = EDGE_CURVE('',#11743,#11751,#11753,.T.);
#11751 = VERTEX_POINT('',#11752);
#11752 = CARTESIAN_POINT('',(25.28764,2.848397,1.585));
#11753 = LINE('',#11754,#11755);
#11754 = CARTESIAN_POINT('',(25.276441,2.821361,1.585));
#11755 = VECTOR('',#11756,1.);
#11756 = DIRECTION('',(0.38269282806,0.923875640631,0.));
#11757 = ORIENTED_EDGE('',*,*,#11758,.T.);
#11758 = EDGE_CURVE('',#11751,#11649,#11759,.T.);
#11759 = LINE('',#11760,#11761);
#11760 = CARTESIAN_POINT('',(25.28764,2.848397,1.585));
#11761 = VECTOR('',#11762,1.);
#11762 = DIRECTION('',(0.707106781187,0.707106781187,0.));
#11763 = PLANE('',#11764);
#11764 = AXIS2_PLACEMENT_3D('',#11765,#11766,#11767);
#11765 = CARTESIAN_POINT('',(0.,0.,1.585));
#11766 = DIRECTION('',(0.,0.,1.));
#11767 = DIRECTION('',(1.,0.,-0.));
#11768 = SHELL_BASED_SURFACE_MODEL('',(#11769));
#11769 = OPEN_SHELL('',(#11770));
#11770 = ADVANCED_FACE('',(#11771),#11807,.T.);
#11771 = FACE_BOUND('',#11772,.F.);
#11772 = EDGE_LOOP('',(#11773,#11784,#11792,#11801));
#11773 = ORIENTED_EDGE('',*,*,#11774,.T.);
#11774 = EDGE_CURVE('',#11775,#11777,#11779,.T.);
#11775 = VERTEX_POINT('',#11776);
#11776 = CARTESIAN_POINT('',(-16.186061,2.161741,1.585));
#11777 = VERTEX_POINT('',#11778);
#11778 = CARTESIAN_POINT('',(-16.171429,2.3103,1.585));
#11779 = CIRCLE('',#11780,7.500006711464E-02);
#11780 = AXIS2_PLACEMENT_3D('',#11781,#11782,#11783);
#11781 = CARTESIAN_POINT('',(-16.17142906711,2.235299932885,1.585));
#11782 = DIRECTION('',(0.,0.,-1.));
#11783 = DIRECTION('',(-0.195092263891,-0.980784894138,-0.));
#11784 = ORIENTED_EDGE('',*,*,#11785,.T.);
#11785 = EDGE_CURVE('',#11777,#11786,#11788,.T.);
#11786 = VERTEX_POINT('',#11787);
#11787 = CARTESIAN_POINT('',(-15.013939,2.308859,1.585));
#11788 = LINE('',#11789,#11790);
#11789 = CARTESIAN_POINT('',(-16.171429,2.3103,1.585));
#11790 = VECTOR('',#11791,1.);
#11791 = DIRECTION('',(0.999999225069,-1.244934196688E-03,0.));
#11792 = ORIENTED_EDGE('',*,*,#11793,.T.);
#11793 = EDGE_CURVE('',#11786,#11794,#11796,.T.);
#11794 = VERTEX_POINT('',#11795);
#11795 = CARTESIAN_POINT('',(-15.028571,2.1603,1.585));
#11796 = CIRCLE('',#11797,7.500006711464E-02);
#11797 = AXIS2_PLACEMENT_3D('',#11798,#11799,#11800);
#11798 = CARTESIAN_POINT('',(-15.02857093288,2.235300067115,1.585));
#11799 = DIRECTION('',(0.,0.,-1.));
#11800 = DIRECTION('',(0.195092263891,0.980784894138,0.));
#11801 = ORIENTED_EDGE('',*,*,#11802,.T.);
#11802 = EDGE_CURVE('',#11794,#11775,#11803,.T.);
#11803 = LINE('',#11804,#11805);
#11804 = CARTESIAN_POINT('',(-15.028571,2.1603,1.585));
#11805 = VECTOR('',#11806,1.);
#11806 = DIRECTION('',(-0.999999225069,1.244934196688E-03,0.));
#11807 = PLANE('',#11808);
#11808 = AXIS2_PLACEMENT_3D('',#11809,#11810,#11811);
#11809 = CARTESIAN_POINT('',(0.,0.,1.585));
#11810 = DIRECTION('',(0.,0.,1.));
#11811 = DIRECTION('',(1.,0.,-0.));
#11812 = SHELL_BASED_SURFACE_MODEL('',(#11813));
#11813 = OPEN_SHELL('',(#11814));
#11814 = ADVANCED_FACE('',(#11815),#11851,.T.);
#11815 = FACE_BOUND('',#11816,.F.);
#11816 = EDGE_LOOP('',(#11817,#11828,#11836,#11845));
#11817 = ORIENTED_EDGE('',*,*,#11818,.T.);
#11818 = EDGE_CURVE('',#11819,#11821,#11823,.T.);
#11819 = VERTEX_POINT('',#11820);
#11820 = CARTESIAN_POINT('',(1.563939,2.161741,1.585));
#11821 = VERTEX_POINT('',#11822);
#11822 = CARTESIAN_POINT('',(1.578571,2.3103,1.585));
#11823 = CIRCLE('',#11824,7.500006711464E-02);
#11824 = AXIS2_PLACEMENT_3D('',#11825,#11826,#11827);
#11825 = CARTESIAN_POINT('',(1.578570932885,2.235299932885,1.585));
#11826 = DIRECTION('',(0.,0.,-1.));
#11827 = DIRECTION('',(-0.195092263891,-0.980784894138,-0.));
#11828 = ORIENTED_EDGE('',*,*,#11829,.T.);
#11829 = EDGE_CURVE('',#11821,#11830,#11832,.T.);
#11830 = VERTEX_POINT('',#11831);
#11831 = CARTESIAN_POINT('',(2.736061,2.308859,1.585));
#11832 = LINE('',#11833,#11834);
#11833 = CARTESIAN_POINT('',(1.578571,2.3103,1.585));
#11834 = VECTOR('',#11835,1.);
#11835 = DIRECTION('',(0.999999225069,-1.244934196688E-03,0.));
#11836 = ORIENTED_EDGE('',*,*,#11837,.T.);
#11837 = EDGE_CURVE('',#11830,#11838,#11840,.T.);
#11838 = VERTEX_POINT('',#11839);
#11839 = CARTESIAN_POINT('',(2.721429,2.1603,1.585));
#11840 = CIRCLE('',#11841,7.500006711464E-02);
#11841 = AXIS2_PLACEMENT_3D('',#11842,#11843,#11844);
#11842 = CARTESIAN_POINT('',(2.721429067115,2.235300067115,1.585));
#11843 = DIRECTION('',(0.,0.,-1.));
#11844 = DIRECTION('',(0.195092263891,0.980784894138,0.));
#11845 = ORIENTED_EDGE('',*,*,#11846,.T.);
#11846 = EDGE_CURVE('',#11838,#11819,#11847,.T.);
#11847 = LINE('',#11848,#11849);
#11848 = CARTESIAN_POINT('',(2.721429,2.1603,1.585));
#11849 = VECTOR('',#11850,1.);
#11850 = DIRECTION('',(-0.999999225069,1.244934196688E-03,0.));
#11851 = PLANE('',#11852);
#11852 = AXIS2_PLACEMENT_3D('',#11853,#11854,#11855);
#11853 = CARTESIAN_POINT('',(0.,0.,1.585));
#11854 = DIRECTION('',(0.,0.,1.));
#11855 = DIRECTION('',(1.,0.,-0.));
#11856 = SHELL_BASED_SURFACE_MODEL('',(#11857));
#11857 = OPEN_SHELL('',(#11858));
#11858 = ADVANCED_FACE('',(#11859),#11895,.T.);
#11859 = FACE_BOUND('',#11860,.F.);
#11860 = EDGE_LOOP('',(#11861,#11872,#11880,#11889));
#11861 = ORIENTED_EDGE('',*,*,#11862,.T.);
#11862 = EDGE_CURVE('',#11863,#11865,#11867,.T.);
#11863 = VERTEX_POINT('',#11864);
#11864 = CARTESIAN_POINT('',(19.313939,2.161741,1.585));
#11865 = VERTEX_POINT('',#11866);
#11866 = CARTESIAN_POINT('',(19.328571,2.3103,1.585));
#11867 = CIRCLE('',#11868,7.500006711464E-02);
#11868 = AXIS2_PLACEMENT_3D('',#11869,#11870,#11871);
#11869 = CARTESIAN_POINT('',(19.328570932885,2.235299932885,1.585));
#11870 = DIRECTION('',(0.,0.,-1.));
#11871 = DIRECTION('',(-0.195092263891,-0.980784894138,-0.));
#11872 = ORIENTED_EDGE('',*,*,#11873,.T.);
#11873 = EDGE_CURVE('',#11865,#11874,#11876,.T.);
#11874 = VERTEX_POINT('',#11875);
#11875 = CARTESIAN_POINT('',(20.486061,2.308859,1.585));
#11876 = LINE('',#11877,#11878);
#11877 = CARTESIAN_POINT('',(19.328571,2.3103,1.585));
#11878 = VECTOR('',#11879,1.);
#11879 = DIRECTION('',(0.999999225069,-1.244934196688E-03,0.));
#11880 = ORIENTED_EDGE('',*,*,#11881,.T.);
#11881 = EDGE_CURVE('',#11874,#11882,#11884,.T.);
#11882 = VERTEX_POINT('',#11883);
#11883 = CARTESIAN_POINT('',(20.471429,2.1603,1.585));
#11884 = CIRCLE('',#11885,7.500006711464E-02);
#11885 = AXIS2_PLACEMENT_3D('',#11886,#11887,#11888);
#11886 = CARTESIAN_POINT('',(20.471429067115,2.235300067115,1.585));
#11887 = DIRECTION('',(0.,0.,-1.));
#11888 = DIRECTION('',(0.195092263891,0.980784894138,0.));
#11889 = ORIENTED_EDGE('',*,*,#11890,.T.);
#11890 = EDGE_CURVE('',#11882,#11863,#11891,.T.);
#11891 = LINE('',#11892,#11893);
#11892 = CARTESIAN_POINT('',(20.471429,2.1603,1.585));
#11893 = VECTOR('',#11894,1.);
#11894 = DIRECTION('',(-0.999999225069,1.244934196688E-03,0.));
#11895 = PLANE('',#11896);
#11896 = AXIS2_PLACEMENT_3D('',#11897,#11898,#11899);
#11897 = CARTESIAN_POINT('',(0.,0.,1.585));
#11898 = DIRECTION('',(0.,0.,1.));
#11899 = DIRECTION('',(1.,0.,-0.));
#11900 = SHELL_BASED_SURFACE_MODEL('',(#11901));
#11901 = OPEN_SHELL('',(#11902));
#11902 = ADVANCED_FACE('',(#11903),#11939,.T.);
#11903 = FACE_BOUND('',#11904,.F.);
#11904 = EDGE_LOOP('',(#11905,#11916,#11924,#11933));
#11905 = ORIENTED_EDGE('',*,*,#11906,.T.);
#11906 = EDGE_CURVE('',#11907,#11909,#11911,.T.);
#11907 = VERTEX_POINT('',#11908);
#11908 = CARTESIAN_POINT('',(37.063939,2.161741,1.585));
#11909 = VERTEX_POINT('',#11910);
#11910 = CARTESIAN_POINT('',(37.078571,2.3103,1.585));
#11911 = CIRCLE('',#11912,7.500006711464E-02);
#11912 = AXIS2_PLACEMENT_3D('',#11913,#11914,#11915);
#11913 = CARTESIAN_POINT('',(37.078570932885,2.235299932885,1.585));
#11914 = DIRECTION('',(0.,0.,-1.));
#11915 = DIRECTION('',(-0.195092263891,-0.980784894138,-0.));
#11916 = ORIENTED_EDGE('',*,*,#11917,.T.);
#11917 = EDGE_CURVE('',#11909,#11918,#11920,.T.);
#11918 = VERTEX_POINT('',#11919);
#11919 = CARTESIAN_POINT('',(38.236061,2.308859,1.585));
#11920 = LINE('',#11921,#11922);
#11921 = CARTESIAN_POINT('',(37.078571,2.3103,1.585));
#11922 = VECTOR('',#11923,1.);
#11923 = DIRECTION('',(0.999999225069,-1.244934196688E-03,0.));
#11924 = ORIENTED_EDGE('',*,*,#11925,.T.);
#11925 = EDGE_CURVE('',#11918,#11926,#11928,.T.);
#11926 = VERTEX_POINT('',#11927);
#11927 = CARTESIAN_POINT('',(38.221429,2.1603,1.585));
#11928 = CIRCLE('',#11929,7.500006711464E-02);
#11929 = AXIS2_PLACEMENT_3D('',#11930,#11931,#11932);
#11930 = CARTESIAN_POINT('',(38.221429067115,2.235300067115,1.585));
#11931 = DIRECTION('',(0.,0.,-1.));
#11932 = DIRECTION('',(0.195092263891,0.980784894138,0.));
#11933 = ORIENTED_EDGE('',*,*,#11934,.T.);
#11934 = EDGE_CURVE('',#11926,#11907,#11935,.T.);
#11935 = LINE('',#11936,#11937);
#11936 = CARTESIAN_POINT('',(38.221429,2.1603,1.585));
#11937 = VECTOR('',#11938,1.);
#11938 = DIRECTION('',(-0.999999225069,1.244934196688E-03,0.));
#11939 = PLANE('',#11940);
#11940 = AXIS2_PLACEMENT_3D('',#11941,#11942,#11943);
#11941 = CARTESIAN_POINT('',(0.,0.,1.585));
#11942 = DIRECTION('',(0.,0.,1.));
#11943 = DIRECTION('',(1.,0.,-0.));
#11944 = SHELL_BASED_SURFACE_MODEL('',(#11945));
#11945 = OPEN_SHELL('',(#11946));
#11946 = ADVANCED_FACE('',(#11947),#11983,.T.);
#11947 = FACE_BOUND('',#11948,.F.);
#11948 = EDGE_LOOP('',(#11949,#11960,#11968,#11977));
#11949 = ORIENTED_EDGE('',*,*,#11950,.T.);
#11950 = EDGE_CURVE('',#11951,#11953,#11955,.T.);
#11951 = VERTEX_POINT('',#11952);
#11952 = CARTESIAN_POINT('',(-24.45,2.83,1.585));
#11953 = VERTEX_POINT('',#11954);
#11954 = CARTESIAN_POINT('',(-24.45,2.95,1.585));
#11955 = CIRCLE('',#11956,6.000000000042E-02);
#11956 = AXIS2_PLACEMENT_3D('',#11957,#11958,#11959);
#11957 = CARTESIAN_POINT('',(-24.45000022558,2.89,1.585));
#11958 = DIRECTION('',(0.,0.,-1.));
#11959 = DIRECTION('',(3.75979413526E-06,-0.999999999993,0.));
#11960 = ORIENTED_EDGE('',*,*,#11961,.T.);
#11961 = EDGE_CURVE('',#11953,#11962,#11964,.T.);
#11962 = VERTEX_POINT('',#11963);
#11963 = CARTESIAN_POINT('',(-20.71,2.95,1.585));
#11964 = LINE('',#11965,#11966);
#11965 = CARTESIAN_POINT('',(-24.45,2.95,1.585));
#11966 = VECTOR('',#11967,1.);
#11967 = DIRECTION('',(1.,0.,0.));
#11968 = ORIENTED_EDGE('',*,*,#11969,.T.);
#11969 = EDGE_CURVE('',#11962,#11970,#11972,.T.);
#11970 = VERTEX_POINT('',#11971);
#11971 = CARTESIAN_POINT('',(-20.71,2.83,1.585));
#11972 = CIRCLE('',#11973,6.000000000042E-02);
#11973 = AXIS2_PLACEMENT_3D('',#11974,#11975,#11976);
#11974 = CARTESIAN_POINT('',(-20.70999977441,2.89,1.585));
#11975 = DIRECTION('',(0.,0.,-1.));
#11976 = DIRECTION('',(-3.75979413526E-06,0.999999999993,-0.));
#11977 = ORIENTED_EDGE('',*,*,#11978,.T.);
#11978 = EDGE_CURVE('',#11970,#11951,#11979,.T.);
#11979 = LINE('',#11980,#11981);
#11980 = CARTESIAN_POINT('',(-20.71,2.83,1.585));
#11981 = VECTOR('',#11982,1.);
#11982 = DIRECTION('',(-1.,0.,0.));
#11983 = PLANE('',#11984);
#11984 = AXIS2_PLACEMENT_3D('',#11985,#11986,#11987);
#11985 = CARTESIAN_POINT('',(0.,0.,1.585));
#11986 = DIRECTION('',(0.,0.,1.));
#11987 = DIRECTION('',(1.,0.,-0.));
#11988 = SHELL_BASED_SURFACE_MODEL('',(#11989));
#11989 = OPEN_SHELL('',(#11990));
#11990 = ADVANCED_FACE('',(#11991),#12027,.T.);
#11991 = FACE_BOUND('',#11992,.F.);
#11992 = EDGE_LOOP('',(#11993,#12004,#12012,#12021));
#11993 = ORIENTED_EDGE('',*,*,#11994,.T.);
#11994 = EDGE_CURVE('',#11995,#11997,#11999,.T.);
#11995 = VERTEX_POINT('',#11996);
#11996 = CARTESIAN_POINT('',(-6.7,2.83,1.585));
#11997 = VERTEX_POINT('',#11998);
#11998 = CARTESIAN_POINT('',(-6.7,2.95,1.585));
#11999 = CIRCLE('',#12000,6.000000000042E-02);
#12000 = AXIS2_PLACEMENT_3D('',#12001,#12002,#12003);
#12001 = CARTESIAN_POINT('',(-6.700000225588,2.89,1.585));
#12002 = DIRECTION('',(0.,0.,-1.));
#12003 = DIRECTION('',(3.759794090851E-06,-0.999999999993,0.));
#12004 = ORIENTED_EDGE('',*,*,#12005,.T.);
#12005 = EDGE_CURVE('',#11997,#12006,#12008,.T.);
#12006 = VERTEX_POINT('',#12007);
#12007 = CARTESIAN_POINT('',(-2.96,2.95,1.585));
#12008 = LINE('',#12009,#12010);
#12009 = CARTESIAN_POINT('',(-6.7,2.95,1.585));
#12010 = VECTOR('',#12011,1.);
#12011 = DIRECTION('',(1.,0.,0.));
#12012 = ORIENTED_EDGE('',*,*,#12013,.T.);
#12013 = EDGE_CURVE('',#12006,#12014,#12016,.T.);
#12014 = VERTEX_POINT('',#12015);
#12015 = CARTESIAN_POINT('',(-2.96,2.83,1.585));
#12016 = CIRCLE('',#12017,6.000000000042E-02);
#12017 = AXIS2_PLACEMENT_3D('',#12018,#12019,#12020);
#12018 = CARTESIAN_POINT('',(-2.959999774412,2.89,1.585));
#12019 = DIRECTION('',(0.,0.,-1.));
#12020 = DIRECTION('',(-3.759794105654E-06,0.999999999993,-0.));
#12021 = ORIENTED_EDGE('',*,*,#12022,.T.);
#12022 = EDGE_CURVE('',#12014,#11995,#12023,.T.);
#12023 = LINE('',#12024,#12025);
#12024 = CARTESIAN_POINT('',(-2.96,2.83,1.585));
#12025 = VECTOR('',#12026,1.);
#12026 = DIRECTION('',(-1.,0.,0.));
#12027 = PLANE('',#12028);
#12028 = AXIS2_PLACEMENT_3D('',#12029,#12030,#12031);
#12029 = CARTESIAN_POINT('',(0.,0.,1.585));
#12030 = DIRECTION('',(0.,0.,1.));
#12031 = DIRECTION('',(1.,0.,-0.));
#12032 = SHELL_BASED_SURFACE_MODEL('',(#12033));
#12033 = OPEN_SHELL('',(#12034));
#12034 = ADVANCED_FACE('',(#12035),#12071,.T.);
#12035 = FACE_BOUND('',#12036,.F.);
#12036 = EDGE_LOOP('',(#12037,#12048,#12056,#12065));
#12037 = ORIENTED_EDGE('',*,*,#12038,.T.);
#12038 = EDGE_CURVE('',#12039,#12041,#12043,.T.);
#12039 = VERTEX_POINT('',#12040);
#12040 = CARTESIAN_POINT('',(11.05,2.83,1.585));
#12041 = VERTEX_POINT('',#12042);
#12042 = CARTESIAN_POINT('',(11.05,2.95,1.585));
#12043 = CIRCLE('',#12044,6.000000000042E-02);
#12044 = AXIS2_PLACEMENT_3D('',#12045,#12046,#12047);
#12045 = CARTESIAN_POINT('',(11.049999774412,2.89,1.585));
#12046 = DIRECTION('',(0.,0.,-1.));
#12047 = DIRECTION('',(3.759794105654E-06,-0.999999999993,0.));
#12048 = ORIENTED_EDGE('',*,*,#12049,.T.);
#12049 = EDGE_CURVE('',#12041,#12050,#12052,.T.);
#12050 = VERTEX_POINT('',#12051);
#12051 = CARTESIAN_POINT('',(14.79,2.95,1.585));
#12052 = LINE('',#12053,#12054);
#12053 = CARTESIAN_POINT('',(11.05,2.95,1.585));
#12054 = VECTOR('',#12055,1.);
#12055 = DIRECTION('',(1.,0.,0.));
#12056 = ORIENTED_EDGE('',*,*,#12057,.T.);
#12057 = EDGE_CURVE('',#12050,#12058,#12060,.T.);
#12058 = VERTEX_POINT('',#12059);
#12059 = CARTESIAN_POINT('',(14.79,2.83,1.585));
#12060 = CIRCLE('',#12061,6.000000000042E-02);
#12061 = AXIS2_PLACEMENT_3D('',#12062,#12063,#12064);
#12062 = CARTESIAN_POINT('',(14.790000225588,2.89,1.585));
#12063 = DIRECTION('',(0.,0.,-1.));
#12064 = DIRECTION('',(-3.759794105654E-06,0.999999999993,-0.));
#12065 = ORIENTED_EDGE('',*,*,#12066,.T.);
#12066 = EDGE_CURVE('',#12058,#12039,#12067,.T.);
#12067 = LINE('',#12068,#12069);
#12068 = CARTESIAN_POINT('',(14.79,2.83,1.585));
#12069 = VECTOR('',#12070,1.);
#12070 = DIRECTION('',(-1.,0.,0.));
#12071 = PLANE('',#12072);
#12072 = AXIS2_PLACEMENT_3D('',#12073,#12074,#12075);
#12073 = CARTESIAN_POINT('',(0.,0.,1.585));
#12074 = DIRECTION('',(0.,0.,1.));
#12075 = DIRECTION('',(1.,0.,-0.));
#12076 = SHELL_BASED_SURFACE_MODEL('',(#12077));
#12077 = OPEN_SHELL('',(#12078));
#12078 = ADVANCED_FACE('',(#12079),#12115,.T.);
#12079 = FACE_BOUND('',#12080,.F.);
#12080 = EDGE_LOOP('',(#12081,#12092,#12100,#12109));
#12081 = ORIENTED_EDGE('',*,*,#12082,.T.);
#12082 = EDGE_CURVE('',#12083,#12085,#12087,.T.);
#12083 = VERTEX_POINT('',#12084);
#12084 = CARTESIAN_POINT('',(28.8,2.83,1.585));
#12085 = VERTEX_POINT('',#12086);
#12086 = CARTESIAN_POINT('',(28.8,2.95,1.585));
#12087 = CIRCLE('',#12088,6.000000000042E-02);
#12088 = AXIS2_PLACEMENT_3D('',#12089,#12090,#12091);
#12089 = CARTESIAN_POINT('',(28.799999774412,2.89,1.585));
#12090 = DIRECTION('',(0.,0.,-1.));
#12091 = DIRECTION('',(3.75979413526E-06,-0.999999999993,0.));
#12092 = ORIENTED_EDGE('',*,*,#12093,.T.);
#12093 = EDGE_CURVE('',#12085,#12094,#12096,.T.);
#12094 = VERTEX_POINT('',#12095);
#12095 = CARTESIAN_POINT('',(32.54,2.95,1.585));
#12096 = LINE('',#12097,#12098);
#12097 = CARTESIAN_POINT('',(28.8,2.95,1.585));
#12098 = VECTOR('',#12099,1.);
#12099 = DIRECTION('',(1.,0.,0.));
#12100 = ORIENTED_EDGE('',*,*,#12101,.T.);
#12101 = EDGE_CURVE('',#12094,#12102,#12104,.T.);
#12102 = VERTEX_POINT('',#12103);
#12103 = CARTESIAN_POINT('',(32.54,2.83,1.585));
#12104 = CIRCLE('',#12105,6.000000000042E-02);
#12105 = AXIS2_PLACEMENT_3D('',#12106,#12107,#12108);
#12106 = CARTESIAN_POINT('',(32.540000225588,2.89,1.585));
#12107 = DIRECTION('',(0.,0.,-1.));
#12108 = DIRECTION('',(-3.75979413526E-06,0.999999999993,-0.));
#12109 = ORIENTED_EDGE('',*,*,#12110,.T.);
#12110 = EDGE_CURVE('',#12102,#12083,#12111,.T.);
#12111 = LINE('',#12112,#12113);
#12112 = CARTESIAN_POINT('',(32.54,2.83,1.585));
#12113 = VECTOR('',#12114,1.);
#12114 = DIRECTION('',(-1.,0.,0.));
#12115 = PLANE('',#12116);
#12116 = AXIS2_PLACEMENT_3D('',#12117,#12118,#12119);
#12117 = CARTESIAN_POINT('',(0.,0.,1.585));
#12118 = DIRECTION('',(0.,0.,1.));
#12119 = DIRECTION('',(1.,0.,-0.));
#12120 = SHELL_BASED_SURFACE_MODEL('',(#12121));
#12121 = OPEN_SHELL('',(#12122));
#12122 = ADVANCED_FACE('',(#12123),#12192,.T.);
#12123 = FACE_BOUND('',#12124,.F.);
#12124 = EDGE_LOOP('',(#12125,#12136,#12144,#12152,#12160,#12169,#12177,
    #12186));
#12125 = ORIENTED_EDGE('',*,*,#12126,.T.);
#12126 = EDGE_CURVE('',#12127,#12129,#12131,.T.);
#12127 = VERTEX_POINT('',#12128);
#12128 = CARTESIAN_POINT('',(-27.364129,3.114858,1.585));
#12129 = VERTEX_POINT('',#12130);
#12130 = CARTESIAN_POINT('',(-29.92,7.,1.585));
#12131 = CIRCLE('',#12132,4.170184539081);
#12132 = AXIS2_PLACEMENT_3D('',#12133,#12134,#12135);
#12133 = CARTESIAN_POINT('',(-25.75000738631,6.959991353503,1.585));
#12134 = DIRECTION('',(0.,0.,-1.));
#12135 = DIRECTION('',(-0.387062394616,-0.922053524842,-0.));
#12136 = ORIENTED_EDGE('',*,*,#12137,.T.);
#12137 = EDGE_CURVE('',#12129,#12138,#12140,.T.);
#12138 = VERTEX_POINT('',#12139);
#12139 = CARTESIAN_POINT('',(-29.92,12.5,1.585));
#12140 = LINE('',#12141,#12142);
#12141 = CARTESIAN_POINT('',(-29.92,7.,1.585));
#12142 = VECTOR('',#12143,1.);
#12143 = DIRECTION('',(0.,1.,0.));
#12144 = ORIENTED_EDGE('',*,*,#12145,.T.);
#12145 = EDGE_CURVE('',#12138,#12146,#12148,.T.);
#12146 = VERTEX_POINT('',#12147);
#12147 = CARTESIAN_POINT('',(-29.800016,12.5,1.585));
#12148 = LINE('',#12149,#12150);
#12149 = CARTESIAN_POINT('',(-29.92,12.5,1.585));
#12150 = VECTOR('',#12151,1.);
#12151 = DIRECTION('',(1.,0.,0.));
#12152 = ORIENTED_EDGE('',*,*,#12153,.T.);
#12153 = EDGE_CURVE('',#12146,#12154,#12156,.T.);
#12154 = VERTEX_POINT('',#12155);
#12155 = CARTESIAN_POINT('',(-29.801803,6.815,1.585));
#12156 = LINE('',#12157,#12158);
#12157 = CARTESIAN_POINT('',(-29.800016,12.5,1.585));
#12158 = VECTOR('',#12159,1.);
#12159 = DIRECTION('',(-3.143359563265E-04,-0.999999950596,0.));
#12160 = ORIENTED_EDGE('',*,*,#12161,.T.);
#12161 = EDGE_CURVE('',#12154,#12162,#12164,.T.);
#12162 = VERTEX_POINT('',#12163);
#12163 = CARTESIAN_POINT('',(-27.147635,3.154116,1.585));
#12164 = CIRCLE('',#12165,4.054395164562);
#12165 = AXIS2_PLACEMENT_3D('',#12166,#12167,#12168);
#12166 = CARTESIAN_POINT('',(-25.75000147217,6.959998377625,1.585));
#12167 = DIRECTION('',(0.,0.,1.));
#12168 = DIRECTION('',(-0.999360290098,-3.576325733909E-02,0.));
#12169 = ORIENTED_EDGE('',*,*,#12170,.T.);
#12170 = EDGE_CURVE('',#12162,#12171,#12173,.T.);
#12171 = VERTEX_POINT('',#12172);
#12172 = CARTESIAN_POINT('',(-26.9718,3.098487,1.585));
#12173 = LINE('',#12174,#12175);
#12174 = CARTESIAN_POINT('',(-27.147635,3.154116,1.585));
#12175 = VECTOR('',#12176,1.);
#12176 = DIRECTION('',(0.953423469975,-0.30163502267,0.));
#12177 = ORIENTED_EDGE('',*,*,#12178,.T.);
#12178 = EDGE_CURVE('',#12171,#12179,#12181,.T.);
#12179 = VERTEX_POINT('',#12180);
#12180 = CARTESIAN_POINT('',(-27.008,2.984077,1.585));
#12181 = CIRCLE('',#12182,6.000018354284E-02);
#12182 = AXIS2_PLACEMENT_3D('',#12183,#12184,#12185);
#12183 = CARTESIAN_POINT('',(-26.98990039808,3.041282125957,1.585));
#12184 = DIRECTION('',(0.,0.,-1.));
#12185 = DIRECTION('',(0.30167237859,0.95341165086,0.));
#12186 = ORIENTED_EDGE('',*,*,#12187,.T.);
#12187 = EDGE_CURVE('',#12179,#12127,#12188,.T.);
#12188 = LINE('',#12189,#12190);
#12189 = CARTESIAN_POINT('',(-27.008,2.984077,1.585));
#12190 = VECTOR('',#12191,1.);
#12191 = DIRECTION('',(-0.93870549961,0.34472015462,0.));
#12192 = PLANE('',#12193);
#12193 = AXIS2_PLACEMENT_3D('',#12194,#12195,#12196);
#12194 = CARTESIAN_POINT('',(0.,0.,1.585));
#12195 = DIRECTION('',(0.,0.,1.));
#12196 = DIRECTION('',(1.,0.,-0.));
#12197 = SHELL_BASED_SURFACE_MODEL('',(#12198));
#12198 = OPEN_SHELL('',(#12199));
#12199 = ADVANCED_FACE('',(#12200),#12269,.T.);
#12200 = FACE_BOUND('',#12201,.F.);
#12201 = EDGE_LOOP('',(#12202,#12213,#12221,#12229,#12237,#12246,#12254,
    #12263));
#12202 = ORIENTED_EDGE('',*,*,#12203,.T.);
#12203 = EDGE_CURVE('',#12204,#12206,#12208,.T.);
#12204 = VERTEX_POINT('',#12205);
#12205 = CARTESIAN_POINT('',(-9.614129,3.114858,1.585));
#12206 = VERTEX_POINT('',#12207);
#12207 = CARTESIAN_POINT('',(-12.17,7.,1.585));
#12208 = CIRCLE('',#12209,4.170184539081);
#12209 = AXIS2_PLACEMENT_3D('',#12210,#12211,#12212);
#12210 = CARTESIAN_POINT('',(-8.000007386314,6.959991353503,1.585));
#12211 = DIRECTION('',(0.,0.,-1.));
#12212 = DIRECTION('',(-0.387062394616,-0.922053524842,-0.));
#12213 = ORIENTED_EDGE('',*,*,#12214,.T.);
#12214 = EDGE_CURVE('',#12206,#12215,#12217,.T.);
#12215 = VERTEX_POINT('',#12216);
#12216 = CARTESIAN_POINT('',(-12.17,12.5,1.585));
#12217 = LINE('',#12218,#12219);
#12218 = CARTESIAN_POINT('',(-12.17,7.,1.585));
#12219 = VECTOR('',#12220,1.);
#12220 = DIRECTION('',(0.,1.,0.));
#12221 = ORIENTED_EDGE('',*,*,#12222,.T.);
#12222 = EDGE_CURVE('',#12215,#12223,#12225,.T.);
#12223 = VERTEX_POINT('',#12224);
#12224 = CARTESIAN_POINT('',(-12.050016,12.5,1.585));
#12225 = LINE('',#12226,#12227);
#12226 = CARTESIAN_POINT('',(-12.17,12.5,1.585));
#12227 = VECTOR('',#12228,1.);
#12228 = DIRECTION('',(1.,0.,0.));
#12229 = ORIENTED_EDGE('',*,*,#12230,.T.);
#12230 = EDGE_CURVE('',#12223,#12231,#12233,.T.);
#12231 = VERTEX_POINT('',#12232);
#12232 = CARTESIAN_POINT('',(-12.051803,6.815,1.585));
#12233 = LINE('',#12234,#12235);
#12234 = CARTESIAN_POINT('',(-12.050016,12.5,1.585));
#12235 = VECTOR('',#12236,1.);
#12236 = DIRECTION('',(-3.143359563265E-04,-0.999999950596,0.));
#12237 = ORIENTED_EDGE('',*,*,#12238,.T.);
#12238 = EDGE_CURVE('',#12231,#12239,#12241,.T.);
#12239 = VERTEX_POINT('',#12240);
#12240 = CARTESIAN_POINT('',(-9.397635,3.154116,1.585));
#12241 = CIRCLE('',#12242,4.054395164562);
#12242 = AXIS2_PLACEMENT_3D('',#12243,#12244,#12245);
#12243 = CARTESIAN_POINT('',(-8.000001472172,6.959998377625,1.585));
#12244 = DIRECTION('',(0.,0.,1.));
#12245 = DIRECTION('',(-0.999360290098,-3.576325733909E-02,0.));
#12246 = ORIENTED_EDGE('',*,*,#12247,.T.);
#12247 = EDGE_CURVE('',#12239,#12248,#12250,.T.);
#12248 = VERTEX_POINT('',#12249);
#12249 = CARTESIAN_POINT('',(-9.2218,3.098487,1.585));
#12250 = LINE('',#12251,#12252);
#12251 = CARTESIAN_POINT('',(-9.397635,3.154116,1.585));
#12252 = VECTOR('',#12253,1.);
#12253 = DIRECTION('',(0.953423469975,-0.30163502267,0.));
#12254 = ORIENTED_EDGE('',*,*,#12255,.T.);
#12255 = EDGE_CURVE('',#12248,#12256,#12258,.T.);
#12256 = VERTEX_POINT('',#12257);
#12257 = CARTESIAN_POINT('',(-9.258,2.984077,1.585));
#12258 = CIRCLE('',#12259,6.000018354284E-02);
#12259 = AXIS2_PLACEMENT_3D('',#12260,#12261,#12262);
#12260 = CARTESIAN_POINT('',(-9.239900398085,3.041282125957,1.585));
#12261 = DIRECTION('',(0.,0.,-1.));
#12262 = DIRECTION('',(0.30167237859,0.95341165086,0.));
#12263 = ORIENTED_EDGE('',*,*,#12264,.T.);
#12264 = EDGE_CURVE('',#12256,#12204,#12265,.T.);
#12265 = LINE('',#12266,#12267);
#12266 = CARTESIAN_POINT('',(-9.258,2.984077,1.585));
#12267 = VECTOR('',#12268,1.);
#12268 = DIRECTION('',(-0.93870549961,0.34472015462,0.));
#12269 = PLANE('',#12270);
#12270 = AXIS2_PLACEMENT_3D('',#12271,#12272,#12273);
#12271 = CARTESIAN_POINT('',(0.,0.,1.585));
#12272 = DIRECTION('',(0.,0.,1.));
#12273 = DIRECTION('',(1.,0.,-0.));
#12274 = SHELL_BASED_SURFACE_MODEL('',(#12275));
#12275 = OPEN_SHELL('',(#12276));
#12276 = ADVANCED_FACE('',(#12277),#12346,.T.);
#12277 = FACE_BOUND('',#12278,.F.);
#12278 = EDGE_LOOP('',(#12279,#12290,#12298,#12306,#12314,#12323,#12331,
    #12340));
#12279 = ORIENTED_EDGE('',*,*,#12280,.T.);
#12280 = EDGE_CURVE('',#12281,#12283,#12285,.T.);
#12281 = VERTEX_POINT('',#12282);
#12282 = CARTESIAN_POINT('',(8.135871,3.114858,1.585));
#12283 = VERTEX_POINT('',#12284);
#12284 = CARTESIAN_POINT('',(5.58,7.,1.585));
#12285 = CIRCLE('',#12286,4.170184539081);
#12286 = AXIS2_PLACEMENT_3D('',#12287,#12288,#12289);
#12287 = CARTESIAN_POINT('',(9.749992613686,6.959991353503,1.585));
#12288 = DIRECTION('',(0.,0.,-1.));
#12289 = DIRECTION('',(-0.387062394616,-0.922053524842,-0.));
#12290 = ORIENTED_EDGE('',*,*,#12291,.T.);
#12291 = EDGE_CURVE('',#12283,#12292,#12294,.T.);
#12292 = VERTEX_POINT('',#12293);
#12293 = CARTESIAN_POINT('',(5.58,12.5,1.585));
#12294 = LINE('',#12295,#12296);
#12295 = CARTESIAN_POINT('',(5.58,7.,1.585));
#12296 = VECTOR('',#12297,1.);
#12297 = DIRECTION('',(0.,1.,0.));
#12298 = ORIENTED_EDGE('',*,*,#12299,.T.);
#12299 = EDGE_CURVE('',#12292,#12300,#12302,.T.);
#12300 = VERTEX_POINT('',#12301);
#12301 = CARTESIAN_POINT('',(5.699984,12.5,1.585));
#12302 = LINE('',#12303,#12304);
#12303 = CARTESIAN_POINT('',(5.58,12.5,1.585));
#12304 = VECTOR('',#12305,1.);
#12305 = DIRECTION('',(1.,0.,0.));
#12306 = ORIENTED_EDGE('',*,*,#12307,.T.);
#12307 = EDGE_CURVE('',#12300,#12308,#12310,.T.);
#12308 = VERTEX_POINT('',#12309);
#12309 = CARTESIAN_POINT('',(5.698197,6.815,1.585));
#12310 = LINE('',#12311,#12312);
#12311 = CARTESIAN_POINT('',(5.699984,12.5,1.585));
#12312 = VECTOR('',#12313,1.);
#12313 = DIRECTION('',(-3.143359563263E-04,-0.999999950596,0.));
#12314 = ORIENTED_EDGE('',*,*,#12315,.T.);
#12315 = EDGE_CURVE('',#12308,#12316,#12318,.T.);
#12316 = VERTEX_POINT('',#12317);
#12317 = CARTESIAN_POINT('',(8.352365,3.154116,1.585));
#12318 = CIRCLE('',#12319,4.054395164562);
#12319 = AXIS2_PLACEMENT_3D('',#12320,#12321,#12322);
#12320 = CARTESIAN_POINT('',(9.749998527828,6.959998377625,1.585));
#12321 = DIRECTION('',(0.,0.,1.));
#12322 = DIRECTION('',(-0.999360290098,-3.576325733909E-02,0.));
#12323 = ORIENTED_EDGE('',*,*,#12324,.T.);
#12324 = EDGE_CURVE('',#12316,#12325,#12327,.T.);
#12325 = VERTEX_POINT('',#12326);
#12326 = CARTESIAN_POINT('',(8.5282,3.098487,1.585));
#12327 = LINE('',#12328,#12329);
#12328 = CARTESIAN_POINT('',(8.352365,3.154116,1.585));
#12329 = VECTOR('',#12330,1.);
#12330 = DIRECTION('',(0.953423469975,-0.30163502267,0.));
#12331 = ORIENTED_EDGE('',*,*,#12332,.T.);
#12332 = EDGE_CURVE('',#12325,#12333,#12335,.T.);
#12333 = VERTEX_POINT('',#12334);
#12334 = CARTESIAN_POINT('',(8.492,2.984077,1.585));
#12335 = CIRCLE('',#12336,6.000018354284E-02);
#12336 = AXIS2_PLACEMENT_3D('',#12337,#12338,#12339);
#12337 = CARTESIAN_POINT('',(8.510099601915,3.041282125957,1.585));
#12338 = DIRECTION('',(0.,0.,-1.));
#12339 = DIRECTION('',(0.30167237859,0.95341165086,0.));
#12340 = ORIENTED_EDGE('',*,*,#12341,.T.);
#12341 = EDGE_CURVE('',#12333,#12281,#12342,.T.);
#12342 = LINE('',#12343,#12344);
#12343 = CARTESIAN_POINT('',(8.492,2.984077,1.585));
#12344 = VECTOR('',#12345,1.);
#12345 = DIRECTION('',(-0.93870549961,0.34472015462,0.));
#12346 = PLANE('',#12347);
#12347 = AXIS2_PLACEMENT_3D('',#12348,#12349,#12350);
#12348 = CARTESIAN_POINT('',(0.,0.,1.585));
#12349 = DIRECTION('',(0.,0.,1.));
#12350 = DIRECTION('',(1.,0.,-0.));
#12351 = SHELL_BASED_SURFACE_MODEL('',(#12352));
#12352 = OPEN_SHELL('',(#12353));
#12353 = ADVANCED_FACE('',(#12354),#12423,.T.);
#12354 = FACE_BOUND('',#12355,.F.);
#12355 = EDGE_LOOP('',(#12356,#12367,#12375,#12383,#12391,#12400,#12408,
    #12417));
#12356 = ORIENTED_EDGE('',*,*,#12357,.T.);
#12357 = EDGE_CURVE('',#12358,#12360,#12362,.T.);
#12358 = VERTEX_POINT('',#12359);
#12359 = CARTESIAN_POINT('',(25.885871,3.114858,1.585));
#12360 = VERTEX_POINT('',#12361);
#12361 = CARTESIAN_POINT('',(23.33,7.,1.585));
#12362 = CIRCLE('',#12363,4.170184539081);
#12363 = AXIS2_PLACEMENT_3D('',#12364,#12365,#12366);
#12364 = CARTESIAN_POINT('',(27.499992613686,6.959991353503,1.585));
#12365 = DIRECTION('',(0.,0.,-1.));
#12366 = DIRECTION('',(-0.387062394616,-0.922053524842,-0.));
#12367 = ORIENTED_EDGE('',*,*,#12368,.T.);
#12368 = EDGE_CURVE('',#12360,#12369,#12371,.T.);
#12369 = VERTEX_POINT('',#12370);
#12370 = CARTESIAN_POINT('',(23.33,12.5,1.585));
#12371 = LINE('',#12372,#12373);
#12372 = CARTESIAN_POINT('',(23.33,7.,1.585));
#12373 = VECTOR('',#12374,1.);
#12374 = DIRECTION('',(0.,1.,0.));
#12375 = ORIENTED_EDGE('',*,*,#12376,.T.);
#12376 = EDGE_CURVE('',#12369,#12377,#12379,.T.);
#12377 = VERTEX_POINT('',#12378);
#12378 = CARTESIAN_POINT('',(23.449984,12.5,1.585));
#12379 = LINE('',#12380,#12381);
#12380 = CARTESIAN_POINT('',(23.33,12.5,1.585));
#12381 = VECTOR('',#12382,1.);
#12382 = DIRECTION('',(1.,0.,0.));
#12383 = ORIENTED_EDGE('',*,*,#12384,.T.);
#12384 = EDGE_CURVE('',#12377,#12385,#12387,.T.);
#12385 = VERTEX_POINT('',#12386);
#12386 = CARTESIAN_POINT('',(23.448197,6.815,1.585));
#12387 = LINE('',#12388,#12389);
#12388 = CARTESIAN_POINT('',(23.449984,12.5,1.585));
#12389 = VECTOR('',#12390,1.);
#12390 = DIRECTION('',(-3.143359563265E-04,-0.999999950596,0.));
#12391 = ORIENTED_EDGE('',*,*,#12392,.T.);
#12392 = EDGE_CURVE('',#12385,#12393,#12395,.T.);
#12393 = VERTEX_POINT('',#12394);
#12394 = CARTESIAN_POINT('',(26.102365,3.154116,1.585));
#12395 = CIRCLE('',#12396,4.054395164562);
#12396 = AXIS2_PLACEMENT_3D('',#12397,#12398,#12399);
#12397 = CARTESIAN_POINT('',(27.499998527828,6.959998377625,1.585));
#12398 = DIRECTION('',(0.,0.,1.));
#12399 = DIRECTION('',(-0.999360290098,-3.576325733909E-02,0.));
#12400 = ORIENTED_EDGE('',*,*,#12401,.T.);
#12401 = EDGE_CURVE('',#12393,#12402,#12404,.T.);
#12402 = VERTEX_POINT('',#12403);
#12403 = CARTESIAN_POINT('',(26.2782,3.098487,1.585));
#12404 = LINE('',#12405,#12406);
#12405 = CARTESIAN_POINT('',(26.102365,3.154116,1.585));
#12406 = VECTOR('',#12407,1.);
#12407 = DIRECTION('',(0.953423469975,-0.30163502267,0.));
#12408 = ORIENTED_EDGE('',*,*,#12409,.T.);
#12409 = EDGE_CURVE('',#12402,#12410,#12412,.T.);
#12410 = VERTEX_POINT('',#12411);
#12411 = CARTESIAN_POINT('',(26.242,2.984077,1.585));
#12412 = CIRCLE('',#12413,6.000018354284E-02);
#12413 = AXIS2_PLACEMENT_3D('',#12414,#12415,#12416);
#12414 = CARTESIAN_POINT('',(26.260099601915,3.041282125957,1.585));
#12415 = DIRECTION('',(0.,0.,-1.));
#12416 = DIRECTION('',(0.30167237859,0.95341165086,0.));
#12417 = ORIENTED_EDGE('',*,*,#12418,.T.);
#12418 = EDGE_CURVE('',#12410,#12358,#12419,.T.);
#12419 = LINE('',#12420,#12421);
#12420 = CARTESIAN_POINT('',(26.242,2.984077,1.585));
#12421 = VECTOR('',#12422,1.);
#12422 = DIRECTION('',(-0.93870549961,0.34472015462,0.));
#12423 = PLANE('',#12424);
#12424 = AXIS2_PLACEMENT_3D('',#12425,#12426,#12427);
#12425 = CARTESIAN_POINT('',(0.,0.,1.585));
#12426 = DIRECTION('',(0.,0.,1.));
#12427 = DIRECTION('',(1.,0.,-0.));
#12428 = SHELL_BASED_SURFACE_MODEL('',(#12429));
#12429 = OPEN_SHELL('',(#12430));
#12430 = ADVANCED_FACE('',(#12431),#12500,.T.);
#12431 = FACE_BOUND('',#12432,.F.);
#12432 = EDGE_LOOP('',(#12433,#12444,#12452,#12460,#12468,#12477,#12485,
    #12494));
#12433 = ORIENTED_EDGE('',*,*,#12434,.T.);
#12434 = EDGE_CURVE('',#12435,#12437,#12439,.T.);
#12435 = VERTEX_POINT('',#12436);
#12436 = CARTESIAN_POINT('',(-16.001479,3.626165,1.585));
#12437 = VERTEX_POINT('',#12438);
#12438 = CARTESIAN_POINT('',(-14.199985,6.810294,1.585));
#12439 = CIRCLE('',#12440,4.054449245349);
#12440 = AXIS2_PLACEMENT_3D('',#12441,#12442,#12443);
#12441 = CARTESIAN_POINT('',(-18.24999384009,6.999996604714,1.585));
#12442 = DIRECTION('',(0.,0.,1.));
#12443 = DIRECTION('',(0.55457959985,-0.832130679299,0.));
#12444 = ORIENTED_EDGE('',*,*,#12445,.T.);
#12445 = EDGE_CURVE('',#12437,#12446,#12448,.T.);
#12446 = VERTEX_POINT('',#12447);
#12447 = CARTESIAN_POINT('',(-14.2,12.5,1.585));
#12448 = LINE('',#12449,#12450);
#12449 = CARTESIAN_POINT('',(-14.199985,6.810294,1.585));
#12450 = VECTOR('',#12451,1.);
#12451 = DIRECTION('',(-2.63634008495E-06,0.999999999997,0.));
#12452 = ORIENTED_EDGE('',*,*,#12453,.T.);
#12453 = EDGE_CURVE('',#12446,#12454,#12456,.T.);
#12454 = VERTEX_POINT('',#12455);
#12455 = CARTESIAN_POINT('',(-14.08,12.5,1.585));
#12456 = LINE('',#12457,#12458);
#12457 = CARTESIAN_POINT('',(-14.2,12.5,1.585));
#12458 = VECTOR('',#12459,1.);
#12459 = DIRECTION('',(1.,0.,0.));
#12460 = ORIENTED_EDGE('',*,*,#12461,.T.);
#12461 = EDGE_CURVE('',#12454,#12462,#12464,.T.);
#12462 = VERTEX_POINT('',#12463);
#12463 = CARTESIAN_POINT('',(-14.08,7.,1.585));
#12464 = LINE('',#12465,#12466);
#12465 = CARTESIAN_POINT('',(-14.08,12.5,1.585));
#12466 = VECTOR('',#12467,1.);
#12467 = DIRECTION('',(0.,-1.,0.));
#12468 = ORIENTED_EDGE('',*,*,#12469,.T.);
#12469 = EDGE_CURVE('',#12462,#12470,#12472,.T.);
#12470 = VERTEX_POINT('',#12471);
#12471 = CARTESIAN_POINT('',(-16.102292,3.425612,1.585));
#12472 = CIRCLE('',#12473,4.169998621944);
#12473 = AXIS2_PLACEMENT_3D('',#12474,#12475,#12476);
#12474 = CARTESIAN_POINT('',(-18.24999862194,6.999999328351,1.585));
#12475 = DIRECTION('',(0.,0.,-1.));
#12476 = DIRECTION('',(1.,1.610670341367E-07,0.));
#12477 = ORIENTED_EDGE('',*,*,#12478,.T.);
#12478 = EDGE_CURVE('',#12470,#12479,#12481,.T.);
#12479 = VERTEX_POINT('',#12480);
#12480 = CARTESIAN_POINT('',(-16.138423,3.41727,1.585));
#12481 = LINE('',#12482,#12483);
#12482 = CARTESIAN_POINT('',(-16.102292,3.425612,1.585));
#12483 = VECTOR('',#12484,1.);
#12484 = DIRECTION('',(-0.974367101049,-0.224963891311,0.));
#12485 = ORIENTED_EDGE('',*,*,#12486,.T.);
#12486 = EDGE_CURVE('',#12479,#12487,#12489,.T.);
#12487 = VERTEX_POINT('',#12488);
#12488 = CARTESIAN_POINT('',(-16.164096,3.528472,1.585));
#12489 = CIRCLE('',#12490,6.00001731688E-02);
#12490 = AXIS2_PLACEMENT_3D('',#12491,#12492,#12493);
#12491 = CARTESIAN_POINT('',(-16.13319356872,3.477041848129,1.585));
#12492 = DIRECTION('',(0.,0.,-1.));
#12493 = DIRECTION('',(-8.715693640812E-02,-0.996194593659,-0.));
#12494 = ORIENTED_EDGE('',*,*,#12495,.T.);
#12495 = EDGE_CURVE('',#12487,#12435,#12496,.T.);
#12496 = LINE('',#12497,#12498);
#12497 = CARTESIAN_POINT('',(-16.164096,3.528472,1.585));
#12498 = VECTOR('',#12499,1.);
#12499 = DIRECTION('',(0.857207211779,0.514971645894,0.));
#12500 = PLANE('',#12501);
#12501 = AXIS2_PLACEMENT_3D('',#12502,#12503,#12504);
#12502 = CARTESIAN_POINT('',(0.,0.,1.585));
#12503 = DIRECTION('',(0.,0.,1.));
#12504 = DIRECTION('',(1.,0.,-0.));
#12505 = SHELL_BASED_SURFACE_MODEL('',(#12506));
#12506 = OPEN_SHELL('',(#12507));
#12507 = ADVANCED_FACE('',(#12508),#12577,.T.);
#12508 = FACE_BOUND('',#12509,.F.);
#12509 = EDGE_LOOP('',(#12510,#12521,#12529,#12537,#12545,#12554,#12562,
    #12571));
#12510 = ORIENTED_EDGE('',*,*,#12511,.T.);
#12511 = EDGE_CURVE('',#12512,#12514,#12516,.T.);
#12512 = VERTEX_POINT('',#12513);
#12513 = CARTESIAN_POINT('',(1.748521,3.626165,1.585));
#12514 = VERTEX_POINT('',#12515);
#12515 = CARTESIAN_POINT('',(3.550015,6.810294,1.585));
#12516 = CIRCLE('',#12517,4.054449245349);
#12517 = AXIS2_PLACEMENT_3D('',#12518,#12519,#12520);
#12518 = CARTESIAN_POINT('',(-0.499993840099,6.999996604714,1.585));
#12519 = DIRECTION('',(0.,0.,1.));
#12520 = DIRECTION('',(0.55457959985,-0.832130679299,0.));
#12521 = ORIENTED_EDGE('',*,*,#12522,.T.);
#12522 = EDGE_CURVE('',#12514,#12523,#12525,.T.);
#12523 = VERTEX_POINT('',#12524);
#12524 = CARTESIAN_POINT('',(3.55,12.5,1.585));
#12525 = LINE('',#12526,#12527);
#12526 = CARTESIAN_POINT('',(3.550015,6.810294,1.585));
#12527 = VECTOR('',#12528,1.);
#12528 = DIRECTION('',(-2.636340085106E-06,0.999999999997,0.));
#12529 = ORIENTED_EDGE('',*,*,#12530,.T.);
#12530 = EDGE_CURVE('',#12523,#12531,#12533,.T.);
#12531 = VERTEX_POINT('',#12532);
#12532 = CARTESIAN_POINT('',(3.67,12.5,1.585));
#12533 = LINE('',#12534,#12535);
#12534 = CARTESIAN_POINT('',(3.55,12.5,1.585));
#12535 = VECTOR('',#12536,1.);
#12536 = DIRECTION('',(1.,0.,0.));
#12537 = ORIENTED_EDGE('',*,*,#12538,.T.);
#12538 = EDGE_CURVE('',#12531,#12539,#12541,.T.);
#12539 = VERTEX_POINT('',#12540);
#12540 = CARTESIAN_POINT('',(3.67,7.,1.585));
#12541 = LINE('',#12542,#12543);
#12542 = CARTESIAN_POINT('',(3.67,12.5,1.585));
#12543 = VECTOR('',#12544,1.);
#12544 = DIRECTION('',(0.,-1.,0.));
#12545 = ORIENTED_EDGE('',*,*,#12546,.T.);
#12546 = EDGE_CURVE('',#12539,#12547,#12549,.T.);
#12547 = VERTEX_POINT('',#12548);
#12548 = CARTESIAN_POINT('',(1.647708,3.425612,1.585));
#12549 = CIRCLE('',#12550,4.169998621944);
#12550 = AXIS2_PLACEMENT_3D('',#12551,#12552,#12553);
#12551 = CARTESIAN_POINT('',(-0.499998621944,6.999999328351,1.585));
#12552 = DIRECTION('',(0.,0.,-1.));
#12553 = DIRECTION('',(1.,1.610670337108E-07,0.));
#12554 = ORIENTED_EDGE('',*,*,#12555,.T.);
#12555 = EDGE_CURVE('',#12547,#12556,#12558,.T.);
#12556 = VERTEX_POINT('',#12557);
#12557 = CARTESIAN_POINT('',(1.611577,3.41727,1.585));
#12558 = LINE('',#12559,#12560);
#12559 = CARTESIAN_POINT('',(1.647708,3.425612,1.585));
#12560 = VECTOR('',#12561,1.);
#12561 = DIRECTION('',(-0.974367101049,-0.224963891311,0.));
#12562 = ORIENTED_EDGE('',*,*,#12563,.T.);
#12563 = EDGE_CURVE('',#12556,#12564,#12566,.T.);
#12564 = VERTEX_POINT('',#12565);
#12565 = CARTESIAN_POINT('',(1.585904,3.528472,1.585));
#12566 = CIRCLE('',#12567,6.00001731688E-02);
#12567 = AXIS2_PLACEMENT_3D('',#12568,#12569,#12570);
#12568 = CARTESIAN_POINT('',(1.616806431277,3.477041848129,1.585));
#12569 = DIRECTION('',(0.,0.,-1.));
#12570 = DIRECTION('',(-8.71569364081E-02,-0.996194593659,-0.));
#12571 = ORIENTED_EDGE('',*,*,#12572,.T.);
#12572 = EDGE_CURVE('',#12564,#12512,#12573,.T.);
#12573 = LINE('',#12574,#12575);
#12574 = CARTESIAN_POINT('',(1.585904,3.528472,1.585));
#12575 = VECTOR('',#12576,1.);
#12576 = DIRECTION('',(0.857207211779,0.514971645894,0.));
#12577 = PLANE('',#12578);
#12578 = AXIS2_PLACEMENT_3D('',#12579,#12580,#12581);
#12579 = CARTESIAN_POINT('',(0.,0.,1.585));
#12580 = DIRECTION('',(0.,0.,1.));
#12581 = DIRECTION('',(1.,0.,-0.));
#12582 = SHELL_BASED_SURFACE_MODEL('',(#12583));
#12583 = OPEN_SHELL('',(#12584));
#12584 = ADVANCED_FACE('',(#12585),#12654,.T.);
#12585 = FACE_BOUND('',#12586,.F.);
#12586 = EDGE_LOOP('',(#12587,#12598,#12606,#12614,#12622,#12631,#12639,
    #12648));
#12587 = ORIENTED_EDGE('',*,*,#12588,.T.);
#12588 = EDGE_CURVE('',#12589,#12591,#12593,.T.);
#12589 = VERTEX_POINT('',#12590);
#12590 = CARTESIAN_POINT('',(19.498521,3.626165,1.585));
#12591 = VERTEX_POINT('',#12592);
#12592 = CARTESIAN_POINT('',(21.300015,6.810294,1.585));
#12593 = CIRCLE('',#12594,4.054449245349);
#12594 = AXIS2_PLACEMENT_3D('',#12595,#12596,#12597);
#12595 = CARTESIAN_POINT('',(17.250006159901,6.999996604714,1.585));
#12596 = DIRECTION('',(0.,0.,1.));
#12597 = DIRECTION('',(0.55457959985,-0.832130679299,0.));
#12598 = ORIENTED_EDGE('',*,*,#12599,.T.);
#12599 = EDGE_CURVE('',#12591,#12600,#12602,.T.);
#12600 = VERTEX_POINT('',#12601);
#12601 = CARTESIAN_POINT('',(21.3,12.5,1.585));
#12602 = LINE('',#12603,#12604);
#12603 = CARTESIAN_POINT('',(21.300015,6.810294,1.585));
#12604 = VECTOR('',#12605,1.);
#12605 = DIRECTION('',(-2.636340084638E-06,0.999999999997,0.));
#12606 = ORIENTED_EDGE('',*,*,#12607,.T.);
#12607 = EDGE_CURVE('',#12600,#12608,#12610,.T.);
#12608 = VERTEX_POINT('',#12609);
#12609 = CARTESIAN_POINT('',(21.42,12.5,1.585));
#12610 = LINE('',#12611,#12612);
#12611 = CARTESIAN_POINT('',(21.3,12.5,1.585));
#12612 = VECTOR('',#12613,1.);
#12613 = DIRECTION('',(1.,0.,0.));
#12614 = ORIENTED_EDGE('',*,*,#12615,.T.);
#12615 = EDGE_CURVE('',#12608,#12616,#12618,.T.);
#12616 = VERTEX_POINT('',#12617);
#12617 = CARTESIAN_POINT('',(21.42,7.,1.585));
#12618 = LINE('',#12619,#12620);
#12619 = CARTESIAN_POINT('',(21.42,12.5,1.585));
#12620 = VECTOR('',#12621,1.);
#12621 = DIRECTION('',(0.,-1.,0.));
#12622 = ORIENTED_EDGE('',*,*,#12623,.T.);
#12623 = EDGE_CURVE('',#12616,#12624,#12626,.T.);
#12624 = VERTEX_POINT('',#12625);
#12625 = CARTESIAN_POINT('',(19.397708,3.425612,1.585));
#12626 = CIRCLE('',#12627,4.169998621944);
#12627 = AXIS2_PLACEMENT_3D('',#12628,#12629,#12630);
#12628 = CARTESIAN_POINT('',(17.250001378056,6.999999328351,1.585));
#12629 = DIRECTION('',(0.,0.,-1.));
#12630 = DIRECTION('',(1.,1.610670328588E-07,0.));
#12631 = ORIENTED_EDGE('',*,*,#12632,.T.);
#12632 = EDGE_CURVE('',#12624,#12633,#12635,.T.);
#12633 = VERTEX_POINT('',#12634);
#12634 = CARTESIAN_POINT('',(19.361577,3.41727,1.585));
#12635 = LINE('',#12636,#12637);
#12636 = CARTESIAN_POINT('',(19.397708,3.425612,1.585));
#12637 = VECTOR('',#12638,1.);
#12638 = DIRECTION('',(-0.974367101049,-0.224963891311,0.));
#12639 = ORIENTED_EDGE('',*,*,#12640,.T.);
#12640 = EDGE_CURVE('',#12633,#12641,#12643,.T.);
#12641 = VERTEX_POINT('',#12642);
#12642 = CARTESIAN_POINT('',(19.335904,3.528472,1.585));
#12643 = CIRCLE('',#12644,6.00001731688E-02);
#12644 = AXIS2_PLACEMENT_3D('',#12645,#12646,#12647);
#12645 = CARTESIAN_POINT('',(19.366806431277,3.477041848129,1.585));
#12646 = DIRECTION('',(0.,0.,-1.));
#12647 = DIRECTION('',(-8.715693640812E-02,-0.996194593659,-0.));
#12648 = ORIENTED_EDGE('',*,*,#12649,.T.);
#12649 = EDGE_CURVE('',#12641,#12589,#12650,.T.);
#12650 = LINE('',#12651,#12652);
#12651 = CARTESIAN_POINT('',(19.335904,3.528472,1.585));
#12652 = VECTOR('',#12653,1.);
#12653 = DIRECTION('',(0.857207211779,0.514971645894,0.));
#12654 = PLANE('',#12655);
#12655 = AXIS2_PLACEMENT_3D('',#12656,#12657,#12658);
#12656 = CARTESIAN_POINT('',(0.,0.,1.585));
#12657 = DIRECTION('',(0.,0.,1.));
#12658 = DIRECTION('',(1.,0.,-0.));
#12659 = SHELL_BASED_SURFACE_MODEL('',(#12660));
#12660 = OPEN_SHELL('',(#12661));
#12661 = ADVANCED_FACE('',(#12662),#12731,.T.);
#12662 = FACE_BOUND('',#12663,.F.);
#12663 = EDGE_LOOP('',(#12664,#12675,#12683,#12691,#12699,#12708,#12716,
    #12725));
#12664 = ORIENTED_EDGE('',*,*,#12665,.T.);
#12665 = EDGE_CURVE('',#12666,#12668,#12670,.T.);
#12666 = VERTEX_POINT('',#12667);
#12667 = CARTESIAN_POINT('',(37.248521,3.626165,1.585));
#12668 = VERTEX_POINT('',#12669);
#12669 = CARTESIAN_POINT('',(39.050015,6.810294,1.585));
#12670 = CIRCLE('',#12671,4.054449245349);
#12671 = AXIS2_PLACEMENT_3D('',#12672,#12673,#12674);
#12672 = CARTESIAN_POINT('',(35.000006159901,6.999996604714,1.585));
#12673 = DIRECTION('',(0.,0.,1.));
#12674 = DIRECTION('',(0.55457959985,-0.832130679299,0.));
#12675 = ORIENTED_EDGE('',*,*,#12676,.T.);
#12676 = EDGE_CURVE('',#12668,#12677,#12679,.T.);
#12677 = VERTEX_POINT('',#12678);
#12678 = CARTESIAN_POINT('',(39.05,12.5,1.585));
#12679 = LINE('',#12680,#12681);
#12680 = CARTESIAN_POINT('',(39.050015,6.810294,1.585));
#12681 = VECTOR('',#12682,1.);
#12682 = DIRECTION('',(-2.636340085887E-06,0.999999999997,0.));
#12683 = ORIENTED_EDGE('',*,*,#12684,.T.);
#12684 = EDGE_CURVE('',#12677,#12685,#12687,.T.);
#12685 = VERTEX_POINT('',#12686);
#12686 = CARTESIAN_POINT('',(39.17,12.5,1.585));
#12687 = LINE('',#12688,#12689);
#12688 = CARTESIAN_POINT('',(39.05,12.5,1.585));
#12689 = VECTOR('',#12690,1.);
#12690 = DIRECTION('',(1.,0.,0.));
#12691 = ORIENTED_EDGE('',*,*,#12692,.T.);
#12692 = EDGE_CURVE('',#12685,#12693,#12695,.T.);
#12693 = VERTEX_POINT('',#12694);
#12694 = CARTESIAN_POINT('',(39.17,7.,1.585));
#12695 = LINE('',#12696,#12697);
#12696 = CARTESIAN_POINT('',(39.17,12.5,1.585));
#12697 = VECTOR('',#12698,1.);
#12698 = DIRECTION('',(0.,-1.,0.));
#12699 = ORIENTED_EDGE('',*,*,#12700,.T.);
#12700 = EDGE_CURVE('',#12693,#12701,#12703,.T.);
#12701 = VERTEX_POINT('',#12702);
#12702 = CARTESIAN_POINT('',(37.147708,3.425612,1.585));
#12703 = CIRCLE('',#12704,4.169998621944);
#12704 = AXIS2_PLACEMENT_3D('',#12705,#12706,#12707);
#12705 = CARTESIAN_POINT('',(35.000001378056,6.999999328351,1.585));
#12706 = DIRECTION('',(0.,0.,-1.));
#12707 = DIRECTION('',(1.,1.610670303029E-07,0.));
#12708 = ORIENTED_EDGE('',*,*,#12709,.T.);
#12709 = EDGE_CURVE('',#12701,#12710,#12712,.T.);
#12710 = VERTEX_POINT('',#12711);
#12711 = CARTESIAN_POINT('',(37.111577,3.41727,1.585));
#12712 = LINE('',#12713,#12714);
#12713 = CARTESIAN_POINT('',(37.147708,3.425612,1.585));
#12714 = VECTOR('',#12715,1.);
#12715 = DIRECTION('',(-0.974367101049,-0.224963891311,0.));
#12716 = ORIENTED_EDGE('',*,*,#12717,.T.);
#12717 = EDGE_CURVE('',#12710,#12718,#12720,.T.);
#12718 = VERTEX_POINT('',#12719);
#12719 = CARTESIAN_POINT('',(37.085904,3.528472,1.585));
#12720 = CIRCLE('',#12721,6.00001731688E-02);
#12721 = AXIS2_PLACEMENT_3D('',#12722,#12723,#12724);
#12722 = CARTESIAN_POINT('',(37.116806431277,3.477041848129,1.585));
#12723 = DIRECTION('',(0.,0.,-1.));
#12724 = DIRECTION('',(-8.715693640812E-02,-0.996194593659,-0.));
#12725 = ORIENTED_EDGE('',*,*,#12726,.T.);
#12726 = EDGE_CURVE('',#12718,#12666,#12727,.T.);
#12727 = LINE('',#12728,#12729);
#12728 = CARTESIAN_POINT('',(37.085904,3.528472,1.585));
#12729 = VECTOR('',#12730,1.);
#12730 = DIRECTION('',(0.857207211779,0.514971645894,0.));
#12731 = PLANE('',#12732);
#12732 = AXIS2_PLACEMENT_3D('',#12733,#12734,#12735);
#12733 = CARTESIAN_POINT('',(0.,0.,1.585));
#12734 = DIRECTION('',(0.,0.,1.));
#12735 = DIRECTION('',(1.,0.,-0.));
#12736 = SHELL_BASED_SURFACE_MODEL('',(#12737));
#12737 = OPEN_SHELL('',(#12738));
#12738 = ADVANCED_FACE('',(#12739),#12858,.T.);
#12739 = FACE_BOUND('',#12740,.F.);
#12740 = EDGE_LOOP('',(#12741,#12752,#12760,#12769,#12777,#12785,#12793,
    #12801,#12810,#12818,#12826,#12835,#12843,#12852));
#12741 = ORIENTED_EDGE('',*,*,#12742,.T.);
#12742 = EDGE_CURVE('',#12743,#12745,#12747,.T.);
#12743 = VERTEX_POINT('',#12744);
#12744 = CARTESIAN_POINT('',(40.364858,5.864129,1.585));
#12745 = VERTEX_POINT('',#12746);
#12746 = CARTESIAN_POINT('',(44.25,8.42,1.585));
#12747 = CIRCLE('',#12748,4.170184539081);
#12748 = AXIS2_PLACEMENT_3D('',#12749,#12750,#12751);
#12749 = CARTESIAN_POINT('',(44.209991353503,4.250007386314,1.585));
#12750 = DIRECTION('',(0.,0.,-1.));
#12751 = DIRECTION('',(-0.922053524842,0.387062394616,0.));
#12752 = ORIENTED_EDGE('',*,*,#12753,.T.);
#12753 = EDGE_CURVE('',#12745,#12754,#12756,.T.);
#12754 = VERTEX_POINT('',#12755);
#12755 = CARTESIAN_POINT('',(49.86,8.42,1.585));
#12756 = LINE('',#12757,#12758);
#12757 = CARTESIAN_POINT('',(44.25,8.42,1.585));
#12758 = VECTOR('',#12759,1.);
#12759 = DIRECTION('',(1.,0.,0.));
#12760 = ORIENTED_EDGE('',*,*,#12761,.T.);
#12761 = EDGE_CURVE('',#12754,#12762,#12764,.T.);
#12762 = VERTEX_POINT('',#12763);
#12763 = CARTESIAN_POINT('',(49.92,8.36,1.585));
#12764 = CIRCLE('',#12765,5.99993201626E-02);
#12765 = AXIS2_PLACEMENT_3D('',#12766,#12767,#12768);
#12766 = CARTESIAN_POINT('',(49.860000679841,8.360000679841,1.585));
#12767 = DIRECTION('',(0.,0.,-1.));
#12768 = DIRECTION('',(-1.1330816003E-05,0.999999999936,0.));
#12769 = ORIENTED_EDGE('',*,*,#12770,.T.);
#12770 = EDGE_CURVE('',#12762,#12771,#12773,.T.);
#12771 = VERTEX_POINT('',#12772);
#12772 = CARTESIAN_POINT('',(49.92,7.57,1.585));
#12773 = LINE('',#12774,#12775);
#12774 = CARTESIAN_POINT('',(49.92,8.36,1.585));
#12775 = VECTOR('',#12776,1.);
#12776 = DIRECTION('',(0.,-1.,0.));
#12777 = ORIENTED_EDGE('',*,*,#12778,.T.);
#12778 = EDGE_CURVE('',#12771,#12779,#12781,.T.);
#12779 = VERTEX_POINT('',#12780);
#12780 = CARTESIAN_POINT('',(50.,7.57,1.585));
#12781 = LINE('',#12782,#12783);
#12782 = CARTESIAN_POINT('',(49.92,7.57,1.585));
#12783 = VECTOR('',#12784,1.);
#12784 = DIRECTION('',(1.,0.,0.));
#12785 = ORIENTED_EDGE('',*,*,#12786,.T.);
#12786 = EDGE_CURVE('',#12779,#12787,#12789,.T.);
#12787 = VERTEX_POINT('',#12788);
#12788 = CARTESIAN_POINT('',(50.,7.45,1.585));
#12789 = LINE('',#12790,#12791);
#12790 = CARTESIAN_POINT('',(50.,7.57,1.585));
#12791 = VECTOR('',#12792,1.);
#12792 = DIRECTION('',(0.,-1.,0.));
#12793 = ORIENTED_EDGE('',*,*,#12794,.T.);
#12794 = EDGE_CURVE('',#12787,#12795,#12797,.T.);
#12795 = VERTEX_POINT('',#12796);
#12796 = CARTESIAN_POINT('',(49.86,7.45,1.585));
#12797 = LINE('',#12798,#12799);
#12798 = CARTESIAN_POINT('',(50.,7.45,1.585));
#12799 = VECTOR('',#12800,1.);
#12800 = DIRECTION('',(-1.,0.,0.));
#12801 = ORIENTED_EDGE('',*,*,#12802,.T.);
#12802 = EDGE_CURVE('',#12795,#12803,#12805,.T.);
#12803 = VERTEX_POINT('',#12804);
#12804 = CARTESIAN_POINT('',(49.8,7.51,1.585));
#12805 = CIRCLE('',#12806,5.99993201626E-02);
#12806 = AXIS2_PLACEMENT_3D('',#12807,#12808,#12809);
#12807 = CARTESIAN_POINT('',(49.859999320159,7.509999320159,1.585));
#12808 = DIRECTION('',(0.,0.,-1.));
#12809 = DIRECTION('',(1.1330816003E-05,-0.999999999936,0.));
#12810 = ORIENTED_EDGE('',*,*,#12811,.T.);
#12811 = EDGE_CURVE('',#12803,#12812,#12814,.T.);
#12812 = VERTEX_POINT('',#12813);
#12813 = CARTESIAN_POINT('',(49.8,8.3,1.585));
#12814 = LINE('',#12815,#12816);
#12815 = CARTESIAN_POINT('',(49.8,7.51,1.585));
#12816 = VECTOR('',#12817,1.);
#12817 = DIRECTION('',(0.,1.,0.));
#12818 = ORIENTED_EDGE('',*,*,#12819,.T.);
#12819 = EDGE_CURVE('',#12812,#12820,#12822,.T.);
#12820 = VERTEX_POINT('',#12821);
#12821 = CARTESIAN_POINT('',(44.065,8.301803,1.585));
#12822 = LINE('',#12823,#12824);
#12823 = CARTESIAN_POINT('',(49.8,8.3,1.585));
#12824 = VECTOR('',#12825,1.);
#12825 = DIRECTION('',(-0.999999950581,3.143853375582E-04,0.));
#12826 = ORIENTED_EDGE('',*,*,#12827,.T.);
#12827 = EDGE_CURVE('',#12820,#12828,#12830,.T.);
#12828 = VERTEX_POINT('',#12829);
#12829 = CARTESIAN_POINT('',(40.404116,5.647635,1.585));
#12830 = CIRCLE('',#12831,4.054395164562);
#12831 = AXIS2_PLACEMENT_3D('',#12832,#12833,#12834);
#12832 = CARTESIAN_POINT('',(44.209998377625,4.250001472172,1.585));
#12833 = DIRECTION('',(0.,0.,1.));
#12834 = DIRECTION('',(-3.576325733909E-02,0.999360290098,0.));
#12835 = ORIENTED_EDGE('',*,*,#12836,.T.);
#12836 = EDGE_CURVE('',#12828,#12837,#12839,.T.);
#12837 = VERTEX_POINT('',#12838);
#12838 = CARTESIAN_POINT('',(40.348487,5.4718,1.585));
#12839 = LINE('',#12840,#12841);
#12840 = CARTESIAN_POINT('',(40.404116,5.647635,1.585));
#12841 = VECTOR('',#12842,1.);
#12842 = DIRECTION('',(-0.30163502267,-0.953423469975,0.));
#12843 = ORIENTED_EDGE('',*,*,#12844,.T.);
#12844 = EDGE_CURVE('',#12837,#12845,#12847,.T.);
#12845 = VERTEX_POINT('',#12846);
#12846 = CARTESIAN_POINT('',(40.234077,5.508,1.585));
#12847 = CIRCLE('',#12848,6.000018354284E-02);
#12848 = AXIS2_PLACEMENT_3D('',#12849,#12850,#12851);
#12849 = CARTESIAN_POINT('',(40.291282125957,5.489900398085,1.585));
#12850 = DIRECTION('',(-0.,0.,-1.));
#12851 = DIRECTION('',(0.95341165086,-0.30167237859,-0.));
#12852 = ORIENTED_EDGE('',*,*,#12853,.T.);
#12853 = EDGE_CURVE('',#12845,#12743,#12854,.T.);
#12854 = LINE('',#12855,#12856);
#12855 = CARTESIAN_POINT('',(40.234077,5.508,1.585));
#12856 = VECTOR('',#12857,1.);
#12857 = DIRECTION('',(0.34472015462,0.93870549961,0.));
#12858 = PLANE('',#12859);
#12859 = AXIS2_PLACEMENT_3D('',#12860,#12861,#12862);
#12860 = CARTESIAN_POINT('',(0.,0.,1.585));
#12861 = DIRECTION('',(0.,0.,1.));
#12862 = DIRECTION('',(1.,0.,-0.));
#12863 = SHELL_BASED_SURFACE_MODEL('',(#12864));
#12864 = OPEN_SHELL('',(#12865));
#12865 = ADVANCED_FACE('',(#12866),#12984,.T.);
#12866 = FACE_BOUND('',#12867,.F.);
#12867 = EDGE_LOOP('',(#12868,#12879,#12887,#12895,#12904,#12912,#12920,
    #12929,#12937,#12945,#12954,#12962,#12970,#12978));
#12868 = ORIENTED_EDGE('',*,*,#12869,.T.);
#12869 = EDGE_CURVE('',#12870,#12872,#12874,.T.);
#12870 = VERTEX_POINT('',#12871);
#12871 = CARTESIAN_POINT('',(-31.926968,9.133789,1.585));
#12872 = VERTEX_POINT('',#12873);
#12873 = CARTESIAN_POINT('',(-31.8103,9.071429,1.585));
#12874 = CIRCLE('',#12875,7.500000000003E-02);
#12875 = AXIS2_PLACEMENT_3D('',#12876,#12877,#12878);
#12876 = CARTESIAN_POINT('',(-31.8853,9.071428934445,1.585));
#12877 = DIRECTION('',(0.,0.,-1.));
#12878 = DIRECTION('',(-0.555573333333,0.831467540731,0.));
#12879 = ORIENTED_EDGE('',*,*,#12880,.T.);
#12880 = EDGE_CURVE('',#12872,#12881,#12883,.T.);
#12881 = VERTEX_POINT('',#12882);
#12882 = CARTESIAN_POINT('',(-31.8103,8.575001,1.585));
#12883 = LINE('',#12884,#12885);
#12884 = CARTESIAN_POINT('',(-31.8103,9.071429,1.585));
#12885 = VECTOR('',#12886,1.);
#12886 = DIRECTION('',(0.,-1.,0.));
#12887 = ORIENTED_EDGE('',*,*,#12888,.T.);
#12888 = EDGE_CURVE('',#12881,#12889,#12891,.T.);
#12889 = VERTEX_POINT('',#12890);
#12890 = CARTESIAN_POINT('',(-31.29924,8.57356,1.585));
#12891 = LINE('',#12892,#12893);
#12892 = CARTESIAN_POINT('',(-31.8103,8.575001,1.585));
#12893 = VECTOR('',#12894,1.);
#12894 = DIRECTION('',(0.999996024868,-2.819618580664E-03,0.));
#12895 = ORIENTED_EDGE('',*,*,#12896,.T.);
#12896 = EDGE_CURVE('',#12889,#12897,#12899,.T.);
#12897 = VERTEX_POINT('',#12898);
#12898 = CARTESIAN_POINT('',(-31.313872,8.425001,1.585));
#12899 = CIRCLE('',#12900,7.500006711464E-02);
#12900 = AXIS2_PLACEMENT_3D('',#12901,#12902,#12903);
#12901 = CARTESIAN_POINT('',(-31.31387193288,8.500001067115,1.585));
#12902 = DIRECTION('',(0.,0.,-1.));
#12903 = DIRECTION('',(0.195092263891,0.980784894138,0.));
#12904 = ORIENTED_EDGE('',*,*,#12905,.T.);
#12905 = EDGE_CURVE('',#12897,#12906,#12908,.T.);
#12906 = VERTEX_POINT('',#12907);
#12907 = CARTESIAN_POINT('',(-31.8103,8.425001,1.585));
#12908 = LINE('',#12909,#12910);
#12909 = CARTESIAN_POINT('',(-31.313872,8.425001,1.585));
#12910 = VECTOR('',#12911,1.);
#12911 = DIRECTION('',(-1.,0.,0.));
#12912 = ORIENTED_EDGE('',*,*,#12913,.T.);
#12913 = EDGE_CURVE('',#12906,#12914,#12916,.T.);
#12914 = VERTEX_POINT('',#12915);
#12915 = CARTESIAN_POINT('',(-31.811741,7.91394,1.585));
#12916 = LINE('',#12917,#12918);
#12917 = CARTESIAN_POINT('',(-31.8103,8.425001,1.585));
#12918 = VECTOR('',#12919,1.);
#12919 = DIRECTION('',(-2.819613063522E-03,-0.999996024883,0.));
#12920 = ORIENTED_EDGE('',*,*,#12921,.T.);
#12921 = EDGE_CURVE('',#12914,#12922,#12924,.T.);
#12922 = VERTEX_POINT('',#12923);
#12923 = CARTESIAN_POINT('',(-31.9603,7.928572,1.585));
#12924 = CIRCLE('',#12925,7.500006711464E-02);
#12925 = AXIS2_PLACEMENT_3D('',#12926,#12927,#12928);
#12926 = CARTESIAN_POINT('',(-31.88529993288,7.928571932885,1.585));
#12927 = DIRECTION('',(-0.,0.,-1.));
#12928 = DIRECTION('',(0.980784894138,-0.195092263891,-0.));
#12929 = ORIENTED_EDGE('',*,*,#12930,.T.);
#12930 = EDGE_CURVE('',#12922,#12931,#12933,.T.);
#12931 = VERTEX_POINT('',#12932);
#12932 = CARTESIAN_POINT('',(-31.9603,8.425001,1.585));
#12933 = LINE('',#12934,#12935);
#12934 = CARTESIAN_POINT('',(-31.9603,7.928572,1.585));
#12935 = VECTOR('',#12936,1.);
#12936 = DIRECTION('',(0.,1.,0.));
#12937 = ORIENTED_EDGE('',*,*,#12938,.T.);
#12938 = EDGE_CURVE('',#12931,#12939,#12941,.T.);
#12939 = VERTEX_POINT('',#12940);
#12940 = CARTESIAN_POINT('',(-32.471361,8.426442,1.585));
#12941 = LINE('',#12942,#12943);
#12942 = CARTESIAN_POINT('',(-31.9603,8.425001,1.585));
#12943 = VECTOR('',#12944,1.);
#12944 = DIRECTION('',(-0.999996024883,2.819613063522E-03,0.));
#12945 = ORIENTED_EDGE('',*,*,#12946,.T.);
#12946 = EDGE_CURVE('',#12939,#12947,#12949,.T.);
#12947 = VERTEX_POINT('',#12948);
#12948 = CARTESIAN_POINT('',(-32.456729,8.575001,1.585));
#12949 = CIRCLE('',#12950,7.500006711464E-02);
#12950 = AXIS2_PLACEMENT_3D('',#12951,#12952,#12953);
#12951 = CARTESIAN_POINT('',(-32.45672906711,8.500000932885,1.585));
#12952 = DIRECTION('',(0.,0.,-1.));
#12953 = DIRECTION('',(-0.195092263891,-0.980784894138,-0.));
#12954 = ORIENTED_EDGE('',*,*,#12955,.T.);
#12955 = EDGE_CURVE('',#12947,#12956,#12958,.T.);
#12956 = VERTEX_POINT('',#12957);
#12957 = CARTESIAN_POINT('',(-31.9603,8.575001,1.585));
#12958 = LINE('',#12959,#12960);
#12959 = CARTESIAN_POINT('',(-32.456729,8.575001,1.585));
#12960 = VECTOR('',#12961,1.);
#12961 = DIRECTION('',(1.,0.,0.));
#12962 = ORIENTED_EDGE('',*,*,#12963,.T.);
#12963 = EDGE_CURVE('',#12956,#12964,#12966,.T.);
#12964 = VERTEX_POINT('',#12965);
#12965 = CARTESIAN_POINT('',(-31.958859,9.086061,1.585));
#12966 = LINE('',#12967,#12968);
#12967 = CARTESIAN_POINT('',(-31.9603,8.575001,1.585));
#12968 = VECTOR('',#12969,1.);
#12969 = DIRECTION('',(2.819618580664E-03,0.999996024868,0.));
#12970 = ORIENTED_EDGE('',*,*,#12971,.T.);
#12971 = EDGE_CURVE('',#12964,#12972,#12974,.T.);
#12972 = VERTEX_POINT('',#12973);
#12973 = CARTESIAN_POINT('',(-31.94766,9.113097,1.585));
#12974 = LINE('',#12975,#12976);
#12975 = CARTESIAN_POINT('',(-31.958859,9.086061,1.585));
#12976 = VECTOR('',#12977,1.);
#12977 = DIRECTION('',(0.38269282806,0.923875640631,0.));
#12978 = ORIENTED_EDGE('',*,*,#12979,.T.);
#12979 = EDGE_CURVE('',#12972,#12870,#12980,.T.);
#12980 = LINE('',#12981,#12982);
#12981 = CARTESIAN_POINT('',(-31.94766,9.113097,1.585));
#12982 = VECTOR('',#12983,1.);
#12983 = DIRECTION('',(0.707106781187,0.707106781187,0.));
#12984 = PLANE('',#12985);
#12985 = AXIS2_PLACEMENT_3D('',#12986,#12987,#12988);
#12986 = CARTESIAN_POINT('',(0.,0.,1.585));
#12987 = DIRECTION('',(0.,0.,1.));
#12988 = DIRECTION('',(1.,0.,-0.));
#12989 = SHELL_BASED_SURFACE_MODEL('',(#12990));
#12990 = OPEN_SHELL('',(#12991));
#12991 = ADVANCED_FACE('',(#12992),#13110,.T.);
#12992 = FACE_BOUND('',#12993,.F.);
#12993 = EDGE_LOOP('',(#12994,#13005,#13013,#13021,#13030,#13038,#13046,
    #13055,#13063,#13071,#13080,#13088,#13096,#13104));
#12994 = ORIENTED_EDGE('',*,*,#12995,.T.);
#12995 = EDGE_CURVE('',#12996,#12998,#13000,.T.);
#12996 = VERTEX_POINT('',#12997);
#12997 = CARTESIAN_POINT('',(41.073032,9.133789,1.585));
#12998 = VERTEX_POINT('',#12999);
#12999 = CARTESIAN_POINT('',(41.1897,9.071429,1.585));
#13000 = CIRCLE('',#13001,7.500000000003E-02);
#13001 = AXIS2_PLACEMENT_3D('',#13002,#13003,#13004);
#13002 = CARTESIAN_POINT('',(41.1147,9.071428934445,1.585));
#13003 = DIRECTION('',(0.,0.,-1.));
#13004 = DIRECTION('',(-0.555573333333,0.831467540731,0.));
#13005 = ORIENTED_EDGE('',*,*,#13006,.T.);
#13006 = EDGE_CURVE('',#12998,#13007,#13009,.T.);
#13007 = VERTEX_POINT('',#13008);
#13008 = CARTESIAN_POINT('',(41.1897,8.575001,1.585));
#13009 = LINE('',#13010,#13011);
#13010 = CARTESIAN_POINT('',(41.1897,9.071429,1.585));
#13011 = VECTOR('',#13012,1.);
#13012 = DIRECTION('',(0.,-1.,0.));
#13013 = ORIENTED_EDGE('',*,*,#13014,.T.);
#13014 = EDGE_CURVE('',#13007,#13015,#13017,.T.);
#13015 = VERTEX_POINT('',#13016);
#13016 = CARTESIAN_POINT('',(41.70076,8.57356,1.585));
#13017 = LINE('',#13018,#13019);
#13018 = CARTESIAN_POINT('',(41.1897,8.575001,1.585));
#13019 = VECTOR('',#13020,1.);
#13020 = DIRECTION('',(0.999996024868,-2.819618580664E-03,0.));
#13021 = ORIENTED_EDGE('',*,*,#13022,.T.);
#13022 = EDGE_CURVE('',#13015,#13023,#13025,.T.);
#13023 = VERTEX_POINT('',#13024);
#13024 = CARTESIAN_POINT('',(41.686128,8.425001,1.585));
#13025 = CIRCLE('',#13026,7.500006711464E-02);
#13026 = AXIS2_PLACEMENT_3D('',#13027,#13028,#13029);
#13027 = CARTESIAN_POINT('',(41.686128067115,8.500001067115,1.585));
#13028 = DIRECTION('',(0.,0.,-1.));
#13029 = DIRECTION('',(0.195092263891,0.980784894138,0.));
#13030 = ORIENTED_EDGE('',*,*,#13031,.T.);
#13031 = EDGE_CURVE('',#13023,#13032,#13034,.T.);
#13032 = VERTEX_POINT('',#13033);
#13033 = CARTESIAN_POINT('',(41.1897,8.425001,1.585));
#13034 = LINE('',#13035,#13036);
#13035 = CARTESIAN_POINT('',(41.686128,8.425001,1.585));
#13036 = VECTOR('',#13037,1.);
#13037 = DIRECTION('',(-1.,0.,0.));
#13038 = ORIENTED_EDGE('',*,*,#13039,.T.);
#13039 = EDGE_CURVE('',#13032,#13040,#13042,.T.);
#13040 = VERTEX_POINT('',#13041);
#13041 = CARTESIAN_POINT('',(41.188259,7.91394,1.585));
#13042 = LINE('',#13043,#13044);
#13043 = CARTESIAN_POINT('',(41.1897,8.425001,1.585));
#13044 = VECTOR('',#13045,1.);
#13045 = DIRECTION('',(-2.819613063522E-03,-0.999996024883,0.));
#13046 = ORIENTED_EDGE('',*,*,#13047,.T.);
#13047 = EDGE_CURVE('',#13040,#13048,#13050,.T.);
#13048 = VERTEX_POINT('',#13049);
#13049 = CARTESIAN_POINT('',(41.0397,7.928572,1.585));
#13050 = CIRCLE('',#13051,7.500006711464E-02);
#13051 = AXIS2_PLACEMENT_3D('',#13052,#13053,#13054);
#13052 = CARTESIAN_POINT('',(41.114700067115,7.928571932885,1.585));
#13053 = DIRECTION('',(-0.,0.,-1.));
#13054 = DIRECTION('',(0.980784894138,-0.195092263891,-0.));
#13055 = ORIENTED_EDGE('',*,*,#13056,.T.);
#13056 = EDGE_CURVE('',#13048,#13057,#13059,.T.);
#13057 = VERTEX_POINT('',#13058);
#13058 = CARTESIAN_POINT('',(41.0397,8.425001,1.585));
#13059 = LINE('',#13060,#13061);
#13060 = CARTESIAN_POINT('',(41.0397,7.928572,1.585));
#13061 = VECTOR('',#13062,1.);
#13062 = DIRECTION('',(0.,1.,0.));
#13063 = ORIENTED_EDGE('',*,*,#13064,.T.);
#13064 = EDGE_CURVE('',#13057,#13065,#13067,.T.);
#13065 = VERTEX_POINT('',#13066);
#13066 = CARTESIAN_POINT('',(40.528639,8.426442,1.585));
#13067 = LINE('',#13068,#13069);
#13068 = CARTESIAN_POINT('',(41.0397,8.425001,1.585));
#13069 = VECTOR('',#13070,1.);
#13070 = DIRECTION('',(-0.999996024883,2.819613063522E-03,0.));
#13071 = ORIENTED_EDGE('',*,*,#13072,.T.);
#13072 = EDGE_CURVE('',#13065,#13073,#13075,.T.);
#13073 = VERTEX_POINT('',#13074);
#13074 = CARTESIAN_POINT('',(40.543271,8.575001,1.585));
#13075 = CIRCLE('',#13076,7.500006711464E-02);
#13076 = AXIS2_PLACEMENT_3D('',#13077,#13078,#13079);
#13077 = CARTESIAN_POINT('',(40.543270932885,8.500000932885,1.585));
#13078 = DIRECTION('',(0.,0.,-1.));
#13079 = DIRECTION('',(-0.195092263891,-0.980784894138,-0.));
#13080 = ORIENTED_EDGE('',*,*,#13081,.T.);
#13081 = EDGE_CURVE('',#13073,#13082,#13084,.T.);
#13082 = VERTEX_POINT('',#13083);
#13083 = CARTESIAN_POINT('',(41.0397,8.575001,1.585));
#13084 = LINE('',#13085,#13086);
#13085 = CARTESIAN_POINT('',(40.543271,8.575001,1.585));
#13086 = VECTOR('',#13087,1.);
#13087 = DIRECTION('',(1.,0.,0.));
#13088 = ORIENTED_EDGE('',*,*,#13089,.T.);
#13089 = EDGE_CURVE('',#13082,#13090,#13092,.T.);
#13090 = VERTEX_POINT('',#13091);
#13091 = CARTESIAN_POINT('',(41.041141,9.086061,1.585));
#13092 = LINE('',#13093,#13094);
#13093 = CARTESIAN_POINT('',(41.0397,8.575001,1.585));
#13094 = VECTOR('',#13095,1.);
#13095 = DIRECTION('',(2.819618580664E-03,0.999996024868,0.));
#13096 = ORIENTED_EDGE('',*,*,#13097,.T.);
#13097 = EDGE_CURVE('',#13090,#13098,#13100,.T.);
#13098 = VERTEX_POINT('',#13099);
#13099 = CARTESIAN_POINT('',(41.05234,9.113097,1.585));
#13100 = LINE('',#13101,#13102);
#13101 = CARTESIAN_POINT('',(41.041141,9.086061,1.585));
#13102 = VECTOR('',#13103,1.);
#13103 = DIRECTION('',(0.38269282806,0.923875640631,0.));
#13104 = ORIENTED_EDGE('',*,*,#13105,.T.);
#13105 = EDGE_CURVE('',#13098,#12996,#13106,.T.);
#13106 = LINE('',#13107,#13108);
#13107 = CARTESIAN_POINT('',(41.05234,9.113097,1.585));
#13108 = VECTOR('',#13109,1.);
#13109 = DIRECTION('',(0.707106781186,0.707106781187,0.));
#13110 = PLANE('',#13111);
#13111 = AXIS2_PLACEMENT_3D('',#13112,#13113,#13114);
#13112 = CARTESIAN_POINT('',(0.,0.,1.585));
#13113 = DIRECTION('',(0.,0.,1.));
#13114 = DIRECTION('',(1.,0.,-0.));
#13115 = ( GEOMETRIC_REPRESENTATION_CONTEXT(3) 
GLOBAL_UNCERTAINTY_ASSIGNED_CONTEXT((#13119)) 
GLOBAL_UNIT_ASSIGNED_CONTEXT((#13116,#13117,#13118)) 
REPRESENTATION_CONTEXT('Context #1',
  '3D Context with UNIT and UNCERTAINTY') );
#13116 = ( LENGTH_UNIT() NAMED_UNIT(*) SI_UNIT(.MILLI.,.METRE.) );
#13117 = ( NAMED_UNIT(*) PLANE_ANGLE_UNIT() SI_UNIT($,.RADIAN.) );
#13118 = ( NAMED_UNIT(*) SI_UNIT($,.STERADIAN.) SOLID_ANGLE_UNIT() );
#13119 = UNCERTAINTY_MEASURE_WITH_UNIT(LENGTH_MEASURE(1.E-07),#13116,
  'distance_accuracy_value','confusion accuracy');
#13120 = CONTEXT_DEPENDENT_SHAPE_REPRESENTATION(#13121,#13123);
#13121 = ( REPRESENTATION_RELATIONSHIP('','',#2449,#10) 
REPRESENTATION_RELATIONSHIP_WITH_TRANSFORMATION(#13122) 
SHAPE_REPRESENTATION_RELATIONSHIP() );
#13122 = ITEM_DEFINED_TRANSFORMATION('','',#11,#23);
#13123 = PRODUCT_DEFINITION_SHAPE('Placement','Placement of an item',
  #13124);
#13124 = NEXT_ASSEMBLY_USAGE_OCCURRENCE('5','=>[0:1:1:6]','',#5,#2444,$
  );
#13125 = PRODUCT_RELATED_PRODUCT_CATEGORY('part',$,(#2446));
#13126 = SHAPE_DEFINITION_REPRESENTATION(#13127,#13133);
#13127 = PRODUCT_DEFINITION_SHAPE('','',#13128);
#13128 = PRODUCT_DEFINITION('design','',#13129,#13132);
#13129 = PRODUCT_DEFINITION_FORMATION('','',#13130);
#13130 = PRODUCT('xt60-power-hub_soldermask','xt60-power-hub_soldermask'
  ,'',(#13131));
#13131 = PRODUCT_CONTEXT('',#2,'mechanical');
#13132 = PRODUCT_DEFINITION_CONTEXT('part definition',#2,'design');
#13133 = MANIFOLD_SURFACE_SHAPE_REPRESENTATION('',(#11,#13134),#14076);
#13134 = SHELL_BASED_SURFACE_MODEL('',(#13135));
#13135 = OPEN_SHELL('',(#13136));
#13136 = ADVANCED_FACE('',(#13137,#13303,#13356,#13409,#13420,#13431,
    #13442,#13453,#13464,#13475,#13486,#13497,#13508,#13519,#13530,
    #13541,#13594,#13647,#13700,#13753,#13806,#13859,#13912,#13965,
    #14018),#14071,.T.);
#13137 = FACE_BOUND('',#13138,.F.);
#13138 = EDGE_LOOP('',(#13139,#13149,#13157,#13165,#13174,#13182,#13190,
    #13198,#13207,#13215,#13223,#13231,#13239,#13247,#13256,#13264,
    #13272,#13280,#13289,#13297));
#13139 = ORIENTED_EDGE('',*,*,#13140,.T.);
#13140 = EDGE_CURVE('',#13141,#13143,#13145,.T.);
#13141 = VERTEX_POINT('',#13142);
#13142 = CARTESIAN_POINT('',(-50.,-12.5,1.56));
#13143 = VERTEX_POINT('',#13144);
#13144 = CARTESIAN_POINT('',(-50.,12.5,1.56));
#13145 = LINE('',#13146,#13147);
#13146 = CARTESIAN_POINT('',(-50.,-12.5,1.56));
#13147 = VECTOR('',#13148,1.);
#13148 = DIRECTION('',(0.,1.,0.));
#13149 = ORIENTED_EDGE('',*,*,#13150,.T.);
#13150 = EDGE_CURVE('',#13143,#13151,#13153,.T.);
#13151 = VERTEX_POINT('',#13152);
#13152 = CARTESIAN_POINT('',(-38.582568,12.5,1.56));
#13153 = LINE('',#13154,#13155);
#13154 = CARTESIAN_POINT('',(-50.,12.5,1.56));
#13155 = VECTOR('',#13156,1.);
#13156 = DIRECTION('',(1.,0.,0.));
#13157 = ORIENTED_EDGE('',*,*,#13158,.T.);
#13158 = EDGE_CURVE('',#13151,#13159,#13161,.T.);
#13159 = VERTEX_POINT('',#13160);
#13160 = CARTESIAN_POINT('',(-38.582568,12.375448,1.56));
#13161 = LINE('',#13162,#13163);
#13162 = CARTESIAN_POINT('',(-38.582568,12.5,1.56));
#13163 = VECTOR('',#13164,1.);
#13164 = DIRECTION('',(0.,-1.,0.));
#13165 = ORIENTED_EDGE('',*,*,#13166,.T.);
#13166 = EDGE_CURVE('',#13159,#13167,#13169,.T.);
#13167 = VERTEX_POINT('',#13168);
#13168 = CARTESIAN_POINT('',(-35.417432,12.375448,1.56));
#13169 = CIRCLE('',#13170,1.587459299871);
#13170 = AXIS2_PLACEMENT_3D('',#13171,#13172,#13173);
#13171 = CARTESIAN_POINT('',(-37.,12.499969299871,1.56));
#13172 = DIRECTION('',(0.,0.,1.));
#13173 = DIRECTION('',(-0.996918787228,-7.844062514276E-02,0.));
#13174 = ORIENTED_EDGE('',*,*,#13175,.T.);
#13175 = EDGE_CURVE('',#13167,#13176,#13178,.T.);
#13176 = VERTEX_POINT('',#13177);
#13177 = CARTESIAN_POINT('',(-35.417432,12.5,1.56));
#13178 = LINE('',#13179,#13180);
#13179 = CARTESIAN_POINT('',(-35.417432,12.375448,1.56));
#13180 = VECTOR('',#13181,1.);
#13181 = DIRECTION('',(0.,1.,0.));
#13182 = ORIENTED_EDGE('',*,*,#13183,.T.);
#13183 = EDGE_CURVE('',#13176,#13184,#13186,.T.);
#13184 = VERTEX_POINT('',#13185);
#13185 = CARTESIAN_POINT('',(44.417432,12.5,1.56));
#13186 = LINE('',#13187,#13188);
#13187 = CARTESIAN_POINT('',(-35.417432,12.5,1.56));
#13188 = VECTOR('',#13189,1.);
#13189 = DIRECTION('',(1.,0.,0.));
#13190 = ORIENTED_EDGE('',*,*,#13191,.T.);
#13191 = EDGE_CURVE('',#13184,#13192,#13194,.T.);
#13192 = VERTEX_POINT('',#13193);
#13193 = CARTESIAN_POINT('',(44.417432,12.375448,1.56));
#13194 = LINE('',#13195,#13196);
#13195 = CARTESIAN_POINT('',(44.417432,12.5,1.56));
#13196 = VECTOR('',#13197,1.);
#13197 = DIRECTION('',(0.,-1.,0.));
#13198 = ORIENTED_EDGE('',*,*,#13199,.T.);
#13199 = EDGE_CURVE('',#13192,#13200,#13202,.T.);
#13200 = VERTEX_POINT('',#13201);
#13201 = CARTESIAN_POINT('',(47.582568,12.375448,1.56));
#13202 = CIRCLE('',#13203,1.587459299871);
#13203 = AXIS2_PLACEMENT_3D('',#13204,#13205,#13206);
#13204 = CARTESIAN_POINT('',(46.,12.499969299871,1.56));
#13205 = DIRECTION('',(0.,0.,1.));
#13206 = DIRECTION('',(-0.996918787228,-7.844062514276E-02,0.));
#13207 = ORIENTED_EDGE('',*,*,#13208,.T.);
#13208 = EDGE_CURVE('',#13200,#13209,#13211,.T.);
#13209 = VERTEX_POINT('',#13210);
#13210 = CARTESIAN_POINT('',(47.582568,12.5,1.56));
#13211 = LINE('',#13212,#13213);
#13212 = CARTESIAN_POINT('',(47.582568,12.375448,1.56));
#13213 = VECTOR('',#13214,1.);
#13214 = DIRECTION('',(0.,1.,0.));
#13215 = ORIENTED_EDGE('',*,*,#13216,.T.);
#13216 = EDGE_CURVE('',#13209,#13217,#13219,.T.);
#13217 = VERTEX_POINT('',#13218);
#13218 = CARTESIAN_POINT('',(50.,12.5,1.56));
#13219 = LINE('',#13220,#13221);
#13220 = CARTESIAN_POINT('',(47.582568,12.5,1.56));
#13221 = VECTOR('',#13222,1.);
#13222 = DIRECTION('',(1.,0.,0.));
#13223 = ORIENTED_EDGE('',*,*,#13224,.T.);
#13224 = EDGE_CURVE('',#13217,#13225,#13227,.T.);
#13225 = VERTEX_POINT('',#13226);
#13226 = CARTESIAN_POINT('',(50.,-12.5,1.56));
#13227 = LINE('',#13228,#13229);
#13228 = CARTESIAN_POINT('',(50.,12.5,1.56));
#13229 = VECTOR('',#13230,1.);
#13230 = DIRECTION('',(0.,-1.,0.));
#13231 = ORIENTED_EDGE('',*,*,#13232,.T.);
#13232 = EDGE_CURVE('',#13225,#13233,#13235,.T.);
#13233 = VERTEX_POINT('',#13234);
#13234 = CARTESIAN_POINT('',(47.582568,-12.5,1.56));
#13235 = LINE('',#13236,#13237);
#13236 = CARTESIAN_POINT('',(50.,-12.5,1.56));
#13237 = VECTOR('',#13238,1.);
#13238 = DIRECTION('',(-1.,0.,0.));
#13239 = ORIENTED_EDGE('',*,*,#13240,.T.);
#13240 = EDGE_CURVE('',#13233,#13241,#13243,.T.);
#13241 = VERTEX_POINT('',#13242);
#13242 = CARTESIAN_POINT('',(47.582568,-12.375447,1.56));
#13243 = LINE('',#13244,#13245);
#13244 = CARTESIAN_POINT('',(47.582568,-12.5,1.56));
#13245 = VECTOR('',#13246,1.);
#13246 = DIRECTION('',(0.,1.,0.));
#13247 = ORIENTED_EDGE('',*,*,#13248,.T.);
#13248 = EDGE_CURVE('',#13241,#13249,#13251,.T.);
#13249 = VERTEX_POINT('',#13250);
#13250 = CARTESIAN_POINT('',(44.417432,-12.375447,1.56));
#13251 = CIRCLE('',#13252,1.587459299871);
#13252 = AXIS2_PLACEMENT_3D('',#13253,#13254,#13255);
#13253 = CARTESIAN_POINT('',(46.,-12.49996829987,1.56));
#13254 = DIRECTION('',(0.,0.,1.));
#13255 = DIRECTION('',(0.996918787228,7.844062514277E-02,-0.));
#13256 = ORIENTED_EDGE('',*,*,#13257,.T.);
#13257 = EDGE_CURVE('',#13249,#13258,#13260,.T.);
#13258 = VERTEX_POINT('',#13259);
#13259 = CARTESIAN_POINT('',(44.417432,-12.5,1.56));
#13260 = LINE('',#13261,#13262);
#13261 = CARTESIAN_POINT('',(44.417432,-12.375447,1.56));
#13262 = VECTOR('',#13263,1.);
#13263 = DIRECTION('',(0.,-1.,0.));
#13264 = ORIENTED_EDGE('',*,*,#13265,.T.);
#13265 = EDGE_CURVE('',#13258,#13266,#13268,.T.);
#13266 = VERTEX_POINT('',#13267);
#13267 = CARTESIAN_POINT('',(-35.417432,-12.5,1.56));
#13268 = LINE('',#13269,#13270);
#13269 = CARTESIAN_POINT('',(44.417432,-12.5,1.56));
#13270 = VECTOR('',#13271,1.);
#13271 = DIRECTION('',(-1.,0.,0.));
#13272 = ORIENTED_EDGE('',*,*,#13273,.T.);
#13273 = EDGE_CURVE('',#13266,#13274,#13276,.T.);
#13274 = VERTEX_POINT('',#13275);
#13275 = CARTESIAN_POINT('',(-35.417432,-12.375447,1.56));
#13276 = LINE('',#13277,#13278);
#13277 = CARTESIAN_POINT('',(-35.417432,-12.5,1.56));
#13278 = VECTOR('',#13279,1.);
#13279 = DIRECTION('',(0.,1.,0.));
#13280 = ORIENTED_EDGE('',*,*,#13281,.T.);
#13281 = EDGE_CURVE('',#13274,#13282,#13284,.T.);
#13282 = VERTEX_POINT('',#13283);
#13283 = CARTESIAN_POINT('',(-38.582568,-12.375447,1.56));
#13284 = CIRCLE('',#13285,1.587459299871);
#13285 = AXIS2_PLACEMENT_3D('',#13286,#13287,#13288);
#13286 = CARTESIAN_POINT('',(-37.,-12.49996829987,1.56));
#13287 = DIRECTION('',(0.,0.,1.));
#13288 = DIRECTION('',(0.996918787228,7.844062514277E-02,-0.));
#13289 = ORIENTED_EDGE('',*,*,#13290,.T.);
#13290 = EDGE_CURVE('',#13282,#13291,#13293,.T.);
#13291 = VERTEX_POINT('',#13292);
#13292 = CARTESIAN_POINT('',(-38.582568,-12.5,1.56));
#13293 = LINE('',#13294,#13295);
#13294 = CARTESIAN_POINT('',(-38.582568,-12.375447,1.56));
#13295 = VECTOR('',#13296,1.);
#13296 = DIRECTION('',(0.,-1.,0.));
#13297 = ORIENTED_EDGE('',*,*,#13298,.T.);
#13298 = EDGE_CURVE('',#13291,#13141,#13299,.T.);
#13299 = LINE('',#13300,#13301);
#13300 = CARTESIAN_POINT('',(-38.582568,-12.5,1.56));
#13301 = VECTOR('',#13302,1.);
#13302 = DIRECTION('',(-1.,0.,0.));
#13303 = FACE_BOUND('',#13304,.F.);
#13304 = EDGE_LOOP('',(#13305,#13316,#13324,#13333,#13341,#13350));
#13305 = ORIENTED_EDGE('',*,*,#13306,.T.);
#13306 = EDGE_CURVE('',#13307,#13309,#13311,.T.);
#13307 = VERTEX_POINT('',#13308);
#13308 = CARTESIAN_POINT('',(-39.399594,-5.9625,1.56));
#13309 = VERTEX_POINT('',#13310);
#13310 = CARTESIAN_POINT('',(-39.684933,-6.287512,1.56));
#13311 = CIRCLE('',#13312,0.287584041769);
#13312 = AXIS2_PLACEMENT_3D('',#13313,#13314,#13315);
#13313 = CARTESIAN_POINT('',(-39.39979492157,-6.250083971582,1.56));
#13314 = DIRECTION('',(0.,0.,1.));
#13315 = DIRECTION('',(6.986534164398E-04,0.999999755942,-0.));
#13316 = ORIENTED_EDGE('',*,*,#13317,.T.);
#13317 = EDGE_CURVE('',#13309,#13318,#13320,.T.);
#13318 = VERTEX_POINT('',#13319);
#13319 = CARTESIAN_POINT('',(-39.665516,-6.35998,1.56));
#13320 = LINE('',#13321,#13322);
#13321 = CARTESIAN_POINT('',(-39.684933,-6.287512,1.56));
#13322 = VECTOR('',#13323,1.);
#13323 = DIRECTION('',(0.258809816504,-0.965928299037,0.));
#13324 = ORIENTED_EDGE('',*,*,#13325,.T.);
#13325 = EDGE_CURVE('',#13318,#13326,#13328,.T.);
#13326 = VERTEX_POINT('',#13327);
#13327 = CARTESIAN_POINT('',(-39.399594,-6.5375,1.56));
#13328 = CIRCLE('',#13329,0.287686427939);
#13329 = AXIS2_PLACEMENT_3D('',#13330,#13331,#13332);
#13330 = CARTESIAN_POINT('',(-39.39975887519,-6.249813619307,1.56));
#13331 = DIRECTION('',(0.,0.,1.));
#13332 = DIRECTION('',(-0.92377359165,-0.382939096163,0.));
#13333 = ORIENTED_EDGE('',*,*,#13334,.T.);
#13334 = EDGE_CURVE('',#13326,#13335,#13337,.T.);
#13335 = VERTEX_POINT('',#13336);
#13336 = CARTESIAN_POINT('',(-38.300406,-6.5375,1.56));
#13337 = LINE('',#13338,#13339);
#13338 = CARTESIAN_POINT('',(-39.399594,-6.5375,1.56));
#13339 = VECTOR('',#13340,1.);
#13340 = DIRECTION('',(1.,0.,0.));
#13341 = ORIENTED_EDGE('',*,*,#13342,.T.);
#13342 = EDGE_CURVE('',#13335,#13343,#13345,.T.);
#13343 = VERTEX_POINT('',#13344);
#13344 = CARTESIAN_POINT('',(-38.300406,-5.9625,1.56));
#13345 = CIRCLE('',#13346,0.287500089704);
#13346 = AXIS2_PLACEMENT_3D('',#13347,#13348,#13349);
#13347 = CARTESIAN_POINT('',(-38.30017888769,-6.25,1.56));
#13348 = DIRECTION('',(0.,0.,1.));
#13349 = DIRECTION('',(-7.899555976604E-04,-0.999999687985,0.));
#13350 = ORIENTED_EDGE('',*,*,#13351,.T.);
#13351 = EDGE_CURVE('',#13343,#13307,#13352,.T.);
#13352 = LINE('',#13353,#13354);
#13353 = CARTESIAN_POINT('',(-38.300406,-5.9625,1.56));
#13354 = VECTOR('',#13355,1.);
#13355 = DIRECTION('',(-1.,0.,0.));
#13356 = FACE_BOUND('',#13357,.F.);
#13357 = EDGE_LOOP('',(#13358,#13369,#13377,#13386,#13394,#13403));
#13358 = ORIENTED_EDGE('',*,*,#13359,.T.);
#13359 = EDGE_CURVE('',#13360,#13362,#13364,.T.);
#13360 = VERTEX_POINT('',#13361);
#13361 = CARTESIAN_POINT('',(47.550406,-5.9625,1.56));
#13362 = VERTEX_POINT('',#13363);
#13363 = CARTESIAN_POINT('',(47.265067,-6.287512,1.56));
#13364 = CIRCLE('',#13365,0.287584041769);
#13365 = AXIS2_PLACEMENT_3D('',#13366,#13367,#13368);
#13366 = CARTESIAN_POINT('',(47.550205078427,-6.250083971582,1.56));
#13367 = DIRECTION('',(0.,0.,1.));
#13368 = DIRECTION('',(6.986534164398E-04,0.999999755942,-0.));
#13369 = ORIENTED_EDGE('',*,*,#13370,.T.);
#13370 = EDGE_CURVE('',#13362,#13371,#13373,.T.);
#13371 = VERTEX_POINT('',#13372);
#13372 = CARTESIAN_POINT('',(47.284484,-6.35998,1.56));
#13373 = LINE('',#13374,#13375);
#13374 = CARTESIAN_POINT('',(47.265067,-6.287512,1.56));
#13375 = VECTOR('',#13376,1.);
#13376 = DIRECTION('',(0.258809816504,-0.965928299037,0.));
#13377 = ORIENTED_EDGE('',*,*,#13378,.T.);
#13378 = EDGE_CURVE('',#13371,#13379,#13381,.T.);
#13379 = VERTEX_POINT('',#13380);
#13380 = CARTESIAN_POINT('',(47.550406,-6.5375,1.56));
#13381 = CIRCLE('',#13382,0.287686427939);
#13382 = AXIS2_PLACEMENT_3D('',#13383,#13384,#13385);
#13383 = CARTESIAN_POINT('',(47.550241124806,-6.249813619307,1.56));
#13384 = DIRECTION('',(0.,0.,1.));
#13385 = DIRECTION('',(-0.92377359165,-0.382939096163,0.));
#13386 = ORIENTED_EDGE('',*,*,#13387,.T.);
#13387 = EDGE_CURVE('',#13379,#13388,#13390,.T.);
#13388 = VERTEX_POINT('',#13389);
#13389 = CARTESIAN_POINT('',(48.649594,-6.5375,1.56));
#13390 = LINE('',#13391,#13392);
#13391 = CARTESIAN_POINT('',(47.550406,-6.5375,1.56));
#13392 = VECTOR('',#13393,1.);
#13393 = DIRECTION('',(1.,0.,0.));
#13394 = ORIENTED_EDGE('',*,*,#13395,.T.);
#13395 = EDGE_CURVE('',#13388,#13396,#13398,.T.);
#13396 = VERTEX_POINT('',#13397);
#13397 = CARTESIAN_POINT('',(48.649594,-5.9625,1.56));
#13398 = CIRCLE('',#13399,0.287500089704);
#13399 = AXIS2_PLACEMENT_3D('',#13400,#13401,#13402);
#13400 = CARTESIAN_POINT('',(48.649821112305,-6.25,1.56));
#13401 = DIRECTION('',(0.,0.,1.));
#13402 = DIRECTION('',(-7.899555976356E-04,-0.999999687985,0.));
#13403 = ORIENTED_EDGE('',*,*,#13404,.T.);
#13404 = EDGE_CURVE('',#13396,#13360,#13405,.T.);
#13405 = LINE('',#13406,#13407);
#13406 = CARTESIAN_POINT('',(48.649594,-5.9625,1.56));
#13407 = VECTOR('',#13408,1.);
#13408 = DIRECTION('',(-1.,0.,0.));
#13409 = FACE_BOUND('',#13410,.F.);
#13410 = EDGE_LOOP('',(#13411));
#13411 = ORIENTED_EDGE('',*,*,#13412,.T.);
#13412 = EDGE_CURVE('',#13413,#13413,#13415,.T.);
#13413 = VERTEX_POINT('',#13414);
#13414 = CARTESIAN_POINT('',(-31.512539,-3.1,1.56));
#13415 = CIRCLE('',#13416,1.337461);
#13416 = AXIS2_PLACEMENT_3D('',#13417,#13418,#13419);
#13417 = CARTESIAN_POINT('',(-32.85,-3.1,1.56));
#13418 = DIRECTION('',(0.,0.,1.));
#13419 = DIRECTION('',(1.,0.,-0.));
#13420 = FACE_BOUND('',#13421,.F.);
#13421 = EDGE_LOOP('',(#13422));
#13422 = ORIENTED_EDGE('',*,*,#13423,.T.);
#13423 = EDGE_CURVE('',#13424,#13424,#13426,.T.);
#13424 = VERTEX_POINT('',#13425);
#13425 = CARTESIAN_POINT('',(43.437461,-3.1,1.56));
#13426 = CIRCLE('',#13427,1.337461);
#13427 = AXIS2_PLACEMENT_3D('',#13428,#13429,#13430);
#13428 = CARTESIAN_POINT('',(42.1,-3.1,1.56));
#13429 = DIRECTION('',(0.,0.,1.));
#13430 = DIRECTION('',(1.,0.,-0.));
#13431 = FACE_BOUND('',#13432,.F.);
#13432 = EDGE_LOOP('',(#13433));
#13433 = ORIENTED_EDGE('',*,*,#13434,.T.);
#13434 = EDGE_CURVE('',#13435,#13435,#13437,.T.);
#13435 = VERTEX_POINT('',#13436);
#13436 = CARTESIAN_POINT('',(-31.512539,4.1,1.56));
#13437 = CIRCLE('',#13438,1.337461);
#13438 = AXIS2_PLACEMENT_3D('',#13439,#13440,#13441);
#13439 = CARTESIAN_POINT('',(-32.85,4.1,1.56));
#13440 = DIRECTION('',(0.,0.,1.));
#13441 = DIRECTION('',(1.,0.,-0.));
#13442 = FACE_BOUND('',#13443,.F.);
#13443 = EDGE_LOOP('',(#13444));
#13444 = ORIENTED_EDGE('',*,*,#13445,.T.);
#13445 = EDGE_CURVE('',#13446,#13446,#13448,.T.);
#13446 = VERTEX_POINT('',#13447);
#13447 = CARTESIAN_POINT('',(43.437461,4.1,1.56));
#13448 = CIRCLE('',#13449,1.337461);
#13449 = AXIS2_PLACEMENT_3D('',#13450,#13451,#13452);
#13450 = CARTESIAN_POINT('',(42.1,4.1,1.56));
#13451 = DIRECTION('',(0.,0.,1.));
#13452 = DIRECTION('',(1.,0.,-0.));
#13453 = FACE_BOUND('',#13454,.F.);
#13454 = EDGE_LOOP('',(#13455));
#13455 = ORIENTED_EDGE('',*,*,#13456,.T.);
#13456 = EDGE_CURVE('',#13457,#13457,#13459,.T.);
#13457 = VERTEX_POINT('',#13458);
#13458 = CARTESIAN_POINT('',(-24.262539,4.85,1.56));
#13459 = CIRCLE('',#13460,1.337461);
#13460 = AXIS2_PLACEMENT_3D('',#13461,#13462,#13463);
#13461 = CARTESIAN_POINT('',(-25.6,4.85,1.56));
#13462 = DIRECTION('',(0.,0.,1.));
#13463 = DIRECTION('',(1.,0.,-0.));
#13464 = FACE_BOUND('',#13465,.F.);
#13465 = EDGE_LOOP('',(#13466));
#13466 = ORIENTED_EDGE('',*,*,#13467,.T.);
#13467 = EDGE_CURVE('',#13468,#13468,#13470,.T.);
#13468 = VERTEX_POINT('',#13469);
#13469 = CARTESIAN_POINT('',(-17.062539,4.85,1.56));
#13470 = CIRCLE('',#13471,1.337461);
#13471 = AXIS2_PLACEMENT_3D('',#13472,#13473,#13474);
#13472 = CARTESIAN_POINT('',(-18.4,4.85,1.56));
#13473 = DIRECTION('',(0.,0.,1.));
#13474 = DIRECTION('',(1.,0.,-0.));
#13475 = FACE_BOUND('',#13476,.F.);
#13476 = EDGE_LOOP('',(#13477));
#13477 = ORIENTED_EDGE('',*,*,#13478,.T.);
#13478 = EDGE_CURVE('',#13479,#13479,#13481,.T.);
#13479 = VERTEX_POINT('',#13480);
#13480 = CARTESIAN_POINT('',(-6.512539,4.85,1.56));
#13481 = CIRCLE('',#13482,1.337461);
#13482 = AXIS2_PLACEMENT_3D('',#13483,#13484,#13485);
#13483 = CARTESIAN_POINT('',(-7.85,4.85,1.56));
#13484 = DIRECTION('',(0.,0.,1.));
#13485 = DIRECTION('',(1.,0.,-0.));
#13486 = FACE_BOUND('',#13487,.F.);
#13487 = EDGE_LOOP('',(#13488));
#13488 = ORIENTED_EDGE('',*,*,#13489,.T.);
#13489 = EDGE_CURVE('',#13490,#13490,#13492,.T.);
#13490 = VERTEX_POINT('',#13491);
#13491 = CARTESIAN_POINT('',(0.687461,4.85,1.56));
#13492 = CIRCLE('',#13493,1.337461);
#13493 = AXIS2_PLACEMENT_3D('',#13494,#13495,#13496);
#13494 = CARTESIAN_POINT('',(-0.65,4.85,1.56));
#13495 = DIRECTION('',(0.,0.,1.));
#13496 = DIRECTION('',(1.,0.,-0.));
#13497 = FACE_BOUND('',#13498,.F.);
#13498 = EDGE_LOOP('',(#13499));
#13499 = ORIENTED_EDGE('',*,*,#13500,.T.);
#13500 = EDGE_CURVE('',#13501,#13501,#13503,.T.);
#13501 = VERTEX_POINT('',#13502);
#13502 = CARTESIAN_POINT('',(11.237461,4.85,1.56));
#13503 = CIRCLE('',#13504,1.337461);
#13504 = AXIS2_PLACEMENT_3D('',#13505,#13506,#13507);
#13505 = CARTESIAN_POINT('',(9.9,4.85,1.56));
#13506 = DIRECTION('',(0.,0.,1.));
#13507 = DIRECTION('',(1.,0.,-0.));
#13508 = FACE_BOUND('',#13509,.F.);
#13509 = EDGE_LOOP('',(#13510));
#13510 = ORIENTED_EDGE('',*,*,#13511,.T.);
#13511 = EDGE_CURVE('',#13512,#13512,#13514,.T.);
#13512 = VERTEX_POINT('',#13513);
#13513 = CARTESIAN_POINT('',(18.437461,4.85,1.56));
#13514 = CIRCLE('',#13515,1.337461);
#13515 = AXIS2_PLACEMENT_3D('',#13516,#13517,#13518);
#13516 = CARTESIAN_POINT('',(17.1,4.85,1.56));
#13517 = DIRECTION('',(0.,0.,1.));
#13518 = DIRECTION('',(1.,0.,-0.));
#13519 = FACE_BOUND('',#13520,.F.);
#13520 = EDGE_LOOP('',(#13521));
#13521 = ORIENTED_EDGE('',*,*,#13522,.T.);
#13522 = EDGE_CURVE('',#13523,#13523,#13525,.T.);
#13523 = VERTEX_POINT('',#13524);
#13524 = CARTESIAN_POINT('',(28.987461,4.85,1.56));
#13525 = CIRCLE('',#13526,1.337461);
#13526 = AXIS2_PLACEMENT_3D('',#13527,#13528,#13529);
#13527 = CARTESIAN_POINT('',(27.65,4.85,1.56));
#13528 = DIRECTION('',(0.,0.,1.));
#13529 = DIRECTION('',(1.,0.,-0.));
#13530 = FACE_BOUND('',#13531,.F.);
#13531 = EDGE_LOOP('',(#13532));
#13532 = ORIENTED_EDGE('',*,*,#13533,.T.);
#13533 = EDGE_CURVE('',#13534,#13534,#13536,.T.);
#13534 = VERTEX_POINT('',#13535);
#13535 = CARTESIAN_POINT('',(36.187461,4.85,1.56));
#13536 = CIRCLE('',#13537,1.337461);
#13537 = AXIS2_PLACEMENT_3D('',#13538,#13539,#13540);
#13538 = CARTESIAN_POINT('',(34.85,4.85,1.56));
#13539 = DIRECTION('',(0.,0.,1.));
#13540 = DIRECTION('',(1.,0.,-0.));
#13541 = FACE_BOUND('',#13542,.F.);
#13542 = EDGE_LOOP('',(#13543,#13554,#13562,#13571,#13579,#13588));
#13543 = ORIENTED_EDGE('',*,*,#13544,.T.);
#13544 = EDGE_CURVE('',#13545,#13547,#13549,.T.);
#13545 = VERTEX_POINT('',#13546);
#13546 = CARTESIAN_POINT('',(-39.399594,7.5375,1.56));
#13547 = VERTEX_POINT('',#13548);
#13548 = CARTESIAN_POINT('',(-39.684933,7.212488,1.56));
#13549 = CIRCLE('',#13550,0.287584041769);
#13550 = AXIS2_PLACEMENT_3D('',#13551,#13552,#13553);
#13551 = CARTESIAN_POINT('',(-39.39979492157,7.249916028418,1.56));
#13552 = DIRECTION('',(0.,0.,1.));
#13553 = DIRECTION('',(6.986534164398E-04,0.999999755942,-0.));
#13554 = ORIENTED_EDGE('',*,*,#13555,.T.);
#13555 = EDGE_CURVE('',#13547,#13556,#13558,.T.);
#13556 = VERTEX_POINT('',#13557);
#13557 = CARTESIAN_POINT('',(-39.665516,7.14002,1.56));
#13558 = LINE('',#13559,#13560);
#13559 = CARTESIAN_POINT('',(-39.684933,7.212488,1.56));
#13560 = VECTOR('',#13561,1.);
#13561 = DIRECTION('',(0.258809816504,-0.965928299037,0.));
#13562 = ORIENTED_EDGE('',*,*,#13563,.T.);
#13563 = EDGE_CURVE('',#13556,#13564,#13566,.T.);
#13564 = VERTEX_POINT('',#13565);
#13565 = CARTESIAN_POINT('',(-39.399594,6.9625,1.56));
#13566 = CIRCLE('',#13567,0.287686427939);
#13567 = AXIS2_PLACEMENT_3D('',#13568,#13569,#13570);
#13568 = CARTESIAN_POINT('',(-39.39975887519,7.250186380693,1.56));
#13569 = DIRECTION('',(0.,0.,1.));
#13570 = DIRECTION('',(-0.92377359165,-0.382939096163,0.));
#13571 = ORIENTED_EDGE('',*,*,#13572,.T.);
#13572 = EDGE_CURVE('',#13564,#13573,#13575,.T.);
#13573 = VERTEX_POINT('',#13574);
#13574 = CARTESIAN_POINT('',(-38.300406,6.9625,1.56));
#13575 = LINE('',#13576,#13577);
#13576 = CARTESIAN_POINT('',(-39.399594,6.9625,1.56));
#13577 = VECTOR('',#13578,1.);
#13578 = DIRECTION('',(1.,0.,0.));
#13579 = ORIENTED_EDGE('',*,*,#13580,.T.);
#13580 = EDGE_CURVE('',#13573,#13581,#13583,.T.);
#13581 = VERTEX_POINT('',#13582);
#13582 = CARTESIAN_POINT('',(-38.300406,7.5375,1.56));
#13583 = CIRCLE('',#13584,0.287500089704);
#13584 = AXIS2_PLACEMENT_3D('',#13585,#13586,#13587);
#13585 = CARTESIAN_POINT('',(-38.30017888769,7.25,1.56));
#13586 = DIRECTION('',(0.,0.,1.));
#13587 = DIRECTION('',(-7.899555976604E-04,-0.999999687985,0.));
#13588 = ORIENTED_EDGE('',*,*,#13589,.T.);
#13589 = EDGE_CURVE('',#13581,#13545,#13590,.T.);
#13590 = LINE('',#13591,#13592);
#13591 = CARTESIAN_POINT('',(-38.300406,7.5375,1.56));
#13592 = VECTOR('',#13593,1.);
#13593 = DIRECTION('',(-1.,0.,0.));
#13594 = FACE_BOUND('',#13595,.F.);
#13595 = EDGE_LOOP('',(#13596,#13607,#13615,#13624,#13632,#13641));
#13596 = ORIENTED_EDGE('',*,*,#13597,.T.);
#13597 = EDGE_CURVE('',#13598,#13600,#13602,.T.);
#13598 = VERTEX_POINT('',#13599);
#13599 = CARTESIAN_POINT('',(47.550406,7.5375,1.56));
#13600 = VERTEX_POINT('',#13601);
#13601 = CARTESIAN_POINT('',(47.265067,7.212488,1.56));
#13602 = CIRCLE('',#13603,0.287584041769);
#13603 = AXIS2_PLACEMENT_3D('',#13604,#13605,#13606);
#13604 = CARTESIAN_POINT('',(47.550205078427,7.249916028418,1.56));
#13605 = DIRECTION('',(0.,0.,1.));
#13606 = DIRECTION('',(6.986534164398E-04,0.999999755942,-0.));
#13607 = ORIENTED_EDGE('',*,*,#13608,.T.);
#13608 = EDGE_CURVE('',#13600,#13609,#13611,.T.);
#13609 = VERTEX_POINT('',#13610);
#13610 = CARTESIAN_POINT('',(47.284484,7.14002,1.56));
#13611 = LINE('',#13612,#13613);
#13612 = CARTESIAN_POINT('',(47.265067,7.212488,1.56));
#13613 = VECTOR('',#13614,1.);
#13614 = DIRECTION('',(0.258809816504,-0.965928299037,0.));
#13615 = ORIENTED_EDGE('',*,*,#13616,.T.);
#13616 = EDGE_CURVE('',#13609,#13617,#13619,.T.);
#13617 = VERTEX_POINT('',#13618);
#13618 = CARTESIAN_POINT('',(47.550406,6.9625,1.56));
#13619 = CIRCLE('',#13620,0.287686427939);
#13620 = AXIS2_PLACEMENT_3D('',#13621,#13622,#13623);
#13621 = CARTESIAN_POINT('',(47.550241124806,7.250186380693,1.56));
#13622 = DIRECTION('',(0.,0.,1.));
#13623 = DIRECTION('',(-0.92377359165,-0.382939096163,0.));
#13624 = ORIENTED_EDGE('',*,*,#13625,.T.);
#13625 = EDGE_CURVE('',#13617,#13626,#13628,.T.);
#13626 = VERTEX_POINT('',#13627);
#13627 = CARTESIAN_POINT('',(48.649594,6.9625,1.56));
#13628 = LINE('',#13629,#13630);
#13629 = CARTESIAN_POINT('',(47.550406,6.9625,1.56));
#13630 = VECTOR('',#13631,1.);
#13631 = DIRECTION('',(1.,0.,0.));
#13632 = ORIENTED_EDGE('',*,*,#13633,.T.);
#13633 = EDGE_CURVE('',#13626,#13634,#13636,.T.);
#13634 = VERTEX_POINT('',#13635);
#13635 = CARTESIAN_POINT('',(48.649594,7.5375,1.56));
#13636 = CIRCLE('',#13637,0.287500089704);
#13637 = AXIS2_PLACEMENT_3D('',#13638,#13639,#13640);
#13638 = CARTESIAN_POINT('',(48.649821112305,7.25,1.56));
#13639 = DIRECTION('',(0.,0.,1.));
#13640 = DIRECTION('',(-7.899555976356E-04,-0.999999687985,0.));
#13641 = ORIENTED_EDGE('',*,*,#13642,.T.);
#13642 = EDGE_CURVE('',#13634,#13598,#13643,.T.);
#13643 = LINE('',#13644,#13645);
#13644 = CARTESIAN_POINT('',(48.649594,7.5375,1.56));
#13645 = VECTOR('',#13646,1.);
#13646 = DIRECTION('',(-1.,0.,0.));
#13647 = FACE_BOUND('',#13648,.F.);
#13648 = EDGE_LOOP('',(#13649,#13660,#13668,#13677,#13685,#13694));
#13649 = ORIENTED_EDGE('',*,*,#13650,.T.);
#13650 = EDGE_CURVE('',#13651,#13653,#13655,.T.);
#13651 = VERTEX_POINT('',#13652);
#13652 = CARTESIAN_POINT('',(-29.0375,10.300407,1.56));
#13653 = VERTEX_POINT('',#13654);
#13654 = CARTESIAN_POINT('',(-28.712487,10.015067,1.56));
#13655 = CIRCLE('',#13656,0.28758545494);
#13656 = AXIS2_PLACEMENT_3D('',#13657,#13658,#13659);
#13657 = CARTESIAN_POINT('',(-28.74991461491,10.300206557997,1.56));
#13658 = DIRECTION('',(0.,0.,1.));
#13659 = DIRECTION('',(-0.999999757108,6.96982407565E-04,0.));
#13660 = ORIENTED_EDGE('',*,*,#13661,.T.);
#13661 = EDGE_CURVE('',#13653,#13662,#13664,.T.);
#13662 = VERTEX_POINT('',#13663);
#13663 = CARTESIAN_POINT('',(-28.64002,10.034485,1.56));
#13664 = LINE('',#13665,#13666);
#13665 = CARTESIAN_POINT('',(-28.712487,10.015067,1.56));
#13666 = VECTOR('',#13667,1.);
#13667 = DIRECTION('',(0.965924073909,0.258825584986,0.));
#13668 = ORIENTED_EDGE('',*,*,#13669,.T.);
#13669 = EDGE_CURVE('',#13662,#13670,#13672,.T.);
#13670 = VERTEX_POINT('',#13671);
#13671 = CARTESIAN_POINT('',(-28.4625,10.300407,1.56));
#13672 = CIRCLE('',#13673,0.287686427939);
#13673 = AXIS2_PLACEMENT_3D('',#13674,#13675,#13676);
#13674 = CARTESIAN_POINT('',(-28.75018638069,10.300242124806,1.56));
#13675 = DIRECTION('',(0.,0.,1.));
#13676 = DIRECTION('',(0.382939096163,-0.92377359165,0.));
#13677 = ORIENTED_EDGE('',*,*,#13678,.T.);
#13678 = EDGE_CURVE('',#13670,#13679,#13681,.T.);
#13679 = VERTEX_POINT('',#13680);
#13680 = CARTESIAN_POINT('',(-28.4625,11.399594,1.56));
#13681 = LINE('',#13682,#13683);
#13682 = CARTESIAN_POINT('',(-28.4625,10.300407,1.56));
#13683 = VECTOR('',#13684,1.);
#13684 = DIRECTION('',(0.,1.,0.));
#13685 = ORIENTED_EDGE('',*,*,#13686,.T.);
#13686 = EDGE_CURVE('',#13679,#13687,#13689,.T.);
#13687 = VERTEX_POINT('',#13688);
#13688 = CARTESIAN_POINT('',(-29.0375,11.399594,1.56));
#13689 = CIRCLE('',#13690,0.287500026505);
#13690 = AXIS2_PLACEMENT_3D('',#13691,#13692,#13693);
#13691 = CARTESIAN_POINT('',(-28.75,11.39971745201,1.56));
#13692 = DIRECTION('',(0.,0.,1.));
#13693 = DIRECTION('',(0.999999907809,-4.293982551801E-04,0.));
#13694 = ORIENTED_EDGE('',*,*,#13695,.T.);
#13695 = EDGE_CURVE('',#13687,#13651,#13696,.T.);
#13696 = LINE('',#13697,#13698);
#13697 = CARTESIAN_POINT('',(-29.0375,11.399594,1.56));
#13698 = VECTOR('',#13699,1.);
#13699 = DIRECTION('',(0.,-1.,0.));
#13700 = FACE_BOUND('',#13701,.F.);
#13701 = EDGE_LOOP('',(#13702,#13713,#13721,#13730,#13738,#13747));
#13702 = ORIENTED_EDGE('',*,*,#13703,.T.);
#13703 = EDGE_CURVE('',#13704,#13706,#13708,.T.);
#13704 = VERTEX_POINT('',#13705);
#13705 = CARTESIAN_POINT('',(-15.5375,10.300407,1.56));
#13706 = VERTEX_POINT('',#13707);
#13707 = CARTESIAN_POINT('',(-15.212487,10.015067,1.56));
#13708 = CIRCLE('',#13709,0.28758545494);
#13709 = AXIS2_PLACEMENT_3D('',#13710,#13711,#13712);
#13710 = CARTESIAN_POINT('',(-15.24991461491,10.300206557997,1.56));
#13711 = DIRECTION('',(0.,0.,1.));
#13712 = DIRECTION('',(-0.999999757108,6.969824075836E-04,0.));
#13713 = ORIENTED_EDGE('',*,*,#13714,.T.);
#13714 = EDGE_CURVE('',#13706,#13715,#13717,.T.);
#13715 = VERTEX_POINT('',#13716);
#13716 = CARTESIAN_POINT('',(-15.14002,10.034485,1.56));
#13717 = LINE('',#13718,#13719);
#13718 = CARTESIAN_POINT('',(-15.212487,10.015067,1.56));
#13719 = VECTOR('',#13720,1.);
#13720 = DIRECTION('',(0.965924073909,0.258825584986,0.));
#13721 = ORIENTED_EDGE('',*,*,#13722,.T.);
#13722 = EDGE_CURVE('',#13715,#13723,#13725,.T.);
#13723 = VERTEX_POINT('',#13724);
#13724 = CARTESIAN_POINT('',(-14.9625,10.300407,1.56));
#13725 = CIRCLE('',#13726,0.287686427939);
#13726 = AXIS2_PLACEMENT_3D('',#13727,#13728,#13729);
#13727 = CARTESIAN_POINT('',(-15.25018638069,10.300242124806,1.56));
#13728 = DIRECTION('',(0.,0.,1.));
#13729 = DIRECTION('',(0.382939096163,-0.92377359165,0.));
#13730 = ORIENTED_EDGE('',*,*,#13731,.T.);
#13731 = EDGE_CURVE('',#13723,#13732,#13734,.T.);
#13732 = VERTEX_POINT('',#13733);
#13733 = CARTESIAN_POINT('',(-14.9625,11.399594,1.56));
#13734 = LINE('',#13735,#13736);
#13735 = CARTESIAN_POINT('',(-14.9625,10.300407,1.56));
#13736 = VECTOR('',#13737,1.);
#13737 = DIRECTION('',(0.,1.,0.));
#13738 = ORIENTED_EDGE('',*,*,#13739,.T.);
#13739 = EDGE_CURVE('',#13732,#13740,#13742,.T.);
#13740 = VERTEX_POINT('',#13741);
#13741 = CARTESIAN_POINT('',(-15.5375,11.399594,1.56));
#13742 = CIRCLE('',#13743,0.287500026505);
#13743 = AXIS2_PLACEMENT_3D('',#13744,#13745,#13746);
#13744 = CARTESIAN_POINT('',(-15.25,11.39971745201,1.56));
#13745 = DIRECTION('',(0.,0.,1.));
#13746 = DIRECTION('',(0.999999907809,-4.293982551925E-04,0.));
#13747 = ORIENTED_EDGE('',*,*,#13748,.T.);
#13748 = EDGE_CURVE('',#13740,#13704,#13749,.T.);
#13749 = LINE('',#13750,#13751);
#13750 = CARTESIAN_POINT('',(-15.5375,11.399594,1.56));
#13751 = VECTOR('',#13752,1.);
#13752 = DIRECTION('',(0.,-1.,0.));
#13753 = FACE_BOUND('',#13754,.F.);
#13754 = EDGE_LOOP('',(#13755,#13766,#13774,#13783,#13791,#13800));
#13755 = ORIENTED_EDGE('',*,*,#13756,.T.);
#13756 = EDGE_CURVE('',#13757,#13759,#13761,.T.);
#13757 = VERTEX_POINT('',#13758);
#13758 = CARTESIAN_POINT('',(-11.2875,10.300407,1.56));
#13759 = VERTEX_POINT('',#13760);
#13760 = CARTESIAN_POINT('',(-10.962487,10.015067,1.56));
#13761 = CIRCLE('',#13762,0.28758545494);
#13762 = AXIS2_PLACEMENT_3D('',#13763,#13764,#13765);
#13763 = CARTESIAN_POINT('',(-10.99991461491,10.300206557997,1.56));
#13764 = DIRECTION('',(0.,0.,1.));
#13765 = DIRECTION('',(-0.999999757108,6.969824075836E-04,0.));
#13766 = ORIENTED_EDGE('',*,*,#13767,.T.);
#13767 = EDGE_CURVE('',#13759,#13768,#13770,.T.);
#13768 = VERTEX_POINT('',#13769);
#13769 = CARTESIAN_POINT('',(-10.89002,10.034485,1.56));
#13770 = LINE('',#13771,#13772);
#13771 = CARTESIAN_POINT('',(-10.962487,10.015067,1.56));
#13772 = VECTOR('',#13773,1.);
#13773 = DIRECTION('',(0.965924073909,0.258825584986,0.));
#13774 = ORIENTED_EDGE('',*,*,#13775,.T.);
#13775 = EDGE_CURVE('',#13768,#13776,#13778,.T.);
#13776 = VERTEX_POINT('',#13777);
#13777 = CARTESIAN_POINT('',(-10.7125,10.300407,1.56));
#13778 = CIRCLE('',#13779,0.287686427939);
#13779 = AXIS2_PLACEMENT_3D('',#13780,#13781,#13782);
#13780 = CARTESIAN_POINT('',(-11.00018638069,10.300242124806,1.56));
#13781 = DIRECTION('',(0.,0.,1.));
#13782 = DIRECTION('',(0.382939096163,-0.92377359165,0.));
#13783 = ORIENTED_EDGE('',*,*,#13784,.T.);
#13784 = EDGE_CURVE('',#13776,#13785,#13787,.T.);
#13785 = VERTEX_POINT('',#13786);
#13786 = CARTESIAN_POINT('',(-10.7125,11.399594,1.56));
#13787 = LINE('',#13788,#13789);
#13788 = CARTESIAN_POINT('',(-10.7125,10.300407,1.56));
#13789 = VECTOR('',#13790,1.);
#13790 = DIRECTION('',(0.,1.,0.));
#13791 = ORIENTED_EDGE('',*,*,#13792,.T.);
#13792 = EDGE_CURVE('',#13785,#13793,#13795,.T.);
#13793 = VERTEX_POINT('',#13794);
#13794 = CARTESIAN_POINT('',(-11.2875,11.399594,1.56));
#13795 = CIRCLE('',#13796,0.287500026505);
#13796 = AXIS2_PLACEMENT_3D('',#13797,#13798,#13799);
#13797 = CARTESIAN_POINT('',(-11.,11.39971745201,1.56));
#13798 = DIRECTION('',(0.,0.,1.));
#13799 = DIRECTION('',(0.999999907809,-4.293982551925E-04,0.));
#13800 = ORIENTED_EDGE('',*,*,#13801,.T.);
#13801 = EDGE_CURVE('',#13793,#13757,#13802,.T.);
#13802 = LINE('',#13803,#13804);
#13803 = CARTESIAN_POINT('',(-11.2875,11.399594,1.56));
#13804 = VECTOR('',#13805,1.);
#13805 = DIRECTION('',(0.,-1.,0.));
#13806 = FACE_BOUND('',#13807,.F.);
#13807 = EDGE_LOOP('',(#13808,#13819,#13827,#13836,#13844,#13853));
#13808 = ORIENTED_EDGE('',*,*,#13809,.T.);
#13809 = EDGE_CURVE('',#13810,#13812,#13814,.T.);
#13810 = VERTEX_POINT('',#13811);
#13811 = CARTESIAN_POINT('',(2.2125,10.300407,1.56));
#13812 = VERTEX_POINT('',#13813);
#13813 = CARTESIAN_POINT('',(2.537513,10.015067,1.56));
#13814 = CIRCLE('',#13815,0.28758545494);
#13815 = AXIS2_PLACEMENT_3D('',#13816,#13817,#13818);
#13816 = CARTESIAN_POINT('',(2.500085385087,10.300206557997,1.56));
#13817 = DIRECTION('',(0.,0.,1.));
#13818 = DIRECTION('',(-0.999999757108,6.969824075774E-04,0.));
#13819 = ORIENTED_EDGE('',*,*,#13820,.T.);
#13820 = EDGE_CURVE('',#13812,#13821,#13823,.T.);
#13821 = VERTEX_POINT('',#13822);
#13822 = CARTESIAN_POINT('',(2.60998,10.034485,1.56));
#13823 = LINE('',#13824,#13825);
#13824 = CARTESIAN_POINT('',(2.537513,10.015067,1.56));
#13825 = VECTOR('',#13826,1.);
#13826 = DIRECTION('',(0.965924073909,0.258825584986,0.));
#13827 = ORIENTED_EDGE('',*,*,#13828,.T.);
#13828 = EDGE_CURVE('',#13821,#13829,#13831,.T.);
#13829 = VERTEX_POINT('',#13830);
#13830 = CARTESIAN_POINT('',(2.7875,10.300407,1.56));
#13831 = CIRCLE('',#13832,0.287686427939);
#13832 = AXIS2_PLACEMENT_3D('',#13833,#13834,#13835);
#13833 = CARTESIAN_POINT('',(2.499813619307,10.300242124806,1.56));
#13834 = DIRECTION('',(0.,0.,1.));
#13835 = DIRECTION('',(0.382939096163,-0.92377359165,0.));
#13836 = ORIENTED_EDGE('',*,*,#13837,.T.);
#13837 = EDGE_CURVE('',#13829,#13838,#13840,.T.);
#13838 = VERTEX_POINT('',#13839);
#13839 = CARTESIAN_POINT('',(2.7875,11.399594,1.56));
#13840 = LINE('',#13841,#13842);
#13841 = CARTESIAN_POINT('',(2.7875,10.300407,1.56));
#13842 = VECTOR('',#13843,1.);
#13843 = DIRECTION('',(0.,1.,0.));
#13844 = ORIENTED_EDGE('',*,*,#13845,.T.);
#13845 = EDGE_CURVE('',#13838,#13846,#13848,.T.);
#13846 = VERTEX_POINT('',#13847);
#13847 = CARTESIAN_POINT('',(2.2125,11.399594,1.56));
#13848 = CIRCLE('',#13849,0.287500026505);
#13849 = AXIS2_PLACEMENT_3D('',#13850,#13851,#13852);
#13850 = CARTESIAN_POINT('',(2.5,11.39971745201,1.56));
#13851 = DIRECTION('',(0.,0.,1.));
#13852 = DIRECTION('',(0.999999907809,-4.293982551863E-04,0.));
#13853 = ORIENTED_EDGE('',*,*,#13854,.T.);
#13854 = EDGE_CURVE('',#13846,#13810,#13855,.T.);
#13855 = LINE('',#13856,#13857);
#13856 = CARTESIAN_POINT('',(2.2125,11.399594,1.56));
#13857 = VECTOR('',#13858,1.);
#13858 = DIRECTION('',(0.,-1.,0.));
#13859 = FACE_BOUND('',#13860,.F.);
#13860 = EDGE_LOOP('',(#13861,#13872,#13880,#13889,#13897,#13906));
#13861 = ORIENTED_EDGE('',*,*,#13862,.T.);
#13862 = EDGE_CURVE('',#13863,#13865,#13867,.T.);
#13863 = VERTEX_POINT('',#13864);
#13864 = CARTESIAN_POINT('',(6.4625,10.300407,1.56));
#13865 = VERTEX_POINT('',#13866);
#13866 = CARTESIAN_POINT('',(6.787513,10.015067,1.56));
#13867 = CIRCLE('',#13868,0.28758545494);
#13868 = AXIS2_PLACEMENT_3D('',#13869,#13870,#13871);
#13869 = CARTESIAN_POINT('',(6.750085385087,10.300206557997,1.56));
#13870 = DIRECTION('',(0.,0.,1.));
#13871 = DIRECTION('',(-0.999999757108,6.969824075774E-04,0.));
#13872 = ORIENTED_EDGE('',*,*,#13873,.T.);
#13873 = EDGE_CURVE('',#13865,#13874,#13876,.T.);
#13874 = VERTEX_POINT('',#13875);
#13875 = CARTESIAN_POINT('',(6.85998,10.034485,1.56));
#13876 = LINE('',#13877,#13878);
#13877 = CARTESIAN_POINT('',(6.787513,10.015067,1.56));
#13878 = VECTOR('',#13879,1.);
#13879 = DIRECTION('',(0.965924073909,0.258825584986,0.));
#13880 = ORIENTED_EDGE('',*,*,#13881,.T.);
#13881 = EDGE_CURVE('',#13874,#13882,#13884,.T.);
#13882 = VERTEX_POINT('',#13883);
#13883 = CARTESIAN_POINT('',(7.0375,10.300407,1.56));
#13884 = CIRCLE('',#13885,0.287686427939);
#13885 = AXIS2_PLACEMENT_3D('',#13886,#13887,#13888);
#13886 = CARTESIAN_POINT('',(6.749813619307,10.300242124806,1.56));
#13887 = DIRECTION('',(0.,0.,1.));
#13888 = DIRECTION('',(0.382939096163,-0.92377359165,0.));
#13889 = ORIENTED_EDGE('',*,*,#13890,.T.);
#13890 = EDGE_CURVE('',#13882,#13891,#13893,.T.);
#13891 = VERTEX_POINT('',#13892);
#13892 = CARTESIAN_POINT('',(7.0375,11.399594,1.56));
#13893 = LINE('',#13894,#13895);
#13894 = CARTESIAN_POINT('',(7.0375,10.300407,1.56));
#13895 = VECTOR('',#13896,1.);
#13896 = DIRECTION('',(0.,1.,0.));
#13897 = ORIENTED_EDGE('',*,*,#13898,.T.);
#13898 = EDGE_CURVE('',#13891,#13899,#13901,.T.);
#13899 = VERTEX_POINT('',#13900);
#13900 = CARTESIAN_POINT('',(6.4625,11.399594,1.56));
#13901 = CIRCLE('',#13902,0.287500026505);
#13902 = AXIS2_PLACEMENT_3D('',#13903,#13904,#13905);
#13903 = CARTESIAN_POINT('',(6.75,11.39971745201,1.56));
#13904 = DIRECTION('',(0.,0.,1.));
#13905 = DIRECTION('',(0.999999907809,-4.293982551863E-04,0.));
#13906 = ORIENTED_EDGE('',*,*,#13907,.T.);
#13907 = EDGE_CURVE('',#13899,#13863,#13908,.T.);
#13908 = LINE('',#13909,#13910);
#13909 = CARTESIAN_POINT('',(6.4625,11.399594,1.56));
#13910 = VECTOR('',#13911,1.);
#13911 = DIRECTION('',(0.,-1.,0.));
#13912 = FACE_BOUND('',#13913,.F.);
#13913 = EDGE_LOOP('',(#13914,#13925,#13933,#13942,#13950,#13959));
#13914 = ORIENTED_EDGE('',*,*,#13915,.T.);
#13915 = EDGE_CURVE('',#13916,#13918,#13920,.T.);
#13916 = VERTEX_POINT('',#13917);
#13917 = CARTESIAN_POINT('',(19.9625,10.300407,1.56));
#13918 = VERTEX_POINT('',#13919);
#13919 = CARTESIAN_POINT('',(20.287513,10.015067,1.56));
#13920 = CIRCLE('',#13921,0.28758545494);
#13921 = AXIS2_PLACEMENT_3D('',#13922,#13923,#13924);
#13922 = CARTESIAN_POINT('',(20.250085385087,10.300206557997,1.56));
#13923 = DIRECTION('',(0.,0.,1.));
#13924 = DIRECTION('',(-0.999999757108,6.96982407565E-04,0.));
#13925 = ORIENTED_EDGE('',*,*,#13926,.T.);
#13926 = EDGE_CURVE('',#13918,#13927,#13929,.T.);
#13927 = VERTEX_POINT('',#13928);
#13928 = CARTESIAN_POINT('',(20.35998,10.034485,1.56));
#13929 = LINE('',#13930,#13931);
#13930 = CARTESIAN_POINT('',(20.287513,10.015067,1.56));
#13931 = VECTOR('',#13932,1.);
#13932 = DIRECTION('',(0.965924073909,0.258825584986,0.));
#13933 = ORIENTED_EDGE('',*,*,#13934,.T.);
#13934 = EDGE_CURVE('',#13927,#13935,#13937,.T.);
#13935 = VERTEX_POINT('',#13936);
#13936 = CARTESIAN_POINT('',(20.5375,10.300407,1.56));
#13937 = CIRCLE('',#13938,0.287686427939);
#13938 = AXIS2_PLACEMENT_3D('',#13939,#13940,#13941);
#13939 = CARTESIAN_POINT('',(20.249813619307,10.300242124806,1.56));
#13940 = DIRECTION('',(0.,0.,1.));
#13941 = DIRECTION('',(0.382939096163,-0.92377359165,0.));
#13942 = ORIENTED_EDGE('',*,*,#13943,.T.);
#13943 = EDGE_CURVE('',#13935,#13944,#13946,.T.);
#13944 = VERTEX_POINT('',#13945);
#13945 = CARTESIAN_POINT('',(20.5375,11.399594,1.56));
#13946 = LINE('',#13947,#13948);
#13947 = CARTESIAN_POINT('',(20.5375,10.300407,1.56));
#13948 = VECTOR('',#13949,1.);
#13949 = DIRECTION('',(0.,1.,0.));
#13950 = ORIENTED_EDGE('',*,*,#13951,.T.);
#13951 = EDGE_CURVE('',#13944,#13952,#13954,.T.);
#13952 = VERTEX_POINT('',#13953);
#13953 = CARTESIAN_POINT('',(19.9625,11.399594,1.56));
#13954 = CIRCLE('',#13955,0.287500026505);
#13955 = AXIS2_PLACEMENT_3D('',#13956,#13957,#13958);
#13956 = CARTESIAN_POINT('',(20.25,11.39971745201,1.56));
#13957 = DIRECTION('',(0.,0.,1.));
#13958 = DIRECTION('',(0.999999907809,-4.293982551801E-04,0.));
#13959 = ORIENTED_EDGE('',*,*,#13960,.T.);
#13960 = EDGE_CURVE('',#13952,#13916,#13961,.T.);
#13961 = LINE('',#13962,#13963);
#13962 = CARTESIAN_POINT('',(19.9625,11.399594,1.56));
#13963 = VECTOR('',#13964,1.);
#13964 = DIRECTION('',(0.,-1.,0.));
#13965 = FACE_BOUND('',#13966,.F.);
#13966 = EDGE_LOOP('',(#13967,#13978,#13986,#13995,#14003,#14012));
#13967 = ORIENTED_EDGE('',*,*,#13968,.T.);
#13968 = EDGE_CURVE('',#13969,#13971,#13973,.T.);
#13969 = VERTEX_POINT('',#13970);
#13970 = CARTESIAN_POINT('',(24.2125,10.300407,1.56));
#13971 = VERTEX_POINT('',#13972);
#13972 = CARTESIAN_POINT('',(24.537513,10.015067,1.56));
#13973 = CIRCLE('',#13974,0.28758545494);
#13974 = AXIS2_PLACEMENT_3D('',#13975,#13976,#13977);
#13975 = CARTESIAN_POINT('',(24.500085385087,10.300206557997,1.56));
#13976 = DIRECTION('',(0.,0.,1.));
#13977 = DIRECTION('',(-0.999999757108,6.96982407565E-04,0.));
#13978 = ORIENTED_EDGE('',*,*,#13979,.T.);
#13979 = EDGE_CURVE('',#13971,#13980,#13982,.T.);
#13980 = VERTEX_POINT('',#13981);
#13981 = CARTESIAN_POINT('',(24.60998,10.034485,1.56));
#13982 = LINE('',#13983,#13984);
#13983 = CARTESIAN_POINT('',(24.537513,10.015067,1.56));
#13984 = VECTOR('',#13985,1.);
#13985 = DIRECTION('',(0.965924073909,0.258825584986,0.));
#13986 = ORIENTED_EDGE('',*,*,#13987,.T.);
#13987 = EDGE_CURVE('',#13980,#13988,#13990,.T.);
#13988 = VERTEX_POINT('',#13989);
#13989 = CARTESIAN_POINT('',(24.7875,10.300407,1.56));
#13990 = CIRCLE('',#13991,0.287686427939);
#13991 = AXIS2_PLACEMENT_3D('',#13992,#13993,#13994);
#13992 = CARTESIAN_POINT('',(24.499813619307,10.300242124806,1.56));
#13993 = DIRECTION('',(0.,0.,1.));
#13994 = DIRECTION('',(0.382939096163,-0.92377359165,0.));
#13995 = ORIENTED_EDGE('',*,*,#13996,.T.);
#13996 = EDGE_CURVE('',#13988,#13997,#13999,.T.);
#13997 = VERTEX_POINT('',#13998);
#13998 = CARTESIAN_POINT('',(24.7875,11.399594,1.56));
#13999 = LINE('',#14000,#14001);
#14000 = CARTESIAN_POINT('',(24.7875,10.300407,1.56));
#14001 = VECTOR('',#14002,1.);
#14002 = DIRECTION('',(0.,1.,0.));
#14003 = ORIENTED_EDGE('',*,*,#14004,.T.);
#14004 = EDGE_CURVE('',#13997,#14005,#14007,.T.);
#14005 = VERTEX_POINT('',#14006);
#14006 = CARTESIAN_POINT('',(24.2125,11.399594,1.56));
#14007 = CIRCLE('',#14008,0.287500026505);
#14008 = AXIS2_PLACEMENT_3D('',#14009,#14010,#14011);
#14009 = CARTESIAN_POINT('',(24.5,11.39971745201,1.56));
#14010 = DIRECTION('',(0.,0.,1.));
#14011 = DIRECTION('',(0.999999907809,-4.293982551801E-04,0.));
#14012 = ORIENTED_EDGE('',*,*,#14013,.T.);
#14013 = EDGE_CURVE('',#14005,#13969,#14014,.T.);
#14014 = LINE('',#14015,#14016);
#14015 = CARTESIAN_POINT('',(24.2125,11.399594,1.56));
#14016 = VECTOR('',#14017,1.);
#14017 = DIRECTION('',(0.,-1.,0.));
#14018 = FACE_BOUND('',#14019,.F.);
#14019 = EDGE_LOOP('',(#14020,#14031,#14039,#14048,#14056,#14065));
#14020 = ORIENTED_EDGE('',*,*,#14021,.T.);
#14021 = EDGE_CURVE('',#14022,#14024,#14026,.T.);
#14022 = VERTEX_POINT('',#14023);
#14023 = CARTESIAN_POINT('',(37.7125,10.300407,1.56));
#14024 = VERTEX_POINT('',#14025);
#14025 = CARTESIAN_POINT('',(38.037513,10.015067,1.56));
#14026 = CIRCLE('',#14027,0.28758545494);
#14027 = AXIS2_PLACEMENT_3D('',#14028,#14029,#14030);
#14028 = CARTESIAN_POINT('',(38.000085385087,10.300206557997,1.56));
#14029 = DIRECTION('',(0.,0.,1.));
#14030 = DIRECTION('',(-0.999999757108,6.969824075898E-04,0.));
#14031 = ORIENTED_EDGE('',*,*,#14032,.T.);
#14032 = EDGE_CURVE('',#14024,#14033,#14035,.T.);
#14033 = VERTEX_POINT('',#14034);
#14034 = CARTESIAN_POINT('',(38.10998,10.034485,1.56));
#14035 = LINE('',#14036,#14037);
#14036 = CARTESIAN_POINT('',(38.037513,10.015067,1.56));
#14037 = VECTOR('',#14038,1.);
#14038 = DIRECTION('',(0.965924073909,0.258825584986,0.));
#14039 = ORIENTED_EDGE('',*,*,#14040,.T.);
#14040 = EDGE_CURVE('',#14033,#14041,#14043,.T.);
#14041 = VERTEX_POINT('',#14042);
#14042 = CARTESIAN_POINT('',(38.2875,10.300407,1.56));
#14043 = CIRCLE('',#14044,0.287686427939);
#14044 = AXIS2_PLACEMENT_3D('',#14045,#14046,#14047);
#14045 = CARTESIAN_POINT('',(37.999813619307,10.300242124806,1.56));
#14046 = DIRECTION('',(0.,0.,1.));
#14047 = DIRECTION('',(0.382939096163,-0.92377359165,0.));
#14048 = ORIENTED_EDGE('',*,*,#14049,.T.);
#14049 = EDGE_CURVE('',#14041,#14050,#14052,.T.);
#14050 = VERTEX_POINT('',#14051);
#14051 = CARTESIAN_POINT('',(38.2875,11.399594,1.56));
#14052 = LINE('',#14053,#14054);
#14053 = CARTESIAN_POINT('',(38.2875,10.300407,1.56));
#14054 = VECTOR('',#14055,1.);
#14055 = DIRECTION('',(0.,1.,0.));
#14056 = ORIENTED_EDGE('',*,*,#14057,.T.);
#14057 = EDGE_CURVE('',#14050,#14058,#14060,.T.);
#14058 = VERTEX_POINT('',#14059);
#14059 = CARTESIAN_POINT('',(37.7125,11.399594,1.56));
#14060 = CIRCLE('',#14061,0.287500026505);
#14061 = AXIS2_PLACEMENT_3D('',#14062,#14063,#14064);
#14062 = CARTESIAN_POINT('',(38.,11.39971745201,1.56));
#14063 = DIRECTION('',(0.,0.,1.));
#14064 = DIRECTION('',(0.999999907809,-4.293982551801E-04,0.));
#14065 = ORIENTED_EDGE('',*,*,#14066,.T.);
#14066 = EDGE_CURVE('',#14058,#14022,#14067,.T.);
#14067 = LINE('',#14068,#14069);
#14068 = CARTESIAN_POINT('',(37.7125,11.399594,1.56));
#14069 = VECTOR('',#14070,1.);
#14070 = DIRECTION('',(0.,-1.,0.));
#14071 = PLANE('',#14072);
#14072 = AXIS2_PLACEMENT_3D('',#14073,#14074,#14075);
#14073 = CARTESIAN_POINT('',(0.,0.,1.56));
#14074 = DIRECTION('',(0.,0.,1.));
#14075 = DIRECTION('',(1.,0.,-0.));
#14076 = ( GEOMETRIC_REPRESENTATION_CONTEXT(3) 
GLOBAL_UNCERTAINTY_ASSIGNED_CONTEXT((#14080)) 
GLOBAL_UNIT_ASSIGNED_CONTEXT((#14077,#14078,#14079)) 
REPRESENTATION_CONTEXT('Context #1',
  '3D Context with UNIT and UNCERTAINTY') );
#14077 = ( LENGTH_UNIT() NAMED_UNIT(*) SI_UNIT(.MILLI.,.METRE.) );
#14078 = ( NAMED_UNIT(*) PLANE_ANGLE_UNIT() SI_UNIT($,.RADIAN.) );
#14079 = ( NAMED_UNIT(*) SI_UNIT($,.STERADIAN.) SOLID_ANGLE_UNIT() );
#14080 = UNCERTAINTY_MEASURE_WITH_UNIT(LENGTH_MEASURE(1.E-07),#14077,
  'distance_accuracy_value','confusion accuracy');
#14081 = CONTEXT_DEPENDENT_SHAPE_REPRESENTATION(#14082,#14084);
#14082 = ( REPRESENTATION_RELATIONSHIP('','',#13133,#10) 
REPRESENTATION_RELATIONSHIP_WITH_TRANSFORMATION(#14083) 
SHAPE_REPRESENTATION_RELATIONSHIP() );
#14083 = ITEM_DEFINED_TRANSFORMATION('','',#11,#27);
#14084 = PRODUCT_DEFINITION_SHAPE('Placement','Placement of an item',
  #14085);
#14085 = NEXT_ASSEMBLY_USAGE_OCCURRENCE('6','=>[0:1:1:7]','',#5,#13128,$
  );
#14086 = PRODUCT_RELATED_PRODUCT_CATEGORY('part',$,(#13130));
#14087 = SHAPE_DEFINITION_REPRESENTATION(#14088,#14094);
#14088 = PRODUCT_DEFINITION_SHAPE('','',#14089);
#14089 = PRODUCT_DEFINITION('design','',#14090,#14093);
#14090 = PRODUCT_DEFINITION_FORMATION('','',#14091);
#14091 = PRODUCT('xt60-power-hub_soldermask','xt60-power-hub_soldermask'
  ,'',(#14092));
#14092 = PRODUCT_CONTEXT('',#2,'mechanical');
#14093 = PRODUCT_DEFINITION_CONTEXT('part definition',#2,'design');
#14094 = MANIFOLD_SURFACE_SHAPE_REPRESENTATION('',(#11,#14095),#15037);
#14095 = SHELL_BASED_SURFACE_MODEL('',(#14096));
#14096 = OPEN_SHELL('',(#14097));
#14097 = ADVANCED_FACE('',(#14098,#14264,#14317,#14370,#14381,#14392,
    #14403,#14414,#14425,#14436,#14447,#14458,#14469,#14480,#14491,
    #14502,#14555,#14608,#14661,#14714,#14767,#14820,#14873,#14926,
    #14979),#15032,.T.);
#14098 = FACE_BOUND('',#14099,.T.);
#14099 = EDGE_LOOP('',(#14100,#14110,#14118,#14126,#14135,#14143,#14151,
    #14159,#14168,#14176,#14184,#14192,#14200,#14208,#14217,#14225,
    #14233,#14241,#14250,#14258));
#14100 = ORIENTED_EDGE('',*,*,#14101,.T.);
#14101 = EDGE_CURVE('',#14102,#14104,#14106,.T.);
#14102 = VERTEX_POINT('',#14103);
#14103 = CARTESIAN_POINT('',(-50.,-12.5,-5.E-02));
#14104 = VERTEX_POINT('',#14105);
#14105 = CARTESIAN_POINT('',(-50.,12.5,-5.E-02));
#14106 = LINE('',#14107,#14108);
#14107 = CARTESIAN_POINT('',(-50.,-12.5,-5.E-02));
#14108 = VECTOR('',#14109,1.);
#14109 = DIRECTION('',(0.,1.,0.));
#14110 = ORIENTED_EDGE('',*,*,#14111,.T.);
#14111 = EDGE_CURVE('',#14104,#14112,#14114,.T.);
#14112 = VERTEX_POINT('',#14113);
#14113 = CARTESIAN_POINT('',(-38.582568,12.5,-5.E-02));
#14114 = LINE('',#14115,#14116);
#14115 = CARTESIAN_POINT('',(-50.,12.5,-5.E-02));
#14116 = VECTOR('',#14117,1.);
#14117 = DIRECTION('',(1.,0.,0.));
#14118 = ORIENTED_EDGE('',*,*,#14119,.T.);
#14119 = EDGE_CURVE('',#14112,#14120,#14122,.T.);
#14120 = VERTEX_POINT('',#14121);
#14121 = CARTESIAN_POINT('',(-38.582568,12.375448,-5.E-02));
#14122 = LINE('',#14123,#14124);
#14123 = CARTESIAN_POINT('',(-38.582568,12.5,-5.E-02));
#14124 = VECTOR('',#14125,1.);
#14125 = DIRECTION('',(0.,-1.,0.));
#14126 = ORIENTED_EDGE('',*,*,#14127,.T.);
#14127 = EDGE_CURVE('',#14120,#14128,#14130,.T.);
#14128 = VERTEX_POINT('',#14129);
#14129 = CARTESIAN_POINT('',(-35.417432,12.375448,-5.E-02));
#14130 = CIRCLE('',#14131,1.587459299871);
#14131 = AXIS2_PLACEMENT_3D('',#14132,#14133,#14134);
#14132 = CARTESIAN_POINT('',(-37.,12.499969299871,-5.E-02));
#14133 = DIRECTION('',(0.,0.,1.));
#14134 = DIRECTION('',(-0.996918787228,-7.844062514276E-02,0.));
#14135 = ORIENTED_EDGE('',*,*,#14136,.T.);
#14136 = EDGE_CURVE('',#14128,#14137,#14139,.T.);
#14137 = VERTEX_POINT('',#14138);
#14138 = CARTESIAN_POINT('',(-35.417432,12.5,-5.E-02));
#14139 = LINE('',#14140,#14141);
#14140 = CARTESIAN_POINT('',(-35.417432,12.375448,-5.E-02));
#14141 = VECTOR('',#14142,1.);
#14142 = DIRECTION('',(0.,1.,0.));
#14143 = ORIENTED_EDGE('',*,*,#14144,.T.);
#14144 = EDGE_CURVE('',#14137,#14145,#14147,.T.);
#14145 = VERTEX_POINT('',#14146);
#14146 = CARTESIAN_POINT('',(44.417432,12.5,-5.E-02));
#14147 = LINE('',#14148,#14149);
#14148 = CARTESIAN_POINT('',(-35.417432,12.5,-5.E-02));
#14149 = VECTOR('',#14150,1.);
#14150 = DIRECTION('',(1.,0.,0.));
#14151 = ORIENTED_EDGE('',*,*,#14152,.T.);
#14152 = EDGE_CURVE('',#14145,#14153,#14155,.T.);
#14153 = VERTEX_POINT('',#14154);
#14154 = CARTESIAN_POINT('',(44.417432,12.375448,-5.E-02));
#14155 = LINE('',#14156,#14157);
#14156 = CARTESIAN_POINT('',(44.417432,12.5,-5.E-02));
#14157 = VECTOR('',#14158,1.);
#14158 = DIRECTION('',(0.,-1.,0.));
#14159 = ORIENTED_EDGE('',*,*,#14160,.T.);
#14160 = EDGE_CURVE('',#14153,#14161,#14163,.T.);
#14161 = VERTEX_POINT('',#14162);
#14162 = CARTESIAN_POINT('',(47.582568,12.375448,-5.E-02));
#14163 = CIRCLE('',#14164,1.587459299871);
#14164 = AXIS2_PLACEMENT_3D('',#14165,#14166,#14167);
#14165 = CARTESIAN_POINT('',(46.,12.499969299871,-5.E-02));
#14166 = DIRECTION('',(0.,0.,1.));
#14167 = DIRECTION('',(-0.996918787228,-7.844062514276E-02,0.));
#14168 = ORIENTED_EDGE('',*,*,#14169,.T.);
#14169 = EDGE_CURVE('',#14161,#14170,#14172,.T.);
#14170 = VERTEX_POINT('',#14171);
#14171 = CARTESIAN_POINT('',(47.582568,12.5,-5.E-02));
#14172 = LINE('',#14173,#14174);
#14173 = CARTESIAN_POINT('',(47.582568,12.375448,-5.E-02));
#14174 = VECTOR('',#14175,1.);
#14175 = DIRECTION('',(0.,1.,0.));
#14176 = ORIENTED_EDGE('',*,*,#14177,.T.);
#14177 = EDGE_CURVE('',#14170,#14178,#14180,.T.);
#14178 = VERTEX_POINT('',#14179);
#14179 = CARTESIAN_POINT('',(50.,12.5,-5.E-02));
#14180 = LINE('',#14181,#14182);
#14181 = CARTESIAN_POINT('',(47.582568,12.5,-5.E-02));
#14182 = VECTOR('',#14183,1.);
#14183 = DIRECTION('',(1.,0.,0.));
#14184 = ORIENTED_EDGE('',*,*,#14185,.T.);
#14185 = EDGE_CURVE('',#14178,#14186,#14188,.T.);
#14186 = VERTEX_POINT('',#14187);
#14187 = CARTESIAN_POINT('',(50.,-12.5,-5.E-02));
#14188 = LINE('',#14189,#14190);
#14189 = CARTESIAN_POINT('',(50.,12.5,-5.E-02));
#14190 = VECTOR('',#14191,1.);
#14191 = DIRECTION('',(0.,-1.,0.));
#14192 = ORIENTED_EDGE('',*,*,#14193,.T.);
#14193 = EDGE_CURVE('',#14186,#14194,#14196,.T.);
#14194 = VERTEX_POINT('',#14195);
#14195 = CARTESIAN_POINT('',(47.582568,-12.5,-5.E-02));
#14196 = LINE('',#14197,#14198);
#14197 = CARTESIAN_POINT('',(50.,-12.5,-5.E-02));
#14198 = VECTOR('',#14199,1.);
#14199 = DIRECTION('',(-1.,0.,0.));
#14200 = ORIENTED_EDGE('',*,*,#14201,.T.);
#14201 = EDGE_CURVE('',#14194,#14202,#14204,.T.);
#14202 = VERTEX_POINT('',#14203);
#14203 = CARTESIAN_POINT('',(47.582568,-12.375447,-5.E-02));
#14204 = LINE('',#14205,#14206);
#14205 = CARTESIAN_POINT('',(47.582568,-12.5,-5.E-02));
#14206 = VECTOR('',#14207,1.);
#14207 = DIRECTION('',(0.,1.,0.));
#14208 = ORIENTED_EDGE('',*,*,#14209,.T.);
#14209 = EDGE_CURVE('',#14202,#14210,#14212,.T.);
#14210 = VERTEX_POINT('',#14211);
#14211 = CARTESIAN_POINT('',(44.417432,-12.375447,-5.E-02));
#14212 = CIRCLE('',#14213,1.587459299871);
#14213 = AXIS2_PLACEMENT_3D('',#14214,#14215,#14216);
#14214 = CARTESIAN_POINT('',(46.,-12.49996829987,-5.E-02));
#14215 = DIRECTION('',(0.,0.,1.));
#14216 = DIRECTION('',(0.996918787228,7.844062514277E-02,-0.));
#14217 = ORIENTED_EDGE('',*,*,#14218,.T.);
#14218 = EDGE_CURVE('',#14210,#14219,#14221,.T.);
#14219 = VERTEX_POINT('',#14220);
#14220 = CARTESIAN_POINT('',(44.417432,-12.5,-5.E-02));
#14221 = LINE('',#14222,#14223);
#14222 = CARTESIAN_POINT('',(44.417432,-12.375447,-5.E-02));
#14223 = VECTOR('',#14224,1.);
#14224 = DIRECTION('',(0.,-1.,0.));
#14225 = ORIENTED_EDGE('',*,*,#14226,.T.);
#14226 = EDGE_CURVE('',#14219,#14227,#14229,.T.);
#14227 = VERTEX_POINT('',#14228);
#14228 = CARTESIAN_POINT('',(-35.417432,-12.5,-5.E-02));
#14229 = LINE('',#14230,#14231);
#14230 = CARTESIAN_POINT('',(44.417432,-12.5,-5.E-02));
#14231 = VECTOR('',#14232,1.);
#14232 = DIRECTION('',(-1.,0.,0.));
#14233 = ORIENTED_EDGE('',*,*,#14234,.T.);
#14234 = EDGE_CURVE('',#14227,#14235,#14237,.T.);
#14235 = VERTEX_POINT('',#14236);
#14236 = CARTESIAN_POINT('',(-35.417432,-12.375447,-5.E-02));
#14237 = LINE('',#14238,#14239);
#14238 = CARTESIAN_POINT('',(-35.417432,-12.5,-5.E-02));
#14239 = VECTOR('',#14240,1.);
#14240 = DIRECTION('',(0.,1.,0.));
#14241 = ORIENTED_EDGE('',*,*,#14242,.T.);
#14242 = EDGE_CURVE('',#14235,#14243,#14245,.T.);
#14243 = VERTEX_POINT('',#14244);
#14244 = CARTESIAN_POINT('',(-38.582568,-12.375447,-5.E-02));
#14245 = CIRCLE('',#14246,1.587459299871);
#14246 = AXIS2_PLACEMENT_3D('',#14247,#14248,#14249);
#14247 = CARTESIAN_POINT('',(-37.,-12.49996829987,-5.E-02));
#14248 = DIRECTION('',(0.,0.,1.));
#14249 = DIRECTION('',(0.996918787228,7.844062514277E-02,-0.));
#14250 = ORIENTED_EDGE('',*,*,#14251,.T.);
#14251 = EDGE_CURVE('',#14243,#14252,#14254,.T.);
#14252 = VERTEX_POINT('',#14253);
#14253 = CARTESIAN_POINT('',(-38.582568,-12.5,-5.E-02));
#14254 = LINE('',#14255,#14256);
#14255 = CARTESIAN_POINT('',(-38.582568,-12.375447,-5.E-02));
#14256 = VECTOR('',#14257,1.);
#14257 = DIRECTION('',(0.,-1.,0.));
#14258 = ORIENTED_EDGE('',*,*,#14259,.T.);
#14259 = EDGE_CURVE('',#14252,#14102,#14260,.T.);
#14260 = LINE('',#14261,#14262);
#14261 = CARTESIAN_POINT('',(-38.582568,-12.5,-5.E-02));
#14262 = VECTOR('',#14263,1.);
#14263 = DIRECTION('',(-1.,0.,0.));
#14264 = FACE_BOUND('',#14265,.T.);
#14265 = EDGE_LOOP('',(#14266,#14277,#14285,#14294,#14302,#14311));
#14266 = ORIENTED_EDGE('',*,*,#14267,.T.);
#14267 = EDGE_CURVE('',#14268,#14270,#14272,.T.);
#14268 = VERTEX_POINT('',#14269);
#14269 = CARTESIAN_POINT('',(-39.399594,-5.9625,-5.E-02));
#14270 = VERTEX_POINT('',#14271);
#14271 = CARTESIAN_POINT('',(-39.684933,-6.287512,-5.E-02));
#14272 = CIRCLE('',#14273,0.287584041769);
#14273 = AXIS2_PLACEMENT_3D('',#14274,#14275,#14276);
#14274 = CARTESIAN_POINT('',(-39.39979492157,-6.250083971582,-5.E-02));
#14275 = DIRECTION('',(0.,0.,1.));
#14276 = DIRECTION('',(6.986534164398E-04,0.999999755942,-0.));
#14277 = ORIENTED_EDGE('',*,*,#14278,.T.);
#14278 = EDGE_CURVE('',#14270,#14279,#14281,.T.);
#14279 = VERTEX_POINT('',#14280);
#14280 = CARTESIAN_POINT('',(-39.665516,-6.35998,-5.E-02));
#14281 = LINE('',#14282,#14283);
#14282 = CARTESIAN_POINT('',(-39.684933,-6.287512,-5.E-02));
#14283 = VECTOR('',#14284,1.);
#14284 = DIRECTION('',(0.258809816504,-0.965928299037,0.));
#14285 = ORIENTED_EDGE('',*,*,#14286,.T.);
#14286 = EDGE_CURVE('',#14279,#14287,#14289,.T.);
#14287 = VERTEX_POINT('',#14288);
#14288 = CARTESIAN_POINT('',(-39.399594,-6.5375,-5.E-02));
#14289 = CIRCLE('',#14290,0.287686427939);
#14290 = AXIS2_PLACEMENT_3D('',#14291,#14292,#14293);
#14291 = CARTESIAN_POINT('',(-39.39975887519,-6.249813619307,-5.E-02));
#14292 = DIRECTION('',(0.,0.,1.));
#14293 = DIRECTION('',(-0.92377359165,-0.382939096163,0.));
#14294 = ORIENTED_EDGE('',*,*,#14295,.T.);
#14295 = EDGE_CURVE('',#14287,#14296,#14298,.T.);
#14296 = VERTEX_POINT('',#14297);
#14297 = CARTESIAN_POINT('',(-38.300406,-6.5375,-5.E-02));
#14298 = LINE('',#14299,#14300);
#14299 = CARTESIAN_POINT('',(-39.399594,-6.5375,-5.E-02));
#14300 = VECTOR('',#14301,1.);
#14301 = DIRECTION('',(1.,0.,0.));
#14302 = ORIENTED_EDGE('',*,*,#14303,.T.);
#14303 = EDGE_CURVE('',#14296,#14304,#14306,.T.);
#14304 = VERTEX_POINT('',#14305);
#14305 = CARTESIAN_POINT('',(-38.300406,-5.9625,-5.E-02));
#14306 = CIRCLE('',#14307,0.287500089704);
#14307 = AXIS2_PLACEMENT_3D('',#14308,#14309,#14310);
#14308 = CARTESIAN_POINT('',(-38.30017888769,-6.25,-5.E-02));
#14309 = DIRECTION('',(0.,0.,1.));
#14310 = DIRECTION('',(-7.899555976604E-04,-0.999999687985,0.));
#14311 = ORIENTED_EDGE('',*,*,#14312,.T.);
#14312 = EDGE_CURVE('',#14304,#14268,#14313,.T.);
#14313 = LINE('',#14314,#14315);
#14314 = CARTESIAN_POINT('',(-38.300406,-5.9625,-5.E-02));
#14315 = VECTOR('',#14316,1.);
#14316 = DIRECTION('',(-1.,0.,0.));
#14317 = FACE_BOUND('',#14318,.T.);
#14318 = EDGE_LOOP('',(#14319,#14330,#14338,#14347,#14355,#14364));
#14319 = ORIENTED_EDGE('',*,*,#14320,.T.);
#14320 = EDGE_CURVE('',#14321,#14323,#14325,.T.);
#14321 = VERTEX_POINT('',#14322);
#14322 = CARTESIAN_POINT('',(47.550406,-5.9625,-5.E-02));
#14323 = VERTEX_POINT('',#14324);
#14324 = CARTESIAN_POINT('',(47.265067,-6.287512,-5.E-02));
#14325 = CIRCLE('',#14326,0.287584041769);
#14326 = AXIS2_PLACEMENT_3D('',#14327,#14328,#14329);
#14327 = CARTESIAN_POINT('',(47.550205078427,-6.250083971582,-5.E-02));
#14328 = DIRECTION('',(0.,0.,1.));
#14329 = DIRECTION('',(6.986534164398E-04,0.999999755942,-0.));
#14330 = ORIENTED_EDGE('',*,*,#14331,.T.);
#14331 = EDGE_CURVE('',#14323,#14332,#14334,.T.);
#14332 = VERTEX_POINT('',#14333);
#14333 = CARTESIAN_POINT('',(47.284484,-6.35998,-5.E-02));
#14334 = LINE('',#14335,#14336);
#14335 = CARTESIAN_POINT('',(47.265067,-6.287512,-5.E-02));
#14336 = VECTOR('',#14337,1.);
#14337 = DIRECTION('',(0.258809816504,-0.965928299037,0.));
#14338 = ORIENTED_EDGE('',*,*,#14339,.T.);
#14339 = EDGE_CURVE('',#14332,#14340,#14342,.T.);
#14340 = VERTEX_POINT('',#14341);
#14341 = CARTESIAN_POINT('',(47.550406,-6.5375,-5.E-02));
#14342 = CIRCLE('',#14343,0.287686427939);
#14343 = AXIS2_PLACEMENT_3D('',#14344,#14345,#14346);
#14344 = CARTESIAN_POINT('',(47.550241124806,-6.249813619307,-5.E-02));
#14345 = DIRECTION('',(0.,0.,1.));
#14346 = DIRECTION('',(-0.92377359165,-0.382939096163,0.));
#14347 = ORIENTED_EDGE('',*,*,#14348,.T.);
#14348 = EDGE_CURVE('',#14340,#14349,#14351,.T.);
#14349 = VERTEX_POINT('',#14350);
#14350 = CARTESIAN_POINT('',(48.649594,-6.5375,-5.E-02));
#14351 = LINE('',#14352,#14353);
#14352 = CARTESIAN_POINT('',(47.550406,-6.5375,-5.E-02));
#14353 = VECTOR('',#14354,1.);
#14354 = DIRECTION('',(1.,0.,0.));
#14355 = ORIENTED_EDGE('',*,*,#14356,.T.);
#14356 = EDGE_CURVE('',#14349,#14357,#14359,.T.);
#14357 = VERTEX_POINT('',#14358);
#14358 = CARTESIAN_POINT('',(48.649594,-5.9625,-5.E-02));
#14359 = CIRCLE('',#14360,0.287500089704);
#14360 = AXIS2_PLACEMENT_3D('',#14361,#14362,#14363);
#14361 = CARTESIAN_POINT('',(48.649821112305,-6.25,-5.E-02));
#14362 = DIRECTION('',(0.,0.,1.));
#14363 = DIRECTION('',(-7.899555976356E-04,-0.999999687985,0.));
#14364 = ORIENTED_EDGE('',*,*,#14365,.T.);
#14365 = EDGE_CURVE('',#14357,#14321,#14366,.T.);
#14366 = LINE('',#14367,#14368);
#14367 = CARTESIAN_POINT('',(48.649594,-5.9625,-5.E-02));
#14368 = VECTOR('',#14369,1.);
#14369 = DIRECTION('',(-1.,0.,0.));
#14370 = FACE_BOUND('',#14371,.T.);
#14371 = EDGE_LOOP('',(#14372));
#14372 = ORIENTED_EDGE('',*,*,#14373,.T.);
#14373 = EDGE_CURVE('',#14374,#14374,#14376,.T.);
#14374 = VERTEX_POINT('',#14375);
#14375 = CARTESIAN_POINT('',(-31.512539,-3.1,-5.E-02));
#14376 = CIRCLE('',#14377,1.337461);
#14377 = AXIS2_PLACEMENT_3D('',#14378,#14379,#14380);
#14378 = CARTESIAN_POINT('',(-32.85,-3.1,-5.E-02));
#14379 = DIRECTION('',(0.,0.,1.));
#14380 = DIRECTION('',(1.,0.,-0.));
#14381 = FACE_BOUND('',#14382,.T.);
#14382 = EDGE_LOOP('',(#14383));
#14383 = ORIENTED_EDGE('',*,*,#14384,.T.);
#14384 = EDGE_CURVE('',#14385,#14385,#14387,.T.);
#14385 = VERTEX_POINT('',#14386);
#14386 = CARTESIAN_POINT('',(43.437461,-3.1,-5.E-02));
#14387 = CIRCLE('',#14388,1.337461);
#14388 = AXIS2_PLACEMENT_3D('',#14389,#14390,#14391);
#14389 = CARTESIAN_POINT('',(42.1,-3.1,-5.E-02));
#14390 = DIRECTION('',(0.,0.,1.));
#14391 = DIRECTION('',(1.,0.,-0.));
#14392 = FACE_BOUND('',#14393,.T.);
#14393 = EDGE_LOOP('',(#14394));
#14394 = ORIENTED_EDGE('',*,*,#14395,.T.);
#14395 = EDGE_CURVE('',#14396,#14396,#14398,.T.);
#14396 = VERTEX_POINT('',#14397);
#14397 = CARTESIAN_POINT('',(-31.512539,4.1,-5.E-02));
#14398 = CIRCLE('',#14399,1.337461);
#14399 = AXIS2_PLACEMENT_3D('',#14400,#14401,#14402);
#14400 = CARTESIAN_POINT('',(-32.85,4.1,-5.E-02));
#14401 = DIRECTION('',(0.,0.,1.));
#14402 = DIRECTION('',(1.,0.,-0.));
#14403 = FACE_BOUND('',#14404,.T.);
#14404 = EDGE_LOOP('',(#14405));
#14405 = ORIENTED_EDGE('',*,*,#14406,.T.);
#14406 = EDGE_CURVE('',#14407,#14407,#14409,.T.);
#14407 = VERTEX_POINT('',#14408);
#14408 = CARTESIAN_POINT('',(43.437461,4.1,-5.E-02));
#14409 = CIRCLE('',#14410,1.337461);
#14410 = AXIS2_PLACEMENT_3D('',#14411,#14412,#14413);
#14411 = CARTESIAN_POINT('',(42.1,4.1,-5.E-02));
#14412 = DIRECTION('',(0.,0.,1.));
#14413 = DIRECTION('',(1.,0.,-0.));
#14414 = FACE_BOUND('',#14415,.T.);
#14415 = EDGE_LOOP('',(#14416));
#14416 = ORIENTED_EDGE('',*,*,#14417,.T.);
#14417 = EDGE_CURVE('',#14418,#14418,#14420,.T.);
#14418 = VERTEX_POINT('',#14419);
#14419 = CARTESIAN_POINT('',(-24.262539,4.85,-5.E-02));
#14420 = CIRCLE('',#14421,1.337461);
#14421 = AXIS2_PLACEMENT_3D('',#14422,#14423,#14424);
#14422 = CARTESIAN_POINT('',(-25.6,4.85,-5.E-02));
#14423 = DIRECTION('',(0.,0.,1.));
#14424 = DIRECTION('',(1.,0.,-0.));
#14425 = FACE_BOUND('',#14426,.T.);
#14426 = EDGE_LOOP('',(#14427));
#14427 = ORIENTED_EDGE('',*,*,#14428,.T.);
#14428 = EDGE_CURVE('',#14429,#14429,#14431,.T.);
#14429 = VERTEX_POINT('',#14430);
#14430 = CARTESIAN_POINT('',(-17.062539,4.85,-5.E-02));
#14431 = CIRCLE('',#14432,1.337461);
#14432 = AXIS2_PLACEMENT_3D('',#14433,#14434,#14435);
#14433 = CARTESIAN_POINT('',(-18.4,4.85,-5.E-02));
#14434 = DIRECTION('',(0.,0.,1.));
#14435 = DIRECTION('',(1.,0.,-0.));
#14436 = FACE_BOUND('',#14437,.T.);
#14437 = EDGE_LOOP('',(#14438));
#14438 = ORIENTED_EDGE('',*,*,#14439,.T.);
#14439 = EDGE_CURVE('',#14440,#14440,#14442,.T.);
#14440 = VERTEX_POINT('',#14441);
#14441 = CARTESIAN_POINT('',(-6.512539,4.85,-5.E-02));
#14442 = CIRCLE('',#14443,1.337461);
#14443 = AXIS2_PLACEMENT_3D('',#14444,#14445,#14446);
#14444 = CARTESIAN_POINT('',(-7.85,4.85,-5.E-02));
#14445 = DIRECTION('',(0.,0.,1.));
#14446 = DIRECTION('',(1.,0.,-0.));
#14447 = FACE_BOUND('',#14448,.T.);
#14448 = EDGE_LOOP('',(#14449));
#14449 = ORIENTED_EDGE('',*,*,#14450,.T.);
#14450 = EDGE_CURVE('',#14451,#14451,#14453,.T.);
#14451 = VERTEX_POINT('',#14452);
#14452 = CARTESIAN_POINT('',(0.687461,4.85,-5.E-02));
#14453 = CIRCLE('',#14454,1.337461);
#14454 = AXIS2_PLACEMENT_3D('',#14455,#14456,#14457);
#14455 = CARTESIAN_POINT('',(-0.65,4.85,-5.E-02));
#14456 = DIRECTION('',(0.,0.,1.));
#14457 = DIRECTION('',(1.,0.,-0.));
#14458 = FACE_BOUND('',#14459,.T.);
#14459 = EDGE_LOOP('',(#14460));
#14460 = ORIENTED_EDGE('',*,*,#14461,.T.);
#14461 = EDGE_CURVE('',#14462,#14462,#14464,.T.);
#14462 = VERTEX_POINT('',#14463);
#14463 = CARTESIAN_POINT('',(11.237461,4.85,-5.E-02));
#14464 = CIRCLE('',#14465,1.337461);
#14465 = AXIS2_PLACEMENT_3D('',#14466,#14467,#14468);
#14466 = CARTESIAN_POINT('',(9.9,4.85,-5.E-02));
#14467 = DIRECTION('',(0.,0.,1.));
#14468 = DIRECTION('',(1.,0.,-0.));
#14469 = FACE_BOUND('',#14470,.T.);
#14470 = EDGE_LOOP('',(#14471));
#14471 = ORIENTED_EDGE('',*,*,#14472,.T.);
#14472 = EDGE_CURVE('',#14473,#14473,#14475,.T.);
#14473 = VERTEX_POINT('',#14474);
#14474 = CARTESIAN_POINT('',(18.437461,4.85,-5.E-02));
#14475 = CIRCLE('',#14476,1.337461);
#14476 = AXIS2_PLACEMENT_3D('',#14477,#14478,#14479);
#14477 = CARTESIAN_POINT('',(17.1,4.85,-5.E-02));
#14478 = DIRECTION('',(0.,0.,1.));
#14479 = DIRECTION('',(1.,0.,-0.));
#14480 = FACE_BOUND('',#14481,.T.);
#14481 = EDGE_LOOP('',(#14482));
#14482 = ORIENTED_EDGE('',*,*,#14483,.T.);
#14483 = EDGE_CURVE('',#14484,#14484,#14486,.T.);
#14484 = VERTEX_POINT('',#14485);
#14485 = CARTESIAN_POINT('',(28.987461,4.85,-5.E-02));
#14486 = CIRCLE('',#14487,1.337461);
#14487 = AXIS2_PLACEMENT_3D('',#14488,#14489,#14490);
#14488 = CARTESIAN_POINT('',(27.65,4.85,-5.E-02));
#14489 = DIRECTION('',(0.,0.,1.));
#14490 = DIRECTION('',(1.,0.,-0.));
#14491 = FACE_BOUND('',#14492,.T.);
#14492 = EDGE_LOOP('',(#14493));
#14493 = ORIENTED_EDGE('',*,*,#14494,.T.);
#14494 = EDGE_CURVE('',#14495,#14495,#14497,.T.);
#14495 = VERTEX_POINT('',#14496);
#14496 = CARTESIAN_POINT('',(36.187461,4.85,-5.E-02));
#14497 = CIRCLE('',#14498,1.337461);
#14498 = AXIS2_PLACEMENT_3D('',#14499,#14500,#14501);
#14499 = CARTESIAN_POINT('',(34.85,4.85,-5.E-02));
#14500 = DIRECTION('',(0.,0.,1.));
#14501 = DIRECTION('',(1.,0.,-0.));
#14502 = FACE_BOUND('',#14503,.T.);
#14503 = EDGE_LOOP('',(#14504,#14515,#14523,#14532,#14540,#14549));
#14504 = ORIENTED_EDGE('',*,*,#14505,.T.);
#14505 = EDGE_CURVE('',#14506,#14508,#14510,.T.);
#14506 = VERTEX_POINT('',#14507);
#14507 = CARTESIAN_POINT('',(-39.399594,7.5375,-5.E-02));
#14508 = VERTEX_POINT('',#14509);
#14509 = CARTESIAN_POINT('',(-39.684933,7.212488,-5.E-02));
#14510 = CIRCLE('',#14511,0.287584041769);
#14511 = AXIS2_PLACEMENT_3D('',#14512,#14513,#14514);
#14512 = CARTESIAN_POINT('',(-39.39979492157,7.249916028418,-5.E-02));
#14513 = DIRECTION('',(0.,0.,1.));
#14514 = DIRECTION('',(6.986534164398E-04,0.999999755942,-0.));
#14515 = ORIENTED_EDGE('',*,*,#14516,.T.);
#14516 = EDGE_CURVE('',#14508,#14517,#14519,.T.);
#14517 = VERTEX_POINT('',#14518);
#14518 = CARTESIAN_POINT('',(-39.665516,7.14002,-5.E-02));
#14519 = LINE('',#14520,#14521);
#14520 = CARTESIAN_POINT('',(-39.684933,7.212488,-5.E-02));
#14521 = VECTOR('',#14522,1.);
#14522 = DIRECTION('',(0.258809816504,-0.965928299037,0.));
#14523 = ORIENTED_EDGE('',*,*,#14524,.T.);
#14524 = EDGE_CURVE('',#14517,#14525,#14527,.T.);
#14525 = VERTEX_POINT('',#14526);
#14526 = CARTESIAN_POINT('',(-39.399594,6.9625,-5.E-02));
#14527 = CIRCLE('',#14528,0.287686427939);
#14528 = AXIS2_PLACEMENT_3D('',#14529,#14530,#14531);
#14529 = CARTESIAN_POINT('',(-39.39975887519,7.250186380693,-5.E-02));
#14530 = DIRECTION('',(0.,0.,1.));
#14531 = DIRECTION('',(-0.92377359165,-0.382939096163,0.));
#14532 = ORIENTED_EDGE('',*,*,#14533,.T.);
#14533 = EDGE_CURVE('',#14525,#14534,#14536,.T.);
#14534 = VERTEX_POINT('',#14535);
#14535 = CARTESIAN_POINT('',(-38.300406,6.9625,-5.E-02));
#14536 = LINE('',#14537,#14538);
#14537 = CARTESIAN_POINT('',(-39.399594,6.9625,-5.E-02));
#14538 = VECTOR('',#14539,1.);
#14539 = DIRECTION('',(1.,0.,0.));
#14540 = ORIENTED_EDGE('',*,*,#14541,.T.);
#14541 = EDGE_CURVE('',#14534,#14542,#14544,.T.);
#14542 = VERTEX_POINT('',#14543);
#14543 = CARTESIAN_POINT('',(-38.300406,7.5375,-5.E-02));
#14544 = CIRCLE('',#14545,0.287500089704);
#14545 = AXIS2_PLACEMENT_3D('',#14546,#14547,#14548);
#14546 = CARTESIAN_POINT('',(-38.30017888769,7.25,-5.E-02));
#14547 = DIRECTION('',(0.,0.,1.));
#14548 = DIRECTION('',(-7.899555976604E-04,-0.999999687985,0.));
#14549 = ORIENTED_EDGE('',*,*,#14550,.T.);
#14550 = EDGE_CURVE('',#14542,#14506,#14551,.T.);
#14551 = LINE('',#14552,#14553);
#14552 = CARTESIAN_POINT('',(-38.300406,7.5375,-5.E-02));
#14553 = VECTOR('',#14554,1.);
#14554 = DIRECTION('',(-1.,0.,0.));
#14555 = FACE_BOUND('',#14556,.T.);
#14556 = EDGE_LOOP('',(#14557,#14568,#14576,#14585,#14593,#14602));
#14557 = ORIENTED_EDGE('',*,*,#14558,.T.);
#14558 = EDGE_CURVE('',#14559,#14561,#14563,.T.);
#14559 = VERTEX_POINT('',#14560);
#14560 = CARTESIAN_POINT('',(47.550406,7.5375,-5.E-02));
#14561 = VERTEX_POINT('',#14562);
#14562 = CARTESIAN_POINT('',(47.265067,7.212488,-5.E-02));
#14563 = CIRCLE('',#14564,0.287584041769);
#14564 = AXIS2_PLACEMENT_3D('',#14565,#14566,#14567);
#14565 = CARTESIAN_POINT('',(47.550205078427,7.249916028418,-5.E-02));
#14566 = DIRECTION('',(0.,0.,1.));
#14567 = DIRECTION('',(6.986534164398E-04,0.999999755942,-0.));
#14568 = ORIENTED_EDGE('',*,*,#14569,.T.);
#14569 = EDGE_CURVE('',#14561,#14570,#14572,.T.);
#14570 = VERTEX_POINT('',#14571);
#14571 = CARTESIAN_POINT('',(47.284484,7.14002,-5.E-02));
#14572 = LINE('',#14573,#14574);
#14573 = CARTESIAN_POINT('',(47.265067,7.212488,-5.E-02));
#14574 = VECTOR('',#14575,1.);
#14575 = DIRECTION('',(0.258809816504,-0.965928299037,0.));
#14576 = ORIENTED_EDGE('',*,*,#14577,.T.);
#14577 = EDGE_CURVE('',#14570,#14578,#14580,.T.);
#14578 = VERTEX_POINT('',#14579);
#14579 = CARTESIAN_POINT('',(47.550406,6.9625,-5.E-02));
#14580 = CIRCLE('',#14581,0.287686427939);
#14581 = AXIS2_PLACEMENT_3D('',#14582,#14583,#14584);
#14582 = CARTESIAN_POINT('',(47.550241124806,7.250186380693,-5.E-02));
#14583 = DIRECTION('',(0.,0.,1.));
#14584 = DIRECTION('',(-0.92377359165,-0.382939096163,0.));
#14585 = ORIENTED_EDGE('',*,*,#14586,.T.);
#14586 = EDGE_CURVE('',#14578,#14587,#14589,.T.);
#14587 = VERTEX_POINT('',#14588);
#14588 = CARTESIAN_POINT('',(48.649594,6.9625,-5.E-02));
#14589 = LINE('',#14590,#14591);
#14590 = CARTESIAN_POINT('',(47.550406,6.9625,-5.E-02));
#14591 = VECTOR('',#14592,1.);
#14592 = DIRECTION('',(1.,0.,0.));
#14593 = ORIENTED_EDGE('',*,*,#14594,.T.);
#14594 = EDGE_CURVE('',#14587,#14595,#14597,.T.);
#14595 = VERTEX_POINT('',#14596);
#14596 = CARTESIAN_POINT('',(48.649594,7.5375,-5.E-02));
#14597 = CIRCLE('',#14598,0.287500089704);
#14598 = AXIS2_PLACEMENT_3D('',#14599,#14600,#14601);
#14599 = CARTESIAN_POINT('',(48.649821112305,7.25,-5.E-02));
#14600 = DIRECTION('',(0.,0.,1.));
#14601 = DIRECTION('',(-7.899555976356E-04,-0.999999687985,0.));
#14602 = ORIENTED_EDGE('',*,*,#14603,.T.);
#14603 = EDGE_CURVE('',#14595,#14559,#14604,.T.);
#14604 = LINE('',#14605,#14606);
#14605 = CARTESIAN_POINT('',(48.649594,7.5375,-5.E-02));
#14606 = VECTOR('',#14607,1.);
#14607 = DIRECTION('',(-1.,0.,0.));
#14608 = FACE_BOUND('',#14609,.T.);
#14609 = EDGE_LOOP('',(#14610,#14621,#14629,#14638,#14646,#14655));
#14610 = ORIENTED_EDGE('',*,*,#14611,.T.);
#14611 = EDGE_CURVE('',#14612,#14614,#14616,.T.);
#14612 = VERTEX_POINT('',#14613);
#14613 = CARTESIAN_POINT('',(-29.0375,10.300407,-5.E-02));
#14614 = VERTEX_POINT('',#14615);
#14615 = CARTESIAN_POINT('',(-28.712487,10.015067,-5.E-02));
#14616 = CIRCLE('',#14617,0.28758545494);
#14617 = AXIS2_PLACEMENT_3D('',#14618,#14619,#14620);
#14618 = CARTESIAN_POINT('',(-28.74991461491,10.300206557997,-5.E-02));
#14619 = DIRECTION('',(0.,0.,1.));
#14620 = DIRECTION('',(-0.999999757108,6.96982407565E-04,0.));
#14621 = ORIENTED_EDGE('',*,*,#14622,.T.);
#14622 = EDGE_CURVE('',#14614,#14623,#14625,.T.);
#14623 = VERTEX_POINT('',#14624);
#14624 = CARTESIAN_POINT('',(-28.64002,10.034485,-5.E-02));
#14625 = LINE('',#14626,#14627);
#14626 = CARTESIAN_POINT('',(-28.712487,10.015067,-5.E-02));
#14627 = VECTOR('',#14628,1.);
#14628 = DIRECTION('',(0.965924073909,0.258825584986,0.));
#14629 = ORIENTED_EDGE('',*,*,#14630,.T.);
#14630 = EDGE_CURVE('',#14623,#14631,#14633,.T.);
#14631 = VERTEX_POINT('',#14632);
#14632 = CARTESIAN_POINT('',(-28.4625,10.300407,-5.E-02));
#14633 = CIRCLE('',#14634,0.287686427939);
#14634 = AXIS2_PLACEMENT_3D('',#14635,#14636,#14637);
#14635 = CARTESIAN_POINT('',(-28.75018638069,10.300242124806,-5.E-02));
#14636 = DIRECTION('',(0.,0.,1.));
#14637 = DIRECTION('',(0.382939096163,-0.92377359165,0.));
#14638 = ORIENTED_EDGE('',*,*,#14639,.T.);
#14639 = EDGE_CURVE('',#14631,#14640,#14642,.T.);
#14640 = VERTEX_POINT('',#14641);
#14641 = CARTESIAN_POINT('',(-28.4625,11.399594,-5.E-02));
#14642 = LINE('',#14643,#14644);
#14643 = CARTESIAN_POINT('',(-28.4625,10.300407,-5.E-02));
#14644 = VECTOR('',#14645,1.);
#14645 = DIRECTION('',(0.,1.,0.));
#14646 = ORIENTED_EDGE('',*,*,#14647,.T.);
#14647 = EDGE_CURVE('',#14640,#14648,#14650,.T.);
#14648 = VERTEX_POINT('',#14649);
#14649 = CARTESIAN_POINT('',(-29.0375,11.399594,-5.E-02));
#14650 = CIRCLE('',#14651,0.287500026505);
#14651 = AXIS2_PLACEMENT_3D('',#14652,#14653,#14654);
#14652 = CARTESIAN_POINT('',(-28.75,11.39971745201,-5.E-02));
#14653 = DIRECTION('',(0.,0.,1.));
#14654 = DIRECTION('',(0.999999907809,-4.293982551801E-04,0.));
#14655 = ORIENTED_EDGE('',*,*,#14656,.T.);
#14656 = EDGE_CURVE('',#14648,#14612,#14657,.T.);
#14657 = LINE('',#14658,#14659);
#14658 = CARTESIAN_POINT('',(-29.0375,11.399594,-5.E-02));
#14659 = VECTOR('',#14660,1.);
#14660 = DIRECTION('',(0.,-1.,0.));
#14661 = FACE_BOUND('',#14662,.T.);
#14662 = EDGE_LOOP('',(#14663,#14674,#14682,#14691,#14699,#14708));
#14663 = ORIENTED_EDGE('',*,*,#14664,.T.);
#14664 = EDGE_CURVE('',#14665,#14667,#14669,.T.);
#14665 = VERTEX_POINT('',#14666);
#14666 = CARTESIAN_POINT('',(-15.5375,10.300407,-5.E-02));
#14667 = VERTEX_POINT('',#14668);
#14668 = CARTESIAN_POINT('',(-15.212487,10.015067,-5.E-02));
#14669 = CIRCLE('',#14670,0.28758545494);
#14670 = AXIS2_PLACEMENT_3D('',#14671,#14672,#14673);
#14671 = CARTESIAN_POINT('',(-15.24991461491,10.300206557997,-5.E-02));
#14672 = DIRECTION('',(0.,0.,1.));
#14673 = DIRECTION('',(-0.999999757108,6.969824075836E-04,0.));
#14674 = ORIENTED_EDGE('',*,*,#14675,.T.);
#14675 = EDGE_CURVE('',#14667,#14676,#14678,.T.);
#14676 = VERTEX_POINT('',#14677);
#14677 = CARTESIAN_POINT('',(-15.14002,10.034485,-5.E-02));
#14678 = LINE('',#14679,#14680);
#14679 = CARTESIAN_POINT('',(-15.212487,10.015067,-5.E-02));
#14680 = VECTOR('',#14681,1.);
#14681 = DIRECTION('',(0.965924073909,0.258825584986,0.));
#14682 = ORIENTED_EDGE('',*,*,#14683,.T.);
#14683 = EDGE_CURVE('',#14676,#14684,#14686,.T.);
#14684 = VERTEX_POINT('',#14685);
#14685 = CARTESIAN_POINT('',(-14.9625,10.300407,-5.E-02));
#14686 = CIRCLE('',#14687,0.287686427939);
#14687 = AXIS2_PLACEMENT_3D('',#14688,#14689,#14690);
#14688 = CARTESIAN_POINT('',(-15.25018638069,10.300242124806,-5.E-02));
#14689 = DIRECTION('',(0.,0.,1.));
#14690 = DIRECTION('',(0.382939096163,-0.92377359165,0.));
#14691 = ORIENTED_EDGE('',*,*,#14692,.T.);
#14692 = EDGE_CURVE('',#14684,#14693,#14695,.T.);
#14693 = VERTEX_POINT('',#14694);
#14694 = CARTESIAN_POINT('',(-14.9625,11.399594,-5.E-02));
#14695 = LINE('',#14696,#14697);
#14696 = CARTESIAN_POINT('',(-14.9625,10.300407,-5.E-02));
#14697 = VECTOR('',#14698,1.);
#14698 = DIRECTION('',(0.,1.,0.));
#14699 = ORIENTED_EDGE('',*,*,#14700,.T.);
#14700 = EDGE_CURVE('',#14693,#14701,#14703,.T.);
#14701 = VERTEX_POINT('',#14702);
#14702 = CARTESIAN_POINT('',(-15.5375,11.399594,-5.E-02));
#14703 = CIRCLE('',#14704,0.287500026505);
#14704 = AXIS2_PLACEMENT_3D('',#14705,#14706,#14707);
#14705 = CARTESIAN_POINT('',(-15.25,11.39971745201,-5.E-02));
#14706 = DIRECTION('',(0.,0.,1.));
#14707 = DIRECTION('',(0.999999907809,-4.293982551925E-04,0.));
#14708 = ORIENTED_EDGE('',*,*,#14709,.T.);
#14709 = EDGE_CURVE('',#14701,#14665,#14710,.T.);
#14710 = LINE('',#14711,#14712);
#14711 = CARTESIAN_POINT('',(-15.5375,11.399594,-5.E-02));
#14712 = VECTOR('',#14713,1.);
#14713 = DIRECTION('',(0.,-1.,0.));
#14714 = FACE_BOUND('',#14715,.T.);
#14715 = EDGE_LOOP('',(#14716,#14727,#14735,#14744,#14752,#14761));
#14716 = ORIENTED_EDGE('',*,*,#14717,.T.);
#14717 = EDGE_CURVE('',#14718,#14720,#14722,.T.);
#14718 = VERTEX_POINT('',#14719);
#14719 = CARTESIAN_POINT('',(-11.2875,10.300407,-5.E-02));
#14720 = VERTEX_POINT('',#14721);
#14721 = CARTESIAN_POINT('',(-10.962487,10.015067,-5.E-02));
#14722 = CIRCLE('',#14723,0.28758545494);
#14723 = AXIS2_PLACEMENT_3D('',#14724,#14725,#14726);
#14724 = CARTESIAN_POINT('',(-10.99991461491,10.300206557997,-5.E-02));
#14725 = DIRECTION('',(0.,0.,1.));
#14726 = DIRECTION('',(-0.999999757108,6.969824075836E-04,0.));
#14727 = ORIENTED_EDGE('',*,*,#14728,.T.);
#14728 = EDGE_CURVE('',#14720,#14729,#14731,.T.);
#14729 = VERTEX_POINT('',#14730);
#14730 = CARTESIAN_POINT('',(-10.89002,10.034485,-5.E-02));
#14731 = LINE('',#14732,#14733);
#14732 = CARTESIAN_POINT('',(-10.962487,10.015067,-5.E-02));
#14733 = VECTOR('',#14734,1.);
#14734 = DIRECTION('',(0.965924073909,0.258825584986,0.));
#14735 = ORIENTED_EDGE('',*,*,#14736,.T.);
#14736 = EDGE_CURVE('',#14729,#14737,#14739,.T.);
#14737 = VERTEX_POINT('',#14738);
#14738 = CARTESIAN_POINT('',(-10.7125,10.300407,-5.E-02));
#14739 = CIRCLE('',#14740,0.287686427939);
#14740 = AXIS2_PLACEMENT_3D('',#14741,#14742,#14743);
#14741 = CARTESIAN_POINT('',(-11.00018638069,10.300242124806,-5.E-02));
#14742 = DIRECTION('',(0.,0.,1.));
#14743 = DIRECTION('',(0.382939096163,-0.92377359165,0.));
#14744 = ORIENTED_EDGE('',*,*,#14745,.T.);
#14745 = EDGE_CURVE('',#14737,#14746,#14748,.T.);
#14746 = VERTEX_POINT('',#14747);
#14747 = CARTESIAN_POINT('',(-10.7125,11.399594,-5.E-02));
#14748 = LINE('',#14749,#14750);
#14749 = CARTESIAN_POINT('',(-10.7125,10.300407,-5.E-02));
#14750 = VECTOR('',#14751,1.);
#14751 = DIRECTION('',(0.,1.,0.));
#14752 = ORIENTED_EDGE('',*,*,#14753,.T.);
#14753 = EDGE_CURVE('',#14746,#14754,#14756,.T.);
#14754 = VERTEX_POINT('',#14755);
#14755 = CARTESIAN_POINT('',(-11.2875,11.399594,-5.E-02));
#14756 = CIRCLE('',#14757,0.287500026505);
#14757 = AXIS2_PLACEMENT_3D('',#14758,#14759,#14760);
#14758 = CARTESIAN_POINT('',(-11.,11.39971745201,-5.E-02));
#14759 = DIRECTION('',(0.,0.,1.));
#14760 = DIRECTION('',(0.999999907809,-4.293982551925E-04,0.));
#14761 = ORIENTED_EDGE('',*,*,#14762,.T.);
#14762 = EDGE_CURVE('',#14754,#14718,#14763,.T.);
#14763 = LINE('',#14764,#14765);
#14764 = CARTESIAN_POINT('',(-11.2875,11.399594,-5.E-02));
#14765 = VECTOR('',#14766,1.);
#14766 = DIRECTION('',(0.,-1.,0.));
#14767 = FACE_BOUND('',#14768,.T.);
#14768 = EDGE_LOOP('',(#14769,#14780,#14788,#14797,#14805,#14814));
#14769 = ORIENTED_EDGE('',*,*,#14770,.T.);
#14770 = EDGE_CURVE('',#14771,#14773,#14775,.T.);
#14771 = VERTEX_POINT('',#14772);
#14772 = CARTESIAN_POINT('',(2.2125,10.300407,-5.E-02));
#14773 = VERTEX_POINT('',#14774);
#14774 = CARTESIAN_POINT('',(2.537513,10.015067,-5.E-02));
#14775 = CIRCLE('',#14776,0.28758545494);
#14776 = AXIS2_PLACEMENT_3D('',#14777,#14778,#14779);
#14777 = CARTESIAN_POINT('',(2.500085385087,10.300206557997,-5.E-02));
#14778 = DIRECTION('',(0.,0.,1.));
#14779 = DIRECTION('',(-0.999999757108,6.969824075774E-04,0.));
#14780 = ORIENTED_EDGE('',*,*,#14781,.T.);
#14781 = EDGE_CURVE('',#14773,#14782,#14784,.T.);
#14782 = VERTEX_POINT('',#14783);
#14783 = CARTESIAN_POINT('',(2.60998,10.034485,-5.E-02));
#14784 = LINE('',#14785,#14786);
#14785 = CARTESIAN_POINT('',(2.537513,10.015067,-5.E-02));
#14786 = VECTOR('',#14787,1.);
#14787 = DIRECTION('',(0.965924073909,0.258825584986,0.));
#14788 = ORIENTED_EDGE('',*,*,#14789,.T.);
#14789 = EDGE_CURVE('',#14782,#14790,#14792,.T.);
#14790 = VERTEX_POINT('',#14791);
#14791 = CARTESIAN_POINT('',(2.7875,10.300407,-5.E-02));
#14792 = CIRCLE('',#14793,0.287686427939);
#14793 = AXIS2_PLACEMENT_3D('',#14794,#14795,#14796);
#14794 = CARTESIAN_POINT('',(2.499813619307,10.300242124806,-5.E-02));
#14795 = DIRECTION('',(0.,0.,1.));
#14796 = DIRECTION('',(0.382939096163,-0.92377359165,0.));
#14797 = ORIENTED_EDGE('',*,*,#14798,.T.);
#14798 = EDGE_CURVE('',#14790,#14799,#14801,.T.);
#14799 = VERTEX_POINT('',#14800);
#14800 = CARTESIAN_POINT('',(2.7875,11.399594,-5.E-02));
#14801 = LINE('',#14802,#14803);
#14802 = CARTESIAN_POINT('',(2.7875,10.300407,-5.E-02));
#14803 = VECTOR('',#14804,1.);
#14804 = DIRECTION('',(0.,1.,0.));
#14805 = ORIENTED_EDGE('',*,*,#14806,.T.);
#14806 = EDGE_CURVE('',#14799,#14807,#14809,.T.);
#14807 = VERTEX_POINT('',#14808);
#14808 = CARTESIAN_POINT('',(2.2125,11.399594,-5.E-02));
#14809 = CIRCLE('',#14810,0.287500026505);
#14810 = AXIS2_PLACEMENT_3D('',#14811,#14812,#14813);
#14811 = CARTESIAN_POINT('',(2.5,11.39971745201,-5.E-02));
#14812 = DIRECTION('',(0.,0.,1.));
#14813 = DIRECTION('',(0.999999907809,-4.293982551863E-04,0.));
#14814 = ORIENTED_EDGE('',*,*,#14815,.T.);
#14815 = EDGE_CURVE('',#14807,#14771,#14816,.T.);
#14816 = LINE('',#14817,#14818);
#14817 = CARTESIAN_POINT('',(2.2125,11.399594,-5.E-02));
#14818 = VECTOR('',#14819,1.);
#14819 = DIRECTION('',(0.,-1.,0.));
#14820 = FACE_BOUND('',#14821,.T.);
#14821 = EDGE_LOOP('',(#14822,#14833,#14841,#14850,#14858,#14867));
#14822 = ORIENTED_EDGE('',*,*,#14823,.T.);
#14823 = EDGE_CURVE('',#14824,#14826,#14828,.T.);
#14824 = VERTEX_POINT('',#14825);
#14825 = CARTESIAN_POINT('',(6.4625,10.300407,-5.E-02));
#14826 = VERTEX_POINT('',#14827);
#14827 = CARTESIAN_POINT('',(6.787513,10.015067,-5.E-02));
#14828 = CIRCLE('',#14829,0.28758545494);
#14829 = AXIS2_PLACEMENT_3D('',#14830,#14831,#14832);
#14830 = CARTESIAN_POINT('',(6.750085385087,10.300206557997,-5.E-02));
#14831 = DIRECTION('',(0.,0.,1.));
#14832 = DIRECTION('',(-0.999999757108,6.969824075774E-04,0.));
#14833 = ORIENTED_EDGE('',*,*,#14834,.T.);
#14834 = EDGE_CURVE('',#14826,#14835,#14837,.T.);
#14835 = VERTEX_POINT('',#14836);
#14836 = CARTESIAN_POINT('',(6.85998,10.034485,-5.E-02));
#14837 = LINE('',#14838,#14839);
#14838 = CARTESIAN_POINT('',(6.787513,10.015067,-5.E-02));
#14839 = VECTOR('',#14840,1.);
#14840 = DIRECTION('',(0.965924073909,0.258825584986,0.));
#14841 = ORIENTED_EDGE('',*,*,#14842,.T.);
#14842 = EDGE_CURVE('',#14835,#14843,#14845,.T.);
#14843 = VERTEX_POINT('',#14844);
#14844 = CARTESIAN_POINT('',(7.0375,10.300407,-5.E-02));
#14845 = CIRCLE('',#14846,0.287686427939);
#14846 = AXIS2_PLACEMENT_3D('',#14847,#14848,#14849);
#14847 = CARTESIAN_POINT('',(6.749813619307,10.300242124806,-5.E-02));
#14848 = DIRECTION('',(0.,0.,1.));
#14849 = DIRECTION('',(0.382939096163,-0.92377359165,0.));
#14850 = ORIENTED_EDGE('',*,*,#14851,.T.);
#14851 = EDGE_CURVE('',#14843,#14852,#14854,.T.);
#14852 = VERTEX_POINT('',#14853);
#14853 = CARTESIAN_POINT('',(7.0375,11.399594,-5.E-02));
#14854 = LINE('',#14855,#14856);
#14855 = CARTESIAN_POINT('',(7.0375,10.300407,-5.E-02));
#14856 = VECTOR('',#14857,1.);
#14857 = DIRECTION('',(0.,1.,0.));
#14858 = ORIENTED_EDGE('',*,*,#14859,.T.);
#14859 = EDGE_CURVE('',#14852,#14860,#14862,.T.);
#14860 = VERTEX_POINT('',#14861);
#14861 = CARTESIAN_POINT('',(6.4625,11.399594,-5.E-02));
#14862 = CIRCLE('',#14863,0.287500026505);
#14863 = AXIS2_PLACEMENT_3D('',#14864,#14865,#14866);
#14864 = CARTESIAN_POINT('',(6.75,11.39971745201,-5.E-02));
#14865 = DIRECTION('',(0.,0.,1.));
#14866 = DIRECTION('',(0.999999907809,-4.293982551863E-04,0.));
#14867 = ORIENTED_EDGE('',*,*,#14868,.T.);
#14868 = EDGE_CURVE('',#14860,#14824,#14869,.T.);
#14869 = LINE('',#14870,#14871);
#14870 = CARTESIAN_POINT('',(6.4625,11.399594,-5.E-02));
#14871 = VECTOR('',#14872,1.);
#14872 = DIRECTION('',(0.,-1.,0.));
#14873 = FACE_BOUND('',#14874,.T.);
#14874 = EDGE_LOOP('',(#14875,#14886,#14894,#14903,#14911,#14920));
#14875 = ORIENTED_EDGE('',*,*,#14876,.T.);
#14876 = EDGE_CURVE('',#14877,#14879,#14881,.T.);
#14877 = VERTEX_POINT('',#14878);
#14878 = CARTESIAN_POINT('',(19.9625,10.300407,-5.E-02));
#14879 = VERTEX_POINT('',#14880);
#14880 = CARTESIAN_POINT('',(20.287513,10.015067,-5.E-02));
#14881 = CIRCLE('',#14882,0.28758545494);
#14882 = AXIS2_PLACEMENT_3D('',#14883,#14884,#14885);
#14883 = CARTESIAN_POINT('',(20.250085385087,10.300206557997,-5.E-02));
#14884 = DIRECTION('',(0.,0.,1.));
#14885 = DIRECTION('',(-0.999999757108,6.96982407565E-04,0.));
#14886 = ORIENTED_EDGE('',*,*,#14887,.T.);
#14887 = EDGE_CURVE('',#14879,#14888,#14890,.T.);
#14888 = VERTEX_POINT('',#14889);
#14889 = CARTESIAN_POINT('',(20.35998,10.034485,-5.E-02));
#14890 = LINE('',#14891,#14892);
#14891 = CARTESIAN_POINT('',(20.287513,10.015067,-5.E-02));
#14892 = VECTOR('',#14893,1.);
#14893 = DIRECTION('',(0.965924073909,0.258825584986,0.));
#14894 = ORIENTED_EDGE('',*,*,#14895,.T.);
#14895 = EDGE_CURVE('',#14888,#14896,#14898,.T.);
#14896 = VERTEX_POINT('',#14897);
#14897 = CARTESIAN_POINT('',(20.5375,10.300407,-5.E-02));
#14898 = CIRCLE('',#14899,0.287686427939);
#14899 = AXIS2_PLACEMENT_3D('',#14900,#14901,#14902);
#14900 = CARTESIAN_POINT('',(20.249813619307,10.300242124806,-5.E-02));
#14901 = DIRECTION('',(0.,0.,1.));
#14902 = DIRECTION('',(0.382939096163,-0.92377359165,0.));
#14903 = ORIENTED_EDGE('',*,*,#14904,.T.);
#14904 = EDGE_CURVE('',#14896,#14905,#14907,.T.);
#14905 = VERTEX_POINT('',#14906);
#14906 = CARTESIAN_POINT('',(20.5375,11.399594,-5.E-02));
#14907 = LINE('',#14908,#14909);
#14908 = CARTESIAN_POINT('',(20.5375,10.300407,-5.E-02));
#14909 = VECTOR('',#14910,1.);
#14910 = DIRECTION('',(0.,1.,0.));
#14911 = ORIENTED_EDGE('',*,*,#14912,.T.);
#14912 = EDGE_CURVE('',#14905,#14913,#14915,.T.);
#14913 = VERTEX_POINT('',#14914);
#14914 = CARTESIAN_POINT('',(19.9625,11.399594,-5.E-02));
#14915 = CIRCLE('',#14916,0.287500026505);
#14916 = AXIS2_PLACEMENT_3D('',#14917,#14918,#14919);
#14917 = CARTESIAN_POINT('',(20.25,11.39971745201,-5.E-02));
#14918 = DIRECTION('',(0.,0.,1.));
#14919 = DIRECTION('',(0.999999907809,-4.293982551801E-04,0.));
#14920 = ORIENTED_EDGE('',*,*,#14921,.T.);
#14921 = EDGE_CURVE('',#14913,#14877,#14922,.T.);
#14922 = LINE('',#14923,#14924);
#14923 = CARTESIAN_POINT('',(19.9625,11.399594,-5.E-02));
#14924 = VECTOR('',#14925,1.);
#14925 = DIRECTION('',(0.,-1.,0.));
#14926 = FACE_BOUND('',#14927,.T.);
#14927 = EDGE_LOOP('',(#14928,#14939,#14947,#14956,#14964,#14973));
#14928 = ORIENTED_EDGE('',*,*,#14929,.T.);
#14929 = EDGE_CURVE('',#14930,#14932,#14934,.T.);
#14930 = VERTEX_POINT('',#14931);
#14931 = CARTESIAN_POINT('',(24.2125,10.300407,-5.E-02));
#14932 = VERTEX_POINT('',#14933);
#14933 = CARTESIAN_POINT('',(24.537513,10.015067,-5.E-02));
#14934 = CIRCLE('',#14935,0.28758545494);
#14935 = AXIS2_PLACEMENT_3D('',#14936,#14937,#14938);
#14936 = CARTESIAN_POINT('',(24.500085385087,10.300206557997,-5.E-02));
#14937 = DIRECTION('',(0.,0.,1.));
#14938 = DIRECTION('',(-0.999999757108,6.96982407565E-04,0.));
#14939 = ORIENTED_EDGE('',*,*,#14940,.T.);
#14940 = EDGE_CURVE('',#14932,#14941,#14943,.T.);
#14941 = VERTEX_POINT('',#14942);
#14942 = CARTESIAN_POINT('',(24.60998,10.034485,-5.E-02));
#14943 = LINE('',#14944,#14945);
#14944 = CARTESIAN_POINT('',(24.537513,10.015067,-5.E-02));
#14945 = VECTOR('',#14946,1.);
#14946 = DIRECTION('',(0.965924073909,0.258825584986,0.));
#14947 = ORIENTED_EDGE('',*,*,#14948,.T.);
#14948 = EDGE_CURVE('',#14941,#14949,#14951,.T.);
#14949 = VERTEX_POINT('',#14950);
#14950 = CARTESIAN_POINT('',(24.7875,10.300407,-5.E-02));
#14951 = CIRCLE('',#14952,0.287686427939);
#14952 = AXIS2_PLACEMENT_3D('',#14953,#14954,#14955);
#14953 = CARTESIAN_POINT('',(24.499813619307,10.300242124806,-5.E-02));
#14954 = DIRECTION('',(0.,0.,1.));
#14955 = DIRECTION('',(0.382939096163,-0.92377359165,0.));
#14956 = ORIENTED_EDGE('',*,*,#14957,.T.);
#14957 = EDGE_CURVE('',#14949,#14958,#14960,.T.);
#14958 = VERTEX_POINT('',#14959);
#14959 = CARTESIAN_POINT('',(24.7875,11.399594,-5.E-02));
#14960 = LINE('',#14961,#14962);
#14961 = CARTESIAN_POINT('',(24.7875,10.300407,-5.E-02));
#14962 = VECTOR('',#14963,1.);
#14963 = DIRECTION('',(0.,1.,0.));
#14964 = ORIENTED_EDGE('',*,*,#14965,.T.);
#14965 = EDGE_CURVE('',#14958,#14966,#14968,.T.);
#14966 = VERTEX_POINT('',#14967);
#14967 = CARTESIAN_POINT('',(24.2125,11.399594,-5.E-02));
#14968 = CIRCLE('',#14969,0.287500026505);
#14969 = AXIS2_PLACEMENT_3D('',#14970,#14971,#14972);
#14970 = CARTESIAN_POINT('',(24.5,11.39971745201,-5.E-02));
#14971 = DIRECTION('',(0.,0.,1.));
#14972 = DIRECTION('',(0.999999907809,-4.293982551801E-04,0.));
#14973 = ORIENTED_EDGE('',*,*,#14974,.T.);
#14974 = EDGE_CURVE('',#14966,#14930,#14975,.T.);
#14975 = LINE('',#14976,#14977);
#14976 = CARTESIAN_POINT('',(24.2125,11.399594,-5.E-02));
#14977 = VECTOR('',#14978,1.);
#14978 = DIRECTION('',(0.,-1.,0.));
#14979 = FACE_BOUND('',#14980,.T.);
#14980 = EDGE_LOOP('',(#14981,#14992,#15000,#15009,#15017,#15026));
#14981 = ORIENTED_EDGE('',*,*,#14982,.T.);
#14982 = EDGE_CURVE('',#14983,#14985,#14987,.T.);
#14983 = VERTEX_POINT('',#14984);
#14984 = CARTESIAN_POINT('',(37.7125,10.300407,-5.E-02));
#14985 = VERTEX_POINT('',#14986);
#14986 = CARTESIAN_POINT('',(38.037513,10.015067,-5.E-02));
#14987 = CIRCLE('',#14988,0.28758545494);
#14988 = AXIS2_PLACEMENT_3D('',#14989,#14990,#14991);
#14989 = CARTESIAN_POINT('',(38.000085385087,10.300206557997,-5.E-02));
#14990 = DIRECTION('',(0.,0.,1.));
#14991 = DIRECTION('',(-0.999999757108,6.969824075898E-04,0.));
#14992 = ORIENTED_EDGE('',*,*,#14993,.T.);
#14993 = EDGE_CURVE('',#14985,#14994,#14996,.T.);
#14994 = VERTEX_POINT('',#14995);
#14995 = CARTESIAN_POINT('',(38.10998,10.034485,-5.E-02));
#14996 = LINE('',#14997,#14998);
#14997 = CARTESIAN_POINT('',(38.037513,10.015067,-5.E-02));
#14998 = VECTOR('',#14999,1.);
#14999 = DIRECTION('',(0.965924073909,0.258825584986,0.));
#15000 = ORIENTED_EDGE('',*,*,#15001,.T.);
#15001 = EDGE_CURVE('',#14994,#15002,#15004,.T.);
#15002 = VERTEX_POINT('',#15003);
#15003 = CARTESIAN_POINT('',(38.2875,10.300407,-5.E-02));
#15004 = CIRCLE('',#15005,0.287686427939);
#15005 = AXIS2_PLACEMENT_3D('',#15006,#15007,#15008);
#15006 = CARTESIAN_POINT('',(37.999813619307,10.300242124806,-5.E-02));
#15007 = DIRECTION('',(0.,0.,1.));
#15008 = DIRECTION('',(0.382939096163,-0.92377359165,0.));
#15009 = ORIENTED_EDGE('',*,*,#15010,.T.);
#15010 = EDGE_CURVE('',#15002,#15011,#15013,.T.);
#15011 = VERTEX_POINT('',#15012);
#15012 = CARTESIAN_POINT('',(38.2875,11.399594,-5.E-02));
#15013 = LINE('',#15014,#15015);
#15014 = CARTESIAN_POINT('',(38.2875,10.300407,-5.E-02));
#15015 = VECTOR('',#15016,1.);
#15016 = DIRECTION('',(0.,1.,0.));
#15017 = ORIENTED_EDGE('',*,*,#15018,.T.);
#15018 = EDGE_CURVE('',#15011,#15019,#15021,.T.);
#15019 = VERTEX_POINT('',#15020);
#15020 = CARTESIAN_POINT('',(37.7125,11.399594,-5.E-02));
#15021 = CIRCLE('',#15022,0.287500026505);
#15022 = AXIS2_PLACEMENT_3D('',#15023,#15024,#15025);
#15023 = CARTESIAN_POINT('',(38.,11.39971745201,-5.E-02));
#15024 = DIRECTION('',(0.,0.,1.));
#15025 = DIRECTION('',(0.999999907809,-4.293982551801E-04,0.));
#15026 = ORIENTED_EDGE('',*,*,#15027,.T.);
#15027 = EDGE_CURVE('',#15019,#14983,#15028,.T.);
#15028 = LINE('',#15029,#15030);
#15029 = CARTESIAN_POINT('',(37.7125,11.399594,-5.E-02));
#15030 = VECTOR('',#15031,1.);
#15031 = DIRECTION('',(0.,-1.,0.));
#15032 = PLANE('',#15033);
#15033 = AXIS2_PLACEMENT_3D('',#15034,#15035,#15036);
#15034 = CARTESIAN_POINT('',(0.,0.,-5.E-02));
#15035 = DIRECTION('',(-0.,-0.,-1.));
#15036 = DIRECTION('',(-1.,0.,0.));
#15037 = ( GEOMETRIC_REPRESENTATION_CONTEXT(3) 
GLOBAL_UNCERTAINTY_ASSIGNED_CONTEXT((#15041)) 
GLOBAL_UNIT_ASSIGNED_CONTEXT((#15038,#15039,#15040)) 
REPRESENTATION_CONTEXT('Context #1',
  '3D Context with UNIT and UNCERTAINTY') );
#15038 = ( LENGTH_UNIT() NAMED_UNIT(*) SI_UNIT(.MILLI.,.METRE.) );
#15039 = ( NAMED_UNIT(*) PLANE_ANGLE_UNIT() SI_UNIT($,.RADIAN.) );
#15040 = ( NAMED_UNIT(*) SI_UNIT($,.STERADIAN.) SOLID_ANGLE_UNIT() );
#15041 = UNCERTAINTY_MEASURE_WITH_UNIT(LENGTH_MEASURE(1.E-07),#15038,
  'distance_accuracy_value','confusion accuracy');
#15042 = CONTEXT_DEPENDENT_SHAPE_REPRESENTATION(#15043,#15045);
#15043 = ( REPRESENTATION_RELATIONSHIP('','',#14094,#10) 
REPRESENTATION_RELATIONSHIP_WITH_TRANSFORMATION(#15044) 
SHAPE_REPRESENTATION_RELATIONSHIP() );
#15044 = ITEM_DEFINED_TRANSFORMATION('','',#11,#31);
#15045 = PRODUCT_DEFINITION_SHAPE('Placement','Placement of an item',
  #15046);
#15046 = NEXT_ASSEMBLY_USAGE_OCCURRENCE('7','=>[0:1:1:8]','',#5,#14089,$
  );
#15047 = PRODUCT_RELATED_PRODUCT_CATEGORY('part',$,(#14091));
#15048 = SHAPE_DEFINITION_REPRESENTATION(#15049,#15055);
#15049 = PRODUCT_DEFINITION_SHAPE('','',#15050);
#15050 = PRODUCT_DEFINITION('design','',#15051,#15054);
#15051 = PRODUCT_DEFINITION_FORMATION('','',#15052);
#15052 = PRODUCT('xt60-power-hub_PCB','xt60-power-hub_PCB','',(#15053));
#15053 = PRODUCT_CONTEXT('',#2,'mechanical');
#15054 = PRODUCT_DEFINITION_CONTEXT('part definition',#2,'design');
#15055 = ADVANCED_BREP_SHAPE_REPRESENTATION('',(#11,#15056),#17696);
#15056 = MANIFOLD_SOLID_BREP('',#15057);
#15057 = CLOSED_SHELL('',(#15058,#15098,#15779,#15804,#16477,#16494,
    #16511,#16528,#16545,#16562,#16579,#16596,#16613,#16630,#16647,
    #16664,#16676,#16698,#16715,#16732,#16744,#16761,#16783,#16800,
    #16817,#16829,#16846,#16863,#16880,#16897,#16914,#16931,#16953,
    #16970,#16987,#16999,#17021,#17038,#17055,#17067,#17089,#17106,
    #17123,#17135,#17157,#17174,#17191,#17203,#17225,#17242,#17259,
    #17271,#17288,#17305,#17322,#17339,#17356,#17378,#17395,#17412,
    #17424,#17446,#17463,#17480,#17492,#17514,#17531,#17548,#17560,
    #17582,#17599,#17616,#17628,#17650,#17667,#17684));
#15058 = ADVANCED_FACE('',(#15059),#15093,.T.);
#15059 = FACE_BOUND('',#15060,.T.);
#15060 = EDGE_LOOP('',(#15061,#15071,#15079,#15087));
#15061 = ORIENTED_EDGE('',*,*,#15062,.F.);
#15062 = EDGE_CURVE('',#15063,#15065,#15067,.T.);
#15063 = VERTEX_POINT('',#15064);
#15064 = CARTESIAN_POINT('',(50.,-12.5,0.));
#15065 = VERTEX_POINT('',#15066);
#15066 = CARTESIAN_POINT('',(47.6,-12.5,0.));
#15067 = LINE('',#15068,#15069);
#15068 = CARTESIAN_POINT('',(50.,-12.5,0.));
#15069 = VECTOR('',#15070,1.);
#15070 = DIRECTION('',(-1.,0.,0.));
#15071 = ORIENTED_EDGE('',*,*,#15072,.T.);
#15072 = EDGE_CURVE('',#15063,#15073,#15075,.T.);
#15073 = VERTEX_POINT('',#15074);
#15074 = CARTESIAN_POINT('',(50.,-12.5,1.51));
#15075 = LINE('',#15076,#15077);
#15076 = CARTESIAN_POINT('',(50.,-12.5,0.));
#15077 = VECTOR('',#15078,1.);
#15078 = DIRECTION('',(0.,0.,1.));
#15079 = ORIENTED_EDGE('',*,*,#15080,.T.);
#15080 = EDGE_CURVE('',#15073,#15081,#15083,.T.);
#15081 = VERTEX_POINT('',#15082);
#15082 = CARTESIAN_POINT('',(47.6,-12.5,1.51));
#15083 = LINE('',#15084,#15085);
#15084 = CARTESIAN_POINT('',(50.,-12.5,1.51));
#15085 = VECTOR('',#15086,1.);
#15086 = DIRECTION('',(-1.,0.,0.));
#15087 = ORIENTED_EDGE('',*,*,#15088,.T.);
#15088 = EDGE_CURVE('',#15081,#15065,#15089,.T.);
#15089 = LINE('',#15090,#15091);
#15090 = CARTESIAN_POINT('',(47.6,-12.5,-4.6E-02));
#15091 = VECTOR('',#15092,1.);
#15092 = DIRECTION('',(-0.,-0.,-1.));
#15093 = PLANE('',#15094);
#15094 = AXIS2_PLACEMENT_3D('',#15095,#15096,#15097);
#15095 = CARTESIAN_POINT('',(50.,-12.5,0.));
#15096 = DIRECTION('',(0.,-1.,0.));
#15097 = DIRECTION('',(-1.,0.,0.));
#15098 = ADVANCED_FACE('',(#15099,#15210,#15246,#15257,#15293,#15304,
    #15315,#15326,#15337,#15348,#15359,#15395,#15431,#15467,#15503,
    #15539,#15550,#15561,#15572,#15583,#15594,#15630,#15666,#15702,
    #15738),#15774,.F.);
#15099 = FACE_BOUND('',#15100,.F.);
#15100 = EDGE_LOOP('',(#15101,#15102,#15110,#15118,#15127,#15136,#15144,
    #15153,#15162,#15170,#15178,#15186,#15195,#15203));
#15101 = ORIENTED_EDGE('',*,*,#15062,.F.);
#15102 = ORIENTED_EDGE('',*,*,#15103,.F.);
#15103 = EDGE_CURVE('',#15104,#15063,#15106,.T.);
#15104 = VERTEX_POINT('',#15105);
#15105 = CARTESIAN_POINT('',(50.,12.5,0.));
#15106 = LINE('',#15107,#15108);
#15107 = CARTESIAN_POINT('',(50.,12.5,0.));
#15108 = VECTOR('',#15109,1.);
#15109 = DIRECTION('',(0.,-1.,0.));
#15110 = ORIENTED_EDGE('',*,*,#15111,.F.);
#15111 = EDGE_CURVE('',#15112,#15104,#15114,.T.);
#15112 = VERTEX_POINT('',#15113);
#15113 = CARTESIAN_POINT('',(47.6,12.5,0.));
#15114 = LINE('',#15115,#15116);
#15115 = CARTESIAN_POINT('',(-50.,12.5,0.));
#15116 = VECTOR('',#15117,1.);
#15117 = DIRECTION('',(1.,0.,0.));
#15118 = ORIENTED_EDGE('',*,*,#15119,.T.);
#15119 = EDGE_CURVE('',#15112,#15120,#15122,.T.);
#15120 = VERTEX_POINT('',#15121);
#15121 = CARTESIAN_POINT('',(46.,10.9,0.));
#15122 = CIRCLE('',#15123,1.6);
#15123 = AXIS2_PLACEMENT_3D('',#15124,#15125,#15126);
#15124 = CARTESIAN_POINT('',(46.,12.5,0.));
#15125 = DIRECTION('',(-0.,0.,-1.));
#15126 = DIRECTION('',(-0.,-1.,0.));
#15127 = ORIENTED_EDGE('',*,*,#15128,.T.);
#15128 = EDGE_CURVE('',#15120,#15129,#15131,.T.);
#15129 = VERTEX_POINT('',#15130);
#15130 = CARTESIAN_POINT('',(44.4,12.5,0.));
#15131 = CIRCLE('',#15132,1.6);
#15132 = AXIS2_PLACEMENT_3D('',#15133,#15134,#15135);
#15133 = CARTESIAN_POINT('',(46.,12.5,0.));
#15134 = DIRECTION('',(-0.,0.,-1.));
#15135 = DIRECTION('',(-0.,-1.,0.));
#15136 = ORIENTED_EDGE('',*,*,#15137,.F.);
#15137 = EDGE_CURVE('',#15138,#15129,#15140,.T.);
#15138 = VERTEX_POINT('',#15139);
#15139 = CARTESIAN_POINT('',(-35.4,12.5,0.));
#15140 = LINE('',#15141,#15142);
#15141 = CARTESIAN_POINT('',(-50.,12.5,0.));
#15142 = VECTOR('',#15143,1.);
#15143 = DIRECTION('',(1.,0.,0.));
#15144 = ORIENTED_EDGE('',*,*,#15145,.T.);
#15145 = EDGE_CURVE('',#15138,#15146,#15148,.T.);
#15146 = VERTEX_POINT('',#15147);
#15147 = CARTESIAN_POINT('',(-37.,10.9,0.));
#15148 = CIRCLE('',#15149,1.6);
#15149 = AXIS2_PLACEMENT_3D('',#15150,#15151,#15152);
#15150 = CARTESIAN_POINT('',(-37.,12.5,0.));
#15151 = DIRECTION('',(-0.,0.,-1.));
#15152 = DIRECTION('',(-0.,-1.,0.));
#15153 = ORIENTED_EDGE('',*,*,#15154,.T.);
#15154 = EDGE_CURVE('',#15146,#15155,#15157,.T.);
#15155 = VERTEX_POINT('',#15156);
#15156 = CARTESIAN_POINT('',(-38.6,12.5,0.));
#15157 = CIRCLE('',#15158,1.6);
#15158 = AXIS2_PLACEMENT_3D('',#15159,#15160,#15161);
#15159 = CARTESIAN_POINT('',(-37.,12.5,0.));
#15160 = DIRECTION('',(-0.,0.,-1.));
#15161 = DIRECTION('',(-0.,-1.,0.));
#15162 = ORIENTED_EDGE('',*,*,#15163,.F.);
#15163 = EDGE_CURVE('',#15164,#15155,#15166,.T.);
#15164 = VERTEX_POINT('',#15165);
#15165 = CARTESIAN_POINT('',(-50.,12.5,0.));
#15166 = LINE('',#15167,#15168);
#15167 = CARTESIAN_POINT('',(-50.,12.5,0.));
#15168 = VECTOR('',#15169,1.);
#15169 = DIRECTION('',(1.,0.,0.));
#15170 = ORIENTED_EDGE('',*,*,#15171,.F.);
#15171 = EDGE_CURVE('',#15172,#15164,#15174,.T.);
#15172 = VERTEX_POINT('',#15173);
#15173 = CARTESIAN_POINT('',(-50.,-12.5,0.));
#15174 = LINE('',#15175,#15176);
#15175 = CARTESIAN_POINT('',(-50.,-12.5,0.));
#15176 = VECTOR('',#15177,1.);
#15177 = DIRECTION('',(0.,1.,0.));
#15178 = ORIENTED_EDGE('',*,*,#15179,.F.);
#15179 = EDGE_CURVE('',#15180,#15172,#15182,.T.);
#15180 = VERTEX_POINT('',#15181);
#15181 = CARTESIAN_POINT('',(-38.6,-12.5,0.));
#15182 = LINE('',#15183,#15184);
#15183 = CARTESIAN_POINT('',(50.,-12.5,0.));
#15184 = VECTOR('',#15185,1.);
#15185 = DIRECTION('',(-1.,0.,0.));
#15186 = ORIENTED_EDGE('',*,*,#15187,.T.);
#15187 = EDGE_CURVE('',#15180,#15188,#15190,.T.);
#15188 = VERTEX_POINT('',#15189);
#15189 = CARTESIAN_POINT('',(-35.4,-12.5,0.));
#15190 = CIRCLE('',#15191,1.6);
#15191 = AXIS2_PLACEMENT_3D('',#15192,#15193,#15194);
#15192 = CARTESIAN_POINT('',(-37.,-12.5,0.));
#15193 = DIRECTION('',(-0.,0.,-1.));
#15194 = DIRECTION('',(-0.,-1.,0.));
#15195 = ORIENTED_EDGE('',*,*,#15196,.F.);
#15196 = EDGE_CURVE('',#15197,#15188,#15199,.T.);
#15197 = VERTEX_POINT('',#15198);
#15198 = CARTESIAN_POINT('',(44.4,-12.5,0.));
#15199 = LINE('',#15200,#15201);
#15200 = CARTESIAN_POINT('',(50.,-12.5,0.));
#15201 = VECTOR('',#15202,1.);
#15202 = DIRECTION('',(-1.,0.,0.));
#15203 = ORIENTED_EDGE('',*,*,#15204,.T.);
#15204 = EDGE_CURVE('',#15197,#15065,#15205,.T.);
#15205 = CIRCLE('',#15206,1.6);
#15206 = AXIS2_PLACEMENT_3D('',#15207,#15208,#15209);
#15207 = CARTESIAN_POINT('',(46.,-12.5,0.));
#15208 = DIRECTION('',(-0.,0.,-1.));
#15209 = DIRECTION('',(-0.,-1.,0.));
#15210 = FACE_BOUND('',#15211,.F.);
#15211 = EDGE_LOOP('',(#15212,#15223,#15231,#15240));
#15212 = ORIENTED_EDGE('',*,*,#15213,.T.);
#15213 = EDGE_CURVE('',#15214,#15216,#15218,.T.);
#15214 = VERTEX_POINT('',#15215);
#15215 = CARTESIAN_POINT('',(-38.3,-5.95,0.));
#15216 = VERTEX_POINT('',#15217);
#15217 = CARTESIAN_POINT('',(-38.3,-6.55,0.));
#15218 = CIRCLE('',#15219,0.3);
#15219 = AXIS2_PLACEMENT_3D('',#15220,#15221,#15222);
#15220 = CARTESIAN_POINT('',(-38.3,-6.25,0.));
#15221 = DIRECTION('',(-0.,0.,-1.));
#15222 = DIRECTION('',(-0.,-1.,0.));
#15223 = ORIENTED_EDGE('',*,*,#15224,.T.);
#15224 = EDGE_CURVE('',#15216,#15225,#15227,.T.);
#15225 = VERTEX_POINT('',#15226);
#15226 = CARTESIAN_POINT('',(-39.4,-6.55,0.));
#15227 = LINE('',#15228,#15229);
#15228 = CARTESIAN_POINT('',(-19.7,-6.55,0.));
#15229 = VECTOR('',#15230,1.);
#15230 = DIRECTION('',(-1.,0.,0.));
#15231 = ORIENTED_EDGE('',*,*,#15232,.T.);
#15232 = EDGE_CURVE('',#15225,#15233,#15235,.T.);
#15233 = VERTEX_POINT('',#15234);
#15234 = CARTESIAN_POINT('',(-39.4,-5.95,0.));
#15235 = CIRCLE('',#15236,0.3);
#15236 = AXIS2_PLACEMENT_3D('',#15237,#15238,#15239);
#15237 = CARTESIAN_POINT('',(-39.4,-6.25,0.));
#15238 = DIRECTION('',(-0.,0.,-1.));
#15239 = DIRECTION('',(0.,1.,0.));
#15240 = ORIENTED_EDGE('',*,*,#15241,.T.);
#15241 = EDGE_CURVE('',#15233,#15214,#15242,.T.);
#15242 = LINE('',#15243,#15244);
#15243 = CARTESIAN_POINT('',(-19.15,-5.95,0.));
#15244 = VECTOR('',#15245,1.);
#15245 = DIRECTION('',(1.,0.,-0.));
#15246 = FACE_BOUND('',#15247,.F.);
#15247 = EDGE_LOOP('',(#15248));
#15248 = ORIENTED_EDGE('',*,*,#15249,.T.);
#15249 = EDGE_CURVE('',#15250,#15250,#15252,.T.);
#15250 = VERTEX_POINT('',#15251);
#15251 = CARTESIAN_POINT('',(-32.85,-4.45,0.));
#15252 = CIRCLE('',#15253,1.35);
#15253 = AXIS2_PLACEMENT_3D('',#15254,#15255,#15256);
#15254 = CARTESIAN_POINT('',(-32.85,-3.1,0.));
#15255 = DIRECTION('',(-0.,0.,-1.));
#15256 = DIRECTION('',(-0.,-1.,0.));
#15257 = FACE_BOUND('',#15258,.F.);
#15258 = EDGE_LOOP('',(#15259,#15270,#15278,#15287));
#15259 = ORIENTED_EDGE('',*,*,#15260,.T.);
#15260 = EDGE_CURVE('',#15261,#15263,#15265,.T.);
#15261 = VERTEX_POINT('',#15262);
#15262 = CARTESIAN_POINT('',(47.55,-6.55,0.));
#15263 = VERTEX_POINT('',#15264);
#15264 = CARTESIAN_POINT('',(47.55,-5.95,0.));
#15265 = CIRCLE('',#15266,0.3);
#15266 = AXIS2_PLACEMENT_3D('',#15267,#15268,#15269);
#15267 = CARTESIAN_POINT('',(47.55,-6.25,0.));
#15268 = DIRECTION('',(-0.,0.,-1.));
#15269 = DIRECTION('',(0.,1.,0.));
#15270 = ORIENTED_EDGE('',*,*,#15271,.T.);
#15271 = EDGE_CURVE('',#15263,#15272,#15274,.T.);
#15272 = VERTEX_POINT('',#15273);
#15273 = CARTESIAN_POINT('',(48.65,-5.95,0.));
#15274 = LINE('',#15275,#15276);
#15275 = CARTESIAN_POINT('',(24.325,-5.95,0.));
#15276 = VECTOR('',#15277,1.);
#15277 = DIRECTION('',(1.,0.,-0.));
#15278 = ORIENTED_EDGE('',*,*,#15279,.T.);
#15279 = EDGE_CURVE('',#15272,#15280,#15282,.T.);
#15280 = VERTEX_POINT('',#15281);
#15281 = CARTESIAN_POINT('',(48.65,-6.55,0.));
#15282 = CIRCLE('',#15283,0.3);
#15283 = AXIS2_PLACEMENT_3D('',#15284,#15285,#15286);
#15284 = CARTESIAN_POINT('',(48.65,-6.25,0.));
#15285 = DIRECTION('',(-0.,0.,-1.));
#15286 = DIRECTION('',(-0.,-1.,0.));
#15287 = ORIENTED_EDGE('',*,*,#15288,.T.);
#15288 = EDGE_CURVE('',#15280,#15261,#15289,.T.);
#15289 = LINE('',#15290,#15291);
#15290 = CARTESIAN_POINT('',(23.775,-6.55,0.));
#15291 = VECTOR('',#15292,1.);
#15292 = DIRECTION('',(-1.,0.,0.));
#15293 = FACE_BOUND('',#15294,.F.);
#15294 = EDGE_LOOP('',(#15295));
#15295 = ORIENTED_EDGE('',*,*,#15296,.T.);
#15296 = EDGE_CURVE('',#15297,#15297,#15299,.T.);
#15297 = VERTEX_POINT('',#15298);
#15298 = CARTESIAN_POINT('',(42.1,-4.45,0.));
#15299 = CIRCLE('',#15300,1.35);
#15300 = AXIS2_PLACEMENT_3D('',#15301,#15302,#15303);
#15301 = CARTESIAN_POINT('',(42.1,-3.1,0.));
#15302 = DIRECTION('',(-0.,0.,-1.));
#15303 = DIRECTION('',(-0.,-1.,0.));
#15304 = FACE_BOUND('',#15305,.F.);
#15305 = EDGE_LOOP('',(#15306));
#15306 = ORIENTED_EDGE('',*,*,#15307,.T.);
#15307 = EDGE_CURVE('',#15308,#15308,#15310,.T.);
#15308 = VERTEX_POINT('',#15309);
#15309 = CARTESIAN_POINT('',(-32.85,2.75,0.));
#15310 = CIRCLE('',#15311,1.35);
#15311 = AXIS2_PLACEMENT_3D('',#15312,#15313,#15314);
#15312 = CARTESIAN_POINT('',(-32.85,4.1,0.));
#15313 = DIRECTION('',(-0.,0.,-1.));
#15314 = DIRECTION('',(-0.,-1.,0.));
#15315 = FACE_BOUND('',#15316,.F.);
#15316 = EDGE_LOOP('',(#15317));
#15317 = ORIENTED_EDGE('',*,*,#15318,.T.);
#15318 = EDGE_CURVE('',#15319,#15319,#15321,.T.);
#15319 = VERTEX_POINT('',#15320);
#15320 = CARTESIAN_POINT('',(-25.6,3.5,0.));
#15321 = CIRCLE('',#15322,1.35);
#15322 = AXIS2_PLACEMENT_3D('',#15323,#15324,#15325);
#15323 = CARTESIAN_POINT('',(-25.6,4.85,0.));
#15324 = DIRECTION('',(-0.,0.,-1.));
#15325 = DIRECTION('',(-0.,-1.,0.));
#15326 = FACE_BOUND('',#15327,.F.);
#15327 = EDGE_LOOP('',(#15328));
#15328 = ORIENTED_EDGE('',*,*,#15329,.T.);
#15329 = EDGE_CURVE('',#15330,#15330,#15332,.T.);
#15330 = VERTEX_POINT('',#15331);
#15331 = CARTESIAN_POINT('',(-18.4,3.5,0.));
#15332 = CIRCLE('',#15333,1.35);
#15333 = AXIS2_PLACEMENT_3D('',#15334,#15335,#15336);
#15334 = CARTESIAN_POINT('',(-18.4,4.85,0.));
#15335 = DIRECTION('',(-0.,0.,-1.));
#15336 = DIRECTION('',(-0.,-1.,0.));
#15337 = FACE_BOUND('',#15338,.F.);
#15338 = EDGE_LOOP('',(#15339));
#15339 = ORIENTED_EDGE('',*,*,#15340,.T.);
#15340 = EDGE_CURVE('',#15341,#15341,#15343,.T.);
#15341 = VERTEX_POINT('',#15342);
#15342 = CARTESIAN_POINT('',(-7.85,3.5,0.));
#15343 = CIRCLE('',#15344,1.35);
#15344 = AXIS2_PLACEMENT_3D('',#15345,#15346,#15347);
#15345 = CARTESIAN_POINT('',(-7.85,4.85,0.));
#15346 = DIRECTION('',(-0.,0.,-1.));
#15347 = DIRECTION('',(-0.,-1.,0.));
#15348 = FACE_BOUND('',#15349,.F.);
#15349 = EDGE_LOOP('',(#15350));
#15350 = ORIENTED_EDGE('',*,*,#15351,.T.);
#15351 = EDGE_CURVE('',#15352,#15352,#15354,.T.);
#15352 = VERTEX_POINT('',#15353);
#15353 = CARTESIAN_POINT('',(-0.65,3.5,0.));
#15354 = CIRCLE('',#15355,1.35);
#15355 = AXIS2_PLACEMENT_3D('',#15356,#15357,#15358);
#15356 = CARTESIAN_POINT('',(-0.65,4.85,0.));
#15357 = DIRECTION('',(-0.,0.,-1.));
#15358 = DIRECTION('',(8.223874256483E-17,-1.,-0.));
#15359 = FACE_BOUND('',#15360,.F.);
#15360 = EDGE_LOOP('',(#15361,#15372,#15380,#15389));
#15361 = ORIENTED_EDGE('',*,*,#15362,.T.);
#15362 = EDGE_CURVE('',#15363,#15365,#15367,.T.);
#15363 = VERTEX_POINT('',#15364);
#15364 = CARTESIAN_POINT('',(-38.3,7.55,0.));
#15365 = VERTEX_POINT('',#15366);
#15366 = CARTESIAN_POINT('',(-38.3,6.95,0.));
#15367 = CIRCLE('',#15368,0.3);
#15368 = AXIS2_PLACEMENT_3D('',#15369,#15370,#15371);
#15369 = CARTESIAN_POINT('',(-38.3,7.25,0.));
#15370 = DIRECTION('',(-0.,0.,-1.));
#15371 = DIRECTION('',(-0.,-1.,0.));
#15372 = ORIENTED_EDGE('',*,*,#15373,.T.);
#15373 = EDGE_CURVE('',#15365,#15374,#15376,.T.);
#15374 = VERTEX_POINT('',#15375);
#15375 = CARTESIAN_POINT('',(-39.4,6.95,0.));
#15376 = LINE('',#15377,#15378);
#15377 = CARTESIAN_POINT('',(-19.7,6.95,0.));
#15378 = VECTOR('',#15379,1.);
#15379 = DIRECTION('',(-1.,0.,0.));
#15380 = ORIENTED_EDGE('',*,*,#15381,.T.);
#15381 = EDGE_CURVE('',#15374,#15382,#15384,.T.);
#15382 = VERTEX_POINT('',#15383);
#15383 = CARTESIAN_POINT('',(-39.4,7.55,0.));
#15384 = CIRCLE('',#15385,0.3);
#15385 = AXIS2_PLACEMENT_3D('',#15386,#15387,#15388);
#15386 = CARTESIAN_POINT('',(-39.4,7.25,0.));
#15387 = DIRECTION('',(-0.,0.,-1.));
#15388 = DIRECTION('',(0.,1.,0.));
#15389 = ORIENTED_EDGE('',*,*,#15390,.T.);
#15390 = EDGE_CURVE('',#15382,#15363,#15391,.T.);
#15391 = LINE('',#15392,#15393);
#15392 = CARTESIAN_POINT('',(-19.15,7.55,0.));
#15393 = VECTOR('',#15394,1.);
#15394 = DIRECTION('',(1.,0.,-0.));
#15395 = FACE_BOUND('',#15396,.F.);
#15396 = EDGE_LOOP('',(#15397,#15408,#15416,#15425));
#15397 = ORIENTED_EDGE('',*,*,#15398,.T.);
#15398 = EDGE_CURVE('',#15399,#15401,#15403,.T.);
#15399 = VERTEX_POINT('',#15400);
#15400 = CARTESIAN_POINT('',(-28.45,10.3,0.));
#15401 = VERTEX_POINT('',#15402);
#15402 = CARTESIAN_POINT('',(-29.05,10.3,0.));
#15403 = CIRCLE('',#15404,0.3);
#15404 = AXIS2_PLACEMENT_3D('',#15405,#15406,#15407);
#15405 = CARTESIAN_POINT('',(-28.75,10.3,0.));
#15406 = DIRECTION('',(-0.,0.,-1.));
#15407 = DIRECTION('',(-1.,5.921189464667E-15,0.));
#15408 = ORIENTED_EDGE('',*,*,#15409,.T.);
#15409 = EDGE_CURVE('',#15401,#15410,#15412,.T.);
#15410 = VERTEX_POINT('',#15411);
#15411 = CARTESIAN_POINT('',(-29.05,11.4,0.));
#15412 = LINE('',#15413,#15414);
#15413 = CARTESIAN_POINT('',(-29.05,5.7,0.));
#15414 = VECTOR('',#15415,1.);
#15415 = DIRECTION('',(-0.,1.,0.));
#15416 = ORIENTED_EDGE('',*,*,#15417,.T.);
#15417 = EDGE_CURVE('',#15410,#15418,#15420,.T.);
#15418 = VERTEX_POINT('',#15419);
#15419 = CARTESIAN_POINT('',(-28.45,11.4,0.));
#15420 = CIRCLE('',#15421,0.3);
#15421 = AXIS2_PLACEMENT_3D('',#15422,#15423,#15424);
#15422 = CARTESIAN_POINT('',(-28.75,11.4,0.));
#15423 = DIRECTION('',(0.,-0.,-1.));
#15424 = DIRECTION('',(1.,-5.921189464667E-15,0.));
#15425 = ORIENTED_EDGE('',*,*,#15426,.T.);
#15426 = EDGE_CURVE('',#15418,#15399,#15427,.T.);
#15427 = LINE('',#15428,#15429);
#15428 = CARTESIAN_POINT('',(-28.45,5.15,0.));
#15429 = VECTOR('',#15430,1.);
#15430 = DIRECTION('',(0.,-1.,0.));
#15431 = FACE_BOUND('',#15432,.F.);
#15432 = EDGE_LOOP('',(#15433,#15444,#15452,#15461));
#15433 = ORIENTED_EDGE('',*,*,#15434,.T.);
#15434 = EDGE_CURVE('',#15435,#15437,#15439,.T.);
#15435 = VERTEX_POINT('',#15436);
#15436 = CARTESIAN_POINT('',(-14.95,10.3,0.));
#15437 = VERTEX_POINT('',#15438);
#15438 = CARTESIAN_POINT('',(-15.55,10.3,0.));
#15439 = CIRCLE('',#15440,0.3);
#15440 = AXIS2_PLACEMENT_3D('',#15441,#15442,#15443);
#15441 = CARTESIAN_POINT('',(-15.25,10.3,0.));
#15442 = DIRECTION('',(-0.,0.,-1.));
#15443 = DIRECTION('',(-1.,0.,0.));
#15444 = ORIENTED_EDGE('',*,*,#15445,.T.);
#15445 = EDGE_CURVE('',#15437,#15446,#15448,.T.);
#15446 = VERTEX_POINT('',#15447);
#15447 = CARTESIAN_POINT('',(-15.55,11.4,0.));
#15448 = LINE('',#15449,#15450);
#15449 = CARTESIAN_POINT('',(-15.55,5.7,0.));
#15450 = VECTOR('',#15451,1.);
#15451 = DIRECTION('',(-0.,1.,0.));
#15452 = ORIENTED_EDGE('',*,*,#15453,.T.);
#15453 = EDGE_CURVE('',#15446,#15454,#15456,.T.);
#15454 = VERTEX_POINT('',#15455);
#15455 = CARTESIAN_POINT('',(-14.95,11.4,0.));
#15456 = CIRCLE('',#15457,0.3);
#15457 = AXIS2_PLACEMENT_3D('',#15458,#15459,#15460);
#15458 = CARTESIAN_POINT('',(-15.25,11.4,0.));
#15459 = DIRECTION('',(0.,-0.,-1.));
#15460 = DIRECTION('',(1.,5.921189464667E-15,-0.));
#15461 = ORIENTED_EDGE('',*,*,#15462,.T.);
#15462 = EDGE_CURVE('',#15454,#15435,#15463,.T.);
#15463 = LINE('',#15464,#15465);
#15464 = CARTESIAN_POINT('',(-14.95,5.15,0.));
#15465 = VECTOR('',#15466,1.);
#15466 = DIRECTION('',(0.,-1.,0.));
#15467 = FACE_BOUND('',#15468,.F.);
#15468 = EDGE_LOOP('',(#15469,#15480,#15488,#15497));
#15469 = ORIENTED_EDGE('',*,*,#15470,.T.);
#15470 = EDGE_CURVE('',#15471,#15473,#15475,.T.);
#15471 = VERTEX_POINT('',#15472);
#15472 = CARTESIAN_POINT('',(-10.7,10.3,0.));
#15473 = VERTEX_POINT('',#15474);
#15474 = CARTESIAN_POINT('',(-11.3,10.3,0.));
#15475 = CIRCLE('',#15476,0.3);
#15476 = AXIS2_PLACEMENT_3D('',#15477,#15478,#15479);
#15477 = CARTESIAN_POINT('',(-11.,10.3,0.));
#15478 = DIRECTION('',(-0.,0.,-1.));
#15479 = DIRECTION('',(-1.,0.,0.));
#15480 = ORIENTED_EDGE('',*,*,#15481,.T.);
#15481 = EDGE_CURVE('',#15473,#15482,#15484,.T.);
#15482 = VERTEX_POINT('',#15483);
#15483 = CARTESIAN_POINT('',(-11.3,11.4,0.));
#15484 = LINE('',#15485,#15486);
#15485 = CARTESIAN_POINT('',(-11.3,5.7,0.));
#15486 = VECTOR('',#15487,1.);
#15487 = DIRECTION('',(-0.,1.,0.));
#15488 = ORIENTED_EDGE('',*,*,#15489,.T.);
#15489 = EDGE_CURVE('',#15482,#15490,#15492,.T.);
#15490 = VERTEX_POINT('',#15491);
#15491 = CARTESIAN_POINT('',(-10.7,11.4,0.));
#15492 = CIRCLE('',#15493,0.3);
#15493 = AXIS2_PLACEMENT_3D('',#15494,#15495,#15496);
#15494 = CARTESIAN_POINT('',(-11.,11.4,0.));
#15495 = DIRECTION('',(0.,-0.,-1.));
#15496 = DIRECTION('',(1.,5.921189464667E-15,-0.));
#15497 = ORIENTED_EDGE('',*,*,#15498,.T.);
#15498 = EDGE_CURVE('',#15490,#15471,#15499,.T.);
#15499 = LINE('',#15500,#15501);
#15500 = CARTESIAN_POINT('',(-10.7,5.15,0.));
#15501 = VECTOR('',#15502,1.);
#15502 = DIRECTION('',(0.,-1.,0.));
#15503 = FACE_BOUND('',#15504,.F.);
#15504 = EDGE_LOOP('',(#15505,#15516,#15524,#15533));
#15505 = ORIENTED_EDGE('',*,*,#15506,.T.);
#15506 = EDGE_CURVE('',#15507,#15509,#15511,.T.);
#15507 = VERTEX_POINT('',#15508);
#15508 = CARTESIAN_POINT('',(2.8,10.3,0.));
#15509 = VERTEX_POINT('',#15510);
#15510 = CARTESIAN_POINT('',(2.2,10.3,0.));
#15511 = CIRCLE('',#15512,0.3);
#15512 = AXIS2_PLACEMENT_3D('',#15513,#15514,#15515);
#15513 = CARTESIAN_POINT('',(2.5,10.3,0.));
#15514 = DIRECTION('',(-0.,0.,-1.));
#15515 = DIRECTION('',(-1.,0.,0.));
#15516 = ORIENTED_EDGE('',*,*,#15517,.T.);
#15517 = EDGE_CURVE('',#15509,#15518,#15520,.T.);
#15518 = VERTEX_POINT('',#15519);
#15519 = CARTESIAN_POINT('',(2.2,11.4,0.));
#15520 = LINE('',#15521,#15522);
#15521 = CARTESIAN_POINT('',(2.2,5.7,0.));
#15522 = VECTOR('',#15523,1.);
#15523 = DIRECTION('',(-0.,1.,0.));
#15524 = ORIENTED_EDGE('',*,*,#15525,.T.);
#15525 = EDGE_CURVE('',#15518,#15526,#15528,.T.);
#15526 = VERTEX_POINT('',#15527);
#15527 = CARTESIAN_POINT('',(2.8,11.4,0.));
#15528 = CIRCLE('',#15529,0.3);
#15529 = AXIS2_PLACEMENT_3D('',#15530,#15531,#15532);
#15530 = CARTESIAN_POINT('',(2.5,11.4,0.));
#15531 = DIRECTION('',(0.,-0.,-1.));
#15532 = DIRECTION('',(1.,0.,-0.));
#15533 = ORIENTED_EDGE('',*,*,#15534,.T.);
#15534 = EDGE_CURVE('',#15526,#15507,#15535,.T.);
#15535 = LINE('',#15536,#15537);
#15536 = CARTESIAN_POINT('',(2.8,5.15,0.));
#15537 = VECTOR('',#15538,1.);
#15538 = DIRECTION('',(0.,-1.,0.));
#15539 = FACE_BOUND('',#15540,.F.);
#15540 = EDGE_LOOP('',(#15541));
#15541 = ORIENTED_EDGE('',*,*,#15542,.T.);
#15542 = EDGE_CURVE('',#15543,#15543,#15545,.T.);
#15543 = VERTEX_POINT('',#15544);
#15544 = CARTESIAN_POINT('',(9.9,3.5,0.));
#15545 = CIRCLE('',#15546,1.35);
#15546 = AXIS2_PLACEMENT_3D('',#15547,#15548,#15549);
#15547 = CARTESIAN_POINT('',(9.9,4.85,0.));
#15548 = DIRECTION('',(-0.,0.,-1.));
#15549 = DIRECTION('',(-0.,-1.,0.));
#15550 = FACE_BOUND('',#15551,.F.);
#15551 = EDGE_LOOP('',(#15552));
#15552 = ORIENTED_EDGE('',*,*,#15553,.T.);
#15553 = EDGE_CURVE('',#15554,#15554,#15556,.T.);
#15554 = VERTEX_POINT('',#15555);
#15555 = CARTESIAN_POINT('',(17.1,3.5,0.));
#15556 = CIRCLE('',#15557,1.35);
#15557 = AXIS2_PLACEMENT_3D('',#15558,#15559,#15560);
#15558 = CARTESIAN_POINT('',(17.1,4.85,0.));
#15559 = DIRECTION('',(-0.,0.,-1.));
#15560 = DIRECTION('',(-0.,-1.,0.));
#15561 = FACE_BOUND('',#15562,.F.);
#15562 = EDGE_LOOP('',(#15563));
#15563 = ORIENTED_EDGE('',*,*,#15564,.T.);
#15564 = EDGE_CURVE('',#15565,#15565,#15567,.T.);
#15565 = VERTEX_POINT('',#15566);
#15566 = CARTESIAN_POINT('',(27.65,3.5,0.));
#15567 = CIRCLE('',#15568,1.35);
#15568 = AXIS2_PLACEMENT_3D('',#15569,#15570,#15571);
#15569 = CARTESIAN_POINT('',(27.65,4.85,0.));
#15570 = DIRECTION('',(-0.,0.,-1.));
#15571 = DIRECTION('',(-0.,-1.,0.));
#15572 = FACE_BOUND('',#15573,.F.);
#15573 = EDGE_LOOP('',(#15574));
#15574 = ORIENTED_EDGE('',*,*,#15575,.T.);
#15575 = EDGE_CURVE('',#15576,#15576,#15578,.T.);
#15576 = VERTEX_POINT('',#15577);
#15577 = CARTESIAN_POINT('',(34.85,3.5,0.));
#15578 = CIRCLE('',#15579,1.35);
#15579 = AXIS2_PLACEMENT_3D('',#15580,#15581,#15582);
#15580 = CARTESIAN_POINT('',(34.85,4.85,0.));
#15581 = DIRECTION('',(-0.,0.,-1.));
#15582 = DIRECTION('',(-0.,-1.,0.));
#15583 = FACE_BOUND('',#15584,.F.);
#15584 = EDGE_LOOP('',(#15585));
#15585 = ORIENTED_EDGE('',*,*,#15586,.T.);
#15586 = EDGE_CURVE('',#15587,#15587,#15589,.T.);
#15587 = VERTEX_POINT('',#15588);
#15588 = CARTESIAN_POINT('',(42.1,2.75,0.));
#15589 = CIRCLE('',#15590,1.35);
#15590 = AXIS2_PLACEMENT_3D('',#15591,#15592,#15593);
#15591 = CARTESIAN_POINT('',(42.1,4.1,0.));
#15592 = DIRECTION('',(-0.,0.,-1.));
#15593 = DIRECTION('',(-0.,-1.,0.));
#15594 = FACE_BOUND('',#15595,.F.);
#15595 = EDGE_LOOP('',(#15596,#15607,#15615,#15624));
#15596 = ORIENTED_EDGE('',*,*,#15597,.T.);
#15597 = EDGE_CURVE('',#15598,#15600,#15602,.T.);
#15598 = VERTEX_POINT('',#15599);
#15599 = CARTESIAN_POINT('',(7.05,10.3,0.));
#15600 = VERTEX_POINT('',#15601);
#15601 = CARTESIAN_POINT('',(6.45,10.3,0.));
#15602 = CIRCLE('',#15603,0.3);
#15603 = AXIS2_PLACEMENT_3D('',#15604,#15605,#15606);
#15604 = CARTESIAN_POINT('',(6.75,10.3,0.));
#15605 = DIRECTION('',(-0.,0.,-1.));
#15606 = DIRECTION('',(-1.,0.,0.));
#15607 = ORIENTED_EDGE('',*,*,#15608,.T.);
#15608 = EDGE_CURVE('',#15600,#15609,#15611,.T.);
#15609 = VERTEX_POINT('',#15610);
#15610 = CARTESIAN_POINT('',(6.45,11.4,0.));
#15611 = LINE('',#15612,#15613);
#15612 = CARTESIAN_POINT('',(6.45,5.7,0.));
#15613 = VECTOR('',#15614,1.);
#15614 = DIRECTION('',(-0.,1.,0.));
#15615 = ORIENTED_EDGE('',*,*,#15616,.T.);
#15616 = EDGE_CURVE('',#15609,#15617,#15619,.T.);
#15617 = VERTEX_POINT('',#15618);
#15618 = CARTESIAN_POINT('',(7.05,11.4,0.));
#15619 = CIRCLE('',#15620,0.3);
#15620 = AXIS2_PLACEMENT_3D('',#15621,#15622,#15623);
#15621 = CARTESIAN_POINT('',(6.75,11.4,0.));
#15622 = DIRECTION('',(0.,-0.,-1.));
#15623 = DIRECTION('',(1.,0.,-0.));
#15624 = ORIENTED_EDGE('',*,*,#15625,.T.);
#15625 = EDGE_CURVE('',#15617,#15598,#15626,.T.);
#15626 = LINE('',#15627,#15628);
#15627 = CARTESIAN_POINT('',(7.05,5.15,0.));
#15628 = VECTOR('',#15629,1.);
#15629 = DIRECTION('',(0.,-1.,0.));
#15630 = FACE_BOUND('',#15631,.F.);
#15631 = EDGE_LOOP('',(#15632,#15643,#15651,#15660));
#15632 = ORIENTED_EDGE('',*,*,#15633,.T.);
#15633 = EDGE_CURVE('',#15634,#15636,#15638,.T.);
#15634 = VERTEX_POINT('',#15635);
#15635 = CARTESIAN_POINT('',(20.55,10.3,0.));
#15636 = VERTEX_POINT('',#15637);
#15637 = CARTESIAN_POINT('',(19.95,10.3,0.));
#15638 = CIRCLE('',#15639,0.3);
#15639 = AXIS2_PLACEMENT_3D('',#15640,#15641,#15642);
#15640 = CARTESIAN_POINT('',(20.25,10.3,0.));
#15641 = DIRECTION('',(-0.,0.,-1.));
#15642 = DIRECTION('',(-1.,5.921189464667E-15,0.));
#15643 = ORIENTED_EDGE('',*,*,#15644,.T.);
#15644 = EDGE_CURVE('',#15636,#15645,#15647,.T.);
#15645 = VERTEX_POINT('',#15646);
#15646 = CARTESIAN_POINT('',(19.95,11.4,0.));
#15647 = LINE('',#15648,#15649);
#15648 = CARTESIAN_POINT('',(19.95,5.7,0.));
#15649 = VECTOR('',#15650,1.);
#15650 = DIRECTION('',(-0.,1.,0.));
#15651 = ORIENTED_EDGE('',*,*,#15652,.T.);
#15652 = EDGE_CURVE('',#15645,#15653,#15655,.T.);
#15653 = VERTEX_POINT('',#15654);
#15654 = CARTESIAN_POINT('',(20.55,11.4,0.));
#15655 = CIRCLE('',#15656,0.3);
#15656 = AXIS2_PLACEMENT_3D('',#15657,#15658,#15659);
#15657 = CARTESIAN_POINT('',(20.25,11.4,0.));
#15658 = DIRECTION('',(0.,-0.,-1.));
#15659 = DIRECTION('',(1.,-5.921189464667E-15,0.));
#15660 = ORIENTED_EDGE('',*,*,#15661,.T.);
#15661 = EDGE_CURVE('',#15653,#15634,#15662,.T.);
#15662 = LINE('',#15663,#15664);
#15663 = CARTESIAN_POINT('',(20.55,5.15,0.));
#15664 = VECTOR('',#15665,1.);
#15665 = DIRECTION('',(0.,-1.,0.));
#15666 = FACE_BOUND('',#15667,.F.);
#15667 = EDGE_LOOP('',(#15668,#15679,#15687,#15696));
#15668 = ORIENTED_EDGE('',*,*,#15669,.T.);
#15669 = EDGE_CURVE('',#15670,#15672,#15674,.T.);
#15670 = VERTEX_POINT('',#15671);
#15671 = CARTESIAN_POINT('',(24.8,10.3,0.));
#15672 = VERTEX_POINT('',#15673);
#15673 = CARTESIAN_POINT('',(24.2,10.3,0.));
#15674 = CIRCLE('',#15675,0.3);
#15675 = AXIS2_PLACEMENT_3D('',#15676,#15677,#15678);
#15676 = CARTESIAN_POINT('',(24.5,10.3,0.));
#15677 = DIRECTION('',(-0.,0.,-1.));
#15678 = DIRECTION('',(-1.,5.921189464667E-15,0.));
#15679 = ORIENTED_EDGE('',*,*,#15680,.T.);
#15680 = EDGE_CURVE('',#15672,#15681,#15683,.T.);
#15681 = VERTEX_POINT('',#15682);
#15682 = CARTESIAN_POINT('',(24.2,11.4,0.));
#15683 = LINE('',#15684,#15685);
#15684 = CARTESIAN_POINT('',(24.2,5.7,0.));
#15685 = VECTOR('',#15686,1.);
#15686 = DIRECTION('',(-0.,1.,0.));
#15687 = ORIENTED_EDGE('',*,*,#15688,.T.);
#15688 = EDGE_CURVE('',#15681,#15689,#15691,.T.);
#15689 = VERTEX_POINT('',#15690);
#15690 = CARTESIAN_POINT('',(24.8,11.4,0.));
#15691 = CIRCLE('',#15692,0.3);
#15692 = AXIS2_PLACEMENT_3D('',#15693,#15694,#15695);
#15693 = CARTESIAN_POINT('',(24.5,11.4,0.));
#15694 = DIRECTION('',(0.,-0.,-1.));
#15695 = DIRECTION('',(1.,-5.921189464667E-15,0.));
#15696 = ORIENTED_EDGE('',*,*,#15697,.T.);
#15697 = EDGE_CURVE('',#15689,#15670,#15698,.T.);
#15698 = LINE('',#15699,#15700);
#15699 = CARTESIAN_POINT('',(24.8,5.15,0.));
#15700 = VECTOR('',#15701,1.);
#15701 = DIRECTION('',(0.,-1.,0.));
#15702 = FACE_BOUND('',#15703,.F.);
#15703 = EDGE_LOOP('',(#15704,#15715,#15723,#15732));
#15704 = ORIENTED_EDGE('',*,*,#15705,.T.);
#15705 = EDGE_CURVE('',#15706,#15708,#15710,.T.);
#15706 = VERTEX_POINT('',#15707);
#15707 = CARTESIAN_POINT('',(47.55,6.95,0.));
#15708 = VERTEX_POINT('',#15709);
#15709 = CARTESIAN_POINT('',(47.55,7.55,0.));
#15710 = CIRCLE('',#15711,0.3);
#15711 = AXIS2_PLACEMENT_3D('',#15712,#15713,#15714);
#15712 = CARTESIAN_POINT('',(47.55,7.25,0.));
#15713 = DIRECTION('',(-0.,0.,-1.));
#15714 = DIRECTION('',(0.,1.,0.));
#15715 = ORIENTED_EDGE('',*,*,#15716,.T.);
#15716 = EDGE_CURVE('',#15708,#15717,#15719,.T.);
#15717 = VERTEX_POINT('',#15718);
#15718 = CARTESIAN_POINT('',(48.65,7.55,0.));
#15719 = LINE('',#15720,#15721);
#15720 = CARTESIAN_POINT('',(24.325,7.55,0.));
#15721 = VECTOR('',#15722,1.);
#15722 = DIRECTION('',(1.,0.,-0.));
#15723 = ORIENTED_EDGE('',*,*,#15724,.T.);
#15724 = EDGE_CURVE('',#15717,#15725,#15727,.T.);
#15725 = VERTEX_POINT('',#15726);
#15726 = CARTESIAN_POINT('',(48.65,6.95,0.));
#15727 = CIRCLE('',#15728,0.3);
#15728 = AXIS2_PLACEMENT_3D('',#15729,#15730,#15731);
#15729 = CARTESIAN_POINT('',(48.65,7.25,0.));
#15730 = DIRECTION('',(-0.,0.,-1.));
#15731 = DIRECTION('',(-0.,-1.,0.));
#15732 = ORIENTED_EDGE('',*,*,#15733,.T.);
#15733 = EDGE_CURVE('',#15725,#15706,#15734,.T.);
#15734 = LINE('',#15735,#15736);
#15735 = CARTESIAN_POINT('',(23.775,6.95,0.));
#15736 = VECTOR('',#15737,1.);
#15737 = DIRECTION('',(-1.,0.,0.));
#15738 = FACE_BOUND('',#15739,.F.);
#15739 = EDGE_LOOP('',(#15740,#15751,#15759,#15768));
#15740 = ORIENTED_EDGE('',*,*,#15741,.T.);
#15741 = EDGE_CURVE('',#15742,#15744,#15746,.T.);
#15742 = VERTEX_POINT('',#15743);
#15743 = CARTESIAN_POINT('',(38.3,10.3,0.));
#15744 = VERTEX_POINT('',#15745);
#15745 = CARTESIAN_POINT('',(37.7,10.3,0.));
#15746 = CIRCLE('',#15747,0.3);
#15747 = AXIS2_PLACEMENT_3D('',#15748,#15749,#15750);
#15748 = CARTESIAN_POINT('',(38.,10.3,0.));
#15749 = DIRECTION('',(-0.,0.,-1.));
#15750 = DIRECTION('',(-1.,1.184237892934E-14,0.));
#15751 = ORIENTED_EDGE('',*,*,#15752,.T.);
#15752 = EDGE_CURVE('',#15744,#15753,#15755,.T.);
#15753 = VERTEX_POINT('',#15754);
#15754 = CARTESIAN_POINT('',(37.7,11.4,0.));
#15755 = LINE('',#15756,#15757);
#15756 = CARTESIAN_POINT('',(37.7,5.7,0.));
#15757 = VECTOR('',#15758,1.);
#15758 = DIRECTION('',(-0.,1.,0.));
#15759 = ORIENTED_EDGE('',*,*,#15760,.T.);
#15760 = EDGE_CURVE('',#15753,#15761,#15763,.T.);
#15761 = VERTEX_POINT('',#15762);
#15762 = CARTESIAN_POINT('',(38.3,11.4,0.));
#15763 = CIRCLE('',#15764,0.3);
#15764 = AXIS2_PLACEMENT_3D('',#15765,#15766,#15767);
#15765 = CARTESIAN_POINT('',(38.,11.4,0.));
#15766 = DIRECTION('',(0.,-0.,-1.));
#15767 = DIRECTION('',(1.,-5.921189464668E-15,0.));
#15768 = ORIENTED_EDGE('',*,*,#15769,.T.);
#15769 = EDGE_CURVE('',#15761,#15742,#15770,.T.);
#15770 = LINE('',#15771,#15772);
#15771 = CARTESIAN_POINT('',(38.3,5.15,0.));
#15772 = VECTOR('',#15773,1.);
#15773 = DIRECTION('',(0.,-1.,0.));
#15774 = PLANE('',#15775);
#15775 = AXIS2_PLACEMENT_3D('',#15776,#15777,#15778);
#15776 = CARTESIAN_POINT('',(0.,0.,0.));
#15777 = DIRECTION('',(0.,0.,1.));
#15778 = DIRECTION('',(1.,0.,-0.));
#15779 = ADVANCED_FACE('',(#15780),#15799,.F.);
#15780 = FACE_BOUND('',#15781,.T.);
#15781 = EDGE_LOOP('',(#15782,#15783,#15792,#15798));
#15782 = ORIENTED_EDGE('',*,*,#15088,.F.);
#15783 = ORIENTED_EDGE('',*,*,#15784,.F.);
#15784 = EDGE_CURVE('',#15785,#15081,#15787,.T.);
#15785 = VERTEX_POINT('',#15786);
#15786 = CARTESIAN_POINT('',(44.4,-12.5,1.51));
#15787 = CIRCLE('',#15788,1.6);
#15788 = AXIS2_PLACEMENT_3D('',#15789,#15790,#15791);
#15789 = CARTESIAN_POINT('',(46.,-12.5,1.51));
#15790 = DIRECTION('',(-0.,0.,-1.));
#15791 = DIRECTION('',(-0.,-1.,0.));
#15792 = ORIENTED_EDGE('',*,*,#15793,.T.);
#15793 = EDGE_CURVE('',#15785,#15197,#15794,.T.);
#15794 = LINE('',#15795,#15796);
#15795 = CARTESIAN_POINT('',(44.4,-12.5,-4.6E-02));
#15796 = VECTOR('',#15797,1.);
#15797 = DIRECTION('',(-0.,-0.,-1.));
#15798 = ORIENTED_EDGE('',*,*,#15204,.T.);
#15799 = CYLINDRICAL_SURFACE('',#15800,1.6);
#15800 = AXIS2_PLACEMENT_3D('',#15801,#15802,#15803);
#15801 = CARTESIAN_POINT('',(46.,-12.5,-4.6E-02));
#15802 = DIRECTION('',(-0.,-0.,-1.));
#15803 = DIRECTION('',(-0.,-1.,0.));
#15804 = ADVANCED_FACE('',(#15805,#15908,#15944,#15955,#15991,#16002,
    #16013,#16024,#16035,#16046,#16057,#16093,#16129,#16165,#16201,
    #16237,#16248,#16259,#16270,#16281,#16292,#16328,#16364,#16400,
    #16436),#16472,.T.);
#15805 = FACE_BOUND('',#15806,.T.);
#15806 = EDGE_LOOP('',(#15807,#15808,#15816,#15824,#15833,#15842,#15850,
    #15859,#15868,#15876,#15884,#15892,#15901,#15907));
#15807 = ORIENTED_EDGE('',*,*,#15080,.F.);
#15808 = ORIENTED_EDGE('',*,*,#15809,.F.);
#15809 = EDGE_CURVE('',#15810,#15073,#15812,.T.);
#15810 = VERTEX_POINT('',#15811);
#15811 = CARTESIAN_POINT('',(50.,12.5,1.51));
#15812 = LINE('',#15813,#15814);
#15813 = CARTESIAN_POINT('',(50.,12.5,1.51));
#15814 = VECTOR('',#15815,1.);
#15815 = DIRECTION('',(0.,-1.,0.));
#15816 = ORIENTED_EDGE('',*,*,#15817,.F.);
#15817 = EDGE_CURVE('',#15818,#15810,#15820,.T.);
#15818 = VERTEX_POINT('',#15819);
#15819 = CARTESIAN_POINT('',(47.6,12.5,1.51));
#15820 = LINE('',#15821,#15822);
#15821 = CARTESIAN_POINT('',(-50.,12.5,1.51));
#15822 = VECTOR('',#15823,1.);
#15823 = DIRECTION('',(1.,0.,0.));
#15824 = ORIENTED_EDGE('',*,*,#15825,.T.);
#15825 = EDGE_CURVE('',#15818,#15826,#15828,.T.);
#15826 = VERTEX_POINT('',#15827);
#15827 = CARTESIAN_POINT('',(46.,10.9,1.51));
#15828 = CIRCLE('',#15829,1.6);
#15829 = AXIS2_PLACEMENT_3D('',#15830,#15831,#15832);
#15830 = CARTESIAN_POINT('',(46.,12.5,1.51));
#15831 = DIRECTION('',(-0.,0.,-1.));
#15832 = DIRECTION('',(-0.,-1.,0.));
#15833 = ORIENTED_EDGE('',*,*,#15834,.T.);
#15834 = EDGE_CURVE('',#15826,#15835,#15837,.T.);
#15835 = VERTEX_POINT('',#15836);
#15836 = CARTESIAN_POINT('',(44.4,12.5,1.51));
#15837 = CIRCLE('',#15838,1.6);
#15838 = AXIS2_PLACEMENT_3D('',#15839,#15840,#15841);
#15839 = CARTESIAN_POINT('',(46.,12.5,1.51));
#15840 = DIRECTION('',(-0.,0.,-1.));
#15841 = DIRECTION('',(-0.,-1.,0.));
#15842 = ORIENTED_EDGE('',*,*,#15843,.F.);
#15843 = EDGE_CURVE('',#15844,#15835,#15846,.T.);
#15844 = VERTEX_POINT('',#15845);
#15845 = CARTESIAN_POINT('',(-35.4,12.5,1.51));
#15846 = LINE('',#15847,#15848);
#15847 = CARTESIAN_POINT('',(-50.,12.5,1.51));
#15848 = VECTOR('',#15849,1.);
#15849 = DIRECTION('',(1.,0.,0.));
#15850 = ORIENTED_EDGE('',*,*,#15851,.T.);
#15851 = EDGE_CURVE('',#15844,#15852,#15854,.T.);
#15852 = VERTEX_POINT('',#15853);
#15853 = CARTESIAN_POINT('',(-37.,10.9,1.51));
#15854 = CIRCLE('',#15855,1.6);
#15855 = AXIS2_PLACEMENT_3D('',#15856,#15857,#15858);
#15856 = CARTESIAN_POINT('',(-37.,12.5,1.51));
#15857 = DIRECTION('',(-0.,0.,-1.));
#15858 = DIRECTION('',(-0.,-1.,0.));
#15859 = ORIENTED_EDGE('',*,*,#15860,.T.);
#15860 = EDGE_CURVE('',#15852,#15861,#15863,.T.);
#15861 = VERTEX_POINT('',#15862);
#15862 = CARTESIAN_POINT('',(-38.6,12.5,1.51));
#15863 = CIRCLE('',#15864,1.6);
#15864 = AXIS2_PLACEMENT_3D('',#15865,#15866,#15867);
#15865 = CARTESIAN_POINT('',(-37.,12.5,1.51));
#15866 = DIRECTION('',(-0.,0.,-1.));
#15867 = DIRECTION('',(-0.,-1.,0.));
#15868 = ORIENTED_EDGE('',*,*,#15869,.F.);
#15869 = EDGE_CURVE('',#15870,#15861,#15872,.T.);
#15870 = VERTEX_POINT('',#15871);
#15871 = CARTESIAN_POINT('',(-50.,12.5,1.51));
#15872 = LINE('',#15873,#15874);
#15873 = CARTESIAN_POINT('',(-50.,12.5,1.51));
#15874 = VECTOR('',#15875,1.);
#15875 = DIRECTION('',(1.,0.,0.));
#15876 = ORIENTED_EDGE('',*,*,#15877,.F.);
#15877 = EDGE_CURVE('',#15878,#15870,#15880,.T.);
#15878 = VERTEX_POINT('',#15879);
#15879 = CARTESIAN_POINT('',(-50.,-12.5,1.51));
#15880 = LINE('',#15881,#15882);
#15881 = CARTESIAN_POINT('',(-50.,-12.5,1.51));
#15882 = VECTOR('',#15883,1.);
#15883 = DIRECTION('',(0.,1.,0.));
#15884 = ORIENTED_EDGE('',*,*,#15885,.F.);
#15885 = EDGE_CURVE('',#15886,#15878,#15888,.T.);
#15886 = VERTEX_POINT('',#15887);
#15887 = CARTESIAN_POINT('',(-38.6,-12.5,1.51));
#15888 = LINE('',#15889,#15890);
#15889 = CARTESIAN_POINT('',(50.,-12.5,1.51));
#15890 = VECTOR('',#15891,1.);
#15891 = DIRECTION('',(-1.,0.,0.));
#15892 = ORIENTED_EDGE('',*,*,#15893,.T.);
#15893 = EDGE_CURVE('',#15886,#15894,#15896,.T.);
#15894 = VERTEX_POINT('',#15895);
#15895 = CARTESIAN_POINT('',(-35.4,-12.5,1.51));
#15896 = CIRCLE('',#15897,1.6);
#15897 = AXIS2_PLACEMENT_3D('',#15898,#15899,#15900);
#15898 = CARTESIAN_POINT('',(-37.,-12.5,1.51));
#15899 = DIRECTION('',(-0.,0.,-1.));
#15900 = DIRECTION('',(-0.,-1.,0.));
#15901 = ORIENTED_EDGE('',*,*,#15902,.F.);
#15902 = EDGE_CURVE('',#15785,#15894,#15903,.T.);
#15903 = LINE('',#15904,#15905);
#15904 = CARTESIAN_POINT('',(50.,-12.5,1.51));
#15905 = VECTOR('',#15906,1.);
#15906 = DIRECTION('',(-1.,0.,0.));
#15907 = ORIENTED_EDGE('',*,*,#15784,.T.);
#15908 = FACE_BOUND('',#15909,.T.);
#15909 = EDGE_LOOP('',(#15910,#15921,#15929,#15938));
#15910 = ORIENTED_EDGE('',*,*,#15911,.T.);
#15911 = EDGE_CURVE('',#15912,#15914,#15916,.T.);
#15912 = VERTEX_POINT('',#15913);
#15913 = CARTESIAN_POINT('',(-38.3,-5.95,1.51));
#15914 = VERTEX_POINT('',#15915);
#15915 = CARTESIAN_POINT('',(-38.3,-6.55,1.51));
#15916 = CIRCLE('',#15917,0.3);
#15917 = AXIS2_PLACEMENT_3D('',#15918,#15919,#15920);
#15918 = CARTESIAN_POINT('',(-38.3,-6.25,1.51));
#15919 = DIRECTION('',(-0.,0.,-1.));
#15920 = DIRECTION('',(-0.,-1.,0.));
#15921 = ORIENTED_EDGE('',*,*,#15922,.T.);
#15922 = EDGE_CURVE('',#15914,#15923,#15925,.T.);
#15923 = VERTEX_POINT('',#15924);
#15924 = CARTESIAN_POINT('',(-39.4,-6.55,1.51));
#15925 = LINE('',#15926,#15927);
#15926 = CARTESIAN_POINT('',(-19.7,-6.55,1.51));
#15927 = VECTOR('',#15928,1.);
#15928 = DIRECTION('',(-1.,0.,0.));
#15929 = ORIENTED_EDGE('',*,*,#15930,.T.);
#15930 = EDGE_CURVE('',#15923,#15931,#15933,.T.);
#15931 = VERTEX_POINT('',#15932);
#15932 = CARTESIAN_POINT('',(-39.4,-5.95,1.51));
#15933 = CIRCLE('',#15934,0.3);
#15934 = AXIS2_PLACEMENT_3D('',#15935,#15936,#15937);
#15935 = CARTESIAN_POINT('',(-39.4,-6.25,1.51));
#15936 = DIRECTION('',(-0.,0.,-1.));
#15937 = DIRECTION('',(0.,1.,0.));
#15938 = ORIENTED_EDGE('',*,*,#15939,.T.);
#15939 = EDGE_CURVE('',#15931,#15912,#15940,.T.);
#15940 = LINE('',#15941,#15942);
#15941 = CARTESIAN_POINT('',(-19.15,-5.95,1.51));
#15942 = VECTOR('',#15943,1.);
#15943 = DIRECTION('',(1.,0.,-0.));
#15944 = FACE_BOUND('',#15945,.T.);
#15945 = EDGE_LOOP('',(#15946));
#15946 = ORIENTED_EDGE('',*,*,#15947,.T.);
#15947 = EDGE_CURVE('',#15948,#15948,#15950,.T.);
#15948 = VERTEX_POINT('',#15949);
#15949 = CARTESIAN_POINT('',(-32.85,-4.45,1.51));
#15950 = CIRCLE('',#15951,1.35);
#15951 = AXIS2_PLACEMENT_3D('',#15952,#15953,#15954);
#15952 = CARTESIAN_POINT('',(-32.85,-3.1,1.51));
#15953 = DIRECTION('',(-0.,0.,-1.));
#15954 = DIRECTION('',(-0.,-1.,0.));
#15955 = FACE_BOUND('',#15956,.T.);
#15956 = EDGE_LOOP('',(#15957,#15968,#15976,#15985));
#15957 = ORIENTED_EDGE('',*,*,#15958,.T.);
#15958 = EDGE_CURVE('',#15959,#15961,#15963,.T.);
#15959 = VERTEX_POINT('',#15960);
#15960 = CARTESIAN_POINT('',(47.55,-6.55,1.51));
#15961 = VERTEX_POINT('',#15962);
#15962 = CARTESIAN_POINT('',(47.55,-5.95,1.51));
#15963 = CIRCLE('',#15964,0.3);
#15964 = AXIS2_PLACEMENT_3D('',#15965,#15966,#15967);
#15965 = CARTESIAN_POINT('',(47.55,-6.25,1.51));
#15966 = DIRECTION('',(-0.,0.,-1.));
#15967 = DIRECTION('',(0.,1.,0.));
#15968 = ORIENTED_EDGE('',*,*,#15969,.T.);
#15969 = EDGE_CURVE('',#15961,#15970,#15972,.T.);
#15970 = VERTEX_POINT('',#15971);
#15971 = CARTESIAN_POINT('',(48.65,-5.95,1.51));
#15972 = LINE('',#15973,#15974);
#15973 = CARTESIAN_POINT('',(24.325,-5.95,1.51));
#15974 = VECTOR('',#15975,1.);
#15975 = DIRECTION('',(1.,0.,-0.));
#15976 = ORIENTED_EDGE('',*,*,#15977,.T.);
#15977 = EDGE_CURVE('',#15970,#15978,#15980,.T.);
#15978 = VERTEX_POINT('',#15979);
#15979 = CARTESIAN_POINT('',(48.65,-6.55,1.51));
#15980 = CIRCLE('',#15981,0.3);
#15981 = AXIS2_PLACEMENT_3D('',#15982,#15983,#15984);
#15982 = CARTESIAN_POINT('',(48.65,-6.25,1.51));
#15983 = DIRECTION('',(-0.,0.,-1.));
#15984 = DIRECTION('',(-0.,-1.,0.));
#15985 = ORIENTED_EDGE('',*,*,#15986,.T.);
#15986 = EDGE_CURVE('',#15978,#15959,#15987,.T.);
#15987 = LINE('',#15988,#15989);
#15988 = CARTESIAN_POINT('',(23.775,-6.55,1.51));
#15989 = VECTOR('',#15990,1.);
#15990 = DIRECTION('',(-1.,0.,0.));
#15991 = FACE_BOUND('',#15992,.T.);
#15992 = EDGE_LOOP('',(#15993));
#15993 = ORIENTED_EDGE('',*,*,#15994,.T.);
#15994 = EDGE_CURVE('',#15995,#15995,#15997,.T.);
#15995 = VERTEX_POINT('',#15996);
#15996 = CARTESIAN_POINT('',(42.1,-4.45,1.51));
#15997 = CIRCLE('',#15998,1.35);
#15998 = AXIS2_PLACEMENT_3D('',#15999,#16000,#16001);
#15999 = CARTESIAN_POINT('',(42.1,-3.1,1.51));
#16000 = DIRECTION('',(-0.,0.,-1.));
#16001 = DIRECTION('',(-0.,-1.,0.));
#16002 = FACE_BOUND('',#16003,.T.);
#16003 = EDGE_LOOP('',(#16004));
#16004 = ORIENTED_EDGE('',*,*,#16005,.T.);
#16005 = EDGE_CURVE('',#16006,#16006,#16008,.T.);
#16006 = VERTEX_POINT('',#16007);
#16007 = CARTESIAN_POINT('',(-32.85,2.75,1.51));
#16008 = CIRCLE('',#16009,1.35);
#16009 = AXIS2_PLACEMENT_3D('',#16010,#16011,#16012);
#16010 = CARTESIAN_POINT('',(-32.85,4.1,1.51));
#16011 = DIRECTION('',(-0.,0.,-1.));
#16012 = DIRECTION('',(-0.,-1.,0.));
#16013 = FACE_BOUND('',#16014,.T.);
#16014 = EDGE_LOOP('',(#16015));
#16015 = ORIENTED_EDGE('',*,*,#16016,.T.);
#16016 = EDGE_CURVE('',#16017,#16017,#16019,.T.);
#16017 = VERTEX_POINT('',#16018);
#16018 = CARTESIAN_POINT('',(-25.6,3.5,1.51));
#16019 = CIRCLE('',#16020,1.35);
#16020 = AXIS2_PLACEMENT_3D('',#16021,#16022,#16023);
#16021 = CARTESIAN_POINT('',(-25.6,4.85,1.51));
#16022 = DIRECTION('',(-0.,0.,-1.));
#16023 = DIRECTION('',(-0.,-1.,0.));
#16024 = FACE_BOUND('',#16025,.T.);
#16025 = EDGE_LOOP('',(#16026));
#16026 = ORIENTED_EDGE('',*,*,#16027,.T.);
#16027 = EDGE_CURVE('',#16028,#16028,#16030,.T.);
#16028 = VERTEX_POINT('',#16029);
#16029 = CARTESIAN_POINT('',(-18.4,3.5,1.51));
#16030 = CIRCLE('',#16031,1.35);
#16031 = AXIS2_PLACEMENT_3D('',#16032,#16033,#16034);
#16032 = CARTESIAN_POINT('',(-18.4,4.85,1.51));
#16033 = DIRECTION('',(-0.,0.,-1.));
#16034 = DIRECTION('',(-0.,-1.,0.));
#16035 = FACE_BOUND('',#16036,.T.);
#16036 = EDGE_LOOP('',(#16037));
#16037 = ORIENTED_EDGE('',*,*,#16038,.T.);
#16038 = EDGE_CURVE('',#16039,#16039,#16041,.T.);
#16039 = VERTEX_POINT('',#16040);
#16040 = CARTESIAN_POINT('',(-7.85,3.5,1.51));
#16041 = CIRCLE('',#16042,1.35);
#16042 = AXIS2_PLACEMENT_3D('',#16043,#16044,#16045);
#16043 = CARTESIAN_POINT('',(-7.85,4.85,1.51));
#16044 = DIRECTION('',(-0.,0.,-1.));
#16045 = DIRECTION('',(-0.,-1.,0.));
#16046 = FACE_BOUND('',#16047,.T.);
#16047 = EDGE_LOOP('',(#16048));
#16048 = ORIENTED_EDGE('',*,*,#16049,.T.);
#16049 = EDGE_CURVE('',#16050,#16050,#16052,.T.);
#16050 = VERTEX_POINT('',#16051);
#16051 = CARTESIAN_POINT('',(-0.65,3.5,1.51));
#16052 = CIRCLE('',#16053,1.35);
#16053 = AXIS2_PLACEMENT_3D('',#16054,#16055,#16056);
#16054 = CARTESIAN_POINT('',(-0.65,4.85,1.51));
#16055 = DIRECTION('',(-0.,0.,-1.));
#16056 = DIRECTION('',(8.223874256483E-17,-1.,-0.));
#16057 = FACE_BOUND('',#16058,.T.);
#16058 = EDGE_LOOP('',(#16059,#16070,#16078,#16087));
#16059 = ORIENTED_EDGE('',*,*,#16060,.T.);
#16060 = EDGE_CURVE('',#16061,#16063,#16065,.T.);
#16061 = VERTEX_POINT('',#16062);
#16062 = CARTESIAN_POINT('',(-38.3,7.55,1.51));
#16063 = VERTEX_POINT('',#16064);
#16064 = CARTESIAN_POINT('',(-38.3,6.95,1.51));
#16065 = CIRCLE('',#16066,0.3);
#16066 = AXIS2_PLACEMENT_3D('',#16067,#16068,#16069);
#16067 = CARTESIAN_POINT('',(-38.3,7.25,1.51));
#16068 = DIRECTION('',(-0.,0.,-1.));
#16069 = DIRECTION('',(-0.,-1.,0.));
#16070 = ORIENTED_EDGE('',*,*,#16071,.T.);
#16071 = EDGE_CURVE('',#16063,#16072,#16074,.T.);
#16072 = VERTEX_POINT('',#16073);
#16073 = CARTESIAN_POINT('',(-39.4,6.95,1.51));
#16074 = LINE('',#16075,#16076);
#16075 = CARTESIAN_POINT('',(-19.7,6.95,1.51));
#16076 = VECTOR('',#16077,1.);
#16077 = DIRECTION('',(-1.,0.,0.));
#16078 = ORIENTED_EDGE('',*,*,#16079,.T.);
#16079 = EDGE_CURVE('',#16072,#16080,#16082,.T.);
#16080 = VERTEX_POINT('',#16081);
#16081 = CARTESIAN_POINT('',(-39.4,7.55,1.51));
#16082 = CIRCLE('',#16083,0.3);
#16083 = AXIS2_PLACEMENT_3D('',#16084,#16085,#16086);
#16084 = CARTESIAN_POINT('',(-39.4,7.25,1.51));
#16085 = DIRECTION('',(-0.,0.,-1.));
#16086 = DIRECTION('',(0.,1.,0.));
#16087 = ORIENTED_EDGE('',*,*,#16088,.T.);
#16088 = EDGE_CURVE('',#16080,#16061,#16089,.T.);
#16089 = LINE('',#16090,#16091);
#16090 = CARTESIAN_POINT('',(-19.15,7.55,1.51));
#16091 = VECTOR('',#16092,1.);
#16092 = DIRECTION('',(1.,0.,-0.));
#16093 = FACE_BOUND('',#16094,.T.);
#16094 = EDGE_LOOP('',(#16095,#16106,#16114,#16123));
#16095 = ORIENTED_EDGE('',*,*,#16096,.T.);
#16096 = EDGE_CURVE('',#16097,#16099,#16101,.T.);
#16097 = VERTEX_POINT('',#16098);
#16098 = CARTESIAN_POINT('',(-28.45,10.3,1.51));
#16099 = VERTEX_POINT('',#16100);
#16100 = CARTESIAN_POINT('',(-29.05,10.3,1.51));
#16101 = CIRCLE('',#16102,0.3);
#16102 = AXIS2_PLACEMENT_3D('',#16103,#16104,#16105);
#16103 = CARTESIAN_POINT('',(-28.75,10.3,1.51));
#16104 = DIRECTION('',(-0.,0.,-1.));
#16105 = DIRECTION('',(-1.,5.921189464667E-15,0.));
#16106 = ORIENTED_EDGE('',*,*,#16107,.T.);
#16107 = EDGE_CURVE('',#16099,#16108,#16110,.T.);
#16108 = VERTEX_POINT('',#16109);
#16109 = CARTESIAN_POINT('',(-29.05,11.4,1.51));
#16110 = LINE('',#16111,#16112);
#16111 = CARTESIAN_POINT('',(-29.05,5.7,1.51));
#16112 = VECTOR('',#16113,1.);
#16113 = DIRECTION('',(-0.,1.,0.));
#16114 = ORIENTED_EDGE('',*,*,#16115,.T.);
#16115 = EDGE_CURVE('',#16108,#16116,#16118,.T.);
#16116 = VERTEX_POINT('',#16117);
#16117 = CARTESIAN_POINT('',(-28.45,11.4,1.51));
#16118 = CIRCLE('',#16119,0.3);
#16119 = AXIS2_PLACEMENT_3D('',#16120,#16121,#16122);
#16120 = CARTESIAN_POINT('',(-28.75,11.4,1.51));
#16121 = DIRECTION('',(0.,-0.,-1.));
#16122 = DIRECTION('',(1.,-5.921189464667E-15,0.));
#16123 = ORIENTED_EDGE('',*,*,#16124,.T.);
#16124 = EDGE_CURVE('',#16116,#16097,#16125,.T.);
#16125 = LINE('',#16126,#16127);
#16126 = CARTESIAN_POINT('',(-28.45,5.15,1.51));
#16127 = VECTOR('',#16128,1.);
#16128 = DIRECTION('',(0.,-1.,0.));
#16129 = FACE_BOUND('',#16130,.T.);
#16130 = EDGE_LOOP('',(#16131,#16142,#16150,#16159));
#16131 = ORIENTED_EDGE('',*,*,#16132,.T.);
#16132 = EDGE_CURVE('',#16133,#16135,#16137,.T.);
#16133 = VERTEX_POINT('',#16134);
#16134 = CARTESIAN_POINT('',(-14.95,10.3,1.51));
#16135 = VERTEX_POINT('',#16136);
#16136 = CARTESIAN_POINT('',(-15.55,10.3,1.51));
#16137 = CIRCLE('',#16138,0.3);
#16138 = AXIS2_PLACEMENT_3D('',#16139,#16140,#16141);
#16139 = CARTESIAN_POINT('',(-15.25,10.3,1.51));
#16140 = DIRECTION('',(-0.,0.,-1.));
#16141 = DIRECTION('',(-1.,0.,0.));
#16142 = ORIENTED_EDGE('',*,*,#16143,.T.);
#16143 = EDGE_CURVE('',#16135,#16144,#16146,.T.);
#16144 = VERTEX_POINT('',#16145);
#16145 = CARTESIAN_POINT('',(-15.55,11.4,1.51));
#16146 = LINE('',#16147,#16148);
#16147 = CARTESIAN_POINT('',(-15.55,5.7,1.51));
#16148 = VECTOR('',#16149,1.);
#16149 = DIRECTION('',(-0.,1.,0.));
#16150 = ORIENTED_EDGE('',*,*,#16151,.T.);
#16151 = EDGE_CURVE('',#16144,#16152,#16154,.T.);
#16152 = VERTEX_POINT('',#16153);
#16153 = CARTESIAN_POINT('',(-14.95,11.4,1.51));
#16154 = CIRCLE('',#16155,0.3);
#16155 = AXIS2_PLACEMENT_3D('',#16156,#16157,#16158);
#16156 = CARTESIAN_POINT('',(-15.25,11.4,1.51));
#16157 = DIRECTION('',(0.,-0.,-1.));
#16158 = DIRECTION('',(1.,5.921189464667E-15,-0.));
#16159 = ORIENTED_EDGE('',*,*,#16160,.T.);
#16160 = EDGE_CURVE('',#16152,#16133,#16161,.T.);
#16161 = LINE('',#16162,#16163);
#16162 = CARTESIAN_POINT('',(-14.95,5.15,1.51));
#16163 = VECTOR('',#16164,1.);
#16164 = DIRECTION('',(0.,-1.,0.));
#16165 = FACE_BOUND('',#16166,.T.);
#16166 = EDGE_LOOP('',(#16167,#16178,#16186,#16195));
#16167 = ORIENTED_EDGE('',*,*,#16168,.T.);
#16168 = EDGE_CURVE('',#16169,#16171,#16173,.T.);
#16169 = VERTEX_POINT('',#16170);
#16170 = CARTESIAN_POINT('',(-10.7,10.3,1.51));
#16171 = VERTEX_POINT('',#16172);
#16172 = CARTESIAN_POINT('',(-11.3,10.3,1.51));
#16173 = CIRCLE('',#16174,0.3);
#16174 = AXIS2_PLACEMENT_3D('',#16175,#16176,#16177);
#16175 = CARTESIAN_POINT('',(-11.,10.3,1.51));
#16176 = DIRECTION('',(-0.,0.,-1.));
#16177 = DIRECTION('',(-1.,0.,0.));
#16178 = ORIENTED_EDGE('',*,*,#16179,.T.);
#16179 = EDGE_CURVE('',#16171,#16180,#16182,.T.);
#16180 = VERTEX_POINT('',#16181);
#16181 = CARTESIAN_POINT('',(-11.3,11.4,1.51));
#16182 = LINE('',#16183,#16184);
#16183 = CARTESIAN_POINT('',(-11.3,5.7,1.51));
#16184 = VECTOR('',#16185,1.);
#16185 = DIRECTION('',(-0.,1.,0.));
#16186 = ORIENTED_EDGE('',*,*,#16187,.T.);
#16187 = EDGE_CURVE('',#16180,#16188,#16190,.T.);
#16188 = VERTEX_POINT('',#16189);
#16189 = CARTESIAN_POINT('',(-10.7,11.4,1.51));
#16190 = CIRCLE('',#16191,0.3);
#16191 = AXIS2_PLACEMENT_3D('',#16192,#16193,#16194);
#16192 = CARTESIAN_POINT('',(-11.,11.4,1.51));
#16193 = DIRECTION('',(0.,-0.,-1.));
#16194 = DIRECTION('',(1.,5.921189464667E-15,-0.));
#16195 = ORIENTED_EDGE('',*,*,#16196,.T.);
#16196 = EDGE_CURVE('',#16188,#16169,#16197,.T.);
#16197 = LINE('',#16198,#16199);
#16198 = CARTESIAN_POINT('',(-10.7,5.15,1.51));
#16199 = VECTOR('',#16200,1.);
#16200 = DIRECTION('',(0.,-1.,0.));
#16201 = FACE_BOUND('',#16202,.T.);
#16202 = EDGE_LOOP('',(#16203,#16214,#16222,#16231));
#16203 = ORIENTED_EDGE('',*,*,#16204,.T.);
#16204 = EDGE_CURVE('',#16205,#16207,#16209,.T.);
#16205 = VERTEX_POINT('',#16206);
#16206 = CARTESIAN_POINT('',(2.8,10.3,1.51));
#16207 = VERTEX_POINT('',#16208);
#16208 = CARTESIAN_POINT('',(2.2,10.3,1.51));
#16209 = CIRCLE('',#16210,0.3);
#16210 = AXIS2_PLACEMENT_3D('',#16211,#16212,#16213);
#16211 = CARTESIAN_POINT('',(2.5,10.3,1.51));
#16212 = DIRECTION('',(-0.,0.,-1.));
#16213 = DIRECTION('',(-1.,0.,0.));
#16214 = ORIENTED_EDGE('',*,*,#16215,.T.);
#16215 = EDGE_CURVE('',#16207,#16216,#16218,.T.);
#16216 = VERTEX_POINT('',#16217);
#16217 = CARTESIAN_POINT('',(2.2,11.4,1.51));
#16218 = LINE('',#16219,#16220);
#16219 = CARTESIAN_POINT('',(2.2,5.7,1.51));
#16220 = VECTOR('',#16221,1.);
#16221 = DIRECTION('',(-0.,1.,0.));
#16222 = ORIENTED_EDGE('',*,*,#16223,.T.);
#16223 = EDGE_CURVE('',#16216,#16224,#16226,.T.);
#16224 = VERTEX_POINT('',#16225);
#16225 = CARTESIAN_POINT('',(2.8,11.4,1.51));
#16226 = CIRCLE('',#16227,0.3);
#16227 = AXIS2_PLACEMENT_3D('',#16228,#16229,#16230);
#16228 = CARTESIAN_POINT('',(2.5,11.4,1.51));
#16229 = DIRECTION('',(0.,-0.,-1.));
#16230 = DIRECTION('',(1.,0.,-0.));
#16231 = ORIENTED_EDGE('',*,*,#16232,.T.);
#16232 = EDGE_CURVE('',#16224,#16205,#16233,.T.);
#16233 = LINE('',#16234,#16235);
#16234 = CARTESIAN_POINT('',(2.8,5.15,1.51));
#16235 = VECTOR('',#16236,1.);
#16236 = DIRECTION('',(0.,-1.,0.));
#16237 = FACE_BOUND('',#16238,.T.);
#16238 = EDGE_LOOP('',(#16239));
#16239 = ORIENTED_EDGE('',*,*,#16240,.T.);
#16240 = EDGE_CURVE('',#16241,#16241,#16243,.T.);
#16241 = VERTEX_POINT('',#16242);
#16242 = CARTESIAN_POINT('',(9.9,3.5,1.51));
#16243 = CIRCLE('',#16244,1.35);
#16244 = AXIS2_PLACEMENT_3D('',#16245,#16246,#16247);
#16245 = CARTESIAN_POINT('',(9.9,4.85,1.51));
#16246 = DIRECTION('',(-0.,0.,-1.));
#16247 = DIRECTION('',(-0.,-1.,0.));
#16248 = FACE_BOUND('',#16249,.T.);
#16249 = EDGE_LOOP('',(#16250));
#16250 = ORIENTED_EDGE('',*,*,#16251,.T.);
#16251 = EDGE_CURVE('',#16252,#16252,#16254,.T.);
#16252 = VERTEX_POINT('',#16253);
#16253 = CARTESIAN_POINT('',(17.1,3.5,1.51));
#16254 = CIRCLE('',#16255,1.35);
#16255 = AXIS2_PLACEMENT_3D('',#16256,#16257,#16258);
#16256 = CARTESIAN_POINT('',(17.1,4.85,1.51));
#16257 = DIRECTION('',(-0.,0.,-1.));
#16258 = DIRECTION('',(-0.,-1.,0.));
#16259 = FACE_BOUND('',#16260,.T.);
#16260 = EDGE_LOOP('',(#16261));
#16261 = ORIENTED_EDGE('',*,*,#16262,.T.);
#16262 = EDGE_CURVE('',#16263,#16263,#16265,.T.);
#16263 = VERTEX_POINT('',#16264);
#16264 = CARTESIAN_POINT('',(27.65,3.5,1.51));
#16265 = CIRCLE('',#16266,1.35);
#16266 = AXIS2_PLACEMENT_3D('',#16267,#16268,#16269);
#16267 = CARTESIAN_POINT('',(27.65,4.85,1.51));
#16268 = DIRECTION('',(-0.,0.,-1.));
#16269 = DIRECTION('',(-0.,-1.,0.));
#16270 = FACE_BOUND('',#16271,.T.);
#16271 = EDGE_LOOP('',(#16272));
#16272 = ORIENTED_EDGE('',*,*,#16273,.T.);
#16273 = EDGE_CURVE('',#16274,#16274,#16276,.T.);
#16274 = VERTEX_POINT('',#16275);
#16275 = CARTESIAN_POINT('',(34.85,3.5,1.51));
#16276 = CIRCLE('',#16277,1.35);
#16277 = AXIS2_PLACEMENT_3D('',#16278,#16279,#16280);
#16278 = CARTESIAN_POINT('',(34.85,4.85,1.51));
#16279 = DIRECTION('',(-0.,0.,-1.));
#16280 = DIRECTION('',(-0.,-1.,0.));
#16281 = FACE_BOUND('',#16282,.T.);
#16282 = EDGE_LOOP('',(#16283));
#16283 = ORIENTED_EDGE('',*,*,#16284,.T.);
#16284 = EDGE_CURVE('',#16285,#16285,#16287,.T.);
#16285 = VERTEX_POINT('',#16286);
#16286 = CARTESIAN_POINT('',(42.1,2.75,1.51));
#16287 = CIRCLE('',#16288,1.35);
#16288 = AXIS2_PLACEMENT_3D('',#16289,#16290,#16291);
#16289 = CARTESIAN_POINT('',(42.1,4.1,1.51));
#16290 = DIRECTION('',(-0.,0.,-1.));
#16291 = DIRECTION('',(-0.,-1.,0.));
#16292 = FACE_BOUND('',#16293,.T.);
#16293 = EDGE_LOOP('',(#16294,#16305,#16313,#16322));
#16294 = ORIENTED_EDGE('',*,*,#16295,.T.);
#16295 = EDGE_CURVE('',#16296,#16298,#16300,.T.);
#16296 = VERTEX_POINT('',#16297);
#16297 = CARTESIAN_POINT('',(7.05,10.3,1.51));
#16298 = VERTEX_POINT('',#16299);
#16299 = CARTESIAN_POINT('',(6.45,10.3,1.51));
#16300 = CIRCLE('',#16301,0.3);
#16301 = AXIS2_PLACEMENT_3D('',#16302,#16303,#16304);
#16302 = CARTESIAN_POINT('',(6.75,10.3,1.51));
#16303 = DIRECTION('',(-0.,0.,-1.));
#16304 = DIRECTION('',(-1.,0.,0.));
#16305 = ORIENTED_EDGE('',*,*,#16306,.T.);
#16306 = EDGE_CURVE('',#16298,#16307,#16309,.T.);
#16307 = VERTEX_POINT('',#16308);
#16308 = CARTESIAN_POINT('',(6.45,11.4,1.51));
#16309 = LINE('',#16310,#16311);
#16310 = CARTESIAN_POINT('',(6.45,5.7,1.51));
#16311 = VECTOR('',#16312,1.);
#16312 = DIRECTION('',(-0.,1.,0.));
#16313 = ORIENTED_EDGE('',*,*,#16314,.T.);
#16314 = EDGE_CURVE('',#16307,#16315,#16317,.T.);
#16315 = VERTEX_POINT('',#16316);
#16316 = CARTESIAN_POINT('',(7.05,11.4,1.51));
#16317 = CIRCLE('',#16318,0.3);
#16318 = AXIS2_PLACEMENT_3D('',#16319,#16320,#16321);
#16319 = CARTESIAN_POINT('',(6.75,11.4,1.51));
#16320 = DIRECTION('',(0.,-0.,-1.));
#16321 = DIRECTION('',(1.,0.,-0.));
#16322 = ORIENTED_EDGE('',*,*,#16323,.T.);
#16323 = EDGE_CURVE('',#16315,#16296,#16324,.T.);
#16324 = LINE('',#16325,#16326);
#16325 = CARTESIAN_POINT('',(7.05,5.15,1.51));
#16326 = VECTOR('',#16327,1.);
#16327 = DIRECTION('',(0.,-1.,0.));
#16328 = FACE_BOUND('',#16329,.T.);
#16329 = EDGE_LOOP('',(#16330,#16341,#16349,#16358));
#16330 = ORIENTED_EDGE('',*,*,#16331,.T.);
#16331 = EDGE_CURVE('',#16332,#16334,#16336,.T.);
#16332 = VERTEX_POINT('',#16333);
#16333 = CARTESIAN_POINT('',(20.55,10.3,1.51));
#16334 = VERTEX_POINT('',#16335);
#16335 = CARTESIAN_POINT('',(19.95,10.3,1.51));
#16336 = CIRCLE('',#16337,0.3);
#16337 = AXIS2_PLACEMENT_3D('',#16338,#16339,#16340);
#16338 = CARTESIAN_POINT('',(20.25,10.3,1.51));
#16339 = DIRECTION('',(-0.,0.,-1.));
#16340 = DIRECTION('',(-1.,5.921189464667E-15,0.));
#16341 = ORIENTED_EDGE('',*,*,#16342,.T.);
#16342 = EDGE_CURVE('',#16334,#16343,#16345,.T.);
#16343 = VERTEX_POINT('',#16344);
#16344 = CARTESIAN_POINT('',(19.95,11.4,1.51));
#16345 = LINE('',#16346,#16347);
#16346 = CARTESIAN_POINT('',(19.95,5.7,1.51));
#16347 = VECTOR('',#16348,1.);
#16348 = DIRECTION('',(-0.,1.,0.));
#16349 = ORIENTED_EDGE('',*,*,#16350,.T.);
#16350 = EDGE_CURVE('',#16343,#16351,#16353,.T.);
#16351 = VERTEX_POINT('',#16352);
#16352 = CARTESIAN_POINT('',(20.55,11.4,1.51));
#16353 = CIRCLE('',#16354,0.3);
#16354 = AXIS2_PLACEMENT_3D('',#16355,#16356,#16357);
#16355 = CARTESIAN_POINT('',(20.25,11.4,1.51));
#16356 = DIRECTION('',(0.,-0.,-1.));
#16357 = DIRECTION('',(1.,-5.921189464667E-15,0.));
#16358 = ORIENTED_EDGE('',*,*,#16359,.T.);
#16359 = EDGE_CURVE('',#16351,#16332,#16360,.T.);
#16360 = LINE('',#16361,#16362);
#16361 = CARTESIAN_POINT('',(20.55,5.15,1.51));
#16362 = VECTOR('',#16363,1.);
#16363 = DIRECTION('',(0.,-1.,0.));
#16364 = FACE_BOUND('',#16365,.T.);
#16365 = EDGE_LOOP('',(#16366,#16377,#16385,#16394));
#16366 = ORIENTED_EDGE('',*,*,#16367,.T.);
#16367 = EDGE_CURVE('',#16368,#16370,#16372,.T.);
#16368 = VERTEX_POINT('',#16369);
#16369 = CARTESIAN_POINT('',(24.8,10.3,1.51));
#16370 = VERTEX_POINT('',#16371);
#16371 = CARTESIAN_POINT('',(24.2,10.3,1.51));
#16372 = CIRCLE('',#16373,0.3);
#16373 = AXIS2_PLACEMENT_3D('',#16374,#16375,#16376);
#16374 = CARTESIAN_POINT('',(24.5,10.3,1.51));
#16375 = DIRECTION('',(-0.,0.,-1.));
#16376 = DIRECTION('',(-1.,5.921189464667E-15,0.));
#16377 = ORIENTED_EDGE('',*,*,#16378,.T.);
#16378 = EDGE_CURVE('',#16370,#16379,#16381,.T.);
#16379 = VERTEX_POINT('',#16380);
#16380 = CARTESIAN_POINT('',(24.2,11.4,1.51));
#16381 = LINE('',#16382,#16383);
#16382 = CARTESIAN_POINT('',(24.2,5.7,1.51));
#16383 = VECTOR('',#16384,1.);
#16384 = DIRECTION('',(-0.,1.,0.));
#16385 = ORIENTED_EDGE('',*,*,#16386,.T.);
#16386 = EDGE_CURVE('',#16379,#16387,#16389,.T.);
#16387 = VERTEX_POINT('',#16388);
#16388 = CARTESIAN_POINT('',(24.8,11.4,1.51));
#16389 = CIRCLE('',#16390,0.3);
#16390 = AXIS2_PLACEMENT_3D('',#16391,#16392,#16393);
#16391 = CARTESIAN_POINT('',(24.5,11.4,1.51));
#16392 = DIRECTION('',(0.,-0.,-1.));
#16393 = DIRECTION('',(1.,-5.921189464667E-15,0.));
#16394 = ORIENTED_EDGE('',*,*,#16395,.T.);
#16395 = EDGE_CURVE('',#16387,#16368,#16396,.T.);
#16396 = LINE('',#16397,#16398);
#16397 = CARTESIAN_POINT('',(24.8,5.15,1.51));
#16398 = VECTOR('',#16399,1.);
#16399 = DIRECTION('',(0.,-1.,0.));
#16400 = FACE_BOUND('',#16401,.T.);
#16401 = EDGE_LOOP('',(#16402,#16413,#16421,#16430));
#16402 = ORIENTED_EDGE('',*,*,#16403,.T.);
#16403 = EDGE_CURVE('',#16404,#16406,#16408,.T.);
#16404 = VERTEX_POINT('',#16405);
#16405 = CARTESIAN_POINT('',(47.55,6.95,1.51));
#16406 = VERTEX_POINT('',#16407);
#16407 = CARTESIAN_POINT('',(47.55,7.55,1.51));
#16408 = CIRCLE('',#16409,0.3);
#16409 = AXIS2_PLACEMENT_3D('',#16410,#16411,#16412);
#16410 = CARTESIAN_POINT('',(47.55,7.25,1.51));
#16411 = DIRECTION('',(-0.,0.,-1.));
#16412 = DIRECTION('',(0.,1.,0.));
#16413 = ORIENTED_EDGE('',*,*,#16414,.T.);
#16414 = EDGE_CURVE('',#16406,#16415,#16417,.T.);
#16415 = VERTEX_POINT('',#16416);
#16416 = CARTESIAN_POINT('',(48.65,7.55,1.51));
#16417 = LINE('',#16418,#16419);
#16418 = CARTESIAN_POINT('',(24.325,7.55,1.51));
#16419 = VECTOR('',#16420,1.);
#16420 = DIRECTION('',(1.,0.,-0.));
#16421 = ORIENTED_EDGE('',*,*,#16422,.T.);
#16422 = EDGE_CURVE('',#16415,#16423,#16425,.T.);
#16423 = VERTEX_POINT('',#16424);
#16424 = CARTESIAN_POINT('',(48.65,6.95,1.51));
#16425 = CIRCLE('',#16426,0.3);
#16426 = AXIS2_PLACEMENT_3D('',#16427,#16428,#16429);
#16427 = CARTESIAN_POINT('',(48.65,7.25,1.51));
#16428 = DIRECTION('',(-0.,0.,-1.));
#16429 = DIRECTION('',(-0.,-1.,0.));
#16430 = ORIENTED_EDGE('',*,*,#16431,.T.);
#16431 = EDGE_CURVE('',#16423,#16404,#16432,.T.);
#16432 = LINE('',#16433,#16434);
#16433 = CARTESIAN_POINT('',(23.775,6.95,1.51));
#16434 = VECTOR('',#16435,1.);
#16435 = DIRECTION('',(-1.,0.,0.));
#16436 = FACE_BOUND('',#16437,.T.);
#16437 = EDGE_LOOP('',(#16438,#16449,#16457,#16466));
#16438 = ORIENTED_EDGE('',*,*,#16439,.T.);
#16439 = EDGE_CURVE('',#16440,#16442,#16444,.T.);
#16440 = VERTEX_POINT('',#16441);
#16441 = CARTESIAN_POINT('',(38.3,10.3,1.51));
#16442 = VERTEX_POINT('',#16443);
#16443 = CARTESIAN_POINT('',(37.7,10.3,1.51));
#16444 = CIRCLE('',#16445,0.3);
#16445 = AXIS2_PLACEMENT_3D('',#16446,#16447,#16448);
#16446 = CARTESIAN_POINT('',(38.,10.3,1.51));
#16447 = DIRECTION('',(-0.,0.,-1.));
#16448 = DIRECTION('',(-1.,1.184237892934E-14,0.));
#16449 = ORIENTED_EDGE('',*,*,#16450,.T.);
#16450 = EDGE_CURVE('',#16442,#16451,#16453,.T.);
#16451 = VERTEX_POINT('',#16452);
#16452 = CARTESIAN_POINT('',(37.7,11.4,1.51));
#16453 = LINE('',#16454,#16455);
#16454 = CARTESIAN_POINT('',(37.7,5.7,1.51));
#16455 = VECTOR('',#16456,1.);
#16456 = DIRECTION('',(-0.,1.,0.));
#16457 = ORIENTED_EDGE('',*,*,#16458,.T.);
#16458 = EDGE_CURVE('',#16451,#16459,#16461,.T.);
#16459 = VERTEX_POINT('',#16460);
#16460 = CARTESIAN_POINT('',(38.3,11.4,1.51));
#16461 = CIRCLE('',#16462,0.3);
#16462 = AXIS2_PLACEMENT_3D('',#16463,#16464,#16465);
#16463 = CARTESIAN_POINT('',(38.,11.4,1.51));
#16464 = DIRECTION('',(0.,-0.,-1.));
#16465 = DIRECTION('',(1.,-5.921189464668E-15,0.));
#16466 = ORIENTED_EDGE('',*,*,#16467,.T.);
#16467 = EDGE_CURVE('',#16459,#16440,#16468,.T.);
#16468 = LINE('',#16469,#16470);
#16469 = CARTESIAN_POINT('',(38.3,5.15,1.51));
#16470 = VECTOR('',#16471,1.);
#16471 = DIRECTION('',(0.,-1.,0.));
#16472 = PLANE('',#16473);
#16473 = AXIS2_PLACEMENT_3D('',#16474,#16475,#16476);
#16474 = CARTESIAN_POINT('',(0.,0.,1.51));
#16475 = DIRECTION('',(0.,0.,1.));
#16476 = DIRECTION('',(1.,0.,-0.));
#16477 = ADVANCED_FACE('',(#16478),#16489,.T.);
#16478 = FACE_BOUND('',#16479,.T.);
#16479 = EDGE_LOOP('',(#16480,#16486,#16487,#16488));
#16480 = ORIENTED_EDGE('',*,*,#16481,.T.);
#16481 = EDGE_CURVE('',#15104,#15810,#16482,.T.);
#16482 = LINE('',#16483,#16484);
#16483 = CARTESIAN_POINT('',(50.,12.5,0.));
#16484 = VECTOR('',#16485,1.);
#16485 = DIRECTION('',(0.,0.,1.));
#16486 = ORIENTED_EDGE('',*,*,#15809,.T.);
#16487 = ORIENTED_EDGE('',*,*,#15072,.F.);
#16488 = ORIENTED_EDGE('',*,*,#15103,.F.);
#16489 = PLANE('',#16490);
#16490 = AXIS2_PLACEMENT_3D('',#16491,#16492,#16493);
#16491 = CARTESIAN_POINT('',(50.,12.5,0.));
#16492 = DIRECTION('',(1.,0.,-0.));
#16493 = DIRECTION('',(0.,-1.,0.));
#16494 = ADVANCED_FACE('',(#16495),#16506,.T.);
#16495 = FACE_BOUND('',#16496,.T.);
#16496 = EDGE_LOOP('',(#16497,#16498,#16499,#16500));
#16497 = ORIENTED_EDGE('',*,*,#15196,.F.);
#16498 = ORIENTED_EDGE('',*,*,#15793,.F.);
#16499 = ORIENTED_EDGE('',*,*,#15902,.T.);
#16500 = ORIENTED_EDGE('',*,*,#16501,.T.);
#16501 = EDGE_CURVE('',#15894,#15188,#16502,.T.);
#16502 = LINE('',#16503,#16504);
#16503 = CARTESIAN_POINT('',(-35.4,-12.5,-4.6E-02));
#16504 = VECTOR('',#16505,1.);
#16505 = DIRECTION('',(-0.,-0.,-1.));
#16506 = PLANE('',#16507);
#16507 = AXIS2_PLACEMENT_3D('',#16508,#16509,#16510);
#16508 = CARTESIAN_POINT('',(50.,-12.5,0.));
#16509 = DIRECTION('',(0.,-1.,0.));
#16510 = DIRECTION('',(-1.,0.,0.));
#16511 = ADVANCED_FACE('',(#16512),#16523,.F.);
#16512 = FACE_BOUND('',#16513,.T.);
#16513 = EDGE_LOOP('',(#16514,#16515,#16516,#16522));
#16514 = ORIENTED_EDGE('',*,*,#16501,.F.);
#16515 = ORIENTED_EDGE('',*,*,#15893,.F.);
#16516 = ORIENTED_EDGE('',*,*,#16517,.T.);
#16517 = EDGE_CURVE('',#15886,#15180,#16518,.T.);
#16518 = LINE('',#16519,#16520);
#16519 = CARTESIAN_POINT('',(-38.6,-12.5,-4.6E-02));
#16520 = VECTOR('',#16521,1.);
#16521 = DIRECTION('',(-0.,-0.,-1.));
#16522 = ORIENTED_EDGE('',*,*,#15187,.T.);
#16523 = CYLINDRICAL_SURFACE('',#16524,1.6);
#16524 = AXIS2_PLACEMENT_3D('',#16525,#16526,#16527);
#16525 = CARTESIAN_POINT('',(-37.,-12.5,-4.6E-02));
#16526 = DIRECTION('',(-0.,-0.,-1.));
#16527 = DIRECTION('',(-0.,-1.,0.));
#16528 = ADVANCED_FACE('',(#16529),#16540,.T.);
#16529 = FACE_BOUND('',#16530,.T.);
#16530 = EDGE_LOOP('',(#16531,#16532,#16533,#16534));
#16531 = ORIENTED_EDGE('',*,*,#15179,.F.);
#16532 = ORIENTED_EDGE('',*,*,#16517,.F.);
#16533 = ORIENTED_EDGE('',*,*,#15885,.T.);
#16534 = ORIENTED_EDGE('',*,*,#16535,.F.);
#16535 = EDGE_CURVE('',#15172,#15878,#16536,.T.);
#16536 = LINE('',#16537,#16538);
#16537 = CARTESIAN_POINT('',(-50.,-12.5,0.));
#16538 = VECTOR('',#16539,1.);
#16539 = DIRECTION('',(0.,0.,1.));
#16540 = PLANE('',#16541);
#16541 = AXIS2_PLACEMENT_3D('',#16542,#16543,#16544);
#16542 = CARTESIAN_POINT('',(50.,-12.5,0.));
#16543 = DIRECTION('',(0.,-1.,0.));
#16544 = DIRECTION('',(-1.,0.,0.));
#16545 = ADVANCED_FACE('',(#16546),#16557,.T.);
#16546 = FACE_BOUND('',#16547,.T.);
#16547 = EDGE_LOOP('',(#16548,#16549,#16550,#16556));
#16548 = ORIENTED_EDGE('',*,*,#16535,.T.);
#16549 = ORIENTED_EDGE('',*,*,#15877,.T.);
#16550 = ORIENTED_EDGE('',*,*,#16551,.F.);
#16551 = EDGE_CURVE('',#15164,#15870,#16552,.T.);
#16552 = LINE('',#16553,#16554);
#16553 = CARTESIAN_POINT('',(-50.,12.5,0.));
#16554 = VECTOR('',#16555,1.);
#16555 = DIRECTION('',(0.,0.,1.));
#16556 = ORIENTED_EDGE('',*,*,#15171,.F.);
#16557 = PLANE('',#16558);
#16558 = AXIS2_PLACEMENT_3D('',#16559,#16560,#16561);
#16559 = CARTESIAN_POINT('',(-50.,-12.5,0.));
#16560 = DIRECTION('',(-1.,0.,0.));
#16561 = DIRECTION('',(0.,1.,0.));
#16562 = ADVANCED_FACE('',(#16563),#16574,.T.);
#16563 = FACE_BOUND('',#16564,.T.);
#16564 = EDGE_LOOP('',(#16565,#16566,#16567,#16568));
#16565 = ORIENTED_EDGE('',*,*,#15163,.F.);
#16566 = ORIENTED_EDGE('',*,*,#16551,.T.);
#16567 = ORIENTED_EDGE('',*,*,#15869,.T.);
#16568 = ORIENTED_EDGE('',*,*,#16569,.T.);
#16569 = EDGE_CURVE('',#15861,#15155,#16570,.T.);
#16570 = LINE('',#16571,#16572);
#16571 = CARTESIAN_POINT('',(-38.6,12.5,-4.6E-02));
#16572 = VECTOR('',#16573,1.);
#16573 = DIRECTION('',(-0.,-0.,-1.));
#16574 = PLANE('',#16575);
#16575 = AXIS2_PLACEMENT_3D('',#16576,#16577,#16578);
#16576 = CARTESIAN_POINT('',(-50.,12.5,0.));
#16577 = DIRECTION('',(0.,1.,0.));
#16578 = DIRECTION('',(1.,0.,0.));
#16579 = ADVANCED_FACE('',(#16580),#16591,.F.);
#16580 = FACE_BOUND('',#16581,.T.);
#16581 = EDGE_LOOP('',(#16582,#16588,#16589,#16590));
#16582 = ORIENTED_EDGE('',*,*,#16583,.F.);
#16583 = EDGE_CURVE('',#15146,#15852,#16584,.T.);
#16584 = LINE('',#16585,#16586);
#16585 = CARTESIAN_POINT('',(-37.,10.9,-4.6E-02));
#16586 = VECTOR('',#16587,1.);
#16587 = DIRECTION('',(0.,0.,1.));
#16588 = ORIENTED_EDGE('',*,*,#15154,.T.);
#16589 = ORIENTED_EDGE('',*,*,#16569,.F.);
#16590 = ORIENTED_EDGE('',*,*,#15860,.F.);
#16591 = CYLINDRICAL_SURFACE('',#16592,1.6);
#16592 = AXIS2_PLACEMENT_3D('',#16593,#16594,#16595);
#16593 = CARTESIAN_POINT('',(-37.,12.5,-4.6E-02));
#16594 = DIRECTION('',(-0.,-0.,-1.));
#16595 = DIRECTION('',(-0.,-1.,0.));
#16596 = ADVANCED_FACE('',(#16597),#16608,.F.);
#16597 = FACE_BOUND('',#16598,.T.);
#16598 = EDGE_LOOP('',(#16599,#16600,#16601,#16602));
#16599 = ORIENTED_EDGE('',*,*,#15145,.T.);
#16600 = ORIENTED_EDGE('',*,*,#16583,.T.);
#16601 = ORIENTED_EDGE('',*,*,#15851,.F.);
#16602 = ORIENTED_EDGE('',*,*,#16603,.T.);
#16603 = EDGE_CURVE('',#15844,#15138,#16604,.T.);
#16604 = LINE('',#16605,#16606);
#16605 = CARTESIAN_POINT('',(-35.4,12.5,-4.6E-02));
#16606 = VECTOR('',#16607,1.);
#16607 = DIRECTION('',(-0.,-0.,-1.));
#16608 = CYLINDRICAL_SURFACE('',#16609,1.6);
#16609 = AXIS2_PLACEMENT_3D('',#16610,#16611,#16612);
#16610 = CARTESIAN_POINT('',(-37.,12.5,-4.6E-02));
#16611 = DIRECTION('',(-0.,-0.,-1.));
#16612 = DIRECTION('',(-0.,-1.,0.));
#16613 = ADVANCED_FACE('',(#16614),#16625,.T.);
#16614 = FACE_BOUND('',#16615,.T.);
#16615 = EDGE_LOOP('',(#16616,#16617,#16618,#16619));
#16616 = ORIENTED_EDGE('',*,*,#15137,.F.);
#16617 = ORIENTED_EDGE('',*,*,#16603,.F.);
#16618 = ORIENTED_EDGE('',*,*,#15843,.T.);
#16619 = ORIENTED_EDGE('',*,*,#16620,.T.);
#16620 = EDGE_CURVE('',#15835,#15129,#16621,.T.);
#16621 = LINE('',#16622,#16623);
#16622 = CARTESIAN_POINT('',(44.4,12.5,-4.6E-02));
#16623 = VECTOR('',#16624,1.);
#16624 = DIRECTION('',(-0.,-0.,-1.));
#16625 = PLANE('',#16626);
#16626 = AXIS2_PLACEMENT_3D('',#16627,#16628,#16629);
#16627 = CARTESIAN_POINT('',(-50.,12.5,0.));
#16628 = DIRECTION('',(0.,1.,0.));
#16629 = DIRECTION('',(1.,0.,0.));
#16630 = ADVANCED_FACE('',(#16631),#16642,.F.);
#16631 = FACE_BOUND('',#16632,.T.);
#16632 = EDGE_LOOP('',(#16633,#16639,#16640,#16641));
#16633 = ORIENTED_EDGE('',*,*,#16634,.F.);
#16634 = EDGE_CURVE('',#15120,#15826,#16635,.T.);
#16635 = LINE('',#16636,#16637);
#16636 = CARTESIAN_POINT('',(46.,10.9,-4.6E-02));
#16637 = VECTOR('',#16638,1.);
#16638 = DIRECTION('',(0.,0.,1.));
#16639 = ORIENTED_EDGE('',*,*,#15128,.T.);
#16640 = ORIENTED_EDGE('',*,*,#16620,.F.);
#16641 = ORIENTED_EDGE('',*,*,#15834,.F.);
#16642 = CYLINDRICAL_SURFACE('',#16643,1.6);
#16643 = AXIS2_PLACEMENT_3D('',#16644,#16645,#16646);
#16644 = CARTESIAN_POINT('',(46.,12.5,-4.6E-02));
#16645 = DIRECTION('',(-0.,-0.,-1.));
#16646 = DIRECTION('',(-0.,-1.,0.));
#16647 = ADVANCED_FACE('',(#16648),#16659,.F.);
#16648 = FACE_BOUND('',#16649,.T.);
#16649 = EDGE_LOOP('',(#16650,#16651,#16652,#16653));
#16650 = ORIENTED_EDGE('',*,*,#15119,.T.);
#16651 = ORIENTED_EDGE('',*,*,#16634,.T.);
#16652 = ORIENTED_EDGE('',*,*,#15825,.F.);
#16653 = ORIENTED_EDGE('',*,*,#16654,.T.);
#16654 = EDGE_CURVE('',#15818,#15112,#16655,.T.);
#16655 = LINE('',#16656,#16657);
#16656 = CARTESIAN_POINT('',(47.6,12.5,-4.6E-02));
#16657 = VECTOR('',#16658,1.);
#16658 = DIRECTION('',(-0.,-0.,-1.));
#16659 = CYLINDRICAL_SURFACE('',#16660,1.6);
#16660 = AXIS2_PLACEMENT_3D('',#16661,#16662,#16663);
#16661 = CARTESIAN_POINT('',(46.,12.5,-4.6E-02));
#16662 = DIRECTION('',(-0.,-0.,-1.));
#16663 = DIRECTION('',(-0.,-1.,0.));
#16664 = ADVANCED_FACE('',(#16665),#16671,.T.);
#16665 = FACE_BOUND('',#16666,.T.);
#16666 = EDGE_LOOP('',(#16667,#16668,#16669,#16670));
#16667 = ORIENTED_EDGE('',*,*,#15111,.F.);
#16668 = ORIENTED_EDGE('',*,*,#16654,.F.);
#16669 = ORIENTED_EDGE('',*,*,#15817,.T.);
#16670 = ORIENTED_EDGE('',*,*,#16481,.F.);
#16671 = PLANE('',#16672);
#16672 = AXIS2_PLACEMENT_3D('',#16673,#16674,#16675);
#16673 = CARTESIAN_POINT('',(-50.,12.5,0.));
#16674 = DIRECTION('',(0.,1.,0.));
#16675 = DIRECTION('',(1.,0.,0.));
#16676 = ADVANCED_FACE('',(#16677),#16693,.F.);
#16677 = FACE_BOUND('',#16678,.T.);
#16678 = EDGE_LOOP('',(#16679,#16680,#16686,#16687));
#16679 = ORIENTED_EDGE('',*,*,#15213,.T.);
#16680 = ORIENTED_EDGE('',*,*,#16681,.T.);
#16681 = EDGE_CURVE('',#15216,#15914,#16682,.T.);
#16682 = LINE('',#16683,#16684);
#16683 = CARTESIAN_POINT('',(-38.3,-6.55,-4.6E-02));
#16684 = VECTOR('',#16685,1.);
#16685 = DIRECTION('',(0.,0.,1.));
#16686 = ORIENTED_EDGE('',*,*,#15911,.F.);
#16687 = ORIENTED_EDGE('',*,*,#16688,.F.);
#16688 = EDGE_CURVE('',#15214,#15912,#16689,.T.);
#16689 = LINE('',#16690,#16691);
#16690 = CARTESIAN_POINT('',(-38.3,-5.95,-4.6E-02));
#16691 = VECTOR('',#16692,1.);
#16692 = DIRECTION('',(0.,0.,1.));
#16693 = CYLINDRICAL_SURFACE('',#16694,0.3);
#16694 = AXIS2_PLACEMENT_3D('',#16695,#16696,#16697);
#16695 = CARTESIAN_POINT('',(-38.3,-6.25,-4.6E-02));
#16696 = DIRECTION('',(-0.,-0.,-1.));
#16697 = DIRECTION('',(-0.,-1.,0.));
#16698 = ADVANCED_FACE('',(#16699),#16710,.T.);
#16699 = FACE_BOUND('',#16700,.T.);
#16700 = EDGE_LOOP('',(#16701,#16702,#16703,#16704));
#16701 = ORIENTED_EDGE('',*,*,#15241,.T.);
#16702 = ORIENTED_EDGE('',*,*,#16688,.T.);
#16703 = ORIENTED_EDGE('',*,*,#15939,.F.);
#16704 = ORIENTED_EDGE('',*,*,#16705,.F.);
#16705 = EDGE_CURVE('',#15233,#15931,#16706,.T.);
#16706 = LINE('',#16707,#16708);
#16707 = CARTESIAN_POINT('',(-39.4,-5.95,-4.6E-02));
#16708 = VECTOR('',#16709,1.);
#16709 = DIRECTION('',(0.,0.,1.));
#16710 = PLANE('',#16711);
#16711 = AXIS2_PLACEMENT_3D('',#16712,#16713,#16714);
#16712 = CARTESIAN_POINT('',(-38.3,-5.95,-4.6E-02));
#16713 = DIRECTION('',(0.,-1.,0.));
#16714 = DIRECTION('',(-1.,0.,0.));
#16715 = ADVANCED_FACE('',(#16716),#16727,.F.);
#16716 = FACE_BOUND('',#16717,.T.);
#16717 = EDGE_LOOP('',(#16718,#16719,#16720,#16721));
#16718 = ORIENTED_EDGE('',*,*,#15232,.T.);
#16719 = ORIENTED_EDGE('',*,*,#16705,.T.);
#16720 = ORIENTED_EDGE('',*,*,#15930,.F.);
#16721 = ORIENTED_EDGE('',*,*,#16722,.F.);
#16722 = EDGE_CURVE('',#15225,#15923,#16723,.T.);
#16723 = LINE('',#16724,#16725);
#16724 = CARTESIAN_POINT('',(-39.4,-6.55,-4.6E-02));
#16725 = VECTOR('',#16726,1.);
#16726 = DIRECTION('',(0.,0.,1.));
#16727 = CYLINDRICAL_SURFACE('',#16728,0.3);
#16728 = AXIS2_PLACEMENT_3D('',#16729,#16730,#16731);
#16729 = CARTESIAN_POINT('',(-39.4,-6.25,-4.6E-02));
#16730 = DIRECTION('',(-0.,0.,-1.));
#16731 = DIRECTION('',(0.,1.,0.));
#16732 = ADVANCED_FACE('',(#16733),#16739,.T.);
#16733 = FACE_BOUND('',#16734,.T.);
#16734 = EDGE_LOOP('',(#16735,#16736,#16737,#16738));
#16735 = ORIENTED_EDGE('',*,*,#15224,.T.);
#16736 = ORIENTED_EDGE('',*,*,#16722,.T.);
#16737 = ORIENTED_EDGE('',*,*,#15922,.F.);
#16738 = ORIENTED_EDGE('',*,*,#16681,.F.);
#16739 = PLANE('',#16740);
#16740 = AXIS2_PLACEMENT_3D('',#16741,#16742,#16743);
#16741 = CARTESIAN_POINT('',(-39.4,-6.55,-4.6E-02));
#16742 = DIRECTION('',(0.,1.,0.));
#16743 = DIRECTION('',(1.,0.,0.));
#16744 = ADVANCED_FACE('',(#16745),#16756,.F.);
#16745 = FACE_BOUND('',#16746,.T.);
#16746 = EDGE_LOOP('',(#16747,#16748,#16754,#16755));
#16747 = ORIENTED_EDGE('',*,*,#15249,.T.);
#16748 = ORIENTED_EDGE('',*,*,#16749,.T.);
#16749 = EDGE_CURVE('',#15250,#15948,#16750,.T.);
#16750 = LINE('',#16751,#16752);
#16751 = CARTESIAN_POINT('',(-32.85,-4.45,-4.6E-02));
#16752 = VECTOR('',#16753,1.);
#16753 = DIRECTION('',(0.,0.,1.));
#16754 = ORIENTED_EDGE('',*,*,#15947,.F.);
#16755 = ORIENTED_EDGE('',*,*,#16749,.F.);
#16756 = CYLINDRICAL_SURFACE('',#16757,1.35);
#16757 = AXIS2_PLACEMENT_3D('',#16758,#16759,#16760);
#16758 = CARTESIAN_POINT('',(-32.85,-3.1,-4.6E-02));
#16759 = DIRECTION('',(-0.,-0.,-1.));
#16760 = DIRECTION('',(-0.,-1.,0.));
#16761 = ADVANCED_FACE('',(#16762),#16778,.F.);
#16762 = FACE_BOUND('',#16763,.T.);
#16763 = EDGE_LOOP('',(#16764,#16765,#16771,#16772));
#16764 = ORIENTED_EDGE('',*,*,#15260,.T.);
#16765 = ORIENTED_EDGE('',*,*,#16766,.T.);
#16766 = EDGE_CURVE('',#15263,#15961,#16767,.T.);
#16767 = LINE('',#16768,#16769);
#16768 = CARTESIAN_POINT('',(47.55,-5.95,-4.6E-02));
#16769 = VECTOR('',#16770,1.);
#16770 = DIRECTION('',(0.,0.,1.));
#16771 = ORIENTED_EDGE('',*,*,#15958,.F.);
#16772 = ORIENTED_EDGE('',*,*,#16773,.F.);
#16773 = EDGE_CURVE('',#15261,#15959,#16774,.T.);
#16774 = LINE('',#16775,#16776);
#16775 = CARTESIAN_POINT('',(47.55,-6.55,-4.6E-02));
#16776 = VECTOR('',#16777,1.);
#16777 = DIRECTION('',(0.,0.,1.));
#16778 = CYLINDRICAL_SURFACE('',#16779,0.3);
#16779 = AXIS2_PLACEMENT_3D('',#16780,#16781,#16782);
#16780 = CARTESIAN_POINT('',(47.55,-6.25,-4.6E-02));
#16781 = DIRECTION('',(-0.,0.,-1.));
#16782 = DIRECTION('',(0.,1.,0.));
#16783 = ADVANCED_FACE('',(#16784),#16795,.T.);
#16784 = FACE_BOUND('',#16785,.T.);
#16785 = EDGE_LOOP('',(#16786,#16787,#16788,#16789));
#16786 = ORIENTED_EDGE('',*,*,#15288,.T.);
#16787 = ORIENTED_EDGE('',*,*,#16773,.T.);
#16788 = ORIENTED_EDGE('',*,*,#15986,.F.);
#16789 = ORIENTED_EDGE('',*,*,#16790,.F.);
#16790 = EDGE_CURVE('',#15280,#15978,#16791,.T.);
#16791 = LINE('',#16792,#16793);
#16792 = CARTESIAN_POINT('',(48.65,-6.55,-4.6E-02));
#16793 = VECTOR('',#16794,1.);
#16794 = DIRECTION('',(0.,0.,1.));
#16795 = PLANE('',#16796);
#16796 = AXIS2_PLACEMENT_3D('',#16797,#16798,#16799);
#16797 = CARTESIAN_POINT('',(47.55,-6.55,-4.6E-02));
#16798 = DIRECTION('',(0.,1.,0.));
#16799 = DIRECTION('',(1.,0.,0.));
#16800 = ADVANCED_FACE('',(#16801),#16812,.F.);
#16801 = FACE_BOUND('',#16802,.T.);
#16802 = EDGE_LOOP('',(#16803,#16804,#16805,#16806));
#16803 = ORIENTED_EDGE('',*,*,#15279,.T.);
#16804 = ORIENTED_EDGE('',*,*,#16790,.T.);
#16805 = ORIENTED_EDGE('',*,*,#15977,.F.);
#16806 = ORIENTED_EDGE('',*,*,#16807,.F.);
#16807 = EDGE_CURVE('',#15272,#15970,#16808,.T.);
#16808 = LINE('',#16809,#16810);
#16809 = CARTESIAN_POINT('',(48.65,-5.95,-4.6E-02));
#16810 = VECTOR('',#16811,1.);
#16811 = DIRECTION('',(0.,0.,1.));
#16812 = CYLINDRICAL_SURFACE('',#16813,0.3);
#16813 = AXIS2_PLACEMENT_3D('',#16814,#16815,#16816);
#16814 = CARTESIAN_POINT('',(48.65,-6.25,-4.6E-02));
#16815 = DIRECTION('',(-0.,-0.,-1.));
#16816 = DIRECTION('',(-0.,-1.,0.));
#16817 = ADVANCED_FACE('',(#16818),#16824,.T.);
#16818 = FACE_BOUND('',#16819,.T.);
#16819 = EDGE_LOOP('',(#16820,#16821,#16822,#16823));
#16820 = ORIENTED_EDGE('',*,*,#15271,.T.);
#16821 = ORIENTED_EDGE('',*,*,#16807,.T.);
#16822 = ORIENTED_EDGE('',*,*,#15969,.F.);
#16823 = ORIENTED_EDGE('',*,*,#16766,.F.);
#16824 = PLANE('',#16825);
#16825 = AXIS2_PLACEMENT_3D('',#16826,#16827,#16828);
#16826 = CARTESIAN_POINT('',(48.65,-5.95,-4.6E-02));
#16827 = DIRECTION('',(0.,-1.,0.));
#16828 = DIRECTION('',(-1.,0.,0.));
#16829 = ADVANCED_FACE('',(#16830),#16841,.F.);
#16830 = FACE_BOUND('',#16831,.T.);
#16831 = EDGE_LOOP('',(#16832,#16833,#16839,#16840));
#16832 = ORIENTED_EDGE('',*,*,#15296,.T.);
#16833 = ORIENTED_EDGE('',*,*,#16834,.T.);
#16834 = EDGE_CURVE('',#15297,#15995,#16835,.T.);
#16835 = LINE('',#16836,#16837);
#16836 = CARTESIAN_POINT('',(42.1,-4.45,-4.6E-02));
#16837 = VECTOR('',#16838,1.);
#16838 = DIRECTION('',(0.,0.,1.));
#16839 = ORIENTED_EDGE('',*,*,#15994,.F.);
#16840 = ORIENTED_EDGE('',*,*,#16834,.F.);
#16841 = CYLINDRICAL_SURFACE('',#16842,1.35);
#16842 = AXIS2_PLACEMENT_3D('',#16843,#16844,#16845);
#16843 = CARTESIAN_POINT('',(42.1,-3.1,-4.6E-02));
#16844 = DIRECTION('',(-0.,-0.,-1.));
#16845 = DIRECTION('',(-0.,-1.,0.));
#16846 = ADVANCED_FACE('',(#16847),#16858,.F.);
#16847 = FACE_BOUND('',#16848,.T.);
#16848 = EDGE_LOOP('',(#16849,#16850,#16856,#16857));
#16849 = ORIENTED_EDGE('',*,*,#15307,.T.);
#16850 = ORIENTED_EDGE('',*,*,#16851,.T.);
#16851 = EDGE_CURVE('',#15308,#16006,#16852,.T.);
#16852 = LINE('',#16853,#16854);
#16853 = CARTESIAN_POINT('',(-32.85,2.75,-4.6E-02));
#16854 = VECTOR('',#16855,1.);
#16855 = DIRECTION('',(0.,0.,1.));
#16856 = ORIENTED_EDGE('',*,*,#16005,.F.);
#16857 = ORIENTED_EDGE('',*,*,#16851,.F.);
#16858 = CYLINDRICAL_SURFACE('',#16859,1.35);
#16859 = AXIS2_PLACEMENT_3D('',#16860,#16861,#16862);
#16860 = CARTESIAN_POINT('',(-32.85,4.1,-4.6E-02));
#16861 = DIRECTION('',(-0.,-0.,-1.));
#16862 = DIRECTION('',(-0.,-1.,0.));
#16863 = ADVANCED_FACE('',(#16864),#16875,.F.);
#16864 = FACE_BOUND('',#16865,.T.);
#16865 = EDGE_LOOP('',(#16866,#16867,#16873,#16874));
#16866 = ORIENTED_EDGE('',*,*,#15318,.T.);
#16867 = ORIENTED_EDGE('',*,*,#16868,.T.);
#16868 = EDGE_CURVE('',#15319,#16017,#16869,.T.);
#16869 = LINE('',#16870,#16871);
#16870 = CARTESIAN_POINT('',(-25.6,3.5,-4.6E-02));
#16871 = VECTOR('',#16872,1.);
#16872 = DIRECTION('',(0.,0.,1.));
#16873 = ORIENTED_EDGE('',*,*,#16016,.F.);
#16874 = ORIENTED_EDGE('',*,*,#16868,.F.);
#16875 = CYLINDRICAL_SURFACE('',#16876,1.35);
#16876 = AXIS2_PLACEMENT_3D('',#16877,#16878,#16879);
#16877 = CARTESIAN_POINT('',(-25.6,4.85,-4.6E-02));
#16878 = DIRECTION('',(-0.,-0.,-1.));
#16879 = DIRECTION('',(-0.,-1.,0.));
#16880 = ADVANCED_FACE('',(#16881),#16892,.F.);
#16881 = FACE_BOUND('',#16882,.T.);
#16882 = EDGE_LOOP('',(#16883,#16884,#16890,#16891));
#16883 = ORIENTED_EDGE('',*,*,#15329,.T.);
#16884 = ORIENTED_EDGE('',*,*,#16885,.T.);
#16885 = EDGE_CURVE('',#15330,#16028,#16886,.T.);
#16886 = LINE('',#16887,#16888);
#16887 = CARTESIAN_POINT('',(-18.4,3.5,-4.6E-02));
#16888 = VECTOR('',#16889,1.);
#16889 = DIRECTION('',(0.,0.,1.));
#16890 = ORIENTED_EDGE('',*,*,#16027,.F.);
#16891 = ORIENTED_EDGE('',*,*,#16885,.F.);
#16892 = CYLINDRICAL_SURFACE('',#16893,1.35);
#16893 = AXIS2_PLACEMENT_3D('',#16894,#16895,#16896);
#16894 = CARTESIAN_POINT('',(-18.4,4.85,-4.6E-02));
#16895 = DIRECTION('',(-0.,-0.,-1.));
#16896 = DIRECTION('',(-0.,-1.,0.));
#16897 = ADVANCED_FACE('',(#16898),#16909,.F.);
#16898 = FACE_BOUND('',#16899,.T.);
#16899 = EDGE_LOOP('',(#16900,#16901,#16907,#16908));
#16900 = ORIENTED_EDGE('',*,*,#15340,.T.);
#16901 = ORIENTED_EDGE('',*,*,#16902,.T.);
#16902 = EDGE_CURVE('',#15341,#16039,#16903,.T.);
#16903 = LINE('',#16904,#16905);
#16904 = CARTESIAN_POINT('',(-7.85,3.5,-4.6E-02));
#16905 = VECTOR('',#16906,1.);
#16906 = DIRECTION('',(0.,0.,1.));
#16907 = ORIENTED_EDGE('',*,*,#16038,.F.);
#16908 = ORIENTED_EDGE('',*,*,#16902,.F.);
#16909 = CYLINDRICAL_SURFACE('',#16910,1.35);
#16910 = AXIS2_PLACEMENT_3D('',#16911,#16912,#16913);
#16911 = CARTESIAN_POINT('',(-7.85,4.85,-4.6E-02));
#16912 = DIRECTION('',(-0.,-0.,-1.));
#16913 = DIRECTION('',(-0.,-1.,0.));
#16914 = ADVANCED_FACE('',(#16915),#16926,.F.);
#16915 = FACE_BOUND('',#16916,.T.);
#16916 = EDGE_LOOP('',(#16917,#16918,#16924,#16925));
#16917 = ORIENTED_EDGE('',*,*,#15351,.T.);
#16918 = ORIENTED_EDGE('',*,*,#16919,.T.);
#16919 = EDGE_CURVE('',#15352,#16050,#16920,.T.);
#16920 = LINE('',#16921,#16922);
#16921 = CARTESIAN_POINT('',(-0.65,3.5,-4.6E-02));
#16922 = VECTOR('',#16923,1.);
#16923 = DIRECTION('',(0.,0.,1.));
#16924 = ORIENTED_EDGE('',*,*,#16049,.F.);
#16925 = ORIENTED_EDGE('',*,*,#16919,.F.);
#16926 = CYLINDRICAL_SURFACE('',#16927,1.35);
#16927 = AXIS2_PLACEMENT_3D('',#16928,#16929,#16930);
#16928 = CARTESIAN_POINT('',(-0.65,4.85,-4.6E-02));
#16929 = DIRECTION('',(-0.,0.,-1.));
#16930 = DIRECTION('',(8.223874256483E-17,-1.,-0.));
#16931 = ADVANCED_FACE('',(#16932),#16948,.F.);
#16932 = FACE_BOUND('',#16933,.T.);
#16933 = EDGE_LOOP('',(#16934,#16935,#16941,#16942));
#16934 = ORIENTED_EDGE('',*,*,#15362,.T.);
#16935 = ORIENTED_EDGE('',*,*,#16936,.T.);
#16936 = EDGE_CURVE('',#15365,#16063,#16937,.T.);
#16937 = LINE('',#16938,#16939);
#16938 = CARTESIAN_POINT('',(-38.3,6.95,-4.6E-02));
#16939 = VECTOR('',#16940,1.);
#16940 = DIRECTION('',(0.,0.,1.));
#16941 = ORIENTED_EDGE('',*,*,#16060,.F.);
#16942 = ORIENTED_EDGE('',*,*,#16943,.F.);
#16943 = EDGE_CURVE('',#15363,#16061,#16944,.T.);
#16944 = LINE('',#16945,#16946);
#16945 = CARTESIAN_POINT('',(-38.3,7.55,-4.6E-02));
#16946 = VECTOR('',#16947,1.);
#16947 = DIRECTION('',(0.,0.,1.));
#16948 = CYLINDRICAL_SURFACE('',#16949,0.3);
#16949 = AXIS2_PLACEMENT_3D('',#16950,#16951,#16952);
#16950 = CARTESIAN_POINT('',(-38.3,7.25,-4.6E-02));
#16951 = DIRECTION('',(-0.,-0.,-1.));
#16952 = DIRECTION('',(-0.,-1.,0.));
#16953 = ADVANCED_FACE('',(#16954),#16965,.T.);
#16954 = FACE_BOUND('',#16955,.T.);
#16955 = EDGE_LOOP('',(#16956,#16957,#16958,#16959));
#16956 = ORIENTED_EDGE('',*,*,#15390,.T.);
#16957 = ORIENTED_EDGE('',*,*,#16943,.T.);
#16958 = ORIENTED_EDGE('',*,*,#16088,.F.);
#16959 = ORIENTED_EDGE('',*,*,#16960,.F.);
#16960 = EDGE_CURVE('',#15382,#16080,#16961,.T.);
#16961 = LINE('',#16962,#16963);
#16962 = CARTESIAN_POINT('',(-39.4,7.55,-4.6E-02));
#16963 = VECTOR('',#16964,1.);
#16964 = DIRECTION('',(0.,0.,1.));
#16965 = PLANE('',#16966);
#16966 = AXIS2_PLACEMENT_3D('',#16967,#16968,#16969);
#16967 = CARTESIAN_POINT('',(-38.3,7.55,-4.6E-02));
#16968 = DIRECTION('',(0.,-1.,0.));
#16969 = DIRECTION('',(-1.,0.,0.));
#16970 = ADVANCED_FACE('',(#16971),#16982,.F.);
#16971 = FACE_BOUND('',#16972,.T.);
#16972 = EDGE_LOOP('',(#16973,#16974,#16975,#16976));
#16973 = ORIENTED_EDGE('',*,*,#15381,.T.);
#16974 = ORIENTED_EDGE('',*,*,#16960,.T.);
#16975 = ORIENTED_EDGE('',*,*,#16079,.F.);
#16976 = ORIENTED_EDGE('',*,*,#16977,.F.);
#16977 = EDGE_CURVE('',#15374,#16072,#16978,.T.);
#16978 = LINE('',#16979,#16980);
#16979 = CARTESIAN_POINT('',(-39.4,6.95,-4.6E-02));
#16980 = VECTOR('',#16981,1.);
#16981 = DIRECTION('',(0.,0.,1.));
#16982 = CYLINDRICAL_SURFACE('',#16983,0.3);
#16983 = AXIS2_PLACEMENT_3D('',#16984,#16985,#16986);
#16984 = CARTESIAN_POINT('',(-39.4,7.25,-4.6E-02));
#16985 = DIRECTION('',(-0.,0.,-1.));
#16986 = DIRECTION('',(0.,1.,0.));
#16987 = ADVANCED_FACE('',(#16988),#16994,.T.);
#16988 = FACE_BOUND('',#16989,.T.);
#16989 = EDGE_LOOP('',(#16990,#16991,#16992,#16993));
#16990 = ORIENTED_EDGE('',*,*,#15373,.T.);
#16991 = ORIENTED_EDGE('',*,*,#16977,.T.);
#16992 = ORIENTED_EDGE('',*,*,#16071,.F.);
#16993 = ORIENTED_EDGE('',*,*,#16936,.F.);
#16994 = PLANE('',#16995);
#16995 = AXIS2_PLACEMENT_3D('',#16996,#16997,#16998);
#16996 = CARTESIAN_POINT('',(-39.4,6.95,-4.6E-02));
#16997 = DIRECTION('',(0.,1.,0.));
#16998 = DIRECTION('',(1.,0.,0.));
#16999 = ADVANCED_FACE('',(#17000),#17016,.F.);
#17000 = FACE_BOUND('',#17001,.T.);
#17001 = EDGE_LOOP('',(#17002,#17003,#17009,#17010));
#17002 = ORIENTED_EDGE('',*,*,#15398,.T.);
#17003 = ORIENTED_EDGE('',*,*,#17004,.T.);
#17004 = EDGE_CURVE('',#15401,#16099,#17005,.T.);
#17005 = LINE('',#17006,#17007);
#17006 = CARTESIAN_POINT('',(-29.05,10.3,-4.6E-02));
#17007 = VECTOR('',#17008,1.);
#17008 = DIRECTION('',(0.,0.,1.));
#17009 = ORIENTED_EDGE('',*,*,#16096,.F.);
#17010 = ORIENTED_EDGE('',*,*,#17011,.F.);
#17011 = EDGE_CURVE('',#15399,#16097,#17012,.T.);
#17012 = LINE('',#17013,#17014);
#17013 = CARTESIAN_POINT('',(-28.45,10.3,-4.6E-02));
#17014 = VECTOR('',#17015,1.);
#17015 = DIRECTION('',(0.,0.,1.));
#17016 = CYLINDRICAL_SURFACE('',#17017,0.3);
#17017 = AXIS2_PLACEMENT_3D('',#17018,#17019,#17020);
#17018 = CARTESIAN_POINT('',(-28.75,10.3,-4.6E-02));
#17019 = DIRECTION('',(-0.,-0.,-1.));
#17020 = DIRECTION('',(-1.,5.921189464667E-15,-0.));
#17021 = ADVANCED_FACE('',(#17022),#17033,.T.);
#17022 = FACE_BOUND('',#17023,.T.);
#17023 = EDGE_LOOP('',(#17024,#17025,#17026,#17027));
#17024 = ORIENTED_EDGE('',*,*,#15426,.T.);
#17025 = ORIENTED_EDGE('',*,*,#17011,.T.);
#17026 = ORIENTED_EDGE('',*,*,#16124,.F.);
#17027 = ORIENTED_EDGE('',*,*,#17028,.F.);
#17028 = EDGE_CURVE('',#15418,#16116,#17029,.T.);
#17029 = LINE('',#17030,#17031);
#17030 = CARTESIAN_POINT('',(-28.45,11.4,-4.6E-02));
#17031 = VECTOR('',#17032,1.);
#17032 = DIRECTION('',(0.,0.,1.));
#17033 = PLANE('',#17034);
#17034 = AXIS2_PLACEMENT_3D('',#17035,#17036,#17037);
#17035 = CARTESIAN_POINT('',(-28.45,10.3,-4.6E-02));
#17036 = DIRECTION('',(-1.,0.,0.));
#17037 = DIRECTION('',(0.,1.,0.));
#17038 = ADVANCED_FACE('',(#17039),#17050,.F.);
#17039 = FACE_BOUND('',#17040,.T.);
#17040 = EDGE_LOOP('',(#17041,#17042,#17043,#17044));
#17041 = ORIENTED_EDGE('',*,*,#15417,.T.);
#17042 = ORIENTED_EDGE('',*,*,#17028,.T.);
#17043 = ORIENTED_EDGE('',*,*,#16115,.F.);
#17044 = ORIENTED_EDGE('',*,*,#17045,.F.);
#17045 = EDGE_CURVE('',#15410,#16108,#17046,.T.);
#17046 = LINE('',#17047,#17048);
#17047 = CARTESIAN_POINT('',(-29.05,11.4,-4.6E-02));
#17048 = VECTOR('',#17049,1.);
#17049 = DIRECTION('',(0.,0.,1.));
#17050 = CYLINDRICAL_SURFACE('',#17051,0.3);
#17051 = AXIS2_PLACEMENT_3D('',#17052,#17053,#17054);
#17052 = CARTESIAN_POINT('',(-28.75,11.4,-4.6E-02));
#17053 = DIRECTION('',(-0.,-0.,-1.));
#17054 = DIRECTION('',(1.,-5.921189464667E-15,0.));
#17055 = ADVANCED_FACE('',(#17056),#17062,.T.);
#17056 = FACE_BOUND('',#17057,.T.);
#17057 = EDGE_LOOP('',(#17058,#17059,#17060,#17061));
#17058 = ORIENTED_EDGE('',*,*,#15409,.T.);
#17059 = ORIENTED_EDGE('',*,*,#17045,.T.);
#17060 = ORIENTED_EDGE('',*,*,#16107,.F.);
#17061 = ORIENTED_EDGE('',*,*,#17004,.F.);
#17062 = PLANE('',#17063);
#17063 = AXIS2_PLACEMENT_3D('',#17064,#17065,#17066);
#17064 = CARTESIAN_POINT('',(-29.05,11.4,-4.6E-02));
#17065 = DIRECTION('',(1.,0.,-0.));
#17066 = DIRECTION('',(0.,-1.,0.));
#17067 = ADVANCED_FACE('',(#17068),#17084,.F.);
#17068 = FACE_BOUND('',#17069,.T.);
#17069 = EDGE_LOOP('',(#17070,#17071,#17077,#17078));
#17070 = ORIENTED_EDGE('',*,*,#15434,.T.);
#17071 = ORIENTED_EDGE('',*,*,#17072,.T.);
#17072 = EDGE_CURVE('',#15437,#16135,#17073,.T.);
#17073 = LINE('',#17074,#17075);
#17074 = CARTESIAN_POINT('',(-15.55,10.3,-4.6E-02));
#17075 = VECTOR('',#17076,1.);
#17076 = DIRECTION('',(0.,0.,1.));
#17077 = ORIENTED_EDGE('',*,*,#16132,.F.);
#17078 = ORIENTED_EDGE('',*,*,#17079,.F.);
#17079 = EDGE_CURVE('',#15435,#16133,#17080,.T.);
#17080 = LINE('',#17081,#17082);
#17081 = CARTESIAN_POINT('',(-14.95,10.3,-4.6E-02));
#17082 = VECTOR('',#17083,1.);
#17083 = DIRECTION('',(0.,0.,1.));
#17084 = CYLINDRICAL_SURFACE('',#17085,0.3);
#17085 = AXIS2_PLACEMENT_3D('',#17086,#17087,#17088);
#17086 = CARTESIAN_POINT('',(-15.25,10.3,-4.6E-02));
#17087 = DIRECTION('',(-0.,-0.,-1.));
#17088 = DIRECTION('',(-1.,0.,-0.));
#17089 = ADVANCED_FACE('',(#17090),#17101,.T.);
#17090 = FACE_BOUND('',#17091,.T.);
#17091 = EDGE_LOOP('',(#17092,#17093,#17094,#17095));
#17092 = ORIENTED_EDGE('',*,*,#15462,.T.);
#17093 = ORIENTED_EDGE('',*,*,#17079,.T.);
#17094 = ORIENTED_EDGE('',*,*,#16160,.F.);
#17095 = ORIENTED_EDGE('',*,*,#17096,.F.);
#17096 = EDGE_CURVE('',#15454,#16152,#17097,.T.);
#17097 = LINE('',#17098,#17099);
#17098 = CARTESIAN_POINT('',(-14.95,11.4,-4.6E-02));
#17099 = VECTOR('',#17100,1.);
#17100 = DIRECTION('',(0.,0.,1.));
#17101 = PLANE('',#17102);
#17102 = AXIS2_PLACEMENT_3D('',#17103,#17104,#17105);
#17103 = CARTESIAN_POINT('',(-14.95,10.3,-4.6E-02));
#17104 = DIRECTION('',(-1.,0.,0.));
#17105 = DIRECTION('',(0.,1.,0.));
#17106 = ADVANCED_FACE('',(#17107),#17118,.F.);
#17107 = FACE_BOUND('',#17108,.T.);
#17108 = EDGE_LOOP('',(#17109,#17110,#17111,#17112));
#17109 = ORIENTED_EDGE('',*,*,#15453,.T.);
#17110 = ORIENTED_EDGE('',*,*,#17096,.T.);
#17111 = ORIENTED_EDGE('',*,*,#16151,.F.);
#17112 = ORIENTED_EDGE('',*,*,#17113,.F.);
#17113 = EDGE_CURVE('',#15446,#16144,#17114,.T.);
#17114 = LINE('',#17115,#17116);
#17115 = CARTESIAN_POINT('',(-15.55,11.4,-4.6E-02));
#17116 = VECTOR('',#17117,1.);
#17117 = DIRECTION('',(0.,0.,1.));
#17118 = CYLINDRICAL_SURFACE('',#17119,0.3);
#17119 = AXIS2_PLACEMENT_3D('',#17120,#17121,#17122);
#17120 = CARTESIAN_POINT('',(-15.25,11.4,-4.6E-02));
#17121 = DIRECTION('',(-0.,-0.,-1.));
#17122 = DIRECTION('',(1.,5.921189464667E-15,-0.));
#17123 = ADVANCED_FACE('',(#17124),#17130,.T.);
#17124 = FACE_BOUND('',#17125,.T.);
#17125 = EDGE_LOOP('',(#17126,#17127,#17128,#17129));
#17126 = ORIENTED_EDGE('',*,*,#15445,.T.);
#17127 = ORIENTED_EDGE('',*,*,#17113,.T.);
#17128 = ORIENTED_EDGE('',*,*,#16143,.F.);
#17129 = ORIENTED_EDGE('',*,*,#17072,.F.);
#17130 = PLANE('',#17131);
#17131 = AXIS2_PLACEMENT_3D('',#17132,#17133,#17134);
#17132 = CARTESIAN_POINT('',(-15.55,11.4,-4.6E-02));
#17133 = DIRECTION('',(1.,0.,-0.));
#17134 = DIRECTION('',(0.,-1.,0.));
#17135 = ADVANCED_FACE('',(#17136),#17152,.F.);
#17136 = FACE_BOUND('',#17137,.T.);
#17137 = EDGE_LOOP('',(#17138,#17139,#17145,#17146));
#17138 = ORIENTED_EDGE('',*,*,#15470,.T.);
#17139 = ORIENTED_EDGE('',*,*,#17140,.T.);
#17140 = EDGE_CURVE('',#15473,#16171,#17141,.T.);
#17141 = LINE('',#17142,#17143);
#17142 = CARTESIAN_POINT('',(-11.3,10.3,-4.6E-02));
#17143 = VECTOR('',#17144,1.);
#17144 = DIRECTION('',(0.,0.,1.));
#17145 = ORIENTED_EDGE('',*,*,#16168,.F.);
#17146 = ORIENTED_EDGE('',*,*,#17147,.F.);
#17147 = EDGE_CURVE('',#15471,#16169,#17148,.T.);
#17148 = LINE('',#17149,#17150);
#17149 = CARTESIAN_POINT('',(-10.7,10.3,-4.6E-02));
#17150 = VECTOR('',#17151,1.);
#17151 = DIRECTION('',(0.,0.,1.));
#17152 = CYLINDRICAL_SURFACE('',#17153,0.3);
#17153 = AXIS2_PLACEMENT_3D('',#17154,#17155,#17156);
#17154 = CARTESIAN_POINT('',(-11.,10.3,-4.6E-02));
#17155 = DIRECTION('',(-0.,-0.,-1.));
#17156 = DIRECTION('',(-1.,0.,-0.));
#17157 = ADVANCED_FACE('',(#17158),#17169,.T.);
#17158 = FACE_BOUND('',#17159,.T.);
#17159 = EDGE_LOOP('',(#17160,#17161,#17162,#17163));
#17160 = ORIENTED_EDGE('',*,*,#15498,.T.);
#17161 = ORIENTED_EDGE('',*,*,#17147,.T.);
#17162 = ORIENTED_EDGE('',*,*,#16196,.F.);
#17163 = ORIENTED_EDGE('',*,*,#17164,.F.);
#17164 = EDGE_CURVE('',#15490,#16188,#17165,.T.);
#17165 = LINE('',#17166,#17167);
#17166 = CARTESIAN_POINT('',(-10.7,11.4,-4.6E-02));
#17167 = VECTOR('',#17168,1.);
#17168 = DIRECTION('',(0.,0.,1.));
#17169 = PLANE('',#17170);
#17170 = AXIS2_PLACEMENT_3D('',#17171,#17172,#17173);
#17171 = CARTESIAN_POINT('',(-10.7,10.3,-4.6E-02));
#17172 = DIRECTION('',(-1.,0.,0.));
#17173 = DIRECTION('',(0.,1.,0.));
#17174 = ADVANCED_FACE('',(#17175),#17186,.F.);
#17175 = FACE_BOUND('',#17176,.T.);
#17176 = EDGE_LOOP('',(#17177,#17178,#17179,#17180));
#17177 = ORIENTED_EDGE('',*,*,#15489,.T.);
#17178 = ORIENTED_EDGE('',*,*,#17164,.T.);
#17179 = ORIENTED_EDGE('',*,*,#16187,.F.);
#17180 = ORIENTED_EDGE('',*,*,#17181,.F.);
#17181 = EDGE_CURVE('',#15482,#16180,#17182,.T.);
#17182 = LINE('',#17183,#17184);
#17183 = CARTESIAN_POINT('',(-11.3,11.4,-4.6E-02));
#17184 = VECTOR('',#17185,1.);
#17185 = DIRECTION('',(0.,0.,1.));
#17186 = CYLINDRICAL_SURFACE('',#17187,0.3);
#17187 = AXIS2_PLACEMENT_3D('',#17188,#17189,#17190);
#17188 = CARTESIAN_POINT('',(-11.,11.4,-4.6E-02));
#17189 = DIRECTION('',(-0.,-0.,-1.));
#17190 = DIRECTION('',(1.,5.921189464667E-15,-0.));
#17191 = ADVANCED_FACE('',(#17192),#17198,.T.);
#17192 = FACE_BOUND('',#17193,.T.);
#17193 = EDGE_LOOP('',(#17194,#17195,#17196,#17197));
#17194 = ORIENTED_EDGE('',*,*,#15481,.T.);
#17195 = ORIENTED_EDGE('',*,*,#17181,.T.);
#17196 = ORIENTED_EDGE('',*,*,#16179,.F.);
#17197 = ORIENTED_EDGE('',*,*,#17140,.F.);
#17198 = PLANE('',#17199);
#17199 = AXIS2_PLACEMENT_3D('',#17200,#17201,#17202);
#17200 = CARTESIAN_POINT('',(-11.3,11.4,-4.6E-02));
#17201 = DIRECTION('',(1.,0.,-0.));
#17202 = DIRECTION('',(0.,-1.,0.));
#17203 = ADVANCED_FACE('',(#17204),#17220,.F.);
#17204 = FACE_BOUND('',#17205,.T.);
#17205 = EDGE_LOOP('',(#17206,#17207,#17213,#17214));
#17206 = ORIENTED_EDGE('',*,*,#15506,.T.);
#17207 = ORIENTED_EDGE('',*,*,#17208,.T.);
#17208 = EDGE_CURVE('',#15509,#16207,#17209,.T.);
#17209 = LINE('',#17210,#17211);
#17210 = CARTESIAN_POINT('',(2.2,10.3,-4.6E-02));
#17211 = VECTOR('',#17212,1.);
#17212 = DIRECTION('',(0.,0.,1.));
#17213 = ORIENTED_EDGE('',*,*,#16204,.F.);
#17214 = ORIENTED_EDGE('',*,*,#17215,.F.);
#17215 = EDGE_CURVE('',#15507,#16205,#17216,.T.);
#17216 = LINE('',#17217,#17218);
#17217 = CARTESIAN_POINT('',(2.8,10.3,-4.6E-02));
#17218 = VECTOR('',#17219,1.);
#17219 = DIRECTION('',(0.,0.,1.));
#17220 = CYLINDRICAL_SURFACE('',#17221,0.3);
#17221 = AXIS2_PLACEMENT_3D('',#17222,#17223,#17224);
#17222 = CARTESIAN_POINT('',(2.5,10.3,-4.6E-02));
#17223 = DIRECTION('',(-0.,-0.,-1.));
#17224 = DIRECTION('',(-1.,0.,-0.));
#17225 = ADVANCED_FACE('',(#17226),#17237,.T.);
#17226 = FACE_BOUND('',#17227,.T.);
#17227 = EDGE_LOOP('',(#17228,#17229,#17230,#17231));
#17228 = ORIENTED_EDGE('',*,*,#15534,.T.);
#17229 = ORIENTED_EDGE('',*,*,#17215,.T.);
#17230 = ORIENTED_EDGE('',*,*,#16232,.F.);
#17231 = ORIENTED_EDGE('',*,*,#17232,.F.);
#17232 = EDGE_CURVE('',#15526,#16224,#17233,.T.);
#17233 = LINE('',#17234,#17235);
#17234 = CARTESIAN_POINT('',(2.8,11.4,-4.6E-02));
#17235 = VECTOR('',#17236,1.);
#17236 = DIRECTION('',(0.,0.,1.));
#17237 = PLANE('',#17238);
#17238 = AXIS2_PLACEMENT_3D('',#17239,#17240,#17241);
#17239 = CARTESIAN_POINT('',(2.8,10.3,-4.6E-02));
#17240 = DIRECTION('',(-1.,0.,0.));
#17241 = DIRECTION('',(0.,1.,0.));
#17242 = ADVANCED_FACE('',(#17243),#17254,.F.);
#17243 = FACE_BOUND('',#17244,.T.);
#17244 = EDGE_LOOP('',(#17245,#17246,#17247,#17248));
#17245 = ORIENTED_EDGE('',*,*,#15525,.T.);
#17246 = ORIENTED_EDGE('',*,*,#17232,.T.);
#17247 = ORIENTED_EDGE('',*,*,#16223,.F.);
#17248 = ORIENTED_EDGE('',*,*,#17249,.F.);
#17249 = EDGE_CURVE('',#15518,#16216,#17250,.T.);
#17250 = LINE('',#17251,#17252);
#17251 = CARTESIAN_POINT('',(2.2,11.4,-4.6E-02));
#17252 = VECTOR('',#17253,1.);
#17253 = DIRECTION('',(0.,0.,1.));
#17254 = CYLINDRICAL_SURFACE('',#17255,0.3);
#17255 = AXIS2_PLACEMENT_3D('',#17256,#17257,#17258);
#17256 = CARTESIAN_POINT('',(2.5,11.4,-4.6E-02));
#17257 = DIRECTION('',(-0.,-0.,-1.));
#17258 = DIRECTION('',(1.,0.,-0.));
#17259 = ADVANCED_FACE('',(#17260),#17266,.T.);
#17260 = FACE_BOUND('',#17261,.T.);
#17261 = EDGE_LOOP('',(#17262,#17263,#17264,#17265));
#17262 = ORIENTED_EDGE('',*,*,#15517,.T.);
#17263 = ORIENTED_EDGE('',*,*,#17249,.T.);
#17264 = ORIENTED_EDGE('',*,*,#16215,.F.);
#17265 = ORIENTED_EDGE('',*,*,#17208,.F.);
#17266 = PLANE('',#17267);
#17267 = AXIS2_PLACEMENT_3D('',#17268,#17269,#17270);
#17268 = CARTESIAN_POINT('',(2.2,11.4,-4.6E-02));
#17269 = DIRECTION('',(1.,0.,-0.));
#17270 = DIRECTION('',(0.,-1.,0.));
#17271 = ADVANCED_FACE('',(#17272),#17283,.F.);
#17272 = FACE_BOUND('',#17273,.T.);
#17273 = EDGE_LOOP('',(#17274,#17275,#17281,#17282));
#17274 = ORIENTED_EDGE('',*,*,#15542,.T.);
#17275 = ORIENTED_EDGE('',*,*,#17276,.T.);
#17276 = EDGE_CURVE('',#15543,#16241,#17277,.T.);
#17277 = LINE('',#17278,#17279);
#17278 = CARTESIAN_POINT('',(9.9,3.5,-4.6E-02));
#17279 = VECTOR('',#17280,1.);
#17280 = DIRECTION('',(0.,0.,1.));
#17281 = ORIENTED_EDGE('',*,*,#16240,.F.);
#17282 = ORIENTED_EDGE('',*,*,#17276,.F.);
#17283 = CYLINDRICAL_SURFACE('',#17284,1.35);
#17284 = AXIS2_PLACEMENT_3D('',#17285,#17286,#17287);
#17285 = CARTESIAN_POINT('',(9.9,4.85,-4.6E-02));
#17286 = DIRECTION('',(-0.,-0.,-1.));
#17287 = DIRECTION('',(-0.,-1.,0.));
#17288 = ADVANCED_FACE('',(#17289),#17300,.F.);
#17289 = FACE_BOUND('',#17290,.T.);
#17290 = EDGE_LOOP('',(#17291,#17292,#17298,#17299));
#17291 = ORIENTED_EDGE('',*,*,#15553,.T.);
#17292 = ORIENTED_EDGE('',*,*,#17293,.T.);
#17293 = EDGE_CURVE('',#15554,#16252,#17294,.T.);
#17294 = LINE('',#17295,#17296);
#17295 = CARTESIAN_POINT('',(17.1,3.5,-4.6E-02));
#17296 = VECTOR('',#17297,1.);
#17297 = DIRECTION('',(0.,0.,1.));
#17298 = ORIENTED_EDGE('',*,*,#16251,.F.);
#17299 = ORIENTED_EDGE('',*,*,#17293,.F.);
#17300 = CYLINDRICAL_SURFACE('',#17301,1.35);
#17301 = AXIS2_PLACEMENT_3D('',#17302,#17303,#17304);
#17302 = CARTESIAN_POINT('',(17.1,4.85,-4.6E-02));
#17303 = DIRECTION('',(-0.,-0.,-1.));
#17304 = DIRECTION('',(-0.,-1.,0.));
#17305 = ADVANCED_FACE('',(#17306),#17317,.F.);
#17306 = FACE_BOUND('',#17307,.T.);
#17307 = EDGE_LOOP('',(#17308,#17309,#17315,#17316));
#17308 = ORIENTED_EDGE('',*,*,#15564,.T.);
#17309 = ORIENTED_EDGE('',*,*,#17310,.T.);
#17310 = EDGE_CURVE('',#15565,#16263,#17311,.T.);
#17311 = LINE('',#17312,#17313);
#17312 = CARTESIAN_POINT('',(27.65,3.5,-4.6E-02));
#17313 = VECTOR('',#17314,1.);
#17314 = DIRECTION('',(0.,0.,1.));
#17315 = ORIENTED_EDGE('',*,*,#16262,.F.);
#17316 = ORIENTED_EDGE('',*,*,#17310,.F.);
#17317 = CYLINDRICAL_SURFACE('',#17318,1.35);
#17318 = AXIS2_PLACEMENT_3D('',#17319,#17320,#17321);
#17319 = CARTESIAN_POINT('',(27.65,4.85,-4.6E-02));
#17320 = DIRECTION('',(-0.,-0.,-1.));
#17321 = DIRECTION('',(-0.,-1.,0.));
#17322 = ADVANCED_FACE('',(#17323),#17334,.F.);
#17323 = FACE_BOUND('',#17324,.T.);
#17324 = EDGE_LOOP('',(#17325,#17326,#17332,#17333));
#17325 = ORIENTED_EDGE('',*,*,#15575,.T.);
#17326 = ORIENTED_EDGE('',*,*,#17327,.T.);
#17327 = EDGE_CURVE('',#15576,#16274,#17328,.T.);
#17328 = LINE('',#17329,#17330);
#17329 = CARTESIAN_POINT('',(34.85,3.5,-4.6E-02));
#17330 = VECTOR('',#17331,1.);
#17331 = DIRECTION('',(0.,0.,1.));
#17332 = ORIENTED_EDGE('',*,*,#16273,.F.);
#17333 = ORIENTED_EDGE('',*,*,#17327,.F.);
#17334 = CYLINDRICAL_SURFACE('',#17335,1.35);
#17335 = AXIS2_PLACEMENT_3D('',#17336,#17337,#17338);
#17336 = CARTESIAN_POINT('',(34.85,4.85,-4.6E-02));
#17337 = DIRECTION('',(-0.,-0.,-1.));
#17338 = DIRECTION('',(-0.,-1.,0.));
#17339 = ADVANCED_FACE('',(#17340),#17351,.F.);
#17340 = FACE_BOUND('',#17341,.T.);
#17341 = EDGE_LOOP('',(#17342,#17343,#17349,#17350));
#17342 = ORIENTED_EDGE('',*,*,#15586,.T.);
#17343 = ORIENTED_EDGE('',*,*,#17344,.T.);
#17344 = EDGE_CURVE('',#15587,#16285,#17345,.T.);
#17345 = LINE('',#17346,#17347);
#17346 = CARTESIAN_POINT('',(42.1,2.75,-4.6E-02));
#17347 = VECTOR('',#17348,1.);
#17348 = DIRECTION('',(0.,0.,1.));
#17349 = ORIENTED_EDGE('',*,*,#16284,.F.);
#17350 = ORIENTED_EDGE('',*,*,#17344,.F.);
#17351 = CYLINDRICAL_SURFACE('',#17352,1.35);
#17352 = AXIS2_PLACEMENT_3D('',#17353,#17354,#17355);
#17353 = CARTESIAN_POINT('',(42.1,4.1,-4.6E-02));
#17354 = DIRECTION('',(-0.,-0.,-1.));
#17355 = DIRECTION('',(-0.,-1.,0.));
#17356 = ADVANCED_FACE('',(#17357),#17373,.F.);
#17357 = FACE_BOUND('',#17358,.T.);
#17358 = EDGE_LOOP('',(#17359,#17360,#17366,#17367));
#17359 = ORIENTED_EDGE('',*,*,#15597,.T.);
#17360 = ORIENTED_EDGE('',*,*,#17361,.T.);
#17361 = EDGE_CURVE('',#15600,#16298,#17362,.T.);
#17362 = LINE('',#17363,#17364);
#17363 = CARTESIAN_POINT('',(6.45,10.3,-4.6E-02));
#17364 = VECTOR('',#17365,1.);
#17365 = DIRECTION('',(0.,0.,1.));
#17366 = ORIENTED_EDGE('',*,*,#16295,.F.);
#17367 = ORIENTED_EDGE('',*,*,#17368,.F.);
#17368 = EDGE_CURVE('',#15598,#16296,#17369,.T.);
#17369 = LINE('',#17370,#17371);
#17370 = CARTESIAN_POINT('',(7.05,10.3,-4.6E-02));
#17371 = VECTOR('',#17372,1.);
#17372 = DIRECTION('',(0.,0.,1.));
#17373 = CYLINDRICAL_SURFACE('',#17374,0.3);
#17374 = AXIS2_PLACEMENT_3D('',#17375,#17376,#17377);
#17375 = CARTESIAN_POINT('',(6.75,10.3,-4.6E-02));
#17376 = DIRECTION('',(-0.,-0.,-1.));
#17377 = DIRECTION('',(-1.,0.,-0.));
#17378 = ADVANCED_FACE('',(#17379),#17390,.T.);
#17379 = FACE_BOUND('',#17380,.T.);
#17380 = EDGE_LOOP('',(#17381,#17382,#17383,#17384));
#17381 = ORIENTED_EDGE('',*,*,#15625,.T.);
#17382 = ORIENTED_EDGE('',*,*,#17368,.T.);
#17383 = ORIENTED_EDGE('',*,*,#16323,.F.);
#17384 = ORIENTED_EDGE('',*,*,#17385,.F.);
#17385 = EDGE_CURVE('',#15617,#16315,#17386,.T.);
#17386 = LINE('',#17387,#17388);
#17387 = CARTESIAN_POINT('',(7.05,11.4,-4.6E-02));
#17388 = VECTOR('',#17389,1.);
#17389 = DIRECTION('',(0.,0.,1.));
#17390 = PLANE('',#17391);
#17391 = AXIS2_PLACEMENT_3D('',#17392,#17393,#17394);
#17392 = CARTESIAN_POINT('',(7.05,10.3,-4.6E-02));
#17393 = DIRECTION('',(-1.,0.,0.));
#17394 = DIRECTION('',(0.,1.,0.));
#17395 = ADVANCED_FACE('',(#17396),#17407,.F.);
#17396 = FACE_BOUND('',#17397,.T.);
#17397 = EDGE_LOOP('',(#17398,#17399,#17400,#17401));
#17398 = ORIENTED_EDGE('',*,*,#15616,.T.);
#17399 = ORIENTED_EDGE('',*,*,#17385,.T.);
#17400 = ORIENTED_EDGE('',*,*,#16314,.F.);
#17401 = ORIENTED_EDGE('',*,*,#17402,.F.);
#17402 = EDGE_CURVE('',#15609,#16307,#17403,.T.);
#17403 = LINE('',#17404,#17405);
#17404 = CARTESIAN_POINT('',(6.45,11.4,-4.6E-02));
#17405 = VECTOR('',#17406,1.);
#17406 = DIRECTION('',(0.,0.,1.));
#17407 = CYLINDRICAL_SURFACE('',#17408,0.3);
#17408 = AXIS2_PLACEMENT_3D('',#17409,#17410,#17411);
#17409 = CARTESIAN_POINT('',(6.75,11.4,-4.6E-02));
#17410 = DIRECTION('',(-0.,-0.,-1.));
#17411 = DIRECTION('',(1.,0.,-0.));
#17412 = ADVANCED_FACE('',(#17413),#17419,.T.);
#17413 = FACE_BOUND('',#17414,.T.);
#17414 = EDGE_LOOP('',(#17415,#17416,#17417,#17418));
#17415 = ORIENTED_EDGE('',*,*,#15608,.T.);
#17416 = ORIENTED_EDGE('',*,*,#17402,.T.);
#17417 = ORIENTED_EDGE('',*,*,#16306,.F.);
#17418 = ORIENTED_EDGE('',*,*,#17361,.F.);
#17419 = PLANE('',#17420);
#17420 = AXIS2_PLACEMENT_3D('',#17421,#17422,#17423);
#17421 = CARTESIAN_POINT('',(6.45,11.4,-4.6E-02));
#17422 = DIRECTION('',(1.,0.,-0.));
#17423 = DIRECTION('',(0.,-1.,0.));
#17424 = ADVANCED_FACE('',(#17425),#17441,.F.);
#17425 = FACE_BOUND('',#17426,.T.);
#17426 = EDGE_LOOP('',(#17427,#17428,#17434,#17435));
#17427 = ORIENTED_EDGE('',*,*,#15633,.T.);
#17428 = ORIENTED_EDGE('',*,*,#17429,.T.);
#17429 = EDGE_CURVE('',#15636,#16334,#17430,.T.);
#17430 = LINE('',#17431,#17432);
#17431 = CARTESIAN_POINT('',(19.95,10.3,-4.6E-02));
#17432 = VECTOR('',#17433,1.);
#17433 = DIRECTION('',(0.,0.,1.));
#17434 = ORIENTED_EDGE('',*,*,#16331,.F.);
#17435 = ORIENTED_EDGE('',*,*,#17436,.F.);
#17436 = EDGE_CURVE('',#15634,#16332,#17437,.T.);
#17437 = LINE('',#17438,#17439);
#17438 = CARTESIAN_POINT('',(20.55,10.3,-4.6E-02));
#17439 = VECTOR('',#17440,1.);
#17440 = DIRECTION('',(0.,0.,1.));
#17441 = CYLINDRICAL_SURFACE('',#17442,0.3);
#17442 = AXIS2_PLACEMENT_3D('',#17443,#17444,#17445);
#17443 = CARTESIAN_POINT('',(20.25,10.3,-4.6E-02));
#17444 = DIRECTION('',(-0.,-0.,-1.));
#17445 = DIRECTION('',(-1.,5.921189464667E-15,-0.));
#17446 = ADVANCED_FACE('',(#17447),#17458,.T.);
#17447 = FACE_BOUND('',#17448,.T.);
#17448 = EDGE_LOOP('',(#17449,#17450,#17451,#17452));
#17449 = ORIENTED_EDGE('',*,*,#15661,.T.);
#17450 = ORIENTED_EDGE('',*,*,#17436,.T.);
#17451 = ORIENTED_EDGE('',*,*,#16359,.F.);
#17452 = ORIENTED_EDGE('',*,*,#17453,.F.);
#17453 = EDGE_CURVE('',#15653,#16351,#17454,.T.);
#17454 = LINE('',#17455,#17456);
#17455 = CARTESIAN_POINT('',(20.55,11.4,-4.6E-02));
#17456 = VECTOR('',#17457,1.);
#17457 = DIRECTION('',(0.,0.,1.));
#17458 = PLANE('',#17459);
#17459 = AXIS2_PLACEMENT_3D('',#17460,#17461,#17462);
#17460 = CARTESIAN_POINT('',(20.55,10.3,-4.6E-02));
#17461 = DIRECTION('',(-1.,0.,0.));
#17462 = DIRECTION('',(0.,1.,0.));
#17463 = ADVANCED_FACE('',(#17464),#17475,.F.);
#17464 = FACE_BOUND('',#17465,.T.);
#17465 = EDGE_LOOP('',(#17466,#17467,#17468,#17469));
#17466 = ORIENTED_EDGE('',*,*,#15652,.T.);
#17467 = ORIENTED_EDGE('',*,*,#17453,.T.);
#17468 = ORIENTED_EDGE('',*,*,#16350,.F.);
#17469 = ORIENTED_EDGE('',*,*,#17470,.F.);
#17470 = EDGE_CURVE('',#15645,#16343,#17471,.T.);
#17471 = LINE('',#17472,#17473);
#17472 = CARTESIAN_POINT('',(19.95,11.4,-4.6E-02));
#17473 = VECTOR('',#17474,1.);
#17474 = DIRECTION('',(0.,0.,1.));
#17475 = CYLINDRICAL_SURFACE('',#17476,0.3);
#17476 = AXIS2_PLACEMENT_3D('',#17477,#17478,#17479);
#17477 = CARTESIAN_POINT('',(20.25,11.4,-4.6E-02));
#17478 = DIRECTION('',(-0.,-0.,-1.));
#17479 = DIRECTION('',(1.,-5.921189464667E-15,0.));
#17480 = ADVANCED_FACE('',(#17481),#17487,.T.);
#17481 = FACE_BOUND('',#17482,.T.);
#17482 = EDGE_LOOP('',(#17483,#17484,#17485,#17486));
#17483 = ORIENTED_EDGE('',*,*,#15644,.T.);
#17484 = ORIENTED_EDGE('',*,*,#17470,.T.);
#17485 = ORIENTED_EDGE('',*,*,#16342,.F.);
#17486 = ORIENTED_EDGE('',*,*,#17429,.F.);
#17487 = PLANE('',#17488);
#17488 = AXIS2_PLACEMENT_3D('',#17489,#17490,#17491);
#17489 = CARTESIAN_POINT('',(19.95,11.4,-4.6E-02));
#17490 = DIRECTION('',(1.,0.,-0.));
#17491 = DIRECTION('',(0.,-1.,0.));
#17492 = ADVANCED_FACE('',(#17493),#17509,.F.);
#17493 = FACE_BOUND('',#17494,.T.);
#17494 = EDGE_LOOP('',(#17495,#17496,#17502,#17503));
#17495 = ORIENTED_EDGE('',*,*,#15669,.T.);
#17496 = ORIENTED_EDGE('',*,*,#17497,.T.);
#17497 = EDGE_CURVE('',#15672,#16370,#17498,.T.);
#17498 = LINE('',#17499,#17500);
#17499 = CARTESIAN_POINT('',(24.2,10.3,-4.6E-02));
#17500 = VECTOR('',#17501,1.);
#17501 = DIRECTION('',(0.,0.,1.));
#17502 = ORIENTED_EDGE('',*,*,#16367,.F.);
#17503 = ORIENTED_EDGE('',*,*,#17504,.F.);
#17504 = EDGE_CURVE('',#15670,#16368,#17505,.T.);
#17505 = LINE('',#17506,#17507);
#17506 = CARTESIAN_POINT('',(24.8,10.3,-4.6E-02));
#17507 = VECTOR('',#17508,1.);
#17508 = DIRECTION('',(0.,0.,1.));
#17509 = CYLINDRICAL_SURFACE('',#17510,0.3);
#17510 = AXIS2_PLACEMENT_3D('',#17511,#17512,#17513);
#17511 = CARTESIAN_POINT('',(24.5,10.3,-4.6E-02));
#17512 = DIRECTION('',(-0.,-0.,-1.));
#17513 = DIRECTION('',(-1.,5.921189464667E-15,-0.));
#17514 = ADVANCED_FACE('',(#17515),#17526,.T.);
#17515 = FACE_BOUND('',#17516,.T.);
#17516 = EDGE_LOOP('',(#17517,#17518,#17519,#17520));
#17517 = ORIENTED_EDGE('',*,*,#15697,.T.);
#17518 = ORIENTED_EDGE('',*,*,#17504,.T.);
#17519 = ORIENTED_EDGE('',*,*,#16395,.F.);
#17520 = ORIENTED_EDGE('',*,*,#17521,.F.);
#17521 = EDGE_CURVE('',#15689,#16387,#17522,.T.);
#17522 = LINE('',#17523,#17524);
#17523 = CARTESIAN_POINT('',(24.8,11.4,-4.6E-02));
#17524 = VECTOR('',#17525,1.);
#17525 = DIRECTION('',(0.,0.,1.));
#17526 = PLANE('',#17527);
#17527 = AXIS2_PLACEMENT_3D('',#17528,#17529,#17530);
#17528 = CARTESIAN_POINT('',(24.8,10.3,-4.6E-02));
#17529 = DIRECTION('',(-1.,0.,0.));
#17530 = DIRECTION('',(0.,1.,0.));
#17531 = ADVANCED_FACE('',(#17532),#17543,.F.);
#17532 = FACE_BOUND('',#17533,.T.);
#17533 = EDGE_LOOP('',(#17534,#17535,#17536,#17537));
#17534 = ORIENTED_EDGE('',*,*,#15688,.T.);
#17535 = ORIENTED_EDGE('',*,*,#17521,.T.);
#17536 = ORIENTED_EDGE('',*,*,#16386,.F.);
#17537 = ORIENTED_EDGE('',*,*,#17538,.F.);
#17538 = EDGE_CURVE('',#15681,#16379,#17539,.T.);
#17539 = LINE('',#17540,#17541);
#17540 = CARTESIAN_POINT('',(24.2,11.4,-4.6E-02));
#17541 = VECTOR('',#17542,1.);
#17542 = DIRECTION('',(0.,0.,1.));
#17543 = CYLINDRICAL_SURFACE('',#17544,0.3);
#17544 = AXIS2_PLACEMENT_3D('',#17545,#17546,#17547);
#17545 = CARTESIAN_POINT('',(24.5,11.4,-4.6E-02));
#17546 = DIRECTION('',(-0.,-0.,-1.));
#17547 = DIRECTION('',(1.,-5.921189464667E-15,0.));
#17548 = ADVANCED_FACE('',(#17549),#17555,.T.);
#17549 = FACE_BOUND('',#17550,.T.);
#17550 = EDGE_LOOP('',(#17551,#17552,#17553,#17554));
#17551 = ORIENTED_EDGE('',*,*,#15680,.T.);
#17552 = ORIENTED_EDGE('',*,*,#17538,.T.);
#17553 = ORIENTED_EDGE('',*,*,#16378,.F.);
#17554 = ORIENTED_EDGE('',*,*,#17497,.F.);
#17555 = PLANE('',#17556);
#17556 = AXIS2_PLACEMENT_3D('',#17557,#17558,#17559);
#17557 = CARTESIAN_POINT('',(24.2,11.4,-4.6E-02));
#17558 = DIRECTION('',(1.,0.,-0.));
#17559 = DIRECTION('',(0.,-1.,0.));
#17560 = ADVANCED_FACE('',(#17561),#17577,.F.);
#17561 = FACE_BOUND('',#17562,.T.);
#17562 = EDGE_LOOP('',(#17563,#17564,#17570,#17571));
#17563 = ORIENTED_EDGE('',*,*,#15705,.T.);
#17564 = ORIENTED_EDGE('',*,*,#17565,.T.);
#17565 = EDGE_CURVE('',#15708,#16406,#17566,.T.);
#17566 = LINE('',#17567,#17568);
#17567 = CARTESIAN_POINT('',(47.55,7.55,-4.6E-02));
#17568 = VECTOR('',#17569,1.);
#17569 = DIRECTION('',(0.,0.,1.));
#17570 = ORIENTED_EDGE('',*,*,#16403,.F.);
#17571 = ORIENTED_EDGE('',*,*,#17572,.F.);
#17572 = EDGE_CURVE('',#15706,#16404,#17573,.T.);
#17573 = LINE('',#17574,#17575);
#17574 = CARTESIAN_POINT('',(47.55,6.95,-4.6E-02));
#17575 = VECTOR('',#17576,1.);
#17576 = DIRECTION('',(0.,0.,1.));
#17577 = CYLINDRICAL_SURFACE('',#17578,0.3);
#17578 = AXIS2_PLACEMENT_3D('',#17579,#17580,#17581);
#17579 = CARTESIAN_POINT('',(47.55,7.25,-4.6E-02));
#17580 = DIRECTION('',(-0.,0.,-1.));
#17581 = DIRECTION('',(0.,1.,0.));
#17582 = ADVANCED_FACE('',(#17583),#17594,.T.);
#17583 = FACE_BOUND('',#17584,.T.);
#17584 = EDGE_LOOP('',(#17585,#17586,#17587,#17588));
#17585 = ORIENTED_EDGE('',*,*,#15733,.T.);
#17586 = ORIENTED_EDGE('',*,*,#17572,.T.);
#17587 = ORIENTED_EDGE('',*,*,#16431,.F.);
#17588 = ORIENTED_EDGE('',*,*,#17589,.F.);
#17589 = EDGE_CURVE('',#15725,#16423,#17590,.T.);
#17590 = LINE('',#17591,#17592);
#17591 = CARTESIAN_POINT('',(48.65,6.95,-4.6E-02));
#17592 = VECTOR('',#17593,1.);
#17593 = DIRECTION('',(0.,0.,1.));
#17594 = PLANE('',#17595);
#17595 = AXIS2_PLACEMENT_3D('',#17596,#17597,#17598);
#17596 = CARTESIAN_POINT('',(47.55,6.95,-4.6E-02));
#17597 = DIRECTION('',(0.,1.,0.));
#17598 = DIRECTION('',(1.,0.,0.));
#17599 = ADVANCED_FACE('',(#17600),#17611,.F.);
#17600 = FACE_BOUND('',#17601,.T.);
#17601 = EDGE_LOOP('',(#17602,#17603,#17604,#17605));
#17602 = ORIENTED_EDGE('',*,*,#15724,.T.);
#17603 = ORIENTED_EDGE('',*,*,#17589,.T.);
#17604 = ORIENTED_EDGE('',*,*,#16422,.F.);
#17605 = ORIENTED_EDGE('',*,*,#17606,.F.);
#17606 = EDGE_CURVE('',#15717,#16415,#17607,.T.);
#17607 = LINE('',#17608,#17609);
#17608 = CARTESIAN_POINT('',(48.65,7.55,-4.6E-02));
#17609 = VECTOR('',#17610,1.);
#17610 = DIRECTION('',(0.,0.,1.));
#17611 = CYLINDRICAL_SURFACE('',#17612,0.3);
#17612 = AXIS2_PLACEMENT_3D('',#17613,#17614,#17615);
#17613 = CARTESIAN_POINT('',(48.65,7.25,-4.6E-02));
#17614 = DIRECTION('',(-0.,-0.,-1.));
#17615 = DIRECTION('',(-0.,-1.,0.));
#17616 = ADVANCED_FACE('',(#17617),#17623,.T.);
#17617 = FACE_BOUND('',#17618,.T.);
#17618 = EDGE_LOOP('',(#17619,#17620,#17621,#17622));
#17619 = ORIENTED_EDGE('',*,*,#15716,.T.);
#17620 = ORIENTED_EDGE('',*,*,#17606,.T.);
#17621 = ORIENTED_EDGE('',*,*,#16414,.F.);
#17622 = ORIENTED_EDGE('',*,*,#17565,.F.);
#17623 = PLANE('',#17624);
#17624 = AXIS2_PLACEMENT_3D('',#17625,#17626,#17627);
#17625 = CARTESIAN_POINT('',(48.65,7.55,-4.6E-02));
#17626 = DIRECTION('',(0.,-1.,0.));
#17627 = DIRECTION('',(-1.,0.,0.));
#17628 = ADVANCED_FACE('',(#17629),#17645,.F.);
#17629 = FACE_BOUND('',#17630,.T.);
#17630 = EDGE_LOOP('',(#17631,#17632,#17638,#17639));
#17631 = ORIENTED_EDGE('',*,*,#15741,.T.);
#17632 = ORIENTED_EDGE('',*,*,#17633,.T.);
#17633 = EDGE_CURVE('',#15744,#16442,#17634,.T.);
#17634 = LINE('',#17635,#17636);
#17635 = CARTESIAN_POINT('',(37.7,10.3,-4.6E-02));
#17636 = VECTOR('',#17637,1.);
#17637 = DIRECTION('',(0.,0.,1.));
#17638 = ORIENTED_EDGE('',*,*,#16439,.F.);
#17639 = ORIENTED_EDGE('',*,*,#17640,.F.);
#17640 = EDGE_CURVE('',#15742,#16440,#17641,.T.);
#17641 = LINE('',#17642,#17643);
#17642 = CARTESIAN_POINT('',(38.3,10.3,-4.6E-02));
#17643 = VECTOR('',#17644,1.);
#17644 = DIRECTION('',(0.,0.,1.));
#17645 = CYLINDRICAL_SURFACE('',#17646,0.3);
#17646 = AXIS2_PLACEMENT_3D('',#17647,#17648,#17649);
#17647 = CARTESIAN_POINT('',(38.,10.3,-4.6E-02));
#17648 = DIRECTION('',(-0.,-0.,-1.));
#17649 = DIRECTION('',(-1.,1.184237892934E-14,-0.));
#17650 = ADVANCED_FACE('',(#17651),#17662,.T.);
#17651 = FACE_BOUND('',#17652,.T.);
#17652 = EDGE_LOOP('',(#17653,#17654,#17655,#17656));
#17653 = ORIENTED_EDGE('',*,*,#15769,.T.);
#17654 = ORIENTED_EDGE('',*,*,#17640,.T.);
#17655 = ORIENTED_EDGE('',*,*,#16467,.F.);
#17656 = ORIENTED_EDGE('',*,*,#17657,.F.);
#17657 = EDGE_CURVE('',#15761,#16459,#17658,.T.);
#17658 = LINE('',#17659,#17660);
#17659 = CARTESIAN_POINT('',(38.3,11.4,-4.6E-02));
#17660 = VECTOR('',#17661,1.);
#17661 = DIRECTION('',(0.,0.,1.));
#17662 = PLANE('',#17663);
#17663 = AXIS2_PLACEMENT_3D('',#17664,#17665,#17666);
#17664 = CARTESIAN_POINT('',(38.3,10.3,-4.6E-02));
#17665 = DIRECTION('',(-1.,0.,0.));
#17666 = DIRECTION('',(0.,1.,0.));
#17667 = ADVANCED_FACE('',(#17668),#17679,.F.);
#17668 = FACE_BOUND('',#17669,.T.);
#17669 = EDGE_LOOP('',(#17670,#17671,#17672,#17673));
#17670 = ORIENTED_EDGE('',*,*,#15760,.T.);
#17671 = ORIENTED_EDGE('',*,*,#17657,.T.);
#17672 = ORIENTED_EDGE('',*,*,#16458,.F.);
#17673 = ORIENTED_EDGE('',*,*,#17674,.F.);
#17674 = EDGE_CURVE('',#15753,#16451,#17675,.T.);
#17675 = LINE('',#17676,#17677);
#17676 = CARTESIAN_POINT('',(37.7,11.4,-4.6E-02));
#17677 = VECTOR('',#17678,1.);
#17678 = DIRECTION('',(0.,0.,1.));
#17679 = CYLINDRICAL_SURFACE('',#17680,0.3);
#17680 = AXIS2_PLACEMENT_3D('',#17681,#17682,#17683);
#17681 = CARTESIAN_POINT('',(38.,11.4,-4.6E-02));
#17682 = DIRECTION('',(-0.,-0.,-1.));
#17683 = DIRECTION('',(1.,-5.921189464668E-15,0.));
#17684 = ADVANCED_FACE('',(#17685),#17691,.T.);
#17685 = FACE_BOUND('',#17686,.T.);
#17686 = EDGE_LOOP('',(#17687,#17688,#17689,#17690));
#17687 = ORIENTED_EDGE('',*,*,#15752,.T.);
#17688 = ORIENTED_EDGE('',*,*,#17674,.T.);
#17689 = ORIENTED_EDGE('',*,*,#16450,.F.);
#17690 = ORIENTED_EDGE('',*,*,#17633,.F.);
#17691 = PLANE('',#17692);
#17692 = AXIS2_PLACEMENT_3D('',#17693,#17694,#17695);
#17693 = CARTESIAN_POINT('',(37.7,11.4,-4.6E-02));
#17694 = DIRECTION('',(1.,0.,-0.));
#17695 = DIRECTION('',(0.,-1.,0.));
#17696 = ( GEOMETRIC_REPRESENTATION_CONTEXT(3) 
GLOBAL_UNCERTAINTY_ASSIGNED_CONTEXT((#17700)) 
GLOBAL_UNIT_ASSIGNED_CONTEXT((#17697,#17698,#17699)) 
REPRESENTATION_CONTEXT('Context #1',
  '3D Context with UNIT and UNCERTAINTY') );
#17697 = ( LENGTH_UNIT() NAMED_UNIT(*) SI_UNIT(.MILLI.,.METRE.) );
#17698 = ( NAMED_UNIT(*) PLANE_ANGLE_UNIT() SI_UNIT($,.RADIAN.) );
#17699 = ( NAMED_UNIT(*) SI_UNIT($,.STERADIAN.) SOLID_ANGLE_UNIT() );
#17700 = UNCERTAINTY_MEASURE_WITH_UNIT(LENGTH_MEASURE(1.E-07),#17697,
  'distance_accuracy_value','confusion accuracy');
#17701 = CONTEXT_DEPENDENT_SHAPE_REPRESENTATION(#17702,#17704);
#17702 = ( REPRESENTATION_RELATIONSHIP('','',#15055,#10) 
REPRESENTATION_RELATIONSHIP_WITH_TRANSFORMATION(#17703) 
SHAPE_REPRESENTATION_RELATIONSHIP() );
#17703 = ITEM_DEFINED_TRANSFORMATION('','',#11,#35);
#17704 = PRODUCT_DEFINITION_SHAPE('Placement','Placement of an item',
  #17705);
#17705 = NEXT_ASSEMBLY_USAGE_OCCURRENCE('8','=>[0:1:1:9]','',#5,#15050,$
  );
#17706 = PRODUCT_RELATED_PRODUCT_CATEGORY('part',$,(#15052));
#17707 = MECHANICAL_DESIGN_GEOMETRIC_PRESENTATION_REPRESENTATION('',(
    #17708),#15037);
#17708 = STYLED_ITEM('color',(#17709),#14097);
#17709 = PRESENTATION_STYLE_ASSIGNMENT((#17710));
#17710 = SURFACE_STYLE_USAGE(.BOTH.,#17711);
#17711 = SURFACE_SIDE_STYLE('',(#17712,#17716));
#17712 = SURFACE_STYLE_FILL_AREA(#17713);
#17713 = FILL_AREA_STYLE('',(#17714));
#17714 = FILL_AREA_STYLE_COLOUR('',#17715);
#17715 = COLOUR_RGB('',0.313304153717,0.484529207832,0.410020903123);
#17716 = SURFACE_STYLE_RENDERING_WITH_PROPERTIES(.NORMAL_SHADING.,#17715
  ,(#17717));
#17717 = SURFACE_STYLE_TRANSPARENT(0.170000016689);
#17718 = MECHANICAL_DESIGN_GEOMETRIC_PRESENTATION_REPRESENTATION('',(
    #17719),#17696);
#17719 = STYLED_ITEM('color',(#17720),#15056);
#17720 = PRESENTATION_STYLE_ASSIGNMENT((#17721));
#17721 = SURFACE_STYLE_USAGE(.BOTH.,#17722);
#17722 = SURFACE_SIDE_STYLE('',(#17723,#17727));
#17723 = SURFACE_STYLE_FILL_AREA(#17724);
#17724 = FILL_AREA_STYLE('',(#17725));
#17725 = FILL_AREA_STYLE_COLOUR('',#17726);
#17726 = COLOUR_RGB('',0.679975718802,0.701410709185,0.574871009914);
#17727 = SURFACE_STYLE_RENDERING_WITH_PROPERTIES(.NORMAL_SHADING.,#17726
  ,(#17728));
#17728 = SURFACE_STYLE_TRANSPARENT(1.999998092651E-02);
#17729 = MECHANICAL_DESIGN_GEOMETRIC_PRESENTATION_REPRESENTATION('',(
    #17730,#17738,#17745,#17752,#17759,#17766,#17773,#17780,#17788,
    #17795,#17802,#17809,#17816,#17823,#17830,#17837,#17844,#17851,
    #17858,#17865,#17872,#17879,#17886,#17893,#17900,#17907,#17914,
    #17921,#17928,#17935,#17942,#17949,#17956,#17963,#17970,#17977,
    #17985,#17992,#17999,#18006,#18013,#18020,#18027,#18034,#18041,
    #18048,#18055,#18062,#18069,#18076),#2431);
#17730 = STYLED_ITEM('color',(#17731),#910);
#17731 = PRESENTATION_STYLE_ASSIGNMENT((#17732));
#17732 = SURFACE_STYLE_USAGE(.BOTH.,#17733);
#17733 = SURFACE_SIDE_STYLE('',(#17734));
#17734 = SURFACE_STYLE_FILL_AREA(#17735);
#17735 = FILL_AREA_STYLE('',(#17736));
#17736 = FILL_AREA_STYLE_COLOUR('',#17737);
#17737 = COLOUR_RGB('',0.894999966383,0.890999961016,0.813000030345);
#17738 = STYLED_ITEM('color',(#17739),#950);
#17739 = PRESENTATION_STYLE_ASSIGNMENT((#17740));
#17740 = SURFACE_STYLE_USAGE(.BOTH.,#17741);
#17741 = SURFACE_SIDE_STYLE('',(#17742));
#17742 = SURFACE_STYLE_FILL_AREA(#17743);
#17743 = FILL_AREA_STYLE('',(#17744));
#17744 = FILL_AREA_STYLE_COLOUR('',#17737);
#17745 = STYLED_ITEM('color',(#17746),#997);
#17746 = PRESENTATION_STYLE_ASSIGNMENT((#17747));
#17747 = SURFACE_STYLE_USAGE(.BOTH.,#17748);
#17748 = SURFACE_SIDE_STYLE('',(#17749));
#17749 = SURFACE_STYLE_FILL_AREA(#17750);
#17750 = FILL_AREA_STYLE('',(#17751));
#17751 = FILL_AREA_STYLE_COLOUR('',#17737);
#17752 = STYLED_ITEM('color',(#17753),#1076);
#17753 = PRESENTATION_STYLE_ASSIGNMENT((#17754));
#17754 = SURFACE_STYLE_USAGE(.BOTH.,#17755);
#17755 = SURFACE_SIDE_STYLE('',(#17756));
#17756 = SURFACE_STYLE_FILL_AREA(#17757);
#17757 = FILL_AREA_STYLE('',(#17758));
#17758 = FILL_AREA_STYLE_COLOUR('',#17737);
#17759 = STYLED_ITEM('color',(#17760),#1100);
#17760 = PRESENTATION_STYLE_ASSIGNMENT((#17761));
#17761 = SURFACE_STYLE_USAGE(.BOTH.,#17762);
#17762 = SURFACE_SIDE_STYLE('',(#17763));
#17763 = SURFACE_STYLE_FILL_AREA(#17764);
#17764 = FILL_AREA_STYLE('',(#17765));
#17765 = FILL_AREA_STYLE_COLOUR('',#17737);
#17766 = STYLED_ITEM('color',(#17767),#1140);
#17767 = PRESENTATION_STYLE_ASSIGNMENT((#17768));
#17768 = SURFACE_STYLE_USAGE(.BOTH.,#17769);
#17769 = SURFACE_SIDE_STYLE('',(#17770));
#17770 = SURFACE_STYLE_FILL_AREA(#17771);
#17771 = FILL_AREA_STYLE('',(#17772));
#17772 = FILL_AREA_STYLE_COLOUR('',#17737);
#17773 = STYLED_ITEM('color',(#17774),#1171);
#17774 = PRESENTATION_STYLE_ASSIGNMENT((#17775));
#17775 = SURFACE_STYLE_USAGE(.BOTH.,#17776);
#17776 = SURFACE_SIDE_STYLE('',(#17777));
#17777 = SURFACE_STYLE_FILL_AREA(#17778);
#17778 = FILL_AREA_STYLE('',(#17779));
#17779 = FILL_AREA_STYLE_COLOUR('',#17737);
#17780 = STYLED_ITEM('color',(#17781),#1188);
#17781 = PRESENTATION_STYLE_ASSIGNMENT((#17782));
#17782 = SURFACE_STYLE_USAGE(.BOTH.,#17783);
#17783 = SURFACE_SIDE_STYLE('',(#17784));
#17784 = SURFACE_STYLE_FILL_AREA(#17785);
#17785 = FILL_AREA_STYLE('',(#17786));
#17786 = FILL_AREA_STYLE_COLOUR('',#17787);
#17787 = COLOUR_RGB('',0.859000020776,0.737999965183,0.495999988746);
#17788 = STYLED_ITEM('color',(#17789),#1221);
#17789 = PRESENTATION_STYLE_ASSIGNMENT((#17790));
#17790 = SURFACE_STYLE_USAGE(.BOTH.,#17791);
#17791 = SURFACE_SIDE_STYLE('',(#17792));
#17792 = SURFACE_STYLE_FILL_AREA(#17793);
#17793 = FILL_AREA_STYLE('',(#17794));
#17794 = FILL_AREA_STYLE_COLOUR('',#17737);
#17795 = STYLED_ITEM('color',(#17796),#1245);
#17796 = PRESENTATION_STYLE_ASSIGNMENT((#17797));
#17797 = SURFACE_STYLE_USAGE(.BOTH.,#17798);
#17798 = SURFACE_SIDE_STYLE('',(#17799));
#17799 = SURFACE_STYLE_FILL_AREA(#17800);
#17800 = FILL_AREA_STYLE('',(#17801));
#17801 = FILL_AREA_STYLE_COLOUR('',#17787);
#17802 = STYLED_ITEM('color',(#17803),#1312);
#17803 = PRESENTATION_STYLE_ASSIGNMENT((#17804));
#17804 = SURFACE_STYLE_USAGE(.BOTH.,#17805);
#17805 = SURFACE_SIDE_STYLE('',(#17806));
#17806 = SURFACE_STYLE_FILL_AREA(#17807);
#17807 = FILL_AREA_STYLE('',(#17808));
#17808 = FILL_AREA_STYLE_COLOUR('',#17737);
#17809 = STYLED_ITEM('color',(#17810),#1433);
#17810 = PRESENTATION_STYLE_ASSIGNMENT((#17811));
#17811 = SURFACE_STYLE_USAGE(.BOTH.,#17812);
#17812 = SURFACE_SIDE_STYLE('',(#17813));
#17813 = SURFACE_STYLE_FILL_AREA(#17814);
#17814 = FILL_AREA_STYLE('',(#17815));
#17815 = FILL_AREA_STYLE_COLOUR('',#17787);
#17816 = STYLED_ITEM('color',(#17817),#1500);
#17817 = PRESENTATION_STYLE_ASSIGNMENT((#17818));
#17818 = SURFACE_STYLE_USAGE(.BOTH.,#17819);
#17819 = SURFACE_SIDE_STYLE('',(#17820));
#17820 = SURFACE_STYLE_FILL_AREA(#17821);
#17821 = FILL_AREA_STYLE('',(#17822));
#17822 = FILL_AREA_STYLE_COLOUR('',#17737);
#17823 = STYLED_ITEM('color',(#17824),#1524);
#17824 = PRESENTATION_STYLE_ASSIGNMENT((#17825));
#17825 = SURFACE_STYLE_USAGE(.BOTH.,#17826);
#17826 = SURFACE_SIDE_STYLE('',(#17827));
#17827 = SURFACE_STYLE_FILL_AREA(#17828);
#17828 = FILL_AREA_STYLE('',(#17829));
#17829 = FILL_AREA_STYLE_COLOUR('',#17737);
#17830 = STYLED_ITEM('color',(#17831),#1555);
#17831 = PRESENTATION_STYLE_ASSIGNMENT((#17832));
#17832 = SURFACE_STYLE_USAGE(.BOTH.,#17833);
#17833 = SURFACE_SIDE_STYLE('',(#17834));
#17834 = SURFACE_STYLE_FILL_AREA(#17835);
#17835 = FILL_AREA_STYLE('',(#17836));
#17836 = FILL_AREA_STYLE_COLOUR('',#17787);
#17837 = STYLED_ITEM('color',(#17838),#1588);
#17838 = PRESENTATION_STYLE_ASSIGNMENT((#17839));
#17839 = SURFACE_STYLE_USAGE(.BOTH.,#17840);
#17840 = SURFACE_SIDE_STYLE('',(#17841));
#17841 = SURFACE_STYLE_FILL_AREA(#17842);
#17842 = FILL_AREA_STYLE('',(#17843));
#17843 = FILL_AREA_STYLE_COLOUR('',#17737);
#17844 = STYLED_ITEM('color',(#17845),#1644);
#17845 = PRESENTATION_STYLE_ASSIGNMENT((#17846));
#17846 = SURFACE_STYLE_USAGE(.BOTH.,#17847);
#17847 = SURFACE_SIDE_STYLE('',(#17848));
#17848 = SURFACE_STYLE_FILL_AREA(#17849);
#17849 = FILL_AREA_STYLE('',(#17850));
#17850 = FILL_AREA_STYLE_COLOUR('',#17787);
#17851 = STYLED_ITEM('color',(#17852),#1668);
#17852 = PRESENTATION_STYLE_ASSIGNMENT((#17853));
#17853 = SURFACE_STYLE_USAGE(.BOTH.,#17854);
#17854 = SURFACE_SIDE_STYLE('',(#17855));
#17855 = SURFACE_STYLE_FILL_AREA(#17856);
#17856 = FILL_AREA_STYLE('',(#17857));
#17857 = FILL_AREA_STYLE_COLOUR('',#17787);
#17858 = STYLED_ITEM('color',(#17859),#1692);
#17859 = PRESENTATION_STYLE_ASSIGNMENT((#17860));
#17860 = SURFACE_STYLE_USAGE(.BOTH.,#17861);
#17861 = SURFACE_SIDE_STYLE('',(#17862));
#17862 = SURFACE_STYLE_FILL_AREA(#17863);
#17863 = FILL_AREA_STYLE('',(#17864));
#17864 = FILL_AREA_STYLE_COLOUR('',#17787);
#17865 = STYLED_ITEM('color',(#17866),#1716);
#17866 = PRESENTATION_STYLE_ASSIGNMENT((#17867));
#17867 = SURFACE_STYLE_USAGE(.BOTH.,#17868);
#17868 = SURFACE_SIDE_STYLE('',(#17869));
#17869 = SURFACE_STYLE_FILL_AREA(#17870);
#17870 = FILL_AREA_STYLE('',(#17871));
#17871 = FILL_AREA_STYLE_COLOUR('',#17787);
#17872 = STYLED_ITEM('color',(#17873),#1749);
#17873 = PRESENTATION_STYLE_ASSIGNMENT((#17874));
#17874 = SURFACE_STYLE_USAGE(.BOTH.,#17875);
#17875 = SURFACE_SIDE_STYLE('',(#17876));
#17876 = SURFACE_STYLE_FILL_AREA(#17877);
#17877 = FILL_AREA_STYLE('',(#17878));
#17878 = FILL_AREA_STYLE_COLOUR('',#17787);
#17879 = STYLED_ITEM('color',(#17880),#1761);
#17880 = PRESENTATION_STYLE_ASSIGNMENT((#17881));
#17881 = SURFACE_STYLE_USAGE(.BOTH.,#17882);
#17882 = SURFACE_SIDE_STYLE('',(#17883));
#17883 = SURFACE_STYLE_FILL_AREA(#17884);
#17884 = FILL_AREA_STYLE('',(#17885));
#17885 = FILL_AREA_STYLE_COLOUR('',#17787);
#17886 = STYLED_ITEM('color',(#17887),#1824);
#17887 = PRESENTATION_STYLE_ASSIGNMENT((#17888));
#17888 = SURFACE_STYLE_USAGE(.BOTH.,#17889);
#17889 = SURFACE_SIDE_STYLE('',(#17890));
#17890 = SURFACE_STYLE_FILL_AREA(#17891);
#17891 = FILL_AREA_STYLE('',(#17892));
#17892 = FILL_AREA_STYLE_COLOUR('',#17787);
#17893 = STYLED_ITEM('color',(#17894),#1849);
#17894 = PRESENTATION_STYLE_ASSIGNMENT((#17895));
#17895 = SURFACE_STYLE_USAGE(.BOTH.,#17896);
#17896 = SURFACE_SIDE_STYLE('',(#17897));
#17897 = SURFACE_STYLE_FILL_AREA(#17898);
#17898 = FILL_AREA_STYLE('',(#17899));
#17899 = FILL_AREA_STYLE_COLOUR('',#17787);
#17900 = STYLED_ITEM('color',(#17901),#1866);
#17901 = PRESENTATION_STYLE_ASSIGNMENT((#17902));
#17902 = SURFACE_STYLE_USAGE(.BOTH.,#17903);
#17903 = SURFACE_SIDE_STYLE('',(#17904));
#17904 = SURFACE_STYLE_FILL_AREA(#17905);
#17905 = FILL_AREA_STYLE('',(#17906));
#17906 = FILL_AREA_STYLE_COLOUR('',#17787);
#17907 = STYLED_ITEM('color',(#17908),#1890);
#17908 = PRESENTATION_STYLE_ASSIGNMENT((#17909));
#17909 = SURFACE_STYLE_USAGE(.BOTH.,#17910);
#17910 = SURFACE_SIDE_STYLE('',(#17911));
#17911 = SURFACE_STYLE_FILL_AREA(#17912);
#17912 = FILL_AREA_STYLE('',(#17913));
#17913 = FILL_AREA_STYLE_COLOUR('',#17787);
#17914 = STYLED_ITEM('color',(#17915),#1908);
#17915 = PRESENTATION_STYLE_ASSIGNMENT((#17916));
#17916 = SURFACE_STYLE_USAGE(.BOTH.,#17917);
#17917 = SURFACE_SIDE_STYLE('',(#17918));
#17918 = SURFACE_STYLE_FILL_AREA(#17919);
#17919 = FILL_AREA_STYLE('',(#17920));
#17920 = FILL_AREA_STYLE_COLOUR('',#17787);
#17921 = STYLED_ITEM('color',(#17922),#1926);
#17922 = PRESENTATION_STYLE_ASSIGNMENT((#17923));
#17923 = SURFACE_STYLE_USAGE(.BOTH.,#17924);
#17924 = SURFACE_SIDE_STYLE('',(#17925));
#17925 = SURFACE_STYLE_FILL_AREA(#17926);
#17926 = FILL_AREA_STYLE('',(#17927));
#17927 = FILL_AREA_STYLE_COLOUR('',#17787);
#17928 = STYLED_ITEM('color',(#17929),#1944);
#17929 = PRESENTATION_STYLE_ASSIGNMENT((#17930));
#17930 = SURFACE_STYLE_USAGE(.BOTH.,#17931);
#17931 = SURFACE_SIDE_STYLE('',(#17932));
#17932 = SURFACE_STYLE_FILL_AREA(#17933);
#17933 = FILL_AREA_STYLE('',(#17934));
#17934 = FILL_AREA_STYLE_COLOUR('',#17787);
#17935 = STYLED_ITEM('color',(#17936),#1961);
#17936 = PRESENTATION_STYLE_ASSIGNMENT((#17937));
#17937 = SURFACE_STYLE_USAGE(.BOTH.,#17938);
#17938 = SURFACE_SIDE_STYLE('',(#17939));
#17939 = SURFACE_STYLE_FILL_AREA(#17940);
#17940 = FILL_AREA_STYLE('',(#17941));
#17941 = FILL_AREA_STYLE_COLOUR('',#17787);
#17942 = STYLED_ITEM('color',(#17943),#1978);
#17943 = PRESENTATION_STYLE_ASSIGNMENT((#17944));
#17944 = SURFACE_STYLE_USAGE(.BOTH.,#17945);
#17945 = SURFACE_SIDE_STYLE('',(#17946));
#17946 = SURFACE_STYLE_FILL_AREA(#17947);
#17947 = FILL_AREA_STYLE('',(#17948));
#17948 = FILL_AREA_STYLE_COLOUR('',#17787);
#17949 = STYLED_ITEM('color',(#17950),#2009);
#17950 = PRESENTATION_STYLE_ASSIGNMENT((#17951));
#17951 = SURFACE_STYLE_USAGE(.BOTH.,#17952);
#17952 = SURFACE_SIDE_STYLE('',(#17953));
#17953 = SURFACE_STYLE_FILL_AREA(#17954);
#17954 = FILL_AREA_STYLE('',(#17955));
#17955 = FILL_AREA_STYLE_COLOUR('',#17787);
#17956 = STYLED_ITEM('color',(#17957),#2034);
#17957 = PRESENTATION_STYLE_ASSIGNMENT((#17958));
#17958 = SURFACE_STYLE_USAGE(.BOTH.,#17959);
#17959 = SURFACE_SIDE_STYLE('',(#17960));
#17960 = SURFACE_STYLE_FILL_AREA(#17961);
#17961 = FILL_AREA_STYLE('',(#17962));
#17962 = FILL_AREA_STYLE_COLOUR('',#17787);
#17963 = STYLED_ITEM('color',(#17964),#2059);
#17964 = PRESENTATION_STYLE_ASSIGNMENT((#17965));
#17965 = SURFACE_STYLE_USAGE(.BOTH.,#17966);
#17966 = SURFACE_SIDE_STYLE('',(#17967));
#17967 = SURFACE_STYLE_FILL_AREA(#17968);
#17968 = FILL_AREA_STYLE('',(#17969));
#17969 = FILL_AREA_STYLE_COLOUR('',#17787);
#17970 = STYLED_ITEM('color',(#17971),#2083);
#17971 = PRESENTATION_STYLE_ASSIGNMENT((#17972));
#17972 = SURFACE_STYLE_USAGE(.BOTH.,#17973);
#17973 = SURFACE_SIDE_STYLE('',(#17974));
#17974 = SURFACE_STYLE_FILL_AREA(#17975);
#17975 = FILL_AREA_STYLE('',(#17976));
#17976 = FILL_AREA_STYLE_COLOUR('',#17787);
#17977 = STYLED_ITEM('color',(#17978),#2100);
#17978 = PRESENTATION_STYLE_ASSIGNMENT((#17979));
#17979 = SURFACE_STYLE_USAGE(.BOTH.,#17980);
#17980 = SURFACE_SIDE_STYLE('',(#17981));
#17981 = SURFACE_STYLE_FILL_AREA(#17982);
#17982 = FILL_AREA_STYLE('',(#17983));
#17983 = FILL_AREA_STYLE_COLOUR('',#17984);
#17984 = COLOUR_RGB('',0.340000006699,0.68000001254,0.444999988852);
#17985 = STYLED_ITEM('color',(#17986),#2131);
#17986 = PRESENTATION_STYLE_ASSIGNMENT((#17987));
#17987 = SURFACE_STYLE_USAGE(.BOTH.,#17988);
#17988 = SURFACE_SIDE_STYLE('',(#17989));
#17989 = SURFACE_STYLE_FILL_AREA(#17990);
#17990 = FILL_AREA_STYLE('',(#17991));
#17991 = FILL_AREA_STYLE_COLOUR('',#17984);
#17992 = STYLED_ITEM('color',(#17993),#2155);
#17993 = PRESENTATION_STYLE_ASSIGNMENT((#17994));
#17994 = SURFACE_STYLE_USAGE(.BOTH.,#17995);
#17995 = SURFACE_SIDE_STYLE('',(#17996));
#17996 = SURFACE_STYLE_FILL_AREA(#17997);
#17997 = FILL_AREA_STYLE('',(#17998));
#17998 = FILL_AREA_STYLE_COLOUR('',#17984);
#17999 = STYLED_ITEM('color',(#18000),#2172);
#18000 = PRESENTATION_STYLE_ASSIGNMENT((#18001));
#18001 = SURFACE_STYLE_USAGE(.BOTH.,#18002);
#18002 = SURFACE_SIDE_STYLE('',(#18003));
#18003 = SURFACE_STYLE_FILL_AREA(#18004);
#18004 = FILL_AREA_STYLE('',(#18005));
#18005 = FILL_AREA_STYLE_COLOUR('',#17787);
#18006 = STYLED_ITEM('color',(#18007),#2200);
#18007 = PRESENTATION_STYLE_ASSIGNMENT((#18008));
#18008 = SURFACE_STYLE_USAGE(.BOTH.,#18009);
#18009 = SURFACE_SIDE_STYLE('',(#18010));
#18010 = SURFACE_STYLE_FILL_AREA(#18011);
#18011 = FILL_AREA_STYLE('',(#18012));
#18012 = FILL_AREA_STYLE_COLOUR('',#17787);
#18013 = STYLED_ITEM('color',(#18014),#2225);
#18014 = PRESENTATION_STYLE_ASSIGNMENT((#18015));
#18015 = SURFACE_STYLE_USAGE(.BOTH.,#18016);
#18016 = SURFACE_SIDE_STYLE('',(#18017));
#18017 = SURFACE_STYLE_FILL_AREA(#18018);
#18018 = FILL_AREA_STYLE('',(#18019));
#18019 = FILL_AREA_STYLE_COLOUR('',#17787);
#18020 = STYLED_ITEM('color',(#18021),#2249);
#18021 = PRESENTATION_STYLE_ASSIGNMENT((#18022));
#18022 = SURFACE_STYLE_USAGE(.BOTH.,#18023);
#18023 = SURFACE_SIDE_STYLE('',(#18024));
#18024 = SURFACE_STYLE_FILL_AREA(#18025);
#18025 = FILL_AREA_STYLE('',(#18026));
#18026 = FILL_AREA_STYLE_COLOUR('',#17787);
#18027 = STYLED_ITEM('color',(#18028),#2274);
#18028 = PRESENTATION_STYLE_ASSIGNMENT((#18029));
#18029 = SURFACE_STYLE_USAGE(.BOTH.,#18030);
#18030 = SURFACE_SIDE_STYLE('',(#18031));
#18031 = SURFACE_STYLE_FILL_AREA(#18032);
#18032 = FILL_AREA_STYLE('',(#18033));
#18033 = FILL_AREA_STYLE_COLOUR('',#17787);
#18034 = STYLED_ITEM('color',(#18035),#2321);
#18035 = PRESENTATION_STYLE_ASSIGNMENT((#18036));
#18036 = SURFACE_STYLE_USAGE(.BOTH.,#18037);
#18037 = SURFACE_SIDE_STYLE('',(#18038));
#18038 = SURFACE_STYLE_FILL_AREA(#18039);
#18039 = FILL_AREA_STYLE('',(#18040));
#18040 = FILL_AREA_STYLE_COLOUR('',#17787);
#18041 = STYLED_ITEM('color',(#18042),#2338);
#18042 = PRESENTATION_STYLE_ASSIGNMENT((#18043));
#18043 = SURFACE_STYLE_USAGE(.BOTH.,#18044);
#18044 = SURFACE_SIDE_STYLE('',(#18045));
#18045 = SURFACE_STYLE_FILL_AREA(#18046);
#18046 = FILL_AREA_STYLE('',(#18047));
#18047 = FILL_AREA_STYLE_COLOUR('',#17787);
#18048 = STYLED_ITEM('color',(#18049),#2350);
#18049 = PRESENTATION_STYLE_ASSIGNMENT((#18050));
#18050 = SURFACE_STYLE_USAGE(.BOTH.,#18051);
#18051 = SURFACE_SIDE_STYLE('',(#18052));
#18052 = SURFACE_STYLE_FILL_AREA(#18053);
#18053 = FILL_AREA_STYLE('',(#18054));
#18054 = FILL_AREA_STYLE_COLOUR('',#17787);
#18055 = STYLED_ITEM('color',(#18056),#2372);
#18056 = PRESENTATION_STYLE_ASSIGNMENT((#18057));
#18057 = SURFACE_STYLE_USAGE(.BOTH.,#18058);
#18058 = SURFACE_SIDE_STYLE('',(#18059));
#18059 = SURFACE_STYLE_FILL_AREA(#18060);
#18060 = FILL_AREA_STYLE('',(#18061));
#18061 = FILL_AREA_STYLE_COLOUR('',#17787);
#18062 = STYLED_ITEM('color',(#18063),#2384);
#18063 = PRESENTATION_STYLE_ASSIGNMENT((#18064));
#18064 = SURFACE_STYLE_USAGE(.BOTH.,#18065);
#18065 = SURFACE_SIDE_STYLE('',(#18066));
#18066 = SURFACE_STYLE_FILL_AREA(#18067);
#18067 = FILL_AREA_STYLE('',(#18068));
#18068 = FILL_AREA_STYLE_COLOUR('',#17787);
#18069 = STYLED_ITEM('color',(#18070),#2402);
#18070 = PRESENTATION_STYLE_ASSIGNMENT((#18071));
#18071 = SURFACE_STYLE_USAGE(.BOTH.,#18072);
#18072 = SURFACE_SIDE_STYLE('',(#18073));
#18073 = SURFACE_STYLE_FILL_AREA(#18074);
#18074 = FILL_AREA_STYLE('',(#18075));
#18075 = FILL_AREA_STYLE_COLOUR('',#17787);
#18076 = STYLED_ITEM('color',(#18077),#2420);
#18077 = PRESENTATION_STYLE_ASSIGNMENT((#18078));
#18078 = SURFACE_STYLE_USAGE(.BOTH.,#18079);
#18079 = SURFACE_SIDE_STYLE('',(#18080));
#18080 = SURFACE_STYLE_FILL_AREA(#18081);
#18081 = FILL_AREA_STYLE('',(#18082));
#18082 = FILL_AREA_STYLE_COLOUR('',#17984);
#18083 = MECHANICAL_DESIGN_GEOMETRIC_PRESENTATION_REPRESENTATION('',(
    #18084,#18092,#18099,#18106,#18113,#18120,#18127,#18134,#18141,
    #18148,#18155,#18162,#18169,#18176,#18184,#18191,#18198,#18205,
    #18212,#18219,#18226,#18233,#18240,#18247,#18254,#18261),#866);
#18084 = STYLED_ITEM('color',(#18085),#78);
#18085 = PRESENTATION_STYLE_ASSIGNMENT((#18086));
#18086 = SURFACE_STYLE_USAGE(.BOTH.,#18087);
#18087 = SURFACE_SIDE_STYLE('',(#18088));
#18088 = SURFACE_STYLE_FILL_AREA(#18089);
#18089 = FILL_AREA_STYLE('',(#18090));
#18090 = FILL_AREA_STYLE_COLOUR('',#18091);
#18091 = COLOUR_RGB('',0.823999987314,0.819999987296,0.781000009244);
#18092 = STYLED_ITEM('color',(#18093),#118);
#18093 = PRESENTATION_STYLE_ASSIGNMENT((#18094));
#18094 = SURFACE_STYLE_USAGE(.BOTH.,#18095);
#18095 = SURFACE_SIDE_STYLE('',(#18096));
#18096 = SURFACE_STYLE_FILL_AREA(#18097);
#18097 = FILL_AREA_STYLE('',(#18098));
#18098 = FILL_AREA_STYLE_COLOUR('',#18091);
#18099 = STYLED_ITEM('color',(#18100),#201);
#18100 = PRESENTATION_STYLE_ASSIGNMENT((#18101));
#18101 = SURFACE_STYLE_USAGE(.BOTH.,#18102);
#18102 = SURFACE_SIDE_STYLE('',(#18103));
#18103 = SURFACE_STYLE_FILL_AREA(#18104);
#18104 = FILL_AREA_STYLE('',(#18105));
#18105 = FILL_AREA_STYLE_COLOUR('',#18091);
#18106 = STYLED_ITEM('color',(#18107),#226);
#18107 = PRESENTATION_STYLE_ASSIGNMENT((#18108));
#18108 = SURFACE_STYLE_USAGE(.BOTH.,#18109);
#18109 = SURFACE_SIDE_STYLE('',(#18110));
#18110 = SURFACE_STYLE_FILL_AREA(#18111);
#18111 = FILL_AREA_STYLE('',(#18112));
#18112 = FILL_AREA_STYLE_COLOUR('',#18091);
#18113 = STYLED_ITEM('color',(#18114),#251);
#18114 = PRESENTATION_STYLE_ASSIGNMENT((#18115));
#18115 = SURFACE_STYLE_USAGE(.BOTH.,#18116);
#18116 = SURFACE_SIDE_STYLE('',(#18117));
#18117 = SURFACE_STYLE_FILL_AREA(#18118);
#18118 = FILL_AREA_STYLE('',(#18119));
#18119 = FILL_AREA_STYLE_COLOUR('',#18091);
#18120 = STYLED_ITEM('color',(#18121),#318);
#18121 = PRESENTATION_STYLE_ASSIGNMENT((#18122));
#18122 = SURFACE_STYLE_USAGE(.BOTH.,#18123);
#18123 = SURFACE_SIDE_STYLE('',(#18124));
#18124 = SURFACE_STYLE_FILL_AREA(#18125);
#18125 = FILL_AREA_STYLE('',(#18126));
#18126 = FILL_AREA_STYLE_COLOUR('',#18091);
#18127 = STYLED_ITEM('color',(#18128),#335);
#18128 = PRESENTATION_STYLE_ASSIGNMENT((#18129));
#18129 = SURFACE_STYLE_USAGE(.BOTH.,#18130);
#18130 = SURFACE_SIDE_STYLE('',(#18131));
#18131 = SURFACE_STYLE_FILL_AREA(#18132);
#18132 = FILL_AREA_STYLE('',(#18133));
#18133 = FILL_AREA_STYLE_COLOUR('',#18091);
#18134 = STYLED_ITEM('color',(#18135),#352);
#18135 = PRESENTATION_STYLE_ASSIGNMENT((#18136));
#18136 = SURFACE_STYLE_USAGE(.BOTH.,#18137);
#18137 = SURFACE_SIDE_STYLE('',(#18138));
#18138 = SURFACE_STYLE_FILL_AREA(#18139);
#18139 = FILL_AREA_STYLE('',(#18140));
#18140 = FILL_AREA_STYLE_COLOUR('',#17737);
#18141 = STYLED_ITEM('color',(#18142),#401);
#18142 = PRESENTATION_STYLE_ASSIGNMENT((#18143));
#18143 = SURFACE_STYLE_USAGE(.BOTH.,#18144);
#18144 = SURFACE_SIDE_STYLE('',(#18145));
#18145 = SURFACE_STYLE_FILL_AREA(#18146);
#18146 = FILL_AREA_STYLE('',(#18147));
#18147 = FILL_AREA_STYLE_COLOUR('',#18091);
#18148 = STYLED_ITEM('color',(#18149),#418);
#18149 = PRESENTATION_STYLE_ASSIGNMENT((#18150));
#18150 = SURFACE_STYLE_USAGE(.BOTH.,#18151);
#18151 = SURFACE_SIDE_STYLE('',(#18152));
#18152 = SURFACE_STYLE_FILL_AREA(#18153);
#18153 = FILL_AREA_STYLE('',(#18154));
#18154 = FILL_AREA_STYLE_COLOUR('',#18091);
#18155 = STYLED_ITEM('color',(#18156),#435);
#18156 = PRESENTATION_STYLE_ASSIGNMENT((#18157));
#18157 = SURFACE_STYLE_USAGE(.BOTH.,#18158);
#18158 = SURFACE_SIDE_STYLE('',(#18159));
#18159 = SURFACE_STYLE_FILL_AREA(#18160);
#18160 = FILL_AREA_STYLE('',(#18161));
#18161 = FILL_AREA_STYLE_COLOUR('',#17737);
#18162 = STYLED_ITEM('color',(#18163),#484);
#18163 = PRESENTATION_STYLE_ASSIGNMENT((#18164));
#18164 = SURFACE_STYLE_USAGE(.BOTH.,#18165);
#18165 = SURFACE_SIDE_STYLE('',(#18166));
#18166 = SURFACE_STYLE_FILL_AREA(#18167);
#18167 = FILL_AREA_STYLE('',(#18168));
#18168 = FILL_AREA_STYLE_COLOUR('',#17737);
#18169 = STYLED_ITEM('color',(#18170),#501);
#18170 = PRESENTATION_STYLE_ASSIGNMENT((#18171));
#18171 = SURFACE_STYLE_USAGE(.BOTH.,#18172);
#18172 = SURFACE_SIDE_STYLE('',(#18173));
#18173 = SURFACE_STYLE_FILL_AREA(#18174);
#18174 = FILL_AREA_STYLE('',(#18175));
#18175 = FILL_AREA_STYLE_COLOUR('',#18091);
#18176 = STYLED_ITEM('color',(#18177),#570);
#18177 = PRESENTATION_STYLE_ASSIGNMENT((#18178));
#18178 = SURFACE_STYLE_USAGE(.BOTH.,#18179);
#18179 = SURFACE_SIDE_STYLE('',(#18180));
#18180 = SURFACE_STYLE_FILL_AREA(#18181);
#18181 = FILL_AREA_STYLE('',(#18182));
#18182 = FILL_AREA_STYLE_COLOUR('',#18183);
#18183 = COLOUR_RGB('',8.200000279077E-02,8.600000121357E-02,
  9.399999706163E-02);
#18184 = STYLED_ITEM('color',(#18185),#601);
#18185 = PRESENTATION_STYLE_ASSIGNMENT((#18186));
#18186 = SURFACE_STYLE_USAGE(.BOTH.,#18187);
#18187 = SURFACE_SIDE_STYLE('',(#18188));
#18188 = SURFACE_STYLE_FILL_AREA(#18189);
#18189 = FILL_AREA_STYLE('',(#18190));
#18190 = FILL_AREA_STYLE_COLOUR('',#18183);
#18191 = STYLED_ITEM('color',(#18192),#625);
#18192 = PRESENTATION_STYLE_ASSIGNMENT((#18193));
#18193 = SURFACE_STYLE_USAGE(.BOTH.,#18194);
#18194 = SURFACE_SIDE_STYLE('',(#18195));
#18195 = SURFACE_STYLE_FILL_AREA(#18196);
#18196 = FILL_AREA_STYLE('',(#18197));
#18197 = FILL_AREA_STYLE_COLOUR('',#18091);
#18198 = STYLED_ITEM('color',(#18199),#694);
#18199 = PRESENTATION_STYLE_ASSIGNMENT((#18200));
#18200 = SURFACE_STYLE_USAGE(.BOTH.,#18201);
#18201 = SURFACE_SIDE_STYLE('',(#18202));
#18202 = SURFACE_STYLE_FILL_AREA(#18203);
#18203 = FILL_AREA_STYLE('',(#18204));
#18204 = FILL_AREA_STYLE_COLOUR('',#18183);
#18205 = STYLED_ITEM('color',(#18206),#718);
#18206 = PRESENTATION_STYLE_ASSIGNMENT((#18207));
#18207 = SURFACE_STYLE_USAGE(.BOTH.,#18208);
#18208 = SURFACE_SIDE_STYLE('',(#18209));
#18209 = SURFACE_STYLE_FILL_AREA(#18210);
#18210 = FILL_AREA_STYLE('',(#18211));
#18211 = FILL_AREA_STYLE_COLOUR('',#18091);
#18212 = STYLED_ITEM('color',(#18213),#735);
#18213 = PRESENTATION_STYLE_ASSIGNMENT((#18214));
#18214 = SURFACE_STYLE_USAGE(.BOTH.,#18215);
#18215 = SURFACE_SIDE_STYLE('',(#18216));
#18216 = SURFACE_STYLE_FILL_AREA(#18217);
#18217 = FILL_AREA_STYLE('',(#18218));
#18218 = FILL_AREA_STYLE_COLOUR('',#18091);
#18219 = STYLED_ITEM('color',(#18220),#752);
#18220 = PRESENTATION_STYLE_ASSIGNMENT((#18221));
#18221 = SURFACE_STYLE_USAGE(.BOTH.,#18222);
#18222 = SURFACE_SIDE_STYLE('',(#18223));
#18223 = SURFACE_STYLE_FILL_AREA(#18224);
#18224 = FILL_AREA_STYLE('',(#18225));
#18225 = FILL_AREA_STYLE_COLOUR('',#18091);
#18226 = STYLED_ITEM('color',(#18227),#769);
#18227 = PRESENTATION_STYLE_ASSIGNMENT((#18228));
#18228 = SURFACE_STYLE_USAGE(.BOTH.,#18229);
#18229 = SURFACE_SIDE_STYLE('',(#18230));
#18230 = SURFACE_STYLE_FILL_AREA(#18231);
#18231 = FILL_AREA_STYLE('',(#18232));
#18232 = FILL_AREA_STYLE_COLOUR('',#18091);
#18233 = STYLED_ITEM('color',(#18234),#786);
#18234 = PRESENTATION_STYLE_ASSIGNMENT((#18235));
#18235 = SURFACE_STYLE_USAGE(.BOTH.,#18236);
#18236 = SURFACE_SIDE_STYLE('',(#18237));
#18237 = SURFACE_STYLE_FILL_AREA(#18238);
#18238 = FILL_AREA_STYLE('',(#18239));
#18239 = FILL_AREA_STYLE_COLOUR('',#18091);
#18240 = STYLED_ITEM('color',(#18241),#803);
#18241 = PRESENTATION_STYLE_ASSIGNMENT((#18242));
#18242 = SURFACE_STYLE_USAGE(.BOTH.,#18243);
#18243 = SURFACE_SIDE_STYLE('',(#18244));
#18244 = SURFACE_STYLE_FILL_AREA(#18245);
#18245 = FILL_AREA_STYLE('',(#18246));
#18246 = FILL_AREA_STYLE_COLOUR('',#18091);
#18247 = STYLED_ITEM('color',(#18248),#820);
#18248 = PRESENTATION_STYLE_ASSIGNMENT((#18249));
#18249 = SURFACE_STYLE_USAGE(.BOTH.,#18250);
#18250 = SURFACE_SIDE_STYLE('',(#18251));
#18251 = SURFACE_STYLE_FILL_AREA(#18252);
#18252 = FILL_AREA_STYLE('',(#18253));
#18253 = FILL_AREA_STYLE_COLOUR('',#18091);
#18254 = STYLED_ITEM('color',(#18255),#837);
#18255 = PRESENTATION_STYLE_ASSIGNMENT((#18256));
#18256 = SURFACE_STYLE_USAGE(.BOTH.,#18257);
#18257 = SURFACE_SIDE_STYLE('',(#18258));
#18258 = SURFACE_STYLE_FILL_AREA(#18259);
#18259 = FILL_AREA_STYLE('',(#18260));
#18260 = FILL_AREA_STYLE_COLOUR('',#18183);
#18261 = STYLED_ITEM('color',(#18262),#854);
#18262 = PRESENTATION_STYLE_ASSIGNMENT((#18263));
#18263 = SURFACE_STYLE_USAGE(.BOTH.,#18264);
#18264 = SURFACE_SIDE_STYLE('',(#18265));
#18265 = SURFACE_STYLE_FILL_AREA(#18266);
#18266 = FILL_AREA_STYLE('',(#18267));
#18267 = FILL_AREA_STYLE_COLOUR('',#18183);
#18268 = MECHANICAL_DESIGN_GEOMETRIC_PRESENTATION_REPRESENTATION('',(
    #18269,#18279,#18288,#18297,#18306,#18315,#18324,#18333,#18342,
    #18351,#18360,#18369,#18378,#18387,#18396,#18405,#18414,#18423,
    #18432,#18441,#18450,#18459,#18468,#18477,#18486,#18495,#18504,
    #18513,#18522,#18531,#18540,#18549,#18558,#18567,#18576,#18585,
    #18594,#18603,#18612,#18621,#18630,#18639,#18648,#18657,#18666,
    #18675,#18684,#18693,#18702,#18711,#18720,#18729,#18738,#18747,
    #18756,#18765,#18774,#18783,#18792,#18801,#18810,#18819,#18828,
    #18837,#18846,#18855,#18864,#18873,#18882,#18891,#18900,#18909,
    #18918,#18927,#18936,#18945,#18954,#18963,#18972,#18981,#18990,
    #18999,#19008,#19017,#19026,#19035,#19044,#19053,#19062,#19071,
    #19080,#19089,#19098,#19107,#19116,#19125,#19134,#19143,#19152,
    #19161,#19170,#19179,#19188,#19197,#19206,#19215,#19224,#19233,
    #19242,#19251,#19260,#19269,#19278,#19287,#19296,#19305,#19314,
    #19323,#19332,#19341,#19350,#19359,#19368,#19377,#19386,#19395,
    #19404,#19413,#19422,#19431,#19440,#19449,#19458,#19467,#19476,
    #19485,#19494,#19503,#19512,#19521,#19530,#19539,#19548,#19557,
    #19566,#19575,#19584,#19593,#19602,#19611,#19620,#19629,#19638,
    #19647,#19656,#19665,#19674,#19683,#19692,#19701),#13115);
#18269 = STYLED_ITEM('color',(#18270),#2452);
#18270 = PRESENTATION_STYLE_ASSIGNMENT((#18271));
#18271 = SURFACE_STYLE_USAGE(.BOTH.,#18272);
#18272 = SURFACE_SIDE_STYLE('',(#18273,#18277));
#18273 = SURFACE_STYLE_FILL_AREA(#18274);
#18274 = FILL_AREA_STYLE('',(#18275));
#18275 = FILL_AREA_STYLE_COLOUR('',#18276);
#18276 = DRAUGHTING_PRE_DEFINED_COLOUR('white');
#18277 = SURFACE_STYLE_RENDERING_WITH_PROPERTIES(.NORMAL_SHADING.,#18276
  ,(#18278));
#18278 = SURFACE_STYLE_TRANSPARENT(0.100000023842);
#18279 = STYLED_ITEM('color',(#18280),#2529);
#18280 = PRESENTATION_STYLE_ASSIGNMENT((#18281));
#18281 = SURFACE_STYLE_USAGE(.BOTH.,#18282);
#18282 = SURFACE_SIDE_STYLE('',(#18283,#18286));
#18283 = SURFACE_STYLE_FILL_AREA(#18284);
#18284 = FILL_AREA_STYLE('',(#18285));
#18285 = FILL_AREA_STYLE_COLOUR('',#18276);
#18286 = SURFACE_STYLE_RENDERING_WITH_PROPERTIES(.NORMAL_SHADING.,#18276
  ,(#18287));
#18287 = SURFACE_STYLE_TRANSPARENT(0.100000023842);
#18288 = STYLED_ITEM('color',(#18289),#2573);
#18289 = PRESENTATION_STYLE_ASSIGNMENT((#18290));
#18290 = SURFACE_STYLE_USAGE(.BOTH.,#18291);
#18291 = SURFACE_SIDE_STYLE('',(#18292,#18295));
#18292 = SURFACE_STYLE_FILL_AREA(#18293);
#18293 = FILL_AREA_STYLE('',(#18294));
#18294 = FILL_AREA_STYLE_COLOUR('',#18276);
#18295 = SURFACE_STYLE_RENDERING_WITH_PROPERTIES(.NORMAL_SHADING.,#18276
  ,(#18296));
#18296 = SURFACE_STYLE_TRANSPARENT(0.100000023842);
#18297 = STYLED_ITEM('color',(#18298),#2617);
#18298 = PRESENTATION_STYLE_ASSIGNMENT((#18299));
#18299 = SURFACE_STYLE_USAGE(.BOTH.,#18300);
#18300 = SURFACE_SIDE_STYLE('',(#18301,#18304));
#18301 = SURFACE_STYLE_FILL_AREA(#18302);
#18302 = FILL_AREA_STYLE('',(#18303));
#18303 = FILL_AREA_STYLE_COLOUR('',#18276);
#18304 = SURFACE_STYLE_RENDERING_WITH_PROPERTIES(.NORMAL_SHADING.,#18276
  ,(#18305));
#18305 = SURFACE_STYLE_TRANSPARENT(0.100000023842);
#18306 = STYLED_ITEM('color',(#18307),#2661);
#18307 = PRESENTATION_STYLE_ASSIGNMENT((#18308));
#18308 = SURFACE_STYLE_USAGE(.BOTH.,#18309);
#18309 = SURFACE_SIDE_STYLE('',(#18310,#18313));
#18310 = SURFACE_STYLE_FILL_AREA(#18311);
#18311 = FILL_AREA_STYLE('',(#18312));
#18312 = FILL_AREA_STYLE_COLOUR('',#18276);
#18313 = SURFACE_STYLE_RENDERING_WITH_PROPERTIES(.NORMAL_SHADING.,#18276
  ,(#18314));
#18314 = SURFACE_STYLE_TRANSPARENT(0.100000023842);
#18315 = STYLED_ITEM('color',(#18316),#2705);
#18316 = PRESENTATION_STYLE_ASSIGNMENT((#18317));
#18317 = SURFACE_STYLE_USAGE(.BOTH.,#18318);
#18318 = SURFACE_SIDE_STYLE('',(#18319,#18322));
#18319 = SURFACE_STYLE_FILL_AREA(#18320);
#18320 = FILL_AREA_STYLE('',(#18321));
#18321 = FILL_AREA_STYLE_COLOUR('',#18276);
#18322 = SURFACE_STYLE_RENDERING_WITH_PROPERTIES(.NORMAL_SHADING.,#18276
  ,(#18323));
#18323 = SURFACE_STYLE_TRANSPARENT(0.100000023842);
#18324 = STYLED_ITEM('color',(#18325),#2749);
#18325 = PRESENTATION_STYLE_ASSIGNMENT((#18326));
#18326 = SURFACE_STYLE_USAGE(.BOTH.,#18327);
#18327 = SURFACE_SIDE_STYLE('',(#18328,#18331));
#18328 = SURFACE_STYLE_FILL_AREA(#18329);
#18329 = FILL_AREA_STYLE('',(#18330));
#18330 = FILL_AREA_STYLE_COLOUR('',#18276);
#18331 = SURFACE_STYLE_RENDERING_WITH_PROPERTIES(.NORMAL_SHADING.,#18276
  ,(#18332));
#18332 = SURFACE_STYLE_TRANSPARENT(0.100000023842);
#18333 = STYLED_ITEM('color',(#18334),#2826);
#18334 = PRESENTATION_STYLE_ASSIGNMENT((#18335));
#18335 = SURFACE_STYLE_USAGE(.BOTH.,#18336);
#18336 = SURFACE_SIDE_STYLE('',(#18337,#18340));
#18337 = SURFACE_STYLE_FILL_AREA(#18338);
#18338 = FILL_AREA_STYLE('',(#18339));
#18339 = FILL_AREA_STYLE_COLOUR('',#18276);
#18340 = SURFACE_STYLE_RENDERING_WITH_PROPERTIES(.NORMAL_SHADING.,#18276
  ,(#18341));
#18341 = SURFACE_STYLE_TRANSPARENT(0.100000023842);
#18342 = STYLED_ITEM('color',(#18343),#2903);
#18343 = PRESENTATION_STYLE_ASSIGNMENT((#18344));
#18344 = SURFACE_STYLE_USAGE(.BOTH.,#18345);
#18345 = SURFACE_SIDE_STYLE('',(#18346,#18349));
#18346 = SURFACE_STYLE_FILL_AREA(#18347);
#18347 = FILL_AREA_STYLE('',(#18348));
#18348 = FILL_AREA_STYLE_COLOUR('',#18276);
#18349 = SURFACE_STYLE_RENDERING_WITH_PROPERTIES(.NORMAL_SHADING.,#18276
  ,(#18350));
#18350 = SURFACE_STYLE_TRANSPARENT(0.100000023842);
#18351 = STYLED_ITEM('color',(#18352),#2947);
#18352 = PRESENTATION_STYLE_ASSIGNMENT((#18353));
#18353 = SURFACE_STYLE_USAGE(.BOTH.,#18354);
#18354 = SURFACE_SIDE_STYLE('',(#18355,#18358));
#18355 = SURFACE_STYLE_FILL_AREA(#18356);
#18356 = FILL_AREA_STYLE('',(#18357));
#18357 = FILL_AREA_STYLE_COLOUR('',#18276);
#18358 = SURFACE_STYLE_RENDERING_WITH_PROPERTIES(.NORMAL_SHADING.,#18276
  ,(#18359));
#18359 = SURFACE_STYLE_TRANSPARENT(0.100000023842);
#18360 = STYLED_ITEM('color',(#18361),#2991);
#18361 = PRESENTATION_STYLE_ASSIGNMENT((#18362));
#18362 = SURFACE_STYLE_USAGE(.BOTH.,#18363);
#18363 = SURFACE_SIDE_STYLE('',(#18364,#18367));
#18364 = SURFACE_STYLE_FILL_AREA(#18365);
#18365 = FILL_AREA_STYLE('',(#18366));
#18366 = FILL_AREA_STYLE_COLOUR('',#18276);
#18367 = SURFACE_STYLE_RENDERING_WITH_PROPERTIES(.NORMAL_SHADING.,#18276
  ,(#18368));
#18368 = SURFACE_STYLE_TRANSPARENT(0.100000023842);
#18369 = STYLED_ITEM('color',(#18370),#3035);
#18370 = PRESENTATION_STYLE_ASSIGNMENT((#18371));
#18371 = SURFACE_STYLE_USAGE(.BOTH.,#18372);
#18372 = SURFACE_SIDE_STYLE('',(#18373,#18376));
#18373 = SURFACE_STYLE_FILL_AREA(#18374);
#18374 = FILL_AREA_STYLE('',(#18375));
#18375 = FILL_AREA_STYLE_COLOUR('',#18276);
#18376 = SURFACE_STYLE_RENDERING_WITH_PROPERTIES(.NORMAL_SHADING.,#18276
  ,(#18377));
#18377 = SURFACE_STYLE_TRANSPARENT(0.100000023842);
#18378 = STYLED_ITEM('color',(#18379),#3079);
#18379 = PRESENTATION_STYLE_ASSIGNMENT((#18380));
#18380 = SURFACE_STYLE_USAGE(.BOTH.,#18381);
#18381 = SURFACE_SIDE_STYLE('',(#18382,#18385));
#18382 = SURFACE_STYLE_FILL_AREA(#18383);
#18383 = FILL_AREA_STYLE('',(#18384));
#18384 = FILL_AREA_STYLE_COLOUR('',#18276);
#18385 = SURFACE_STYLE_RENDERING_WITH_PROPERTIES(.NORMAL_SHADING.,#18276
  ,(#18386));
#18386 = SURFACE_STYLE_TRANSPARENT(0.100000023842);
#18387 = STYLED_ITEM('color',(#18388),#3123);
#18388 = PRESENTATION_STYLE_ASSIGNMENT((#18389));
#18389 = SURFACE_STYLE_USAGE(.BOTH.,#18390);
#18390 = SURFACE_SIDE_STYLE('',(#18391,#18394));
#18391 = SURFACE_STYLE_FILL_AREA(#18392);
#18392 = FILL_AREA_STYLE('',(#18393));
#18393 = FILL_AREA_STYLE_COLOUR('',#18276);
#18394 = SURFACE_STYLE_RENDERING_WITH_PROPERTIES(.NORMAL_SHADING.,#18276
  ,(#18395));
#18395 = SURFACE_STYLE_TRANSPARENT(0.100000023842);
#18396 = STYLED_ITEM('color',(#18397),#3200);
#18397 = PRESENTATION_STYLE_ASSIGNMENT((#18398));
#18398 = SURFACE_STYLE_USAGE(.BOTH.,#18399);
#18399 = SURFACE_SIDE_STYLE('',(#18400,#18403));
#18400 = SURFACE_STYLE_FILL_AREA(#18401);
#18401 = FILL_AREA_STYLE('',(#18402));
#18402 = FILL_AREA_STYLE_COLOUR('',#18276);
#18403 = SURFACE_STYLE_RENDERING_WITH_PROPERTIES(.NORMAL_SHADING.,#18276
  ,(#18404));
#18404 = SURFACE_STYLE_TRANSPARENT(0.100000023842);
#18405 = STYLED_ITEM('color',(#18406),#3277);
#18406 = PRESENTATION_STYLE_ASSIGNMENT((#18407));
#18407 = SURFACE_STYLE_USAGE(.BOTH.,#18408);
#18408 = SURFACE_SIDE_STYLE('',(#18409,#18412));
#18409 = SURFACE_STYLE_FILL_AREA(#18410);
#18410 = FILL_AREA_STYLE('',(#18411));
#18411 = FILL_AREA_STYLE_COLOUR('',#18276);
#18412 = SURFACE_STYLE_RENDERING_WITH_PROPERTIES(.NORMAL_SHADING.,#18276
  ,(#18413));
#18413 = SURFACE_STYLE_TRANSPARENT(0.100000023842);
#18414 = STYLED_ITEM('color',(#18415),#3321);
#18415 = PRESENTATION_STYLE_ASSIGNMENT((#18416));
#18416 = SURFACE_STYLE_USAGE(.BOTH.,#18417);
#18417 = SURFACE_SIDE_STYLE('',(#18418,#18421));
#18418 = SURFACE_STYLE_FILL_AREA(#18419);
#18419 = FILL_AREA_STYLE('',(#18420));
#18420 = FILL_AREA_STYLE_COLOUR('',#18276);
#18421 = SURFACE_STYLE_RENDERING_WITH_PROPERTIES(.NORMAL_SHADING.,#18276
  ,(#18422));
#18422 = SURFACE_STYLE_TRANSPARENT(0.100000023842);
#18423 = STYLED_ITEM('color',(#18424),#3365);
#18424 = PRESENTATION_STYLE_ASSIGNMENT((#18425));
#18425 = SURFACE_STYLE_USAGE(.BOTH.,#18426);
#18426 = SURFACE_SIDE_STYLE('',(#18427,#18430));
#18427 = SURFACE_STYLE_FILL_AREA(#18428);
#18428 = FILL_AREA_STYLE('',(#18429));
#18429 = FILL_AREA_STYLE_COLOUR('',#18276);
#18430 = SURFACE_STYLE_RENDERING_WITH_PROPERTIES(.NORMAL_SHADING.,#18276
  ,(#18431));
#18431 = SURFACE_STYLE_TRANSPARENT(0.100000023842);
#18432 = STYLED_ITEM('color',(#18433),#3409);
#18433 = PRESENTATION_STYLE_ASSIGNMENT((#18434));
#18434 = SURFACE_STYLE_USAGE(.BOTH.,#18435);
#18435 = SURFACE_SIDE_STYLE('',(#18436,#18439));
#18436 = SURFACE_STYLE_FILL_AREA(#18437);
#18437 = FILL_AREA_STYLE('',(#18438));
#18438 = FILL_AREA_STYLE_COLOUR('',#18276);
#18439 = SURFACE_STYLE_RENDERING_WITH_PROPERTIES(.NORMAL_SHADING.,#18276
  ,(#18440));
#18440 = SURFACE_STYLE_TRANSPARENT(0.100000023842);
#18441 = STYLED_ITEM('color',(#18442),#3453);
#18442 = PRESENTATION_STYLE_ASSIGNMENT((#18443));
#18443 = SURFACE_STYLE_USAGE(.BOTH.,#18444);
#18444 = SURFACE_SIDE_STYLE('',(#18445,#18448));
#18445 = SURFACE_STYLE_FILL_AREA(#18446);
#18446 = FILL_AREA_STYLE('',(#18447));
#18447 = FILL_AREA_STYLE_COLOUR('',#18276);
#18448 = SURFACE_STYLE_RENDERING_WITH_PROPERTIES(.NORMAL_SHADING.,#18276
  ,(#18449));
#18449 = SURFACE_STYLE_TRANSPARENT(0.100000023842);
#18450 = STYLED_ITEM('color',(#18451),#3497);
#18451 = PRESENTATION_STYLE_ASSIGNMENT((#18452));
#18452 = SURFACE_STYLE_USAGE(.BOTH.,#18453);
#18453 = SURFACE_SIDE_STYLE('',(#18454,#18457));
#18454 = SURFACE_STYLE_FILL_AREA(#18455);
#18455 = FILL_AREA_STYLE('',(#18456));
#18456 = FILL_AREA_STYLE_COLOUR('',#18276);
#18457 = SURFACE_STYLE_RENDERING_WITH_PROPERTIES(.NORMAL_SHADING.,#18276
  ,(#18458));
#18458 = SURFACE_STYLE_TRANSPARENT(0.100000023842);
#18459 = STYLED_ITEM('color',(#18460),#3574);
#18460 = PRESENTATION_STYLE_ASSIGNMENT((#18461));
#18461 = SURFACE_STYLE_USAGE(.BOTH.,#18462);
#18462 = SURFACE_SIDE_STYLE('',(#18463,#18466));
#18463 = SURFACE_STYLE_FILL_AREA(#18464);
#18464 = FILL_AREA_STYLE('',(#18465));
#18465 = FILL_AREA_STYLE_COLOUR('',#18276);
#18466 = SURFACE_STYLE_RENDERING_WITH_PROPERTIES(.NORMAL_SHADING.,#18276
  ,(#18467));
#18467 = SURFACE_STYLE_TRANSPARENT(0.100000023842);
#18468 = STYLED_ITEM('color',(#18469),#3651);
#18469 = PRESENTATION_STYLE_ASSIGNMENT((#18470));
#18470 = SURFACE_STYLE_USAGE(.BOTH.,#18471);
#18471 = SURFACE_SIDE_STYLE('',(#18472,#18475));
#18472 = SURFACE_STYLE_FILL_AREA(#18473);
#18473 = FILL_AREA_STYLE('',(#18474));
#18474 = FILL_AREA_STYLE_COLOUR('',#18276);
#18475 = SURFACE_STYLE_RENDERING_WITH_PROPERTIES(.NORMAL_SHADING.,#18276
  ,(#18476));
#18476 = SURFACE_STYLE_TRANSPARENT(0.100000023842);
#18477 = STYLED_ITEM('color',(#18478),#3695);
#18478 = PRESENTATION_STYLE_ASSIGNMENT((#18479));
#18479 = SURFACE_STYLE_USAGE(.BOTH.,#18480);
#18480 = SURFACE_SIDE_STYLE('',(#18481,#18484));
#18481 = SURFACE_STYLE_FILL_AREA(#18482);
#18482 = FILL_AREA_STYLE('',(#18483));
#18483 = FILL_AREA_STYLE_COLOUR('',#18276);
#18484 = SURFACE_STYLE_RENDERING_WITH_PROPERTIES(.NORMAL_SHADING.,#18276
  ,(#18485));
#18485 = SURFACE_STYLE_TRANSPARENT(0.100000023842);
#18486 = STYLED_ITEM('color',(#18487),#3739);
#18487 = PRESENTATION_STYLE_ASSIGNMENT((#18488));
#18488 = SURFACE_STYLE_USAGE(.BOTH.,#18489);
#18489 = SURFACE_SIDE_STYLE('',(#18490,#18493));
#18490 = SURFACE_STYLE_FILL_AREA(#18491);
#18491 = FILL_AREA_STYLE('',(#18492));
#18492 = FILL_AREA_STYLE_COLOUR('',#18276);
#18493 = SURFACE_STYLE_RENDERING_WITH_PROPERTIES(.NORMAL_SHADING.,#18276
  ,(#18494));
#18494 = SURFACE_STYLE_TRANSPARENT(0.100000023842);
#18495 = STYLED_ITEM('color',(#18496),#3783);
#18496 = PRESENTATION_STYLE_ASSIGNMENT((#18497));
#18497 = SURFACE_STYLE_USAGE(.BOTH.,#18498);
#18498 = SURFACE_SIDE_STYLE('',(#18499,#18502));
#18499 = SURFACE_STYLE_FILL_AREA(#18500);
#18500 = FILL_AREA_STYLE('',(#18501));
#18501 = FILL_AREA_STYLE_COLOUR('',#18276);
#18502 = SURFACE_STYLE_RENDERING_WITH_PROPERTIES(.NORMAL_SHADING.,#18276
  ,(#18503));
#18503 = SURFACE_STYLE_TRANSPARENT(0.100000023842);
#18504 = STYLED_ITEM('color',(#18505),#3827);
#18505 = PRESENTATION_STYLE_ASSIGNMENT((#18506));
#18506 = SURFACE_STYLE_USAGE(.BOTH.,#18507);
#18507 = SURFACE_SIDE_STYLE('',(#18508,#18511));
#18508 = SURFACE_STYLE_FILL_AREA(#18509);
#18509 = FILL_AREA_STYLE('',(#18510));
#18510 = FILL_AREA_STYLE_COLOUR('',#18276);
#18511 = SURFACE_STYLE_RENDERING_WITH_PROPERTIES(.NORMAL_SHADING.,#18276
  ,(#18512));
#18512 = SURFACE_STYLE_TRANSPARENT(0.100000023842);
#18513 = STYLED_ITEM('color',(#18514),#3871);
#18514 = PRESENTATION_STYLE_ASSIGNMENT((#18515));
#18515 = SURFACE_STYLE_USAGE(.BOTH.,#18516);
#18516 = SURFACE_SIDE_STYLE('',(#18517,#18520));
#18517 = SURFACE_STYLE_FILL_AREA(#18518);
#18518 = FILL_AREA_STYLE('',(#18519));
#18519 = FILL_AREA_STYLE_COLOUR('',#18276);
#18520 = SURFACE_STYLE_RENDERING_WITH_PROPERTIES(.NORMAL_SHADING.,#18276
  ,(#18521));
#18521 = SURFACE_STYLE_TRANSPARENT(0.100000023842);
#18522 = STYLED_ITEM('color',(#18523),#3948);
#18523 = PRESENTATION_STYLE_ASSIGNMENT((#18524));
#18524 = SURFACE_STYLE_USAGE(.BOTH.,#18525);
#18525 = SURFACE_SIDE_STYLE('',(#18526,#18529));
#18526 = SURFACE_STYLE_FILL_AREA(#18527);
#18527 = FILL_AREA_STYLE('',(#18528));
#18528 = FILL_AREA_STYLE_COLOUR('',#18276);
#18529 = SURFACE_STYLE_RENDERING_WITH_PROPERTIES(.NORMAL_SHADING.,#18276
  ,(#18530));
#18530 = SURFACE_STYLE_TRANSPARENT(0.100000023842);
#18531 = STYLED_ITEM('color',(#18532),#4042);
#18532 = PRESENTATION_STYLE_ASSIGNMENT((#18533));
#18533 = SURFACE_STYLE_USAGE(.BOTH.,#18534);
#18534 = SURFACE_SIDE_STYLE('',(#18535,#18538));
#18535 = SURFACE_STYLE_FILL_AREA(#18536);
#18536 = FILL_AREA_STYLE('',(#18537));
#18537 = FILL_AREA_STYLE_COLOUR('',#18276);
#18538 = SURFACE_STYLE_RENDERING_WITH_PROPERTIES(.NORMAL_SHADING.,#18276
  ,(#18539));
#18539 = SURFACE_STYLE_TRANSPARENT(0.100000023842);
#18540 = STYLED_ITEM('color',(#18541),#4086);
#18541 = PRESENTATION_STYLE_ASSIGNMENT((#18542));
#18542 = SURFACE_STYLE_USAGE(.BOTH.,#18543);
#18543 = SURFACE_SIDE_STYLE('',(#18544,#18547));
#18544 = SURFACE_STYLE_FILL_AREA(#18545);
#18545 = FILL_AREA_STYLE('',(#18546));
#18546 = FILL_AREA_STYLE_COLOUR('',#18276);
#18547 = SURFACE_STYLE_RENDERING_WITH_PROPERTIES(.NORMAL_SHADING.,#18276
  ,(#18548));
#18548 = SURFACE_STYLE_TRANSPARENT(0.100000023842);
#18549 = STYLED_ITEM('color',(#18550),#4138);
#18550 = PRESENTATION_STYLE_ASSIGNMENT((#18551));
#18551 = SURFACE_STYLE_USAGE(.BOTH.,#18552);
#18552 = SURFACE_SIDE_STYLE('',(#18553,#18556));
#18553 = SURFACE_STYLE_FILL_AREA(#18554);
#18554 = FILL_AREA_STYLE('',(#18555));
#18555 = FILL_AREA_STYLE_COLOUR('',#18276);
#18556 = SURFACE_STYLE_RENDERING_WITH_PROPERTIES(.NORMAL_SHADING.,#18276
  ,(#18557));
#18557 = SURFACE_STYLE_TRANSPARENT(0.100000023842);
#18558 = STYLED_ITEM('color',(#18559),#4190);
#18559 = PRESENTATION_STYLE_ASSIGNMENT((#18560));
#18560 = SURFACE_STYLE_USAGE(.BOTH.,#18561);
#18561 = SURFACE_SIDE_STYLE('',(#18562,#18565));
#18562 = SURFACE_STYLE_FILL_AREA(#18563);
#18563 = FILL_AREA_STYLE('',(#18564));
#18564 = FILL_AREA_STYLE_COLOUR('',#18276);
#18565 = SURFACE_STYLE_RENDERING_WITH_PROPERTIES(.NORMAL_SHADING.,#18276
  ,(#18566));
#18566 = SURFACE_STYLE_TRANSPARENT(0.100000023842);
#18567 = STYLED_ITEM('color',(#18568),#4242);
#18568 = PRESENTATION_STYLE_ASSIGNMENT((#18569));
#18569 = SURFACE_STYLE_USAGE(.BOTH.,#18570);
#18570 = SURFACE_SIDE_STYLE('',(#18571,#18574));
#18571 = SURFACE_STYLE_FILL_AREA(#18572);
#18572 = FILL_AREA_STYLE('',(#18573));
#18573 = FILL_AREA_STYLE_COLOUR('',#18276);
#18574 = SURFACE_STYLE_RENDERING_WITH_PROPERTIES(.NORMAL_SHADING.,#18276
  ,(#18575));
#18575 = SURFACE_STYLE_TRANSPARENT(0.100000023842);
#18576 = STYLED_ITEM('color',(#18577),#4294);
#18577 = PRESENTATION_STYLE_ASSIGNMENT((#18578));
#18578 = SURFACE_STYLE_USAGE(.BOTH.,#18579);
#18579 = SURFACE_SIDE_STYLE('',(#18580,#18583));
#18580 = SURFACE_STYLE_FILL_AREA(#18581);
#18581 = FILL_AREA_STYLE('',(#18582));
#18582 = FILL_AREA_STYLE_COLOUR('',#18276);
#18583 = SURFACE_STYLE_RENDERING_WITH_PROPERTIES(.NORMAL_SHADING.,#18276
  ,(#18584));
#18584 = SURFACE_STYLE_TRANSPARENT(0.100000023842);
#18585 = STYLED_ITEM('color',(#18586),#4346);
#18586 = PRESENTATION_STYLE_ASSIGNMENT((#18587));
#18587 = SURFACE_STYLE_USAGE(.BOTH.,#18588);
#18588 = SURFACE_SIDE_STYLE('',(#18589,#18592));
#18589 = SURFACE_STYLE_FILL_AREA(#18590);
#18590 = FILL_AREA_STYLE('',(#18591));
#18591 = FILL_AREA_STYLE_COLOUR('',#18276);
#18592 = SURFACE_STYLE_RENDERING_WITH_PROPERTIES(.NORMAL_SHADING.,#18276
  ,(#18593));
#18593 = SURFACE_STYLE_TRANSPARENT(0.100000023842);
#18594 = STYLED_ITEM('color',(#18595),#4398);
#18595 = PRESENTATION_STYLE_ASSIGNMENT((#18596));
#18596 = SURFACE_STYLE_USAGE(.BOTH.,#18597);
#18597 = SURFACE_SIDE_STYLE('',(#18598,#18601));
#18598 = SURFACE_STYLE_FILL_AREA(#18599);
#18599 = FILL_AREA_STYLE('',(#18600));
#18600 = FILL_AREA_STYLE_COLOUR('',#18276);
#18601 = SURFACE_STYLE_RENDERING_WITH_PROPERTIES(.NORMAL_SHADING.,#18276
  ,(#18602));
#18602 = SURFACE_STYLE_TRANSPARENT(0.100000023842);
#18603 = STYLED_ITEM('color',(#18604),#4450);
#18604 = PRESENTATION_STYLE_ASSIGNMENT((#18605));
#18605 = SURFACE_STYLE_USAGE(.BOTH.,#18606);
#18606 = SURFACE_SIDE_STYLE('',(#18607,#18610));
#18607 = SURFACE_STYLE_FILL_AREA(#18608);
#18608 = FILL_AREA_STYLE('',(#18609));
#18609 = FILL_AREA_STYLE_COLOUR('',#18276);
#18610 = SURFACE_STYLE_RENDERING_WITH_PROPERTIES(.NORMAL_SHADING.,#18276
  ,(#18611));
#18611 = SURFACE_STYLE_TRANSPARENT(0.100000023842);
#18612 = STYLED_ITEM('color',(#18613),#4502);
#18613 = PRESENTATION_STYLE_ASSIGNMENT((#18614));
#18614 = SURFACE_STYLE_USAGE(.BOTH.,#18615);
#18615 = SURFACE_SIDE_STYLE('',(#18616,#18619));
#18616 = SURFACE_STYLE_FILL_AREA(#18617);
#18617 = FILL_AREA_STYLE('',(#18618));
#18618 = FILL_AREA_STYLE_COLOUR('',#18276);
#18619 = SURFACE_STYLE_RENDERING_WITH_PROPERTIES(.NORMAL_SHADING.,#18276
  ,(#18620));
#18620 = SURFACE_STYLE_TRANSPARENT(0.100000023842);
#18621 = STYLED_ITEM('color',(#18622),#4546);
#18622 = PRESENTATION_STYLE_ASSIGNMENT((#18623));
#18623 = SURFACE_STYLE_USAGE(.BOTH.,#18624);
#18624 = SURFACE_SIDE_STYLE('',(#18625,#18628));
#18625 = SURFACE_STYLE_FILL_AREA(#18626);
#18626 = FILL_AREA_STYLE('',(#18627));
#18627 = FILL_AREA_STYLE_COLOUR('',#18276);
#18628 = SURFACE_STYLE_RENDERING_WITH_PROPERTIES(.NORMAL_SHADING.,#18276
  ,(#18629));
#18629 = SURFACE_STYLE_TRANSPARENT(0.100000023842);
#18630 = STYLED_ITEM('color',(#18631),#4688);
#18631 = PRESENTATION_STYLE_ASSIGNMENT((#18632));
#18632 = SURFACE_STYLE_USAGE(.BOTH.,#18633);
#18633 = SURFACE_SIDE_STYLE('',(#18634,#18637));
#18634 = SURFACE_STYLE_FILL_AREA(#18635);
#18635 = FILL_AREA_STYLE('',(#18636));
#18636 = FILL_AREA_STYLE_COLOUR('',#18276);
#18637 = SURFACE_STYLE_RENDERING_WITH_PROPERTIES(.NORMAL_SHADING.,#18276
  ,(#18638));
#18638 = SURFACE_STYLE_TRANSPARENT(0.100000023842);
#18639 = STYLED_ITEM('color',(#18640),#4830);
#18640 = PRESENTATION_STYLE_ASSIGNMENT((#18641));
#18641 = SURFACE_STYLE_USAGE(.BOTH.,#18642);
#18642 = SURFACE_SIDE_STYLE('',(#18643,#18646));
#18643 = SURFACE_STYLE_FILL_AREA(#18644);
#18644 = FILL_AREA_STYLE('',(#18645));
#18645 = FILL_AREA_STYLE_COLOUR('',#18276);
#18646 = SURFACE_STYLE_RENDERING_WITH_PROPERTIES(.NORMAL_SHADING.,#18276
  ,(#18647));
#18647 = SURFACE_STYLE_TRANSPARENT(0.100000023842);
#18648 = STYLED_ITEM('color',(#18649),#5001);
#18649 = PRESENTATION_STYLE_ASSIGNMENT((#18650));
#18650 = SURFACE_STYLE_USAGE(.BOTH.,#18651);
#18651 = SURFACE_SIDE_STYLE('',(#18652,#18655));
#18652 = SURFACE_STYLE_FILL_AREA(#18653);
#18653 = FILL_AREA_STYLE('',(#18654));
#18654 = FILL_AREA_STYLE_COLOUR('',#18276);
#18655 = SURFACE_STYLE_RENDERING_WITH_PROPERTIES(.NORMAL_SHADING.,#18276
  ,(#18656));
#18656 = SURFACE_STYLE_TRANSPARENT(0.100000023842);
#18657 = STYLED_ITEM('color',(#18658),#5208);
#18658 = PRESENTATION_STYLE_ASSIGNMENT((#18659));
#18659 = SURFACE_STYLE_USAGE(.BOTH.,#18660);
#18660 = SURFACE_SIDE_STYLE('',(#18661,#18664));
#18661 = SURFACE_STYLE_FILL_AREA(#18662);
#18662 = FILL_AREA_STYLE('',(#18663));
#18663 = FILL_AREA_STYLE_COLOUR('',#18276);
#18664 = SURFACE_STYLE_RENDERING_WITH_PROPERTIES(.NORMAL_SHADING.,#18276
  ,(#18665));
#18665 = SURFACE_STYLE_TRANSPARENT(0.100000023842);
#18666 = STYLED_ITEM('color',(#18667),#5260);
#18667 = PRESENTATION_STYLE_ASSIGNMENT((#18668));
#18668 = SURFACE_STYLE_USAGE(.BOTH.,#18669);
#18669 = SURFACE_SIDE_STYLE('',(#18670,#18673));
#18670 = SURFACE_STYLE_FILL_AREA(#18671);
#18671 = FILL_AREA_STYLE('',(#18672));
#18672 = FILL_AREA_STYLE_COLOUR('',#18276);
#18673 = SURFACE_STYLE_RENDERING_WITH_PROPERTIES(.NORMAL_SHADING.,#18276
  ,(#18674));
#18674 = SURFACE_STYLE_TRANSPARENT(0.100000023842);
#18675 = STYLED_ITEM('color',(#18676),#5312);
#18676 = PRESENTATION_STYLE_ASSIGNMENT((#18677));
#18677 = SURFACE_STYLE_USAGE(.BOTH.,#18678);
#18678 = SURFACE_SIDE_STYLE('',(#18679,#18682));
#18679 = SURFACE_STYLE_FILL_AREA(#18680);
#18680 = FILL_AREA_STYLE('',(#18681));
#18681 = FILL_AREA_STYLE_COLOUR('',#18276);
#18682 = SURFACE_STYLE_RENDERING_WITH_PROPERTIES(.NORMAL_SHADING.,#18276
  ,(#18683));
#18683 = SURFACE_STYLE_TRANSPARENT(0.100000023842);
#18684 = STYLED_ITEM('color',(#18685),#5364);
#18685 = PRESENTATION_STYLE_ASSIGNMENT((#18686));
#18686 = SURFACE_STYLE_USAGE(.BOTH.,#18687);
#18687 = SURFACE_SIDE_STYLE('',(#18688,#18691));
#18688 = SURFACE_STYLE_FILL_AREA(#18689);
#18689 = FILL_AREA_STYLE('',(#18690));
#18690 = FILL_AREA_STYLE_COLOUR('',#18276);
#18691 = SURFACE_STYLE_RENDERING_WITH_PROPERTIES(.NORMAL_SHADING.,#18276
  ,(#18692));
#18692 = SURFACE_STYLE_TRANSPARENT(0.100000023842);
#18693 = STYLED_ITEM('color',(#18694),#5416);
#18694 = PRESENTATION_STYLE_ASSIGNMENT((#18695));
#18695 = SURFACE_STYLE_USAGE(.BOTH.,#18696);
#18696 = SURFACE_SIDE_STYLE('',(#18697,#18700));
#18697 = SURFACE_STYLE_FILL_AREA(#18698);
#18698 = FILL_AREA_STYLE('',(#18699));
#18699 = FILL_AREA_STYLE_COLOUR('',#18276);
#18700 = SURFACE_STYLE_RENDERING_WITH_PROPERTIES(.NORMAL_SHADING.,#18276
  ,(#18701));
#18701 = SURFACE_STYLE_TRANSPARENT(0.100000023842);
#18702 = STYLED_ITEM('color',(#18703),#5468);
#18703 = PRESENTATION_STYLE_ASSIGNMENT((#18704));
#18704 = SURFACE_STYLE_USAGE(.BOTH.,#18705);
#18705 = SURFACE_SIDE_STYLE('',(#18706,#18709));
#18706 = SURFACE_STYLE_FILL_AREA(#18707);
#18707 = FILL_AREA_STYLE('',(#18708));
#18708 = FILL_AREA_STYLE_COLOUR('',#18276);
#18709 = SURFACE_STYLE_RENDERING_WITH_PROPERTIES(.NORMAL_SHADING.,#18276
  ,(#18710));
#18710 = SURFACE_STYLE_TRANSPARENT(0.100000023842);
#18711 = STYLED_ITEM('color',(#18712),#5520);
#18712 = PRESENTATION_STYLE_ASSIGNMENT((#18713));
#18713 = SURFACE_STYLE_USAGE(.BOTH.,#18714);
#18714 = SURFACE_SIDE_STYLE('',(#18715,#18718));
#18715 = SURFACE_STYLE_FILL_AREA(#18716);
#18716 = FILL_AREA_STYLE('',(#18717));
#18717 = FILL_AREA_STYLE_COLOUR('',#18276);
#18718 = SURFACE_STYLE_RENDERING_WITH_PROPERTIES(.NORMAL_SHADING.,#18276
  ,(#18719));
#18719 = SURFACE_STYLE_TRANSPARENT(0.100000023842);
#18720 = STYLED_ITEM('color',(#18721),#5572);
#18721 = PRESENTATION_STYLE_ASSIGNMENT((#18722));
#18722 = SURFACE_STYLE_USAGE(.BOTH.,#18723);
#18723 = SURFACE_SIDE_STYLE('',(#18724,#18727));
#18724 = SURFACE_STYLE_FILL_AREA(#18725);
#18725 = FILL_AREA_STYLE('',(#18726));
#18726 = FILL_AREA_STYLE_COLOUR('',#18276);
#18727 = SURFACE_STYLE_RENDERING_WITH_PROPERTIES(.NORMAL_SHADING.,#18276
  ,(#18728));
#18728 = SURFACE_STYLE_TRANSPARENT(0.100000023842);
#18729 = STYLED_ITEM('color',(#18730),#5624);
#18730 = PRESENTATION_STYLE_ASSIGNMENT((#18731));
#18731 = SURFACE_STYLE_USAGE(.BOTH.,#18732);
#18732 = SURFACE_SIDE_STYLE('',(#18733,#18736));
#18733 = SURFACE_STYLE_FILL_AREA(#18734);
#18734 = FILL_AREA_STYLE('',(#18735));
#18735 = FILL_AREA_STYLE_COLOUR('',#18276);
#18736 = SURFACE_STYLE_RENDERING_WITH_PROPERTIES(.NORMAL_SHADING.,#18276
  ,(#18737));
#18737 = SURFACE_STYLE_TRANSPARENT(0.100000023842);
#18738 = STYLED_ITEM('color',(#18739),#5702);
#18739 = PRESENTATION_STYLE_ASSIGNMENT((#18740));
#18740 = SURFACE_STYLE_USAGE(.BOTH.,#18741);
#18741 = SURFACE_SIDE_STYLE('',(#18742,#18745));
#18742 = SURFACE_STYLE_FILL_AREA(#18743);
#18743 = FILL_AREA_STYLE('',(#18744));
#18744 = FILL_AREA_STYLE_COLOUR('',#18276);
#18745 = SURFACE_STYLE_RENDERING_WITH_PROPERTIES(.NORMAL_SHADING.,#18276
  ,(#18746));
#18746 = SURFACE_STYLE_TRANSPARENT(0.100000023842);
#18747 = STYLED_ITEM('color',(#18748),#5780);
#18748 = PRESENTATION_STYLE_ASSIGNMENT((#18749));
#18749 = SURFACE_STYLE_USAGE(.BOTH.,#18750);
#18750 = SURFACE_SIDE_STYLE('',(#18751,#18754));
#18751 = SURFACE_STYLE_FILL_AREA(#18752);
#18752 = FILL_AREA_STYLE('',(#18753));
#18753 = FILL_AREA_STYLE_COLOUR('',#18276);
#18754 = SURFACE_STYLE_RENDERING_WITH_PROPERTIES(.NORMAL_SHADING.,#18276
  ,(#18755));
#18755 = SURFACE_STYLE_TRANSPARENT(0.100000023842);
#18756 = STYLED_ITEM('color',(#18757),#5840);
#18757 = PRESENTATION_STYLE_ASSIGNMENT((#18758));
#18758 = SURFACE_STYLE_USAGE(.BOTH.,#18759);
#18759 = SURFACE_SIDE_STYLE('',(#18760,#18763));
#18760 = SURFACE_STYLE_FILL_AREA(#18761);
#18761 = FILL_AREA_STYLE('',(#18762));
#18762 = FILL_AREA_STYLE_COLOUR('',#18276);
#18763 = SURFACE_STYLE_RENDERING_WITH_PROPERTIES(.NORMAL_SHADING.,#18276
  ,(#18764));
#18764 = SURFACE_STYLE_TRANSPARENT(0.100000023842);
#18765 = STYLED_ITEM('color',(#18766),#5900);
#18766 = PRESENTATION_STYLE_ASSIGNMENT((#18767));
#18767 = SURFACE_STYLE_USAGE(.BOTH.,#18768);
#18768 = SURFACE_SIDE_STYLE('',(#18769,#18772));
#18769 = SURFACE_STYLE_FILL_AREA(#18770);
#18770 = FILL_AREA_STYLE('',(#18771));
#18771 = FILL_AREA_STYLE_COLOUR('',#18276);
#18772 = SURFACE_STYLE_RENDERING_WITH_PROPERTIES(.NORMAL_SHADING.,#18276
  ,(#18773));
#18773 = SURFACE_STYLE_TRANSPARENT(0.100000023842);
#18774 = STYLED_ITEM('color',(#18775),#6042);
#18775 = PRESENTATION_STYLE_ASSIGNMENT((#18776));
#18776 = SURFACE_STYLE_USAGE(.BOTH.,#18777);
#18777 = SURFACE_SIDE_STYLE('',(#18778,#18781));
#18778 = SURFACE_STYLE_FILL_AREA(#18779);
#18779 = FILL_AREA_STYLE('',(#18780));
#18780 = FILL_AREA_STYLE_COLOUR('',#18276);
#18781 = SURFACE_STYLE_RENDERING_WITH_PROPERTIES(.NORMAL_SHADING.,#18276
  ,(#18782));
#18782 = SURFACE_STYLE_TRANSPARENT(0.100000023842);
#18783 = STYLED_ITEM('color',(#18784),#6278);
#18784 = PRESENTATION_STYLE_ASSIGNMENT((#18785));
#18785 = SURFACE_STYLE_USAGE(.BOTH.,#18786);
#18786 = SURFACE_SIDE_STYLE('',(#18787,#18790));
#18787 = SURFACE_STYLE_FILL_AREA(#18788);
#18788 = FILL_AREA_STYLE('',(#18789));
#18789 = FILL_AREA_STYLE_COLOUR('',#18276);
#18790 = SURFACE_STYLE_RENDERING_WITH_PROPERTIES(.NORMAL_SHADING.,#18276
  ,(#18791));
#18791 = SURFACE_STYLE_TRANSPARENT(0.100000023842);
#18792 = STYLED_ITEM('color',(#18793),#6440);
#18793 = PRESENTATION_STYLE_ASSIGNMENT((#18794));
#18794 = SURFACE_STYLE_USAGE(.BOTH.,#18795);
#18795 = SURFACE_SIDE_STYLE('',(#18796,#18799));
#18796 = SURFACE_STYLE_FILL_AREA(#18797);
#18797 = FILL_AREA_STYLE('',(#18798));
#18798 = FILL_AREA_STYLE_COLOUR('',#18276);
#18799 = SURFACE_STYLE_RENDERING_WITH_PROPERTIES(.NORMAL_SHADING.,#18276
  ,(#18800));
#18800 = SURFACE_STYLE_TRANSPARENT(0.100000023842);
#18801 = STYLED_ITEM('color',(#18802),#6567);
#18802 = PRESENTATION_STYLE_ASSIGNMENT((#18803));
#18803 = SURFACE_STYLE_USAGE(.BOTH.,#18804);
#18804 = SURFACE_SIDE_STYLE('',(#18805,#18808));
#18805 = SURFACE_STYLE_FILL_AREA(#18806);
#18806 = FILL_AREA_STYLE('',(#18807));
#18807 = FILL_AREA_STYLE_COLOUR('',#18276);
#18808 = SURFACE_STYLE_RENDERING_WITH_PROPERTIES(.NORMAL_SHADING.,#18276
  ,(#18809));
#18809 = SURFACE_STYLE_TRANSPARENT(0.100000023842);
#18810 = STYLED_ITEM('color',(#18811),#6619);
#18811 = PRESENTATION_STYLE_ASSIGNMENT((#18812));
#18812 = SURFACE_STYLE_USAGE(.BOTH.,#18813);
#18813 = SURFACE_SIDE_STYLE('',(#18814,#18817));
#18814 = SURFACE_STYLE_FILL_AREA(#18815);
#18815 = FILL_AREA_STYLE('',(#18816));
#18816 = FILL_AREA_STYLE_COLOUR('',#18276);
#18817 = SURFACE_STYLE_RENDERING_WITH_PROPERTIES(.NORMAL_SHADING.,#18276
  ,(#18818));
#18818 = SURFACE_STYLE_TRANSPARENT(0.100000023842);
#18819 = STYLED_ITEM('color',(#18820),#6671);
#18820 = PRESENTATION_STYLE_ASSIGNMENT((#18821));
#18821 = SURFACE_STYLE_USAGE(.BOTH.,#18822);
#18822 = SURFACE_SIDE_STYLE('',(#18823,#18826));
#18823 = SURFACE_STYLE_FILL_AREA(#18824);
#18824 = FILL_AREA_STYLE('',(#18825));
#18825 = FILL_AREA_STYLE_COLOUR('',#18276);
#18826 = SURFACE_STYLE_RENDERING_WITH_PROPERTIES(.NORMAL_SHADING.,#18276
  ,(#18827));
#18827 = SURFACE_STYLE_TRANSPARENT(0.100000023842);
#18828 = STYLED_ITEM('color',(#18829),#6723);
#18829 = PRESENTATION_STYLE_ASSIGNMENT((#18830));
#18830 = SURFACE_STYLE_USAGE(.BOTH.,#18831);
#18831 = SURFACE_SIDE_STYLE('',(#18832,#18835));
#18832 = SURFACE_STYLE_FILL_AREA(#18833);
#18833 = FILL_AREA_STYLE('',(#18834));
#18834 = FILL_AREA_STYLE_COLOUR('',#18276);
#18835 = SURFACE_STYLE_RENDERING_WITH_PROPERTIES(.NORMAL_SHADING.,#18276
  ,(#18836));
#18836 = SURFACE_STYLE_TRANSPARENT(0.100000023842);
#18837 = STYLED_ITEM('color',(#18838),#6775);
#18838 = PRESENTATION_STYLE_ASSIGNMENT((#18839));
#18839 = SURFACE_STYLE_USAGE(.BOTH.,#18840);
#18840 = SURFACE_SIDE_STYLE('',(#18841,#18844));
#18841 = SURFACE_STYLE_FILL_AREA(#18842);
#18842 = FILL_AREA_STYLE('',(#18843));
#18843 = FILL_AREA_STYLE_COLOUR('',#18276);
#18844 = SURFACE_STYLE_RENDERING_WITH_PROPERTIES(.NORMAL_SHADING.,#18276
  ,(#18845));
#18845 = SURFACE_STYLE_TRANSPARENT(0.100000023842);
#18846 = STYLED_ITEM('color',(#18847),#6827);
#18847 = PRESENTATION_STYLE_ASSIGNMENT((#18848));
#18848 = SURFACE_STYLE_USAGE(.BOTH.,#18849);
#18849 = SURFACE_SIDE_STYLE('',(#18850,#18853));
#18850 = SURFACE_STYLE_FILL_AREA(#18851);
#18851 = FILL_AREA_STYLE('',(#18852));
#18852 = FILL_AREA_STYLE_COLOUR('',#18276);
#18853 = SURFACE_STYLE_RENDERING_WITH_PROPERTIES(.NORMAL_SHADING.,#18276
  ,(#18854));
#18854 = SURFACE_STYLE_TRANSPARENT(0.100000023842);
#18855 = STYLED_ITEM('color',(#18856),#6879);
#18856 = PRESENTATION_STYLE_ASSIGNMENT((#18857));
#18857 = SURFACE_STYLE_USAGE(.BOTH.,#18858);
#18858 = SURFACE_SIDE_STYLE('',(#18859,#18862));
#18859 = SURFACE_STYLE_FILL_AREA(#18860);
#18860 = FILL_AREA_STYLE('',(#18861));
#18861 = FILL_AREA_STYLE_COLOUR('',#18276);
#18862 = SURFACE_STYLE_RENDERING_WITH_PROPERTIES(.NORMAL_SHADING.,#18276
  ,(#18863));
#18863 = SURFACE_STYLE_TRANSPARENT(0.100000023842);
#18864 = STYLED_ITEM('color',(#18865),#6931);
#18865 = PRESENTATION_STYLE_ASSIGNMENT((#18866));
#18866 = SURFACE_STYLE_USAGE(.BOTH.,#18867);
#18867 = SURFACE_SIDE_STYLE('',(#18868,#18871));
#18868 = SURFACE_STYLE_FILL_AREA(#18869);
#18869 = FILL_AREA_STYLE('',(#18870));
#18870 = FILL_AREA_STYLE_COLOUR('',#18276);
#18871 = SURFACE_STYLE_RENDERING_WITH_PROPERTIES(.NORMAL_SHADING.,#18276
  ,(#18872));
#18872 = SURFACE_STYLE_TRANSPARENT(0.100000023842);
#18873 = STYLED_ITEM('color',(#18874),#6983);
#18874 = PRESENTATION_STYLE_ASSIGNMENT((#18875));
#18875 = SURFACE_STYLE_USAGE(.BOTH.,#18876);
#18876 = SURFACE_SIDE_STYLE('',(#18877,#18880));
#18877 = SURFACE_STYLE_FILL_AREA(#18878);
#18878 = FILL_AREA_STYLE('',(#18879));
#18879 = FILL_AREA_STYLE_COLOUR('',#18276);
#18880 = SURFACE_STYLE_RENDERING_WITH_PROPERTIES(.NORMAL_SHADING.,#18276
  ,(#18881));
#18881 = SURFACE_STYLE_TRANSPARENT(0.100000023842);
#18882 = STYLED_ITEM('color',(#18883),#7035);
#18883 = PRESENTATION_STYLE_ASSIGNMENT((#18884));
#18884 = SURFACE_STYLE_USAGE(.BOTH.,#18885);
#18885 = SURFACE_SIDE_STYLE('',(#18886,#18889));
#18886 = SURFACE_STYLE_FILL_AREA(#18887);
#18887 = FILL_AREA_STYLE('',(#18888));
#18888 = FILL_AREA_STYLE_COLOUR('',#18276);
#18889 = SURFACE_STYLE_RENDERING_WITH_PROPERTIES(.NORMAL_SHADING.,#18276
  ,(#18890));
#18890 = SURFACE_STYLE_TRANSPARENT(0.100000023842);
#18891 = STYLED_ITEM('color',(#18892),#7087);
#18892 = PRESENTATION_STYLE_ASSIGNMENT((#18893));
#18893 = SURFACE_STYLE_USAGE(.BOTH.,#18894);
#18894 = SURFACE_SIDE_STYLE('',(#18895,#18898));
#18895 = SURFACE_STYLE_FILL_AREA(#18896);
#18896 = FILL_AREA_STYLE('',(#18897));
#18897 = FILL_AREA_STYLE_COLOUR('',#18276);
#18898 = SURFACE_STYLE_RENDERING_WITH_PROPERTIES(.NORMAL_SHADING.,#18276
  ,(#18899));
#18899 = SURFACE_STYLE_TRANSPARENT(0.100000023842);
#18900 = STYLED_ITEM('color',(#18901),#7139);
#18901 = PRESENTATION_STYLE_ASSIGNMENT((#18902));
#18902 = SURFACE_STYLE_USAGE(.BOTH.,#18903);
#18903 = SURFACE_SIDE_STYLE('',(#18904,#18907));
#18904 = SURFACE_STYLE_FILL_AREA(#18905);
#18905 = FILL_AREA_STYLE('',(#18906));
#18906 = FILL_AREA_STYLE_COLOUR('',#18276);
#18907 = SURFACE_STYLE_RENDERING_WITH_PROPERTIES(.NORMAL_SHADING.,#18276
  ,(#18908));
#18908 = SURFACE_STYLE_TRANSPARENT(0.100000023842);
#18909 = STYLED_ITEM('color',(#18910),#7191);
#18910 = PRESENTATION_STYLE_ASSIGNMENT((#18911));
#18911 = SURFACE_STYLE_USAGE(.BOTH.,#18912);
#18912 = SURFACE_SIDE_STYLE('',(#18913,#18916));
#18913 = SURFACE_STYLE_FILL_AREA(#18914);
#18914 = FILL_AREA_STYLE('',(#18915));
#18915 = FILL_AREA_STYLE_COLOUR('',#18276);
#18916 = SURFACE_STYLE_RENDERING_WITH_PROPERTIES(.NORMAL_SHADING.,#18276
  ,(#18917));
#18917 = SURFACE_STYLE_TRANSPARENT(0.100000023842);
#18918 = STYLED_ITEM('color',(#18919),#7243);
#18919 = PRESENTATION_STYLE_ASSIGNMENT((#18920));
#18920 = SURFACE_STYLE_USAGE(.BOTH.,#18921);
#18921 = SURFACE_SIDE_STYLE('',(#18922,#18925));
#18922 = SURFACE_STYLE_FILL_AREA(#18923);
#18923 = FILL_AREA_STYLE('',(#18924));
#18924 = FILL_AREA_STYLE_COLOUR('',#18276);
#18925 = SURFACE_STYLE_RENDERING_WITH_PROPERTIES(.NORMAL_SHADING.,#18276
  ,(#18926));
#18926 = SURFACE_STYLE_TRANSPARENT(0.100000023842);
#18927 = STYLED_ITEM('color',(#18928),#7295);
#18928 = PRESENTATION_STYLE_ASSIGNMENT((#18929));
#18929 = SURFACE_STYLE_USAGE(.BOTH.,#18930);
#18930 = SURFACE_SIDE_STYLE('',(#18931,#18934));
#18931 = SURFACE_STYLE_FILL_AREA(#18932);
#18932 = FILL_AREA_STYLE('',(#18933));
#18933 = FILL_AREA_STYLE_COLOUR('',#18276);
#18934 = SURFACE_STYLE_RENDERING_WITH_PROPERTIES(.NORMAL_SHADING.,#18276
  ,(#18935));
#18935 = SURFACE_STYLE_TRANSPARENT(0.100000023842);
#18936 = STYLED_ITEM('color',(#18937),#7347);
#18937 = PRESENTATION_STYLE_ASSIGNMENT((#18938));
#18938 = SURFACE_STYLE_USAGE(.BOTH.,#18939);
#18939 = SURFACE_SIDE_STYLE('',(#18940,#18943));
#18940 = SURFACE_STYLE_FILL_AREA(#18941);
#18941 = FILL_AREA_STYLE('',(#18942));
#18942 = FILL_AREA_STYLE_COLOUR('',#18276);
#18943 = SURFACE_STYLE_RENDERING_WITH_PROPERTIES(.NORMAL_SHADING.,#18276
  ,(#18944));
#18944 = SURFACE_STYLE_TRANSPARENT(0.100000023842);
#18945 = STYLED_ITEM('color',(#18946),#7399);
#18946 = PRESENTATION_STYLE_ASSIGNMENT((#18947));
#18947 = SURFACE_STYLE_USAGE(.BOTH.,#18948);
#18948 = SURFACE_SIDE_STYLE('',(#18949,#18952));
#18949 = SURFACE_STYLE_FILL_AREA(#18950);
#18950 = FILL_AREA_STYLE('',(#18951));
#18951 = FILL_AREA_STYLE_COLOUR('',#18276);
#18952 = SURFACE_STYLE_RENDERING_WITH_PROPERTIES(.NORMAL_SHADING.,#18276
  ,(#18953));
#18953 = SURFACE_STYLE_TRANSPARENT(0.100000023842);
#18954 = STYLED_ITEM('color',(#18955),#7451);
#18955 = PRESENTATION_STYLE_ASSIGNMENT((#18956));
#18956 = SURFACE_STYLE_USAGE(.BOTH.,#18957);
#18957 = SURFACE_SIDE_STYLE('',(#18958,#18961));
#18958 = SURFACE_STYLE_FILL_AREA(#18959);
#18959 = FILL_AREA_STYLE('',(#18960));
#18960 = FILL_AREA_STYLE_COLOUR('',#18276);
#18961 = SURFACE_STYLE_RENDERING_WITH_PROPERTIES(.NORMAL_SHADING.,#18276
  ,(#18962));
#18962 = SURFACE_STYLE_TRANSPARENT(0.100000023842);
#18963 = STYLED_ITEM('color',(#18964),#7503);
#18964 = PRESENTATION_STYLE_ASSIGNMENT((#18965));
#18965 = SURFACE_STYLE_USAGE(.BOTH.,#18966);
#18966 = SURFACE_SIDE_STYLE('',(#18967,#18970));
#18967 = SURFACE_STYLE_FILL_AREA(#18968);
#18968 = FILL_AREA_STYLE('',(#18969));
#18969 = FILL_AREA_STYLE_COLOUR('',#18276);
#18970 = SURFACE_STYLE_RENDERING_WITH_PROPERTIES(.NORMAL_SHADING.,#18276
  ,(#18971));
#18971 = SURFACE_STYLE_TRANSPARENT(0.100000023842);
#18972 = STYLED_ITEM('color',(#18973),#7555);
#18973 = PRESENTATION_STYLE_ASSIGNMENT((#18974));
#18974 = SURFACE_STYLE_USAGE(.BOTH.,#18975);
#18975 = SURFACE_SIDE_STYLE('',(#18976,#18979));
#18976 = SURFACE_STYLE_FILL_AREA(#18977);
#18977 = FILL_AREA_STYLE('',(#18978));
#18978 = FILL_AREA_STYLE_COLOUR('',#18276);
#18979 = SURFACE_STYLE_RENDERING_WITH_PROPERTIES(.NORMAL_SHADING.,#18276
  ,(#18980));
#18980 = SURFACE_STYLE_TRANSPARENT(0.100000023842);
#18981 = STYLED_ITEM('color',(#18982),#7607);
#18982 = PRESENTATION_STYLE_ASSIGNMENT((#18983));
#18983 = SURFACE_STYLE_USAGE(.BOTH.,#18984);
#18984 = SURFACE_SIDE_STYLE('',(#18985,#18988));
#18985 = SURFACE_STYLE_FILL_AREA(#18986);
#18986 = FILL_AREA_STYLE('',(#18987));
#18987 = FILL_AREA_STYLE_COLOUR('',#18276);
#18988 = SURFACE_STYLE_RENDERING_WITH_PROPERTIES(.NORMAL_SHADING.,#18276
  ,(#18989));
#18989 = SURFACE_STYLE_TRANSPARENT(0.100000023842);
#18990 = STYLED_ITEM('color',(#18991),#7659);
#18991 = PRESENTATION_STYLE_ASSIGNMENT((#18992));
#18992 = SURFACE_STYLE_USAGE(.BOTH.,#18993);
#18993 = SURFACE_SIDE_STYLE('',(#18994,#18997));
#18994 = SURFACE_STYLE_FILL_AREA(#18995);
#18995 = FILL_AREA_STYLE('',(#18996));
#18996 = FILL_AREA_STYLE_COLOUR('',#18276);
#18997 = SURFACE_STYLE_RENDERING_WITH_PROPERTIES(.NORMAL_SHADING.,#18276
  ,(#18998));
#18998 = SURFACE_STYLE_TRANSPARENT(0.100000023842);
#18999 = STYLED_ITEM('color',(#19000),#7711);
#19000 = PRESENTATION_STYLE_ASSIGNMENT((#19001));
#19001 = SURFACE_STYLE_USAGE(.BOTH.,#19002);
#19002 = SURFACE_SIDE_STYLE('',(#19003,#19006));
#19003 = SURFACE_STYLE_FILL_AREA(#19004);
#19004 = FILL_AREA_STYLE('',(#19005));
#19005 = FILL_AREA_STYLE_COLOUR('',#18276);
#19006 = SURFACE_STYLE_RENDERING_WITH_PROPERTIES(.NORMAL_SHADING.,#18276
  ,(#19007));
#19007 = SURFACE_STYLE_TRANSPARENT(0.100000023842);
#19008 = STYLED_ITEM('color',(#19009),#7763);
#19009 = PRESENTATION_STYLE_ASSIGNMENT((#19010));
#19010 = SURFACE_STYLE_USAGE(.BOTH.,#19011);
#19011 = SURFACE_SIDE_STYLE('',(#19012,#19015));
#19012 = SURFACE_STYLE_FILL_AREA(#19013);
#19013 = FILL_AREA_STYLE('',(#19014));
#19014 = FILL_AREA_STYLE_COLOUR('',#18276);
#19015 = SURFACE_STYLE_RENDERING_WITH_PROPERTIES(.NORMAL_SHADING.,#18276
  ,(#19016));
#19016 = SURFACE_STYLE_TRANSPARENT(0.100000023842);
#19017 = STYLED_ITEM('color',(#19018),#7815);
#19018 = PRESENTATION_STYLE_ASSIGNMENT((#19019));
#19019 = SURFACE_STYLE_USAGE(.BOTH.,#19020);
#19020 = SURFACE_SIDE_STYLE('',(#19021,#19024));
#19021 = SURFACE_STYLE_FILL_AREA(#19022);
#19022 = FILL_AREA_STYLE('',(#19023));
#19023 = FILL_AREA_STYLE_COLOUR('',#18276);
#19024 = SURFACE_STYLE_RENDERING_WITH_PROPERTIES(.NORMAL_SHADING.,#18276
  ,(#19025));
#19025 = SURFACE_STYLE_TRANSPARENT(0.100000023842);
#19026 = STYLED_ITEM('color',(#19027),#7867);
#19027 = PRESENTATION_STYLE_ASSIGNMENT((#19028));
#19028 = SURFACE_STYLE_USAGE(.BOTH.,#19029);
#19029 = SURFACE_SIDE_STYLE('',(#19030,#19033));
#19030 = SURFACE_STYLE_FILL_AREA(#19031);
#19031 = FILL_AREA_STYLE('',(#19032));
#19032 = FILL_AREA_STYLE_COLOUR('',#18276);
#19033 = SURFACE_STYLE_RENDERING_WITH_PROPERTIES(.NORMAL_SHADING.,#18276
  ,(#19034));
#19034 = SURFACE_STYLE_TRANSPARENT(0.100000023842);
#19035 = STYLED_ITEM('color',(#19036),#7919);
#19036 = PRESENTATION_STYLE_ASSIGNMENT((#19037));
#19037 = SURFACE_STYLE_USAGE(.BOTH.,#19038);
#19038 = SURFACE_SIDE_STYLE('',(#19039,#19042));
#19039 = SURFACE_STYLE_FILL_AREA(#19040);
#19040 = FILL_AREA_STYLE('',(#19041));
#19041 = FILL_AREA_STYLE_COLOUR('',#18276);
#19042 = SURFACE_STYLE_RENDERING_WITH_PROPERTIES(.NORMAL_SHADING.,#18276
  ,(#19043));
#19043 = SURFACE_STYLE_TRANSPARENT(0.100000023842);
#19044 = STYLED_ITEM('color',(#19045),#7971);
#19045 = PRESENTATION_STYLE_ASSIGNMENT((#19046));
#19046 = SURFACE_STYLE_USAGE(.BOTH.,#19047);
#19047 = SURFACE_SIDE_STYLE('',(#19048,#19051));
#19048 = SURFACE_STYLE_FILL_AREA(#19049);
#19049 = FILL_AREA_STYLE('',(#19050));
#19050 = FILL_AREA_STYLE_COLOUR('',#18276);
#19051 = SURFACE_STYLE_RENDERING_WITH_PROPERTIES(.NORMAL_SHADING.,#18276
  ,(#19052));
#19052 = SURFACE_STYLE_TRANSPARENT(0.100000023842);
#19053 = STYLED_ITEM('color',(#19054),#8023);
#19054 = PRESENTATION_STYLE_ASSIGNMENT((#19055));
#19055 = SURFACE_STYLE_USAGE(.BOTH.,#19056);
#19056 = SURFACE_SIDE_STYLE('',(#19057,#19060));
#19057 = SURFACE_STYLE_FILL_AREA(#19058);
#19058 = FILL_AREA_STYLE('',(#19059));
#19059 = FILL_AREA_STYLE_COLOUR('',#18276);
#19060 = SURFACE_STYLE_RENDERING_WITH_PROPERTIES(.NORMAL_SHADING.,#18276
  ,(#19061));
#19061 = SURFACE_STYLE_TRANSPARENT(0.100000023842);
#19062 = STYLED_ITEM('color',(#19063),#8075);
#19063 = PRESENTATION_STYLE_ASSIGNMENT((#19064));
#19064 = SURFACE_STYLE_USAGE(.BOTH.,#19065);
#19065 = SURFACE_SIDE_STYLE('',(#19066,#19069));
#19066 = SURFACE_STYLE_FILL_AREA(#19067);
#19067 = FILL_AREA_STYLE('',(#19068));
#19068 = FILL_AREA_STYLE_COLOUR('',#18276);
#19069 = SURFACE_STYLE_RENDERING_WITH_PROPERTIES(.NORMAL_SHADING.,#18276
  ,(#19070));
#19070 = SURFACE_STYLE_TRANSPARENT(0.100000023842);
#19071 = STYLED_ITEM('color',(#19072),#8127);
#19072 = PRESENTATION_STYLE_ASSIGNMENT((#19073));
#19073 = SURFACE_STYLE_USAGE(.BOTH.,#19074);
#19074 = SURFACE_SIDE_STYLE('',(#19075,#19078));
#19075 = SURFACE_STYLE_FILL_AREA(#19076);
#19076 = FILL_AREA_STYLE('',(#19077));
#19077 = FILL_AREA_STYLE_COLOUR('',#18276);
#19078 = SURFACE_STYLE_RENDERING_WITH_PROPERTIES(.NORMAL_SHADING.,#18276
  ,(#19079));
#19079 = SURFACE_STYLE_TRANSPARENT(0.100000023842);
#19080 = STYLED_ITEM('color',(#19081),#8179);
#19081 = PRESENTATION_STYLE_ASSIGNMENT((#19082));
#19082 = SURFACE_STYLE_USAGE(.BOTH.,#19083);
#19083 = SURFACE_SIDE_STYLE('',(#19084,#19087));
#19084 = SURFACE_STYLE_FILL_AREA(#19085);
#19085 = FILL_AREA_STYLE('',(#19086));
#19086 = FILL_AREA_STYLE_COLOUR('',#18276);
#19087 = SURFACE_STYLE_RENDERING_WITH_PROPERTIES(.NORMAL_SHADING.,#18276
  ,(#19088));
#19088 = SURFACE_STYLE_TRANSPARENT(0.100000023842);
#19089 = STYLED_ITEM('color',(#19090),#8231);
#19090 = PRESENTATION_STYLE_ASSIGNMENT((#19091));
#19091 = SURFACE_STYLE_USAGE(.BOTH.,#19092);
#19092 = SURFACE_SIDE_STYLE('',(#19093,#19096));
#19093 = SURFACE_STYLE_FILL_AREA(#19094);
#19094 = FILL_AREA_STYLE('',(#19095));
#19095 = FILL_AREA_STYLE_COLOUR('',#18276);
#19096 = SURFACE_STYLE_RENDERING_WITH_PROPERTIES(.NORMAL_SHADING.,#18276
  ,(#19097));
#19097 = SURFACE_STYLE_TRANSPARENT(0.100000023842);
#19098 = STYLED_ITEM('color',(#19099),#8283);
#19099 = PRESENTATION_STYLE_ASSIGNMENT((#19100));
#19100 = SURFACE_STYLE_USAGE(.BOTH.,#19101);
#19101 = SURFACE_SIDE_STYLE('',(#19102,#19105));
#19102 = SURFACE_STYLE_FILL_AREA(#19103);
#19103 = FILL_AREA_STYLE('',(#19104));
#19104 = FILL_AREA_STYLE_COLOUR('',#18276);
#19105 = SURFACE_STYLE_RENDERING_WITH_PROPERTIES(.NORMAL_SHADING.,#18276
  ,(#19106));
#19106 = SURFACE_STYLE_TRANSPARENT(0.100000023842);
#19107 = STYLED_ITEM('color',(#19108),#8335);
#19108 = PRESENTATION_STYLE_ASSIGNMENT((#19109));
#19109 = SURFACE_STYLE_USAGE(.BOTH.,#19110);
#19110 = SURFACE_SIDE_STYLE('',(#19111,#19114));
#19111 = SURFACE_STYLE_FILL_AREA(#19112);
#19112 = FILL_AREA_STYLE('',(#19113));
#19113 = FILL_AREA_STYLE_COLOUR('',#18276);
#19114 = SURFACE_STYLE_RENDERING_WITH_PROPERTIES(.NORMAL_SHADING.,#18276
  ,(#19115));
#19115 = SURFACE_STYLE_TRANSPARENT(0.100000023842);
#19116 = STYLED_ITEM('color',(#19117),#8387);
#19117 = PRESENTATION_STYLE_ASSIGNMENT((#19118));
#19118 = SURFACE_STYLE_USAGE(.BOTH.,#19119);
#19119 = SURFACE_SIDE_STYLE('',(#19120,#19123));
#19120 = SURFACE_STYLE_FILL_AREA(#19121);
#19121 = FILL_AREA_STYLE('',(#19122));
#19122 = FILL_AREA_STYLE_COLOUR('',#18276);
#19123 = SURFACE_STYLE_RENDERING_WITH_PROPERTIES(.NORMAL_SHADING.,#18276
  ,(#19124));
#19124 = SURFACE_STYLE_TRANSPARENT(0.100000023842);
#19125 = STYLED_ITEM('color',(#19126),#8439);
#19126 = PRESENTATION_STYLE_ASSIGNMENT((#19127));
#19127 = SURFACE_STYLE_USAGE(.BOTH.,#19128);
#19128 = SURFACE_SIDE_STYLE('',(#19129,#19132));
#19129 = SURFACE_STYLE_FILL_AREA(#19130);
#19130 = FILL_AREA_STYLE('',(#19131));
#19131 = FILL_AREA_STYLE_COLOUR('',#18276);
#19132 = SURFACE_STYLE_RENDERING_WITH_PROPERTIES(.NORMAL_SHADING.,#18276
  ,(#19133));
#19133 = SURFACE_STYLE_TRANSPARENT(0.100000023842);
#19134 = STYLED_ITEM('color',(#19135),#8491);
#19135 = PRESENTATION_STYLE_ASSIGNMENT((#19136));
#19136 = SURFACE_STYLE_USAGE(.BOTH.,#19137);
#19137 = SURFACE_SIDE_STYLE('',(#19138,#19141));
#19138 = SURFACE_STYLE_FILL_AREA(#19139);
#19139 = FILL_AREA_STYLE('',(#19140));
#19140 = FILL_AREA_STYLE_COLOUR('',#18276);
#19141 = SURFACE_STYLE_RENDERING_WITH_PROPERTIES(.NORMAL_SHADING.,#18276
  ,(#19142));
#19142 = SURFACE_STYLE_TRANSPARENT(0.100000023842);
#19143 = STYLED_ITEM('color',(#19144),#8543);
#19144 = PRESENTATION_STYLE_ASSIGNMENT((#19145));
#19145 = SURFACE_STYLE_USAGE(.BOTH.,#19146);
#19146 = SURFACE_SIDE_STYLE('',(#19147,#19150));
#19147 = SURFACE_STYLE_FILL_AREA(#19148);
#19148 = FILL_AREA_STYLE('',(#19149));
#19149 = FILL_AREA_STYLE_COLOUR('',#18276);
#19150 = SURFACE_STYLE_RENDERING_WITH_PROPERTIES(.NORMAL_SHADING.,#18276
  ,(#19151));
#19151 = SURFACE_STYLE_TRANSPARENT(0.100000023842);
#19152 = STYLED_ITEM('color',(#19153),#8595);
#19153 = PRESENTATION_STYLE_ASSIGNMENT((#19154));
#19154 = SURFACE_STYLE_USAGE(.BOTH.,#19155);
#19155 = SURFACE_SIDE_STYLE('',(#19156,#19159));
#19156 = SURFACE_STYLE_FILL_AREA(#19157);
#19157 = FILL_AREA_STYLE('',(#19158));
#19158 = FILL_AREA_STYLE_COLOUR('',#18276);
#19159 = SURFACE_STYLE_RENDERING_WITH_PROPERTIES(.NORMAL_SHADING.,#18276
  ,(#19160));
#19160 = SURFACE_STYLE_TRANSPARENT(0.100000023842);
#19161 = STYLED_ITEM('color',(#19162),#8647);
#19162 = PRESENTATION_STYLE_ASSIGNMENT((#19163));
#19163 = SURFACE_STYLE_USAGE(.BOTH.,#19164);
#19164 = SURFACE_SIDE_STYLE('',(#19165,#19168));
#19165 = SURFACE_STYLE_FILL_AREA(#19166);
#19166 = FILL_AREA_STYLE('',(#19167));
#19167 = FILL_AREA_STYLE_COLOUR('',#18276);
#19168 = SURFACE_STYLE_RENDERING_WITH_PROPERTIES(.NORMAL_SHADING.,#18276
  ,(#19169));
#19169 = SURFACE_STYLE_TRANSPARENT(0.100000023842);
#19170 = STYLED_ITEM('color',(#19171),#8699);
#19171 = PRESENTATION_STYLE_ASSIGNMENT((#19172));
#19172 = SURFACE_STYLE_USAGE(.BOTH.,#19173);
#19173 = SURFACE_SIDE_STYLE('',(#19174,#19177));
#19174 = SURFACE_STYLE_FILL_AREA(#19175);
#19175 = FILL_AREA_STYLE('',(#19176));
#19176 = FILL_AREA_STYLE_COLOUR('',#18276);
#19177 = SURFACE_STYLE_RENDERING_WITH_PROPERTIES(.NORMAL_SHADING.,#18276
  ,(#19178));
#19178 = SURFACE_STYLE_TRANSPARENT(0.100000023842);
#19179 = STYLED_ITEM('color',(#19180),#8751);
#19180 = PRESENTATION_STYLE_ASSIGNMENT((#19181));
#19181 = SURFACE_STYLE_USAGE(.BOTH.,#19182);
#19182 = SURFACE_SIDE_STYLE('',(#19183,#19186));
#19183 = SURFACE_STYLE_FILL_AREA(#19184);
#19184 = FILL_AREA_STYLE('',(#19185));
#19185 = FILL_AREA_STYLE_COLOUR('',#18276);
#19186 = SURFACE_STYLE_RENDERING_WITH_PROPERTIES(.NORMAL_SHADING.,#18276
  ,(#19187));
#19187 = SURFACE_STYLE_TRANSPARENT(0.100000023842);
#19188 = STYLED_ITEM('color',(#19189),#8918);
#19189 = PRESENTATION_STYLE_ASSIGNMENT((#19190));
#19190 = SURFACE_STYLE_USAGE(.BOTH.,#19191);
#19191 = SURFACE_SIDE_STYLE('',(#19192,#19195));
#19192 = SURFACE_STYLE_FILL_AREA(#19193);
#19193 = FILL_AREA_STYLE('',(#19194));
#19194 = FILL_AREA_STYLE_COLOUR('',#18276);
#19195 = SURFACE_STYLE_RENDERING_WITH_PROPERTIES(.NORMAL_SHADING.,#18276
  ,(#19196));
#19196 = SURFACE_STYLE_TRANSPARENT(0.100000023842);
#19197 = STYLED_ITEM('color',(#19198),#9012);
#19198 = PRESENTATION_STYLE_ASSIGNMENT((#19199));
#19199 = SURFACE_STYLE_USAGE(.BOTH.,#19200);
#19200 = SURFACE_SIDE_STYLE('',(#19201,#19204));
#19201 = SURFACE_STYLE_FILL_AREA(#19202);
#19202 = FILL_AREA_STYLE('',(#19203));
#19203 = FILL_AREA_STYLE_COLOUR('',#18276);
#19204 = SURFACE_STYLE_RENDERING_WITH_PROPERTIES(.NORMAL_SHADING.,#18276
  ,(#19205));
#19205 = SURFACE_STYLE_TRANSPARENT(0.100000023842);
#19206 = STYLED_ITEM('color',(#19207),#9106);
#19207 = PRESENTATION_STYLE_ASSIGNMENT((#19208));
#19208 = SURFACE_STYLE_USAGE(.BOTH.,#19209);
#19209 = SURFACE_SIDE_STYLE('',(#19210,#19213));
#19210 = SURFACE_STYLE_FILL_AREA(#19211);
#19211 = FILL_AREA_STYLE('',(#19212));
#19212 = FILL_AREA_STYLE_COLOUR('',#18276);
#19213 = SURFACE_STYLE_RENDERING_WITH_PROPERTIES(.NORMAL_SHADING.,#18276
  ,(#19214));
#19214 = SURFACE_STYLE_TRANSPARENT(0.100000023842);
#19215 = STYLED_ITEM('color',(#19216),#9200);
#19216 = PRESENTATION_STYLE_ASSIGNMENT((#19217));
#19217 = SURFACE_STYLE_USAGE(.BOTH.,#19218);
#19218 = SURFACE_SIDE_STYLE('',(#19219,#19222));
#19219 = SURFACE_STYLE_FILL_AREA(#19220);
#19220 = FILL_AREA_STYLE('',(#19221));
#19221 = FILL_AREA_STYLE_COLOUR('',#18276);
#19222 = SURFACE_STYLE_RENDERING_WITH_PROPERTIES(.NORMAL_SHADING.,#18276
  ,(#19223));
#19223 = SURFACE_STYLE_TRANSPARENT(0.100000023842);
#19224 = STYLED_ITEM('color',(#19225),#9294);
#19225 = PRESENTATION_STYLE_ASSIGNMENT((#19226));
#19226 = SURFACE_STYLE_USAGE(.BOTH.,#19227);
#19227 = SURFACE_SIDE_STYLE('',(#19228,#19231));
#19228 = SURFACE_STYLE_FILL_AREA(#19229);
#19229 = FILL_AREA_STYLE('',(#19230));
#19230 = FILL_AREA_STYLE_COLOUR('',#18276);
#19231 = SURFACE_STYLE_RENDERING_WITH_PROPERTIES(.NORMAL_SHADING.,#18276
  ,(#19232));
#19232 = SURFACE_STYLE_TRANSPARENT(0.100000023842);
#19233 = STYLED_ITEM('color',(#19234),#9488);
#19234 = PRESENTATION_STYLE_ASSIGNMENT((#19235));
#19235 = SURFACE_STYLE_USAGE(.BOTH.,#19236);
#19236 = SURFACE_SIDE_STYLE('',(#19237,#19240));
#19237 = SURFACE_STYLE_FILL_AREA(#19238);
#19238 = FILL_AREA_STYLE('',(#19239));
#19239 = FILL_AREA_STYLE_COLOUR('',#18276);
#19240 = SURFACE_STYLE_RENDERING_WITH_PROPERTIES(.NORMAL_SHADING.,#18276
  ,(#19241));
#19241 = SURFACE_STYLE_TRANSPARENT(0.100000023842);
#19242 = STYLED_ITEM('color',(#19243),#9631);
#19243 = PRESENTATION_STYLE_ASSIGNMENT((#19244));
#19244 = SURFACE_STYLE_USAGE(.BOTH.,#19245);
#19245 = SURFACE_SIDE_STYLE('',(#19246,#19249));
#19246 = SURFACE_STYLE_FILL_AREA(#19247);
#19247 = FILL_AREA_STYLE('',(#19248));
#19248 = FILL_AREA_STYLE_COLOUR('',#18276);
#19249 = SURFACE_STYLE_RENDERING_WITH_PROPERTIES(.NORMAL_SHADING.,#18276
  ,(#19250));
#19250 = SURFACE_STYLE_TRANSPARENT(0.100000023842);
#19251 = STYLED_ITEM('color',(#19252),#9834);
#19252 = PRESENTATION_STYLE_ASSIGNMENT((#19253));
#19253 = SURFACE_STYLE_USAGE(.BOTH.,#19254);
#19254 = SURFACE_SIDE_STYLE('',(#19255,#19258));
#19255 = SURFACE_STYLE_FILL_AREA(#19256);
#19256 = FILL_AREA_STYLE('',(#19257));
#19257 = FILL_AREA_STYLE_COLOUR('',#18276);
#19258 = SURFACE_STYLE_RENDERING_WITH_PROPERTIES(.NORMAL_SHADING.,#18276
  ,(#19259));
#19259 = SURFACE_STYLE_TRANSPARENT(0.100000023842);
#19260 = STYLED_ITEM('color',(#19261),#9903);
#19261 = PRESENTATION_STYLE_ASSIGNMENT((#19262));
#19262 = SURFACE_STYLE_USAGE(.BOTH.,#19263);
#19263 = SURFACE_SIDE_STYLE('',(#19264,#19267));
#19264 = SURFACE_STYLE_FILL_AREA(#19265);
#19265 = FILL_AREA_STYLE('',(#19266));
#19266 = FILL_AREA_STYLE_COLOUR('',#18276);
#19267 = SURFACE_STYLE_RENDERING_WITH_PROPERTIES(.NORMAL_SHADING.,#18276
  ,(#19268));
#19268 = SURFACE_STYLE_TRANSPARENT(0.100000023842);
#19269 = STYLED_ITEM('color',(#19270),#9972);
#19270 = PRESENTATION_STYLE_ASSIGNMENT((#19271));
#19271 = SURFACE_STYLE_USAGE(.BOTH.,#19272);
#19272 = SURFACE_SIDE_STYLE('',(#19273,#19276));
#19273 = SURFACE_STYLE_FILL_AREA(#19274);
#19274 = FILL_AREA_STYLE('',(#19275));
#19275 = FILL_AREA_STYLE_COLOUR('',#18276);
#19276 = SURFACE_STYLE_RENDERING_WITH_PROPERTIES(.NORMAL_SHADING.,#18276
  ,(#19277));
#19277 = SURFACE_STYLE_TRANSPARENT(0.100000023842);
#19278 = STYLED_ITEM('color',(#19279),#10041);
#19279 = PRESENTATION_STYLE_ASSIGNMENT((#19280));
#19280 = SURFACE_STYLE_USAGE(.BOTH.,#19281);
#19281 = SURFACE_SIDE_STYLE('',(#19282,#19285));
#19282 = SURFACE_STYLE_FILL_AREA(#19283);
#19283 = FILL_AREA_STYLE('',(#19284));
#19284 = FILL_AREA_STYLE_COLOUR('',#18276);
#19285 = SURFACE_STYLE_RENDERING_WITH_PROPERTIES(.NORMAL_SHADING.,#18276
  ,(#19286));
#19286 = SURFACE_STYLE_TRANSPARENT(0.100000023842);
#19287 = STYLED_ITEM('color',(#19288),#10110);
#19288 = PRESENTATION_STYLE_ASSIGNMENT((#19289));
#19289 = SURFACE_STYLE_USAGE(.BOTH.,#19290);
#19290 = SURFACE_SIDE_STYLE('',(#19291,#19294));
#19291 = SURFACE_STYLE_FILL_AREA(#19292);
#19292 = FILL_AREA_STYLE('',(#19293));
#19293 = FILL_AREA_STYLE_COLOUR('',#18276);
#19294 = SURFACE_STYLE_RENDERING_WITH_PROPERTIES(.NORMAL_SHADING.,#18276
  ,(#19295));
#19295 = SURFACE_STYLE_TRANSPARENT(0.100000023842);
#19296 = STYLED_ITEM('color',(#19297),#10179);
#19297 = PRESENTATION_STYLE_ASSIGNMENT((#19298));
#19298 = SURFACE_STYLE_USAGE(.BOTH.,#19299);
#19299 = SURFACE_SIDE_STYLE('',(#19300,#19303));
#19300 = SURFACE_STYLE_FILL_AREA(#19301);
#19301 = FILL_AREA_STYLE('',(#19302));
#19302 = FILL_AREA_STYLE_COLOUR('',#18276);
#19303 = SURFACE_STYLE_RENDERING_WITH_PROPERTIES(.NORMAL_SHADING.,#18276
  ,(#19304));
#19304 = SURFACE_STYLE_TRANSPARENT(0.100000023842);
#19305 = STYLED_ITEM('color',(#19306),#10248);
#19306 = PRESENTATION_STYLE_ASSIGNMENT((#19307));
#19307 = SURFACE_STYLE_USAGE(.BOTH.,#19308);
#19308 = SURFACE_SIDE_STYLE('',(#19309,#19312));
#19309 = SURFACE_STYLE_FILL_AREA(#19310);
#19310 = FILL_AREA_STYLE('',(#19311));
#19311 = FILL_AREA_STYLE_COLOUR('',#18276);
#19312 = SURFACE_STYLE_RENDERING_WITH_PROPERTIES(.NORMAL_SHADING.,#18276
  ,(#19313));
#19313 = SURFACE_STYLE_TRANSPARENT(0.100000023842);
#19314 = STYLED_ITEM('color',(#19315),#10317);
#19315 = PRESENTATION_STYLE_ASSIGNMENT((#19316));
#19316 = SURFACE_STYLE_USAGE(.BOTH.,#19317);
#19317 = SURFACE_SIDE_STYLE('',(#19318,#19321));
#19318 = SURFACE_STYLE_FILL_AREA(#19319);
#19319 = FILL_AREA_STYLE('',(#19320));
#19320 = FILL_AREA_STYLE_COLOUR('',#18276);
#19321 = SURFACE_STYLE_RENDERING_WITH_PROPERTIES(.NORMAL_SHADING.,#18276
  ,(#19322));
#19322 = SURFACE_STYLE_TRANSPARENT(0.100000023842);
#19323 = STYLED_ITEM('color',(#19324),#10386);
#19324 = PRESENTATION_STYLE_ASSIGNMENT((#19325));
#19325 = SURFACE_STYLE_USAGE(.BOTH.,#19326);
#19326 = SURFACE_SIDE_STYLE('',(#19327,#19330));
#19327 = SURFACE_STYLE_FILL_AREA(#19328);
#19328 = FILL_AREA_STYLE('',(#19329));
#19329 = FILL_AREA_STYLE_COLOUR('',#18276);
#19330 = SURFACE_STYLE_RENDERING_WITH_PROPERTIES(.NORMAL_SHADING.,#18276
  ,(#19331));
#19331 = SURFACE_STYLE_TRANSPARENT(0.100000023842);
#19332 = STYLED_ITEM('color',(#19333),#10430);
#19333 = PRESENTATION_STYLE_ASSIGNMENT((#19334));
#19334 = SURFACE_STYLE_USAGE(.BOTH.,#19335);
#19335 = SURFACE_SIDE_STYLE('',(#19336,#19339));
#19336 = SURFACE_STYLE_FILL_AREA(#19337);
#19337 = FILL_AREA_STYLE('',(#19338));
#19338 = FILL_AREA_STYLE_COLOUR('',#18276);
#19339 = SURFACE_STYLE_RENDERING_WITH_PROPERTIES(.NORMAL_SHADING.,#18276
  ,(#19340));
#19340 = SURFACE_STYLE_TRANSPARENT(0.100000023842);
#19341 = STYLED_ITEM('color',(#19342),#10474);
#19342 = PRESENTATION_STYLE_ASSIGNMENT((#19343));
#19343 = SURFACE_STYLE_USAGE(.BOTH.,#19344);
#19344 = SURFACE_SIDE_STYLE('',(#19345,#19348));
#19345 = SURFACE_STYLE_FILL_AREA(#19346);
#19346 = FILL_AREA_STYLE('',(#19347));
#19347 = FILL_AREA_STYLE_COLOUR('',#18276);
#19348 = SURFACE_STYLE_RENDERING_WITH_PROPERTIES(.NORMAL_SHADING.,#18276
  ,(#19349));
#19349 = SURFACE_STYLE_TRANSPARENT(0.100000023842);
#19350 = STYLED_ITEM('color',(#19351),#10518);
#19351 = PRESENTATION_STYLE_ASSIGNMENT((#19352));
#19352 = SURFACE_STYLE_USAGE(.BOTH.,#19353);
#19353 = SURFACE_SIDE_STYLE('',(#19354,#19357));
#19354 = SURFACE_STYLE_FILL_AREA(#19355);
#19355 = FILL_AREA_STYLE('',(#19356));
#19356 = FILL_AREA_STYLE_COLOUR('',#18276);
#19357 = SURFACE_STYLE_RENDERING_WITH_PROPERTIES(.NORMAL_SHADING.,#18276
  ,(#19358));
#19358 = SURFACE_STYLE_TRANSPARENT(0.100000023842);
#19359 = STYLED_ITEM('color',(#19360),#10562);
#19360 = PRESENTATION_STYLE_ASSIGNMENT((#19361));
#19361 = SURFACE_STYLE_USAGE(.BOTH.,#19362);
#19362 = SURFACE_SIDE_STYLE('',(#19363,#19366));
#19363 = SURFACE_STYLE_FILL_AREA(#19364);
#19364 = FILL_AREA_STYLE('',(#19365));
#19365 = FILL_AREA_STYLE_COLOUR('',#18276);
#19366 = SURFACE_STYLE_RENDERING_WITH_PROPERTIES(.NORMAL_SHADING.,#18276
  ,(#19367));
#19367 = SURFACE_STYLE_TRANSPARENT(0.100000023842);
#19368 = STYLED_ITEM('color',(#19369),#10606);
#19369 = PRESENTATION_STYLE_ASSIGNMENT((#19370));
#19370 = SURFACE_STYLE_USAGE(.BOTH.,#19371);
#19371 = SURFACE_SIDE_STYLE('',(#19372,#19375));
#19372 = SURFACE_STYLE_FILL_AREA(#19373);
#19373 = FILL_AREA_STYLE('',(#19374));
#19374 = FILL_AREA_STYLE_COLOUR('',#18276);
#19375 = SURFACE_STYLE_RENDERING_WITH_PROPERTIES(.NORMAL_SHADING.,#18276
  ,(#19376));
#19376 = SURFACE_STYLE_TRANSPARENT(0.100000023842);
#19377 = STYLED_ITEM('color',(#19378),#10650);
#19378 = PRESENTATION_STYLE_ASSIGNMENT((#19379));
#19379 = SURFACE_STYLE_USAGE(.BOTH.,#19380);
#19380 = SURFACE_SIDE_STYLE('',(#19381,#19384));
#19381 = SURFACE_STYLE_FILL_AREA(#19382);
#19382 = FILL_AREA_STYLE('',(#19383));
#19383 = FILL_AREA_STYLE_COLOUR('',#18276);
#19384 = SURFACE_STYLE_RENDERING_WITH_PROPERTIES(.NORMAL_SHADING.,#18276
  ,(#19385));
#19385 = SURFACE_STYLE_TRANSPARENT(0.100000023842);
#19386 = STYLED_ITEM('color',(#19387),#10694);
#19387 = PRESENTATION_STYLE_ASSIGNMENT((#19388));
#19388 = SURFACE_STYLE_USAGE(.BOTH.,#19389);
#19389 = SURFACE_SIDE_STYLE('',(#19390,#19393));
#19390 = SURFACE_STYLE_FILL_AREA(#19391);
#19391 = FILL_AREA_STYLE('',(#19392));
#19392 = FILL_AREA_STYLE_COLOUR('',#18276);
#19393 = SURFACE_STYLE_RENDERING_WITH_PROPERTIES(.NORMAL_SHADING.,#18276
  ,(#19394));
#19394 = SURFACE_STYLE_TRANSPARENT(0.100000023842);
#19395 = STYLED_ITEM('color',(#19396),#10738);
#19396 = PRESENTATION_STYLE_ASSIGNMENT((#19397));
#19397 = SURFACE_STYLE_USAGE(.BOTH.,#19398);
#19398 = SURFACE_SIDE_STYLE('',(#19399,#19402));
#19399 = SURFACE_STYLE_FILL_AREA(#19400);
#19400 = FILL_AREA_STYLE('',(#19401));
#19401 = FILL_AREA_STYLE_COLOUR('',#18276);
#19402 = SURFACE_STYLE_RENDERING_WITH_PROPERTIES(.NORMAL_SHADING.,#18276
  ,(#19403));
#19403 = SURFACE_STYLE_TRANSPARENT(0.100000023842);
#19404 = STYLED_ITEM('color',(#19405),#10782);
#19405 = PRESENTATION_STYLE_ASSIGNMENT((#19406));
#19406 = SURFACE_STYLE_USAGE(.BOTH.,#19407);
#19407 = SURFACE_SIDE_STYLE('',(#19408,#19411));
#19408 = SURFACE_STYLE_FILL_AREA(#19409);
#19409 = FILL_AREA_STYLE('',(#19410));
#19410 = FILL_AREA_STYLE_COLOUR('',#18276);
#19411 = SURFACE_STYLE_RENDERING_WITH_PROPERTIES(.NORMAL_SHADING.,#18276
  ,(#19412));
#19412 = SURFACE_STYLE_TRANSPARENT(0.100000023842);
#19413 = STYLED_ITEM('color',(#19414),#10826);
#19414 = PRESENTATION_STYLE_ASSIGNMENT((#19415));
#19415 = SURFACE_STYLE_USAGE(.BOTH.,#19416);
#19416 = SURFACE_SIDE_STYLE('',(#19417,#19420));
#19417 = SURFACE_STYLE_FILL_AREA(#19418);
#19418 = FILL_AREA_STYLE('',(#19419));
#19419 = FILL_AREA_STYLE_COLOUR('',#18276);
#19420 = SURFACE_STYLE_RENDERING_WITH_PROPERTIES(.NORMAL_SHADING.,#18276
  ,(#19421));
#19421 = SURFACE_STYLE_TRANSPARENT(0.100000023842);
#19422 = STYLED_ITEM('color',(#19423),#10870);
#19423 = PRESENTATION_STYLE_ASSIGNMENT((#19424));
#19424 = SURFACE_STYLE_USAGE(.BOTH.,#19425);
#19425 = SURFACE_SIDE_STYLE('',(#19426,#19429));
#19426 = SURFACE_STYLE_FILL_AREA(#19427);
#19427 = FILL_AREA_STYLE('',(#19428));
#19428 = FILL_AREA_STYLE_COLOUR('',#18276);
#19429 = SURFACE_STYLE_RENDERING_WITH_PROPERTIES(.NORMAL_SHADING.,#18276
  ,(#19430));
#19430 = SURFACE_STYLE_TRANSPARENT(0.100000023842);
#19431 = STYLED_ITEM('color',(#19432),#10914);
#19432 = PRESENTATION_STYLE_ASSIGNMENT((#19433));
#19433 = SURFACE_STYLE_USAGE(.BOTH.,#19434);
#19434 = SURFACE_SIDE_STYLE('',(#19435,#19438));
#19435 = SURFACE_STYLE_FILL_AREA(#19436);
#19436 = FILL_AREA_STYLE('',(#19437));
#19437 = FILL_AREA_STYLE_COLOUR('',#18276);
#19438 = SURFACE_STYLE_RENDERING_WITH_PROPERTIES(.NORMAL_SHADING.,#18276
  ,(#19439));
#19439 = SURFACE_STYLE_TRANSPARENT(0.100000023842);
#19440 = STYLED_ITEM('color',(#19441),#10958);
#19441 = PRESENTATION_STYLE_ASSIGNMENT((#19442));
#19442 = SURFACE_STYLE_USAGE(.BOTH.,#19443);
#19443 = SURFACE_SIDE_STYLE('',(#19444,#19447));
#19444 = SURFACE_STYLE_FILL_AREA(#19445);
#19445 = FILL_AREA_STYLE('',(#19446));
#19446 = FILL_AREA_STYLE_COLOUR('',#18276);
#19447 = SURFACE_STYLE_RENDERING_WITH_PROPERTIES(.NORMAL_SHADING.,#18276
  ,(#19448));
#19448 = SURFACE_STYLE_TRANSPARENT(0.100000023842);
#19449 = STYLED_ITEM('color',(#19450),#11002);
#19450 = PRESENTATION_STYLE_ASSIGNMENT((#19451));
#19451 = SURFACE_STYLE_USAGE(.BOTH.,#19452);
#19452 = SURFACE_SIDE_STYLE('',(#19453,#19456));
#19453 = SURFACE_STYLE_FILL_AREA(#19454);
#19454 = FILL_AREA_STYLE('',(#19455));
#19455 = FILL_AREA_STYLE_COLOUR('',#18276);
#19456 = SURFACE_STYLE_RENDERING_WITH_PROPERTIES(.NORMAL_SHADING.,#18276
  ,(#19457));
#19457 = SURFACE_STYLE_TRANSPARENT(0.100000023842);
#19458 = STYLED_ITEM('color',(#19459),#11046);
#19459 = PRESENTATION_STYLE_ASSIGNMENT((#19460));
#19460 = SURFACE_STYLE_USAGE(.BOTH.,#19461);
#19461 = SURFACE_SIDE_STYLE('',(#19462,#19465));
#19462 = SURFACE_STYLE_FILL_AREA(#19463);
#19463 = FILL_AREA_STYLE('',(#19464));
#19464 = FILL_AREA_STYLE_COLOUR('',#18276);
#19465 = SURFACE_STYLE_RENDERING_WITH_PROPERTIES(.NORMAL_SHADING.,#18276
  ,(#19466));
#19466 = SURFACE_STYLE_TRANSPARENT(0.100000023842);
#19467 = STYLED_ITEM('color',(#19468),#11090);
#19468 = PRESENTATION_STYLE_ASSIGNMENT((#19469));
#19469 = SURFACE_STYLE_USAGE(.BOTH.,#19470);
#19470 = SURFACE_SIDE_STYLE('',(#19471,#19474));
#19471 = SURFACE_STYLE_FILL_AREA(#19472);
#19472 = FILL_AREA_STYLE('',(#19473));
#19473 = FILL_AREA_STYLE_COLOUR('',#18276);
#19474 = SURFACE_STYLE_RENDERING_WITH_PROPERTIES(.NORMAL_SHADING.,#18276
  ,(#19475));
#19475 = SURFACE_STYLE_TRANSPARENT(0.100000023842);
#19476 = STYLED_ITEM('color',(#19477),#11134);
#19477 = PRESENTATION_STYLE_ASSIGNMENT((#19478));
#19478 = SURFACE_STYLE_USAGE(.BOTH.,#19479);
#19479 = SURFACE_SIDE_STYLE('',(#19480,#19483));
#19480 = SURFACE_STYLE_FILL_AREA(#19481);
#19481 = FILL_AREA_STYLE('',(#19482));
#19482 = FILL_AREA_STYLE_COLOUR('',#18276);
#19483 = SURFACE_STYLE_RENDERING_WITH_PROPERTIES(.NORMAL_SHADING.,#18276
  ,(#19484));
#19484 = SURFACE_STYLE_TRANSPARENT(0.100000023842);
#19485 = STYLED_ITEM('color',(#19486),#11178);
#19486 = PRESENTATION_STYLE_ASSIGNMENT((#19487));
#19487 = SURFACE_STYLE_USAGE(.BOTH.,#19488);
#19488 = SURFACE_SIDE_STYLE('',(#19489,#19492));
#19489 = SURFACE_STYLE_FILL_AREA(#19490);
#19490 = FILL_AREA_STYLE('',(#19491));
#19491 = FILL_AREA_STYLE_COLOUR('',#18276);
#19492 = SURFACE_STYLE_RENDERING_WITH_PROPERTIES(.NORMAL_SHADING.,#18276
  ,(#19493));
#19493 = SURFACE_STYLE_TRANSPARENT(0.100000023842);
#19494 = STYLED_ITEM('color',(#19495),#11222);
#19495 = PRESENTATION_STYLE_ASSIGNMENT((#19496));
#19496 = SURFACE_STYLE_USAGE(.BOTH.,#19497);
#19497 = SURFACE_SIDE_STYLE('',(#19498,#19501));
#19498 = SURFACE_STYLE_FILL_AREA(#19499);
#19499 = FILL_AREA_STYLE('',(#19500));
#19500 = FILL_AREA_STYLE_COLOUR('',#18276);
#19501 = SURFACE_STYLE_RENDERING_WITH_PROPERTIES(.NORMAL_SHADING.,#18276
  ,(#19502));
#19502 = SURFACE_STYLE_TRANSPARENT(0.100000023842);
#19503 = STYLED_ITEM('color',(#19504),#11266);
#19504 = PRESENTATION_STYLE_ASSIGNMENT((#19505));
#19505 = SURFACE_STYLE_USAGE(.BOTH.,#19506);
#19506 = SURFACE_SIDE_STYLE('',(#19507,#19510));
#19507 = SURFACE_STYLE_FILL_AREA(#19508);
#19508 = FILL_AREA_STYLE('',(#19509));
#19509 = FILL_AREA_STYLE_COLOUR('',#18276);
#19510 = SURFACE_STYLE_RENDERING_WITH_PROPERTIES(.NORMAL_SHADING.,#18276
  ,(#19511));
#19511 = SURFACE_STYLE_TRANSPARENT(0.100000023842);
#19512 = STYLED_ITEM('color',(#19513),#11392);
#19513 = PRESENTATION_STYLE_ASSIGNMENT((#19514));
#19514 = SURFACE_STYLE_USAGE(.BOTH.,#19515);
#19515 = SURFACE_SIDE_STYLE('',(#19516,#19519));
#19516 = SURFACE_STYLE_FILL_AREA(#19517);
#19517 = FILL_AREA_STYLE('',(#19518));
#19518 = FILL_AREA_STYLE_COLOUR('',#18276);
#19519 = SURFACE_STYLE_RENDERING_WITH_PROPERTIES(.NORMAL_SHADING.,#18276
  ,(#19520));
#19520 = SURFACE_STYLE_TRANSPARENT(0.100000023842);
#19521 = STYLED_ITEM('color',(#19522),#11518);
#19522 = PRESENTATION_STYLE_ASSIGNMENT((#19523));
#19523 = SURFACE_STYLE_USAGE(.BOTH.,#19524);
#19524 = SURFACE_SIDE_STYLE('',(#19525,#19528));
#19525 = SURFACE_STYLE_FILL_AREA(#19526);
#19526 = FILL_AREA_STYLE('',(#19527));
#19527 = FILL_AREA_STYLE_COLOUR('',#18276);
#19528 = SURFACE_STYLE_RENDERING_WITH_PROPERTIES(.NORMAL_SHADING.,#18276
  ,(#19529));
#19529 = SURFACE_STYLE_TRANSPARENT(0.100000023842);
#19530 = STYLED_ITEM('color',(#19531),#11644);
#19531 = PRESENTATION_STYLE_ASSIGNMENT((#19532));
#19532 = SURFACE_STYLE_USAGE(.BOTH.,#19533);
#19533 = SURFACE_SIDE_STYLE('',(#19534,#19537));
#19534 = SURFACE_STYLE_FILL_AREA(#19535);
#19535 = FILL_AREA_STYLE('',(#19536));
#19536 = FILL_AREA_STYLE_COLOUR('',#18276);
#19537 = SURFACE_STYLE_RENDERING_WITH_PROPERTIES(.NORMAL_SHADING.,#18276
  ,(#19538));
#19538 = SURFACE_STYLE_TRANSPARENT(0.100000023842);
#19539 = STYLED_ITEM('color',(#19540),#11770);
#19540 = PRESENTATION_STYLE_ASSIGNMENT((#19541));
#19541 = SURFACE_STYLE_USAGE(.BOTH.,#19542);
#19542 = SURFACE_SIDE_STYLE('',(#19543,#19546));
#19543 = SURFACE_STYLE_FILL_AREA(#19544);
#19544 = FILL_AREA_STYLE('',(#19545));
#19545 = FILL_AREA_STYLE_COLOUR('',#18276);
#19546 = SURFACE_STYLE_RENDERING_WITH_PROPERTIES(.NORMAL_SHADING.,#18276
  ,(#19547));
#19547 = SURFACE_STYLE_TRANSPARENT(0.100000023842);
#19548 = STYLED_ITEM('color',(#19549),#11814);
#19549 = PRESENTATION_STYLE_ASSIGNMENT((#19550));
#19550 = SURFACE_STYLE_USAGE(.BOTH.,#19551);
#19551 = SURFACE_SIDE_STYLE('',(#19552,#19555));
#19552 = SURFACE_STYLE_FILL_AREA(#19553);
#19553 = FILL_AREA_STYLE('',(#19554));
#19554 = FILL_AREA_STYLE_COLOUR('',#18276);
#19555 = SURFACE_STYLE_RENDERING_WITH_PROPERTIES(.NORMAL_SHADING.,#18276
  ,(#19556));
#19556 = SURFACE_STYLE_TRANSPARENT(0.100000023842);
#19557 = STYLED_ITEM('color',(#19558),#11858);
#19558 = PRESENTATION_STYLE_ASSIGNMENT((#19559));
#19559 = SURFACE_STYLE_USAGE(.BOTH.,#19560);
#19560 = SURFACE_SIDE_STYLE('',(#19561,#19564));
#19561 = SURFACE_STYLE_FILL_AREA(#19562);
#19562 = FILL_AREA_STYLE('',(#19563));
#19563 = FILL_AREA_STYLE_COLOUR('',#18276);
#19564 = SURFACE_STYLE_RENDERING_WITH_PROPERTIES(.NORMAL_SHADING.,#18276
  ,(#19565));
#19565 = SURFACE_STYLE_TRANSPARENT(0.100000023842);
#19566 = STYLED_ITEM('color',(#19567),#11902);
#19567 = PRESENTATION_STYLE_ASSIGNMENT((#19568));
#19568 = SURFACE_STYLE_USAGE(.BOTH.,#19569);
#19569 = SURFACE_SIDE_STYLE('',(#19570,#19573));
#19570 = SURFACE_STYLE_FILL_AREA(#19571);
#19571 = FILL_AREA_STYLE('',(#19572));
#19572 = FILL_AREA_STYLE_COLOUR('',#18276);
#19573 = SURFACE_STYLE_RENDERING_WITH_PROPERTIES(.NORMAL_SHADING.,#18276
  ,(#19574));
#19574 = SURFACE_STYLE_TRANSPARENT(0.100000023842);
#19575 = STYLED_ITEM('color',(#19576),#11946);
#19576 = PRESENTATION_STYLE_ASSIGNMENT((#19577));
#19577 = SURFACE_STYLE_USAGE(.BOTH.,#19578);
#19578 = SURFACE_SIDE_STYLE('',(#19579,#19582));
#19579 = SURFACE_STYLE_FILL_AREA(#19580);
#19580 = FILL_AREA_STYLE('',(#19581));
#19581 = FILL_AREA_STYLE_COLOUR('',#18276);
#19582 = SURFACE_STYLE_RENDERING_WITH_PROPERTIES(.NORMAL_SHADING.,#18276
  ,(#19583));
#19583 = SURFACE_STYLE_TRANSPARENT(0.100000023842);
#19584 = STYLED_ITEM('color',(#19585),#11990);
#19585 = PRESENTATION_STYLE_ASSIGNMENT((#19586));
#19586 = SURFACE_STYLE_USAGE(.BOTH.,#19587);
#19587 = SURFACE_SIDE_STYLE('',(#19588,#19591));
#19588 = SURFACE_STYLE_FILL_AREA(#19589);
#19589 = FILL_AREA_STYLE('',(#19590));
#19590 = FILL_AREA_STYLE_COLOUR('',#18276);
#19591 = SURFACE_STYLE_RENDERING_WITH_PROPERTIES(.NORMAL_SHADING.,#18276
  ,(#19592));
#19592 = SURFACE_STYLE_TRANSPARENT(0.100000023842);
#19593 = STYLED_ITEM('color',(#19594),#12034);
#19594 = PRESENTATION_STYLE_ASSIGNMENT((#19595));
#19595 = SURFACE_STYLE_USAGE(.BOTH.,#19596);
#19596 = SURFACE_SIDE_STYLE('',(#19597,#19600));
#19597 = SURFACE_STYLE_FILL_AREA(#19598);
#19598 = FILL_AREA_STYLE('',(#19599));
#19599 = FILL_AREA_STYLE_COLOUR('',#18276);
#19600 = SURFACE_STYLE_RENDERING_WITH_PROPERTIES(.NORMAL_SHADING.,#18276
  ,(#19601));
#19601 = SURFACE_STYLE_TRANSPARENT(0.100000023842);
#19602 = STYLED_ITEM('color',(#19603),#12078);
#19603 = PRESENTATION_STYLE_ASSIGNMENT((#19604));
#19604 = SURFACE_STYLE_USAGE(.BOTH.,#19605);
#19605 = SURFACE_SIDE_STYLE('',(#19606,#19609));
#19606 = SURFACE_STYLE_FILL_AREA(#19607);
#19607 = FILL_AREA_STYLE('',(#19608));
#19608 = FILL_AREA_STYLE_COLOUR('',#18276);
#19609 = SURFACE_STYLE_RENDERING_WITH_PROPERTIES(.NORMAL_SHADING.,#18276
  ,(#19610));
#19610 = SURFACE_STYLE_TRANSPARENT(0.100000023842);
#19611 = STYLED_ITEM('color',(#19612),#12122);
#19612 = PRESENTATION_STYLE_ASSIGNMENT((#19613));
#19613 = SURFACE_STYLE_USAGE(.BOTH.,#19614);
#19614 = SURFACE_SIDE_STYLE('',(#19615,#19618));
#19615 = SURFACE_STYLE_FILL_AREA(#19616);
#19616 = FILL_AREA_STYLE('',(#19617));
#19617 = FILL_AREA_STYLE_COLOUR('',#18276);
#19618 = SURFACE_STYLE_RENDERING_WITH_PROPERTIES(.NORMAL_SHADING.,#18276
  ,(#19619));
#19619 = SURFACE_STYLE_TRANSPARENT(0.100000023842);
#19620 = STYLED_ITEM('color',(#19621),#12199);
#19621 = PRESENTATION_STYLE_ASSIGNMENT((#19622));
#19622 = SURFACE_STYLE_USAGE(.BOTH.,#19623);
#19623 = SURFACE_SIDE_STYLE('',(#19624,#19627));
#19624 = SURFACE_STYLE_FILL_AREA(#19625);
#19625 = FILL_AREA_STYLE('',(#19626));
#19626 = FILL_AREA_STYLE_COLOUR('',#18276);
#19627 = SURFACE_STYLE_RENDERING_WITH_PROPERTIES(.NORMAL_SHADING.,#18276
  ,(#19628));
#19628 = SURFACE_STYLE_TRANSPARENT(0.100000023842);
#19629 = STYLED_ITEM('color',(#19630),#12276);
#19630 = PRESENTATION_STYLE_ASSIGNMENT((#19631));
#19631 = SURFACE_STYLE_USAGE(.BOTH.,#19632);
#19632 = SURFACE_SIDE_STYLE('',(#19633,#19636));
#19633 = SURFACE_STYLE_FILL_AREA(#19634);
#19634 = FILL_AREA_STYLE('',(#19635));
#19635 = FILL_AREA_STYLE_COLOUR('',#18276);
#19636 = SURFACE_STYLE_RENDERING_WITH_PROPERTIES(.NORMAL_SHADING.,#18276
  ,(#19637));
#19637 = SURFACE_STYLE_TRANSPARENT(0.100000023842);
#19638 = STYLED_ITEM('color',(#19639),#12353);
#19639 = PRESENTATION_STYLE_ASSIGNMENT((#19640));
#19640 = SURFACE_STYLE_USAGE(.BOTH.,#19641);
#19641 = SURFACE_SIDE_STYLE('',(#19642,#19645));
#19642 = SURFACE_STYLE_FILL_AREA(#19643);
#19643 = FILL_AREA_STYLE('',(#19644));
#19644 = FILL_AREA_STYLE_COLOUR('',#18276);
#19645 = SURFACE_STYLE_RENDERING_WITH_PROPERTIES(.NORMAL_SHADING.,#18276
  ,(#19646));
#19646 = SURFACE_STYLE_TRANSPARENT(0.100000023842);
#19647 = STYLED_ITEM('color',(#19648),#12430);
#19648 = PRESENTATION_STYLE_ASSIGNMENT((#19649));
#19649 = SURFACE_STYLE_USAGE(.BOTH.,#19650);
#19650 = SURFACE_SIDE_STYLE('',(#19651,#19654));
#19651 = SURFACE_STYLE_FILL_AREA(#19652);
#19652 = FILL_AREA_STYLE('',(#19653));
#19653 = FILL_AREA_STYLE_COLOUR('',#18276);
#19654 = SURFACE_STYLE_RENDERING_WITH_PROPERTIES(.NORMAL_SHADING.,#18276
  ,(#19655));
#19655 = SURFACE_STYLE_TRANSPARENT(0.100000023842);
#19656 = STYLED_ITEM('color',(#19657),#12507);
#19657 = PRESENTATION_STYLE_ASSIGNMENT((#19658));
#19658 = SURFACE_STYLE_USAGE(.BOTH.,#19659);
#19659 = SURFACE_SIDE_STYLE('',(#19660,#19663));
#19660 = SURFACE_STYLE_FILL_AREA(#19661);
#19661 = FILL_AREA_STYLE('',(#19662));
#19662 = FILL_AREA_STYLE_COLOUR('',#18276);
#19663 = SURFACE_STYLE_RENDERING_WITH_PROPERTIES(.NORMAL_SHADING.,#18276
  ,(#19664));
#19664 = SURFACE_STYLE_TRANSPARENT(0.100000023842);
#19665 = STYLED_ITEM('color',(#19666),#12584);
#19666 = PRESENTATION_STYLE_ASSIGNMENT((#19667));
#19667 = SURFACE_STYLE_USAGE(.BOTH.,#19668);
#19668 = SURFACE_SIDE_STYLE('',(#19669,#19672));
#19669 = SURFACE_STYLE_FILL_AREA(#19670);
#19670 = FILL_AREA_STYLE('',(#19671));
#19671 = FILL_AREA_STYLE_COLOUR('',#18276);
#19672 = SURFACE_STYLE_RENDERING_WITH_PROPERTIES(.NORMAL_SHADING.,#18276
  ,(#19673));
#19673 = SURFACE_STYLE_TRANSPARENT(0.100000023842);
#19674 = STYLED_ITEM('color',(#19675),#12661);
#19675 = PRESENTATION_STYLE_ASSIGNMENT((#19676));
#19676 = SURFACE_STYLE_USAGE(.BOTH.,#19677);
#19677 = SURFACE_SIDE_STYLE('',(#19678,#19681));
#19678 = SURFACE_STYLE_FILL_AREA(#19679);
#19679 = FILL_AREA_STYLE('',(#19680));
#19680 = FILL_AREA_STYLE_COLOUR('',#18276);
#19681 = SURFACE_STYLE_RENDERING_WITH_PROPERTIES(.NORMAL_SHADING.,#18276
  ,(#19682));
#19682 = SURFACE_STYLE_TRANSPARENT(0.100000023842);
#19683 = STYLED_ITEM('color',(#19684),#12738);
#19684 = PRESENTATION_STYLE_ASSIGNMENT((#19685));
#19685 = SURFACE_STYLE_USAGE(.BOTH.,#19686);
#19686 = SURFACE_SIDE_STYLE('',(#19687,#19690));
#19687 = SURFACE_STYLE_FILL_AREA(#19688);
#19688 = FILL_AREA_STYLE('',(#19689));
#19689 = FILL_AREA_STYLE_COLOUR('',#18276);
#19690 = SURFACE_STYLE_RENDERING_WITH_PROPERTIES(.NORMAL_SHADING.,#18276
  ,(#19691));
#19691 = SURFACE_STYLE_TRANSPARENT(0.100000023842);
#19692 = STYLED_ITEM('color',(#19693),#12865);
#19693 = PRESENTATION_STYLE_ASSIGNMENT((#19694));
#19694 = SURFACE_STYLE_USAGE(.BOTH.,#19695);
#19695 = SURFACE_SIDE_STYLE('',(#19696,#19699));
#19696 = SURFACE_STYLE_FILL_AREA(#19697);
#19697 = FILL_AREA_STYLE('',(#19698));
#19698 = FILL_AREA_STYLE_COLOUR('',#18276);
#19699 = SURFACE_STYLE_RENDERING_WITH_PROPERTIES(.NORMAL_SHADING.,#18276
  ,(#19700));
#19700 = SURFACE_STYLE_TRANSPARENT(0.100000023842);
#19701 = STYLED_ITEM('color',(#19702),#12991);
#19702 = PRESENTATION_STYLE_ASSIGNMENT((#19703));
#19703 = SURFACE_STYLE_USAGE(.BOTH.,#19704);
#19704 = SURFACE_SIDE_STYLE('',(#19705,#19708));
#19705 = SURFACE_STYLE_FILL_AREA(#19706);
#19706 = FILL_AREA_STYLE('',(#19707));
#19707 = FILL_AREA_STYLE_COLOUR('',#18276);
#19708 = SURFACE_STYLE_RENDERING_WITH_PROPERTIES(.NORMAL_SHADING.,#18276
  ,(#19709));
#19709 = SURFACE_STYLE_TRANSPARENT(0.100000023842);
#19710 = MECHANICAL_DESIGN_GEOMETRIC_PRESENTATION_REPRESENTATION('',(
    #19711),#14076);
#19711 = STYLED_ITEM('color',(#19712),#13136);
#19712 = PRESENTATION_STYLE_ASSIGNMENT((#19713));
#19713 = SURFACE_STYLE_USAGE(.BOTH.,#19714);
#19714 = SURFACE_SIDE_STYLE('',(#19715,#19718));
#19715 = SURFACE_STYLE_FILL_AREA(#19716);
#19716 = FILL_AREA_STYLE('',(#19717));
#19717 = FILL_AREA_STYLE_COLOUR('',#17715);
#19718 = SURFACE_STYLE_RENDERING_WITH_PROPERTIES(.NORMAL_SHADING.,#17715
  ,(#19719));
#19719 = SURFACE_STYLE_TRANSPARENT(0.170000016689);
ENDSEC;
END-ISO-10303-21;
